,mobilenetv1_1880,20.273000000000003,0
,mobilenetv1_21,17.815,0
,mobilenetv1_773,20.967000000000006,0
,mobilenetv1_1229,22.709999999999997,0
,mobilenetv1_1633,19.207,0
,mobilenetv1_1944,22.283,0
,mobilenetv1_880,25.690999999999995,0
,mobilenetv1_597,26.237,0
,mobilenetv1_1636,24.243000000000002,0
,mobilenetv1_531,25.540999999999997,0
,mobilenetv1_203,23.546999999999993,0
,mobilenetv1_1678,21.943,0
,mobilenetv1_620,17.800000000000008,0
,mobilenetv1_542,24.712999999999994,0
,mobilenetv1_789,21.32,0
,mobilenetv1_1352,25.247,0
,mobilenetv1_344,20.658,0
,mobilenetv1_854,26.116,0
,mobilenetv1_1000,26.32200000000001,0
,mobilenetv1_418,19.88,0
,mobilenetv1_1758,21.407999999999994,0
,mobilenetv1_1139,20.325000000000003,0
,mobilenetv1_17,25.832000000000004,0
,mobilenetv1_546,26.337999999999997,0
,mobilenetv1_1930,18.998999999999995,0
,mobilenetv1_458,19.169000000000004,0
,mobilenetv1_1797,24.883,0
,mobilenetv1_139,22.310000000000002,0
,mobilenetv1_860,21.218,0
,mobilenetv1_533,24.110999999999997,0
,mobilenetv1_610,28.836999999999996,0
,mobilenetv1_1624,15.279,0
,mobilenetv1_1673,25.231000000000005,0
,mobilenetv1_1926,26.483,0
,mobilenetv1_829,22.23400000000001,0
,mobilenetv1_873,23.565000000000005,0
,mobilenetv1_1515,22.649,0
,mobilenetv1_1888,22.220999999999997,0
,mobilenetv1_1753,24.795000000000005,0
,mobilenetv1_1763,19.734000000000005,0
,mobilenetv1_895,26.001999999999995,0
,mobilenetv1_1062,19.284999999999997,0
,mobilenetv1_134,24.280999999999995,0
,mobilenetv1_1134,17.503,0
,mobilenetv1_1663,22.722,0
,mobilenetv1_1724,16.368,0
,mobilenetv1_121,21.478,0
,mobilenetv1_781,23.367,0
,mobilenetv1_161,21.988999999999994,0
,mobilenetv1_321,22.229000000000003,0
,mobilenetv1_1094,25.290000000000003,0
,mobilenetv1_1418,17.668,0
,mobilenetv1_1252,31.456000000000014,0
,mobilenetv1_722,20.846,0
,mobilenetv1_204,21.759999999999998,0
,mobilenetv1_1170,28.197999999999997,0
,mobilenetv1_1933,28.110000000000007,0
,mobilenetv1_386,22.05,0
,mobilenetv1_1642,26.595000000000002,0
,mobilenetv1_162,27.317,0
,mobilenetv1_1603,23.89,0
,mobilenetv1_1331,20.734,0
,mobilenetv1_333,18.394,0
,mobilenetv1_1236,19.659999999999997,0
,mobilenetv1_1430,22.380999999999993,0
,mobilenetv1_638,18.762000000000004,0
,mobilenetv1_29,16.23,0
,mobilenetv1_1404,16.651999999999997,0
,mobilenetv1_1895,16.432000000000002,0
,mobilenetv1_953,19.179,0
,mobilenetv1_1037,26.755000000000003,0
,mobilenetv1_640,25.137999999999998,0
,mobilenetv1_343,21.231,0
,mobilenetv1_1554,23.130999999999997,0
,mobilenetv1_983,22.560999999999996,0
,mobilenetv1_674,22.570000000000007,0
,mobilenetv1_339,19.419999999999998,0
,mobilenetv1_793,25.916,0
,mobilenetv1_758,22.602999999999998,0
,mobilenetv1_1124,20.101,0
,mobilenetv1_477,24.887999999999995,0
,mobilenetv1_1476,25.142000000000003,0
,mobilenetv1_423,18.402000000000005,0
,mobilenetv1_1192,19.946999999999996,0
,mobilenetv1_1533,25.498,0
,mobilenetv1_1253,15.686000000000003,0
,mobilenetv1_1946,23.508000000000003,0
,mobilenetv1_1998,22.332000000000004,0
,mobilenetv1_249,18.235,0
,mobilenetv1_1863,25.477999999999998,0
,mobilenetv1_1198,22.387,0
,mobilenetv1_1072,22.267000000000007,0
,mobilenetv1_809,20.999000000000002,0
,mobilenetv1_1016,24.616999999999994,0
,mobilenetv1_1494,14.354,0
,mobilenetv1_1260,19.082,0
,mobilenetv1_1303,18.090000000000003,0
,mobilenetv1_324,19.807999999999996,0
,mobilenetv1_1370,23.087999999999997,0
,mobilenetv1_47,22.715999999999998,0
,mobilenetv1_1184,20.394000000000002,0
,mobilenetv1_1912,16.293,0
,mobilenetv1_801,22.012000000000004,0
,mobilenetv1_245,20.026000000000003,0
,mobilenetv1_976,15.115999999999998,0
,mobilenetv1_1324,21.406000000000002,0
,mobilenetv1_77,21.10900000000001,0
,mobilenetv1_557,18.715999999999994,0
,mobilenetv1_183,21.721,0
,mobilenetv1_346,26.913000000000014,0
,mobilenetv1_798,18.404,0
,mobilenetv1_1725,23.129999999999995,0
,mobilenetv1_1535,23.292999999999996,0
,mobilenetv1_1004,16.304,0
,mobilenetv1_950,15.975000000000003,0
,mobilenetv1_38,19.452,0
,mobilenetv1_109,22.511000000000003,0
,mobilenetv1_805,21.005000000000003,0
,mobilenetv1_408,18.591999999999995,0
,mobilenetv1_98,23.602999999999994,0
,mobilenetv1_1736,15.222999999999997,0
,mobilenetv1_103,23.079000000000004,0
,mobilenetv1_577,24.725999999999996,0
,mobilenetv1_615,25.227000000000004,0
,mobilenetv1_1879,20.938999999999997,0
,mobilenetv1_479,20.471,0
,mobilenetv1_1750,20.093,0
,mobilenetv1_1517,23.622,0
,mobilenetv1_910,23.930999999999997,0
,mobilenetv1_399,21.278000000000002,0
,mobilenetv1_486,22.0,0
,mobilenetv1_1985,28.281,0
,mobilenetv1_1682,15.910000000000002,0
,mobilenetv1_707,22.909999999999997,0
,mobilenetv1_596,13.222,0
,mobilenetv1_136,21.179,0
,mobilenetv1_255,20.316999999999993,0
,mobilenetv1_915,20.448,0
,mobilenetv1_1958,19.927,0
,mobilenetv1_1907,21.075,0
,mobilenetv1_530,22.06899999999999,0
,mobilenetv1_1614,22.480999999999995,0
,mobilenetv1_661,25.487000000000005,0
,mobilenetv1_1385,27.677,0
,mobilenetv1_306,26.278999999999996,0
,mobilenetv1_554,21.705999999999996,0
,mobilenetv1_224,20.997999999999998,0
,mobilenetv1_1240,25.858999999999998,0
,mobilenetv1_1572,18.795000000000005,0
,mobilenetv1_313,17.646,0
,mobilenetv1_505,11.647000000000004,0
,mobilenetv1_107,23.144999999999996,0
,mobilenetv1_1006,20.705999999999996,0
,mobilenetv1_1173,26.439000000000007,0
,mobilenetv1_208,24.317999999999994,0
,mobilenetv1_520,21.358999999999998,0
,mobilenetv1_1913,24.730000000000004,0
,mobilenetv1_704,20.352999999999998,0
,mobilenetv1_1230,17.314,0
,mobilenetv1_1125,21.95,0
,mobilenetv1_447,26.491,0
,mobilenetv1_1464,20.796,0
,mobilenetv1_1527,28.168,0
,mobilenetv1_1791,32.397,0
,mobilenetv1_1377,17.621,0
,mobilenetv1_986,22.46,0
,mobilenetv1_867,21.887000000000004,0
,mobilenetv1_1666,20.776999999999994,0
,mobilenetv1_1705,20.675999999999995,0
,mobilenetv1_124,21.163999999999998,0
,mobilenetv1_127,23.786999999999995,0
,mobilenetv1_679,18.669999999999995,0
,mobilenetv1_1340,21.168999999999993,0
,mobilenetv1_1707,17.997999999999998,0
,mobilenetv1_167,21.445999999999998,0
,mobilenetv1_506,17.781000000000002,0
,mobilenetv1_1460,11.988000000000001,0
,mobilenetv1_1427,18.444000000000003,0
,mobilenetv1_1151,17.997999999999998,0
,mobilenetv1_1768,15.748999999999997,0
,mobilenetv1_1553,23.824000000000005,0
,mobilenetv1_1807,15.128000000000002,0
,mobilenetv1_591,18.128000000000004,0
,mobilenetv1_898,22.734000000000005,0
,mobilenetv1_80,22.723000000000003,0
,mobilenetv1_1794,24.885999999999996,0
,mobilenetv1_296,22.107,0
,mobilenetv1_847,20.381000000000004,0
,mobilenetv1_1924,21.326,0
,mobilenetv1_1071,16.612000000000002,0
,mobilenetv1_609,24.117000000000004,0
,mobilenetv1_141,21.189,0
,mobilenetv1_966,18.996000000000006,0
,mobilenetv1_1234,22.214999999999996,0
,mobilenetv1_352,29.219,0
,mobilenetv1_61,20.2,0
,mobilenetv1_1963,16.891999999999996,0
,mobilenetv1_409,29.2,0
,mobilenetv1_356,24.387,0
,mobilenetv1_1171,16.657999999999998,0
,mobilenetv1_1983,20.665999999999997,0
,mobilenetv1_532,22.392000000000003,0
,mobilenetv1_1327,22.10400000000001,0
,mobilenetv1_1574,16.139,0
,mobilenetv1_1010,17.551999999999992,0
,mobilenetv1_592,21.755999999999997,0
,mobilenetv1_539,28.006999999999994,0
,mobilenetv1_100,27.294999999999998,0
,mobilenetv1_1813,21.043,0
,mobilenetv1_1897,24.227000000000007,0
,mobilenetv1_1752,19.460999999999995,0
,mobilenetv1_962,23.848000000000003,0
,mobilenetv1_1161,20.980999999999995,0
,mobilenetv1_1785,25.305999999999994,0
,mobilenetv1_55,26.28299999999999,0
,mobilenetv1_1035,20.461,0
,mobilenetv1_87,20.696000000000005,0
,mobilenetv1_1961,21.543000000000003,0
,mobilenetv1_815,21.464999999999996,0
,mobilenetv1_761,27.129999999999992,0
,mobilenetv1_752,26.042999999999996,0
,mobilenetv1_1840,19.139999999999997,0
,mobilenetv1_1525,16.967000000000002,0
,mobilenetv1_1812,14.014999999999999,0
,mobilenetv1_1477,20.706,0
,mobilenetv1_37,27.991999999999997,0
,mobilenetv1_1850,18.576999999999998,0
,mobilenetv1_45,21.851999999999997,0
,mobilenetv1_588,18.637000000000004,0
,mobilenetv1_414,13.897000000000002,0
,mobilenetv1_1862,25.179000000000006,0
,mobilenetv1_604,22.77,0
,mobilenetv1_97,23.438999999999997,0
,mobilenetv1_78,25.257000000000005,0
,mobilenetv1_1310,22.978,0
,mobilenetv1_1737,25.350000000000005,0
,mobilenetv1_94,21.737000000000002,0
,mobilenetv1_1020,21.575,0
,mobilenetv1_1039,18.575999999999997,0
,mobilenetv1_424,22.43799999999999,0
,mobilenetv1_158,18.215000000000003,0
,mobilenetv1_1345,19.977000000000004,0
,mobilenetv1_310,26.84699999999999,0
,mobilenetv1_803,14.231000000000003,0
,mobilenetv1_1896,21.951999999999998,0
,mobilenetv1_285,24.99099999999999,0
,mobilenetv1_759,21.148999999999994,0
,mobilenetv1_156,20.569999999999997,0
,mobilenetv1_1556,18.655999999999995,0
,mobilenetv1_405,19.578000000000003,0
,mobilenetv1_1602,16.067,0
,mobilenetv1_56,21.021000000000004,0
,mobilenetv1_341,19.613999999999997,0
,mobilenetv1_734,29.595000000000006,0
,mobilenetv1_1019,19.860000000000003,0
,mobilenetv1_516,18.730999999999998,0
,mobilenetv1_1284,23.912999999999997,0
,mobilenetv1_850,21.916,0
,mobilenetv1_1113,15.447999999999995,0
,mobilenetv1_651,12.180000000000001,0
,mobilenetv1_853,21.732,0
,mobilenetv1_49,28.02799999999999,0
,mobilenetv1_553,22.349999999999998,0
,mobilenetv1_1206,18.192,0
,mobilenetv1_1366,20.827999999999992,0
,mobilenetv1_1916,22.337999999999994,0
,mobilenetv1_523,27.743999999999996,0
,mobilenetv1_1988,22.212999999999994,0
,mobilenetv1_937,30.157999999999998,0
,mobilenetv1_1968,17.289,0
,mobilenetv1_560,15.47,0
,mobilenetv1_1741,16.168,0
,mobilenetv1_1647,21.201000000000004,0
,mobilenetv1_108,22.5,0
,mobilenetv1_923,26.79500000000001,0
,mobilenetv1_42,20.245000000000005,0
,mobilenetv1_828,21.838,0
,mobilenetv1_1179,26.733999999999995,0
,mobilenetv1_648,16.874999999999996,0
,mobilenetv1_286,27.793,0
,mobilenetv1_1557,23.012999999999998,0
,mobilenetv1_1480,19.782000000000004,0
,mobilenetv1_1226,15.331,0
,mobilenetv1_583,16.314000000000004,0
,mobilenetv1_633,19.055999999999994,0
,mobilenetv1_865,24.898,0
,mobilenetv1_13,26.003999999999987,0
,mobilenetv1_1560,15.059000000000001,0
,mobilenetv1_824,18.951,0
,mobilenetv1_1646,25.821,0
,mobilenetv1_1096,19.299000000000003,0
,mobilenetv1_897,28.319,0
,mobilenetv1_237,23.79199999999999,0
,mobilenetv1_1659,28.108999999999998,0
,mobilenetv1_164,24.216999999999995,0
,mobilenetv1_628,14.962,0
,mobilenetv1_82,18.660999999999994,0
,mobilenetv1_76,22.348999999999997,0
,mobilenetv1_698,20.319000000000003,0
,mobilenetv1_1691,25.134000000000007,0
,mobilenetv1_1482,14.937999999999999,0
,mobilenetv1_396,19.097,0
,mobilenetv1_1935,21.44599999999999,0
,mobilenetv1_1837,19.778,0
,mobilenetv1_382,14.583,0
,mobilenetv1_1671,16.490000000000006,0
,mobilenetv1_385,16.393,0
,mobilenetv1_843,26.080000000000002,0
,mobilenetv1_660,29.34700000000001,0
,mobilenetv1_474,19.761,0
,mobilenetv1_755,21.810999999999996,0
,mobilenetv1_496,20.35,0
,mobilenetv1_510,25.947000000000003,0
,mobilenetv1_1670,28.372,0
,mobilenetv1_1294,26.831000000000003,0
,mobilenetv1_1489,21.456999999999994,0
,mobilenetv1_1478,22.625,0
,mobilenetv1_359,23.959,0
,mobilenetv1_838,26.066999999999997,0
,mobilenetv1_941,23.30100000000001,0
,mobilenetv1_1108,18.054,0
,mobilenetv1_551,19.037000000000003,0
,mobilenetv1_932,14.649999999999999,0
,mobilenetv1_1402,23.522000000000002,0
,mobilenetv1_1486,26.583,0
,mobilenetv1_921,19.424,0
,mobilenetv1_522,22.521,0
,mobilenetv1_1186,23.626999999999992,0
,mobilenetv1_1105,19.589999999999996,0
,mobilenetv1_767,23.148,0
,mobilenetv1_1061,23.972000000000005,0
,mobilenetv1_244,21.607999999999993,0
,mobilenetv1_754,22.98,0
,mobilenetv1_180,31.449,0
,mobilenetv1_1207,17.135999999999996,0
,mobilenetv1_1335,22.871,0
,mobilenetv1_1135,23.962000000000007,0
,mobilenetv1_1309,20.278999999999993,0
,mobilenetv1_1830,22.569,0
,mobilenetv1_677,21.316000000000003,0
,mobilenetv1_1028,18.669999999999995,0
,mobilenetv1_138,23.564999999999994,0
,mobilenetv1_173,16.97499999999999,0
,mobilenetv1_1502,27.55,0
,mobilenetv1_1820,21.929000000000002,0
,mobilenetv1_1258,15.550000000000002,0
,mobilenetv1_1344,23.392000000000007,0
,mobilenetv1_1461,25.023000000000007,0
,mobilenetv1_667,24.744999999999994,0
,mobilenetv1_1653,20.500000000000004,0
,mobilenetv1_196,25.091,0
,mobilenetv1_1643,18.304000000000002,0
,mobilenetv1_703,22.315999999999995,0
,mobilenetv1_645,13.765000000000002,0
,mobilenetv1_1422,27.018999999999995,0
,mobilenetv1_137,22.757999999999996,0
,mobilenetv1_1014,26.139,0
,mobilenetv1_601,23.827999999999996,0
,mobilenetv1_1816,22.543,0
,mobilenetv1_1719,16.853,0
,mobilenetv1_380,17.148,0
,mobilenetv1_1080,25.156000000000006,0
,mobilenetv1_1570,17.639999999999997,0
,mobilenetv1_1459,19.583999999999996,0
,mobilenetv1_925,21.756,0
,mobilenetv1_1015,19.939,0
,mobilenetv1_1654,23.315000000000005,0
,mobilenetv1_821,22.005,0
,mobilenetv1_1317,22.607999999999997,0
,mobilenetv1_1162,12.505,0
,mobilenetv1_1448,19.764000000000003,0
,mobilenetv1_992,21.503,0
,mobilenetv1_1219,24.686000000000003,0
,mobilenetv1_1630,22.278000000000002,0
,mobilenetv1_1452,22.537000000000003,0
,mobilenetv1_839,26.663000000000004,0
,mobilenetv1_1799,22.677999999999994,0
,mobilenetv1_567,16.3,0
,mobilenetv1_967,22.04,0
,mobilenetv1_1565,20.394000000000005,0
,mobilenetv1_131,23.958,0
,mobilenetv1_1770,33.12300000000001,0
,mobilenetv1_1296,13.417000000000002,0
,mobilenetv1_502,22.703,0
,mobilenetv1_1703,18.497999999999994,0
,mobilenetv1_659,22.889000000000003,0
,mobilenetv1_657,33.36,0
,mobilenetv1_437,26.564000000000004,0
,mobilenetv1_1759,19.262000000000004,0
,mobilenetv1_67,21.161,0
,mobilenetv1_724,25.033999999999995,0
,mobilenetv1_1800,16.825000000000003,0
,mobilenetv1_1495,28.203999999999997,0
,mobilenetv1_135,18.642999999999994,0
,mobilenetv1_1436,26.146,0
,mobilenetv1_1587,20.294,0
,mobilenetv1_1092,22.325000000000003,0
,mobilenetv1_719,22.88,0
,mobilenetv1_1078,21.384,0
,mobilenetv1_1221,19.951,0
,mobilenetv1_971,19.332000000000004,0
,mobilenetv1_543,24.090000000000007,0
,mobilenetv1_143,18.302,0
,mobilenetv1_1562,21.679,0
,mobilenetv1_1374,20.128999999999998,0
,mobilenetv1_888,24.712,0
,mobilenetv1_148,22.597,0
,mobilenetv1_982,16.563999999999993,0
,mobilenetv1_1843,30.779999999999998,0
,mobilenetv1_1847,16.147,0
,mobilenetv1_1773,19.028,0
,mobilenetv1_1728,19.508000000000003,0
,mobilenetv1_807,21.231,0
,mobilenetv1_1414,22.865,0
,mobilenetv1_935,19.513,0
,mobilenetv1_1378,24.359,0
,mobilenetv1_889,31.505999999999997,0
,mobilenetv1_318,19.577999999999992,0
,mobilenetv1_914,26.025000000000002,0
,mobilenetv1_909,26.810000000000006,0
,mobilenetv1_731,28.752,0
,mobilenetv1_64,14.981999999999994,0
,mobilenetv1_1618,17.335,0
,mobilenetv1_133,17.933,0
,mobilenetv1_1822,17.649,0
,mobilenetv1_1119,18.643999999999995,0
,mobilenetv1_1732,21.355999999999995,0
,mobilenetv1_636,29.526999999999997,0
,mobilenetv1_1280,18.582,0
,mobilenetv1_1007,27.272000000000002,0
,mobilenetv1_605,24.145000000000003,0
,mobilenetv1_1991,21.237000000000005,0
,mobilenetv1_570,18.383000000000006,0
,mobilenetv1_1742,24.719000000000005,0
,mobilenetv1_1726,18.774000000000008,0
,mobilenetv1_376,32.233,0
,mobilenetv1_646,16.78,0
,mobilenetv1_189,15.191,0
,mobilenetv1_904,23.822999999999997,0
,mobilenetv1_1503,19.259999999999998,0
,mobilenetv1_1625,17.197999999999997,0
,mobilenetv1_1959,23.817,0
,mobilenetv1_1962,15.218000000000004,0
,mobilenetv1_1858,20.787000000000003,0
,mobilenetv1_1487,17.223999999999997,0
,mobilenetv1_1319,19.356,0
,mobilenetv1_334,17.312000000000005,0
,mobilenetv1_295,23.453000000000003,0
,mobilenetv1_1248,22.989000000000008,0
,mobilenetv1_1474,19.146000000000004,0
,mobilenetv1_1360,24.202999999999996,0
,mobilenetv1_1690,17.84,0
,mobilenetv1_1755,22.43299999999999,0
,mobilenetv1_562,32.214999999999996,0
,mobilenetv1_331,20.159000000000006,0
,mobilenetv1_835,24.499,0
,mobilenetv1_1152,20.762,0
,mobilenetv1_1328,21.657999999999998,0
,mobilenetv1_168,21.311,0
,mobilenetv1_1356,18.973999999999993,0
,mobilenetv1_1142,20.165,0
,mobilenetv1_1607,19.293999999999997,0
,mobilenetv1_128,17.126000000000005,0
,mobilenetv1_1676,15.578000000000001,0
,mobilenetv1_1650,18.246999999999996,0
,mobilenetv1_1026,22.187,0
,mobilenetv1_1387,19.495,0
,mobilenetv1_913,15.885999999999997,0
,mobilenetv1_265,28.787999999999993,0
,mobilenetv1_1978,21.193,0
,mobilenetv1_1120,19.158000000000005,0
,mobilenetv1_1934,20.926,0
,mobilenetv1_60,28.432000000000006,0
,mobilenetv1_463,30.432000000000002,0
,mobilenetv1_1268,17.316000000000003,0
,mobilenetv1_145,19.563999999999997,0
,mobilenetv1_277,19.855,0
,mobilenetv1_1057,22.805,0
,mobilenetv1_544,22.439,0
,mobilenetv1_970,13.153000000000002,0
,mobilenetv1_1714,13.605,0
,mobilenetv1_738,26.806,0
,mobilenetv1_273,15.562,0
,mobilenetv1_1439,22.509999999999998,0
,mobilenetv1_548,22.278,0
,mobilenetv1_360,20.628000000000004,0
,mobilenetv1_452,16.658,0
,mobilenetv1_1110,22.251000000000005,0
,mobilenetv1_316,18.545,0
,mobilenetv1_1023,20.773999999999997,0
,mobilenetv1_457,12.732,0
,mobilenetv1_464,19.882999999999996,0
,mobilenetv1_1980,20.503999999999998,0
,mobilenetv1_366,18.151000000000007,0
,mobilenetv1_1318,17.722,0
,mobilenetv1_1193,22.046999999999993,0
,mobilenetv1_142,21.448,0
,mobilenetv1_282,19.415000000000003,0
,mobilenetv1_171,28.017,0
,mobilenetv1_251,15.792000000000003,0
,mobilenetv1_1844,21.065000000000005,0
,mobilenetv1_226,22.160000000000004,0
,mobilenetv1_1145,19.537999999999997,0
,mobilenetv1_388,21.483000000000004,0
,mobilenetv1_831,26.762999999999995,0
,mobilenetv1_115,16.363,0
,mobilenetv1_1599,25.177,0
,mobilenetv1_1695,21.837,0
,mobilenetv1_51,18.956,0
,mobilenetv1_494,17.04199999999999,0
,mobilenetv1_1321,17.868999999999996,0
,mobilenetv1_1223,13.032999999999998,0
,mobilenetv1_1954,20.552,0
,mobilenetv1_1900,21.144,0
,mobilenetv1_785,22.244999999999997,0
,mobilenetv1_1536,18.978,0
,mobilenetv1_1002,25.731000000000005,0
,mobilenetv1_1771,21.924999999999997,0
,mobilenetv1_739,22.442,0
,mobilenetv1_1675,27.155999999999995,0
,mobilenetv1_819,20.073999999999998,0
,mobilenetv1_417,18.162999999999997,0
,mobilenetv1_1040,23.915000000000003,0
,mobilenetv1_1421,20.208000000000002,0
,mobilenetv1_252,25.90299999999999,0
,mobilenetv1_340,14.624,0
,mobilenetv1_1415,21.025000000000002,0
,mobilenetv1_1367,17.877000000000006,0
,mobilenetv1_991,23.249,0
,mobilenetv1_421,23.872,0
,mobilenetv1_1129,21.110000000000007,0
,mobilenetv1_712,22.474999999999998,0
,mobilenetv1_733,23.112,0
,mobilenetv1_466,23.819999999999997,0
,mobilenetv1_263,14.028999999999998,0
,mobilenetv1_1972,19.678999999999995,0
,mobilenetv1_526,21.181000000000008,0
,mobilenetv1_378,22.586,0
,mobilenetv1_771,21.751000000000005,0
,mobilenetv1_117,28.771,0
,mobilenetv1_1408,16.040999999999997,0
,mobilenetv1_41,21.211,0
,mobilenetv1_223,24.202,0
,mobilenetv1_954,29.991000000000003,0
,mobilenetv1_964,20.796000000000003,0
,mobilenetv1_1873,22.435999999999996,0
,mobilenetv1_1706,16.385,0
,mobilenetv1_88,21.658,0
,mobilenetv1_709,17.603999999999996,0
,mobilenetv1_1783,22.087999999999997,0
,mobilenetv1_1358,22.165999999999993,0
,mobilenetv1_481,27.993000000000002,0
,mobilenetv1_617,18.147999999999996,0
,mobilenetv1_1469,15.711,0
,mobilenetv1_749,16.584999999999997,0
,mobilenetv1_1104,17.249000000000002,0
,mobilenetv1_268,24.689000000000004,0
,mobilenetv1_23,27.065,0
,mobilenetv1_1996,26.014999999999997,0
,mobilenetv1_1529,25.431999999999995,0
,mobilenetv1_269,22.710999999999995,0
,mobilenetv1_766,25.032999999999998,0
,mobilenetv1_650,19.11699999999999,0
,mobilenetv1_1330,18.944999999999997,0
,mobilenetv1_1611,24.951,0
,mobilenetv1_918,18.233,0
,mobilenetv1_1334,22.360000000000014,0
,mobilenetv1_774,23.051,0
,mobilenetv1_272,21.578999999999997,0
,mobilenetv1_1936,23.621,0
,mobilenetv1_1662,33.214999999999996,0
,mobilenetv1_381,31.945999999999994,0
,mobilenetv1_1471,28.523000000000003,0
,mobilenetv1_293,22.762000000000004,0
,mobilenetv1_1126,16.981000000000005,0
,mobilenetv1_558,23.469,0
,mobilenetv1_1855,27.289,0
,mobilenetv1_1898,20.042,0
,mobilenetv1_323,26.386,0
,mobilenetv1_1483,21.704000000000004,0
,mobilenetv1_1409,28.033,0
,mobilenetv1_529,16.644000000000002,0
,mobilenetv1_1013,16.816000000000006,0
,mobilenetv1_1746,29.951000000000008,0
,mobilenetv1_1687,17.982,0
,mobilenetv1_1228,18.06499999999999,0
,mobilenetv1_883,29.19200000000001,0
,mobilenetv1_85,19.542,0
,mobilenetv1_1815,21.896,0
,mobilenetv1_30,17.085000000000004,0
,mobilenetv1_1437,27.759999999999998,0
,mobilenetv1_1915,25.468999999999998,0
,mobilenetv1_432,21.281999999999996,0
,mobilenetv1_742,21.311999999999998,0
,mobilenetv1_862,15.122999999999998,0
,mobilenetv1_1747,21.433999999999994,0
,mobilenetv1_1990,29.731,0
,mobilenetv1_1951,17.304999999999993,0
,mobilenetv1_594,20.838,0
,mobilenetv1_1982,25.718999999999994,0
,mobilenetv1_1769,16.114,0
,mobilenetv1_1573,32.252,0
,mobilenetv1_939,21.982,0
,mobilenetv1_681,30.60300000000001,0
,mobilenetv1_1350,17.749,0
,mobilenetv1_961,20.660999999999998,0
,mobilenetv1_499,23.39,0
,mobilenetv1_1054,25.080000000000002,0
,mobilenetv1_998,23.909000000000002,0
,mobilenetv1_1263,20.294000000000004,0
,mobilenetv1_361,28.778,0
,mobilenetv1_342,22.528999999999996,0
,mobilenetv1_549,22.565,0
,mobilenetv1_965,15.06,0
,mobilenetv1_1457,18.258,0
,mobilenetv1_1069,21.256,0
,mobilenetv1_1786,18.515,0
,mobilenetv1_692,17.393,0
,mobilenetv1_1117,26.657999999999994,0
,mobilenetv1_699,15.078000000000001,0
,mobilenetv1_1952,18.113,0
,mobilenetv1_353,15.072999999999999,0
,mobilenetv1_780,20.333,0
,mobilenetv1_1540,21.418999999999993,0
,mobilenetv1_1694,18.1,0
,mobilenetv1_1564,21.212999999999994,0
,mobilenetv1_1595,18.08899999999999,0
,mobilenetv1_1918,14.383,0
,mobilenetv1_1548,25.921999999999997,0
,mobilenetv1_1353,20.018000000000004,0
,mobilenetv1_1910,21.332,0
,mobilenetv1_1604,17.358000000000004,0
,mobilenetv1_816,18.913999999999998,0
,mobilenetv1_764,22.202999999999996,0
,mobilenetv1_436,20.383999999999993,0
,mobilenetv1_1031,18.518999999999995,0
,mobilenetv1_1749,28.150000000000002,0
,mobilenetv1_500,20.223000000000003,0
,mobilenetv1_1593,14.06,0
,mobilenetv1_175,14.645000000000001,0
,mobilenetv1_1449,17.475,0
,mobilenetv1_1927,18.994,0
,mobilenetv1_1709,17.595000000000002,0
,mobilenetv1_926,24.618999999999996,0
,mobilenetv1_1024,15.207999999999998,0
,mobilenetv1_1615,22.469,0
,mobilenetv1_27,24.845999999999997,0
,mobilenetv1_1336,18.168000000000006,0
,mobilenetv1_1760,23.093999999999998,0
,mobilenetv1_1740,24.887999999999998,0
,mobilenetv1_1045,21.197,0
,mobilenetv1_868,22.761999999999997,0
,mobilenetv1_1939,16.71099999999999,0
,mobilenetv1_1276,18.039000000000005,0
,mobilenetv1_330,17.826,0
,mobilenetv1_1577,20.41100000000001,0
,mobilenetv1_1627,15.283000000000003,0
,mobilenetv1_1301,23.244999999999997,0
,mobilenetv1_1265,24.371,0
,mobilenetv1_393,24.645,0
,mobilenetv1_1885,27.488000000000003,0
,mobilenetv1_1651,22.59600000000001,0
,mobilenetv1_1658,26.571000000000005,0
,mobilenetv1_711,28.29300000000001,0
,mobilenetv1_864,23.165999999999993,0
,mobilenetv1_287,22.038999999999998,0
,mobilenetv1_1661,22.11300000000001,0
,mobilenetv1_1591,20.340000000000003,0
,mobilenetv1_12,22.387999999999998,0
,mobilenetv1_1805,17.307999999999996,0
,mobilenetv1_501,19.51,0
,mobilenetv1_267,25.424,0
,mobilenetv1_1485,19.323999999999995,0
,mobilenetv1_507,27.817,0
,mobilenetv1_1167,18.508000000000003,0
,mobilenetv1_729,23.705000000000002,0
,mobilenetv1_1838,19.365999999999996,0
,mobilenetv1_1491,27.51499999999999,0
,mobilenetv1_454,15.808000000000003,0
,mobilenetv1_942,21.177,0
,mobilenetv1_1605,18.87299999999999,0
,mobilenetv1_1902,16.989000000000008,0
,mobilenetv1_58,25.910000000000004,0
,mobilenetv1_653,19.549,0
,mobilenetv1_518,27.671,0
,mobilenetv1_157,22.100000000000005,0
,mobilenetv1_903,24.413000000000007,0
,mobilenetv1_198,18.38,0
,mobilenetv1_1836,21.658000000000005,0
,mobilenetv1_556,23.090999999999998,0
,mobilenetv1_1802,22.853999999999996,0
,mobilenetv1_1257,20.225000000000005,0
,mobilenetv1_717,21.728999999999992,0
,mobilenetv1_43,22.053,0
,mobilenetv1_655,23.852,0
,mobilenetv1_1454,22.194,0
,mobilenetv1_253,20.517999999999997,0
,mobilenetv1_874,22.740999999999996,0
,mobilenetv1_1764,20.66,0
,mobilenetv1_241,22.663999999999998,0
,mobilenetv1_1973,25.765,0
,mobilenetv1_1883,27.447999999999993,0
,mobilenetv1_1393,26.634,0
,mobilenetv1_1823,25.160000000000004,0
,mobilenetv1_1396,22.185999999999996,0
,mobilenetv1_59,25.307999999999996,0
,mobilenetv1_18,29.379999999999995,0
,mobilenetv1_1623,28.990999999999996,0
,mobilenetv1_1100,24.331,0
,mobilenetv1_1545,24.833,0
,mobilenetv1_1947,17.147000000000002,0
,mobilenetv1_1095,14.537999999999997,0
,mobilenetv1_1499,20.02,0
,mobilenetv1_1708,30.357000000000006,0
,mobilenetv1_844,16.237000000000002,0
,mobilenetv1_1138,19.641999999999996,0
,mobilenetv1_736,24.07399999999999,0
,mobilenetv1_1003,25.044000000000004,0
,mobilenetv1_1977,20.00400000000001,0
,mobilenetv1_1185,31.742,0
,mobilenetv1_1810,22.537,0
,mobilenetv1_193,31.340999999999987,0
,mobilenetv1_656,17.804000000000002,0
,mobilenetv1_849,25.627000000000002,0
,mobilenetv1_1621,22.450000000000003,0
,mobilenetv1_217,22.528999999999993,0
,mobilenetv1_1756,20.002000000000006,0
,mobilenetv1_1613,22.55100000000001,0
,mobilenetv1_1146,22.573999999999998,0
,mobilenetv1_392,28.891,0
,mobilenetv1_271,28.861999999999995,0
,mobilenetv1_1585,18.226999999999997,0
,mobilenetv1_1826,18.45000000000001,0
,mobilenetv1_884,26.982000000000003,0
,mobilenetv1_751,17.625,0
,mobilenetv1_1931,25.15699999999999,0
,mobilenetv1_956,20.873,0
,mobilenetv1_1175,17.153000000000002,0
,mobilenetv1_24,19.159,0
,mobilenetv1_1493,22.924,0
,mobilenetv1_1435,22.741000000000003,0
,mobilenetv1_1316,18.588,0
,mobilenetv1_1424,24.689000000000004,0
,mobilenetv1_132,19.229000000000003,0
,mobilenetv1_1021,18.896,0
,mobilenetv1_412,25.877000000000002,0
,mobilenetv1_1543,19.669999999999998,0
,mobilenetv1_66,16.136000000000003,0
,mobilenetv1_534,19.870000000000005,0
,mobilenetv1_784,22.765000000000004,0
,mobilenetv1_1419,17.658999999999995,0
,mobilenetv1_1249,23.701,0
,mobilenetv1_25,23.256999999999998,0
,mobilenetv1_1165,28.608000000000004,0
,mobilenetv1_1149,23.542000000000005,0
,mobilenetv1_1347,20.833999999999996,0
,mobilenetv1_1967,18.277,0
,mobilenetv1_1882,21.673999999999992,0
,mobilenetv1_1590,22.592000000000002,0
,mobilenetv1_1267,20.350000000000005,0
,mobilenetv1_1212,17.200999999999997,0
,mobilenetv1_455,17.337999999999997,0
,mobilenetv1_1716,30.217000000000006,0
,mobilenetv1_1382,20.148000000000007,0
,mobilenetv1_1323,16.357000000000003,0
,mobilenetv1_177,18.835999999999995,0
,mobilenetv1_1043,24.526,0
,mobilenetv1_830,19.680999999999997,0
,mobilenetv1_307,31.442999999999994,0
,mobilenetv1_1067,27.35300000000001,0
,mobilenetv1_896,17.901,0
,mobilenetv1_260,13.262999999999998,0
,mobilenetv1_1346,17.822000000000003,0
,mobilenetv1_72,18.577000000000005,0
,mobilenetv1_1610,27.489999999999995,0
,mobilenetv1_73,20.03,0
,mobilenetv1_1871,15.161999999999999,0
,mobilenetv1_1878,19.523999999999994,0
,mobilenetv1_152,23.691,0
,mobilenetv1_920,18.762999999999995,0
,mobilenetv1_871,22.182000000000002,0
,mobilenetv1_1861,17.269,0
,mobilenetv1_144,22.230000000000004,0
,mobilenetv1_664,18.412,0
,mobilenetv1_1123,14.588999999999997,0
,mobilenetv1_1635,28.076999999999998,0
,mobilenetv1_1481,22.110000000000003,0
,mobilenetv1_708,22.597,0
,mobilenetv1_586,25.924999999999994,0
,mobilenetv1_1509,17.113,0
,mobilenetv1_1295,19.492,0
,mobilenetv1_1373,18.086000000000002,0
,mobilenetv1_1547,20.145000000000003,0
,mobilenetv1_894,22.624000000000002,0
,mobilenetv1_406,14.213000000000001,0
,mobilenetv1_1811,18.613,0
,mobilenetv1_1825,16.902000000000005,0
,mobilenetv1_842,26.659000000000002,0
,mobilenetv1_1475,18.269000000000002,0
,mobilenetv1_1995,27.694999999999997,0
,mobilenetv1_1305,32.728,0
,mobilenetv1_1247,23.826999999999988,0
,mobilenetv1_1190,20.591,0
,mobilenetv1_215,21.656999999999993,0
,mobilenetv1_1099,27.742000000000004,0
,mobilenetv1_220,25.799999999999994,0
,mobilenetv1_1083,25.931,0
,mobilenetv1_890,19.828,0
,mobilenetv1_748,21.733000000000004,0
,mobilenetv1_763,24.922000000000008,0
,mobilenetv1_580,20.02799999999999,0
,mobilenetv1_1407,23.189999999999994,0
,mobilenetv1_1894,22.379999999999995,0
,mobilenetv1_1243,18.838,0
,mobilenetv1_1074,22.93,0
,mobilenetv1_387,20.744999999999994,0
,mobilenetv1_1227,17.013000000000005,0
,mobilenetv1_1994,19.282000000000007,0
,mobilenetv1_275,18.687999999999995,0
,mobilenetv1_1629,15.690000000000001,0
,mobilenetv1_1839,21.927999999999997,0
,mobilenetv1_1550,19.609,0
,mobilenetv1_622,26.263,0
,mobilenetv1_1686,19.481000000000005,0
,mobilenetv1_1498,26.773,0
,mobilenetv1_1519,18.094,0
,mobilenetv1_1772,20.893000000000004,0
,mobilenetv1_384,24.657999999999994,0
,mobilenetv1_1793,20.579000000000008,0
,mobilenetv1_379,19.777,0
,mobilenetv1_1196,19.95,0
,mobilenetv1_1697,18.156000000000002,0
,mobilenetv1_1674,25.633,0
,mobilenetv1_314,19.013999999999996,0
,mobilenetv1_1559,16.308,0
,mobilenetv1_5,16.018,0
,mobilenetv1_229,19.372,0
,mobilenetv1_1552,18.886999999999997,0
,mobilenetv1_946,19.242,0
,mobilenetv1_11,22.305999999999997,0
,mobilenetv1_1130,24.796,0
,mobilenetv1_1127,16.878000000000004,0
,mobilenetv1_1159,21.260999999999996,0
,mobilenetv1_1322,23.180000000000003,0
,mobilenetv1_367,20.785000000000004,0
,mobilenetv1_7,21.716000000000005,0
,mobilenetv1_1640,17.759999999999998,0
,mobilenetv1_36,19.310000000000002,0
,mobilenetv1_1202,22.92899999999999,0
,mobilenetv1_8,16.764999999999997,0
,mobilenetv1_1566,16.71,0
,mobilenetv1_1532,22.118999999999996,0
,mobilenetv1_1842,21.597999999999995,0
,mobilenetv1_907,20.525999999999996,0
,mobilenetv1_1875,19.294,0
,mobilenetv1_608,19.129999999999995,0
,mobilenetv1_1180,16.270000000000003,0
,mobilenetv1_1657,29.657,0
,mobilenetv1_239,23.678,0
,mobilenetv1_403,19.96399999999999,0
,mobilenetv1_504,18.176,0
,mobilenetv1_820,19.385999999999992,0
,mobilenetv1_1433,22.292,0
,mobilenetv1_1619,22.699,0
,mobilenetv1_1286,15.402999999999999,0
,mobilenetv1_1779,21.25200000000001,0
,mobilenetv1_1306,20.107999999999997,0
,mobilenetv1_476,16.833,0
,mobilenetv1_877,19.72,0
,mobilenetv1_848,13.663999999999996,0
,mobilenetv1_1634,22.173000000000005,0
,mobilenetv1_649,15.552000000000003,0
,mobilenetv1_15,18.150999999999996,0
,mobilenetv1_652,21.320999999999998,0
,mobilenetv1_210,22.369999999999997,0
,mobilenetv1_621,18.385,0
,mobilenetv1_745,21.446000000000005,0
,mobilenetv1_1796,23.064999999999998,0
,mobilenetv1_1890,21.768999999999995,0
,mobilenetv1_684,21.988,0
,mobilenetv1_1044,22.890999999999995,0
,mobilenetv1_1854,25.15599999999999,0
,mobilenetv1_1945,24.28400000000001,0
,mobilenetv1_1886,18.615000000000002,0
,mobilenetv1_467,19.680999999999997,0
,mobilenetv1_1300,14.997000000000003,0
,mobilenetv1_1472,16.276999999999997,0
,mobilenetv1_1055,22.191000000000003,0
,mobilenetv1_1133,21.692999999999994,0
,mobilenetv1_1526,20.418999999999997,0
,mobilenetv1_14,23.199,0
,mobilenetv1_693,16.536999999999995,0
,mobilenetv1_1339,17.728,0
,mobilenetv1_1157,22.359,0
,mobilenetv1_22,17.565999999999995,0
,mobilenetv1_1903,26.843999999999998,0
,mobilenetv1_697,17.045000000000005,0
,mobilenetv1_1693,18.778000000000002,0
,mobilenetv1_683,21.712000000000003,0
,mobilenetv1_1275,20.38799999999999,0
,mobilenetv1_1841,20.705999999999992,0
,mobilenetv1_571,17.291,0
,mobilenetv1_19,18.168000000000003,0
,mobilenetv1_345,20.231000000000005,0
,mobilenetv1_206,16.670999999999996,0
,mobilenetv1_435,20.774,0
,mobilenetv1_1090,24.877999999999997,0
,mobilenetv1_654,25.99199999999999,0
,mobilenetv1_1274,18.791999999999998,0
,mobilenetv1_130,21.426,0
,mobilenetv1_552,16.9,0
,mobilenetv1_207,20.89,0
,mobilenetv1_931,24.478999999999996,0
,mobilenetv1_503,17.384999999999994,0
,mobilenetv1_478,21.573000000000004,0
,mobilenetv1_335,13.594999999999999,0
,mobilenetv1_1809,21.982999999999993,0
,mobilenetv1_46,15.825000000000003,0
,mobilenetv1_1118,23.835000000000004,0
,mobilenetv1_1683,23.083000000000006,0
,mobilenetv1_266,22.895000000000003,0
,mobilenetv1_1443,21.071,0
,mobilenetv1_1508,20.093000000000004,0
,mobilenetv1_349,21.484000000000005,0
,mobilenetv1_1520,25.261999999999997,0
,mobilenetv1_1975,19.093000000000007,0
,mobilenetv1_116,29.432000000000006,0
,mobilenetv1_808,25.166999999999998,0
,mobilenetv1_806,28.503999999999994,0
,mobilenetv1_863,13.820999999999996,0
,mobilenetv1_949,20.425,0
,mobilenetv1_219,19.810000000000006,0
,mobilenetv1_1925,16.706999999999997,0
,mobilenetv1_513,22.677999999999997,0
,mobilenetv1_891,21.826999999999998,0
,mobilenetv1_1804,19.354,0
,mobilenetv1_1937,22.68,0
,mobilenetv1_146,22.660999999999994,0
,mobilenetv1_1700,27.976000000000006,0
,mobilenetv1_364,37.041,0
,mobilenetv1_1893,22.01,0
,mobilenetv1_827,16.791,0
,mobilenetv1_1121,20.601999999999997,0
,mobilenetv1_1029,17.784000000000002,0
,mobilenetv1_1292,19.712,0
,mobilenetv1_1237,23.223,0
,mobilenetv1_1273,22.237999999999996,0
,mobilenetv1_1440,14.928,0
,mobilenetv1_1242,13.583,0
,mobilenetv1_44,22.113999999999997,0
,mobilenetv1_222,25.54,0
,mobilenetv1_1530,21.495000000000008,0
,mobilenetv1_1538,18.647999999999996,0
,mobilenetv1_79,23.619,0
,mobilenetv1_401,20.838000000000005,0
,mobilenetv1_957,15.627000000000002,0
,mobilenetv1_1717,24.369999999999997,0
,mobilenetv1_1609,21.132,0
,mobilenetv1_322,23.939999999999994,0
,mobilenetv1_422,24.147999999999996,0
,mobilenetv1_1569,19.824,0
,mobilenetv1_1730,19.506999999999998,0
,mobilenetv1_524,19.61,0
,mobilenetv1_1390,21.768,0
,mobilenetv1_270,25.920000000000005,0
,mobilenetv1_1628,20.604999999999997,0
,mobilenetv1_487,15.742999999999997,0
,mobilenetv1_1216,21.609000000000005,0
,mobilenetv1_154,18.715999999999998,0
,mobilenetv1_441,26.244999999999997,0
,mobilenetv1_1420,20.844999999999988,0
,mobilenetv1_996,20.196,0
,mobilenetv1_1224,16.982,0
,mobilenetv1_1953,33.394999999999996,0
,mobilenetv1_639,19.057999999999996,0
,mobilenetv1_1501,21.582,0
,mobilenetv1_351,26.517,0
,mobilenetv1_517,22.524000000000004,0
,mobilenetv1_303,22.082,0
,mobilenetv1_1279,24.139000000000003,0
,mobilenetv1_845,26.382,0
,mobilenetv1_1473,17.307,0
,mobilenetv1_433,24.113999999999997,0
,mobilenetv1_497,27.884999999999998,0
,mobilenetv1_1410,26.264,0
,mobilenetv1_1182,28.52800000000001,0
,mobilenetv1_1497,21.798,0
,mobilenetv1_33,25.343,0
,mobilenetv1_1364,25.408,0
,mobilenetv1_1626,19.935000000000002,0
,mobilenetv1_1819,17.330000000000002,0
,mobilenetv1_163,25.073000000000008,0
,mobilenetv1_1484,19.695999999999998,0
,mobilenetv1_1828,15.691999999999997,0
,mobilenetv1_1884,30.17899999999999,0
,mobilenetv1_1829,24.362000000000002,0
,mobilenetv1_1490,25.491000000000003,0
,mobilenetv1_579,21.103,0
,mobilenetv1_1976,20.667,0
,mobilenetv1_573,17.015999999999995,0
,mobilenetv1_968,25.992000000000008,0
,mobilenetv1_96,18.35,0
,mobilenetv1_1089,21.776999999999997,0
,mobilenetv1_93,24.18,0
,mobilenetv1_89,25.128999999999998,0
,mobilenetv1_1869,22.246000000000002,0
,mobilenetv1_990,19.553,0
,mobilenetv1_1857,15.765999999999996,0
,mobilenetv1_1655,15.280999999999997,0
,mobilenetv1_1081,20.430000000000003,0
,mobilenetv1_101,16.245000000000005,0
,mobilenetv1_1733,18.846,0
,mobilenetv1_1423,22.944000000000003,0
,mobilenetv1_1668,21.154999999999994,0
,mobilenetv1_669,13.683,0
,mobilenetv1_1109,27.068000000000005,0
,mobilenetv1_629,28.510000000000005,0
,mobilenetv1_91,26.553999999999995,0
,mobilenetv1_1239,22.677,0
,mobilenetv1_337,19.839000000000006,0
,mobilenetv1_28,23.115999999999996,0
,mobilenetv1_200,22.144000000000005,0
,mobilenetv1_190,26.428000000000004,0
,mobilenetv1_84,16.459999999999997,0
,mobilenetv1_259,16.368000000000002,0
,mobilenetv1_960,17.641000000000002,0
,mobilenetv1_1821,22.636000000000003,0
,mobilenetv1_469,14.792,0
,mobilenetv1_400,26.95599999999999,0
,mobilenetv1_936,22.169,0
,mobilenetv1_434,19.64,0
,mobilenetv1_1790,15.343999999999998,0
,mobilenetv1_565,15.339,0
,mobilenetv1_632,15.937000000000003,0
,mobilenetv1_1528,21.872999999999998,0
,mobilenetv1_537,17.372,0
,mobilenetv1_371,24.401999999999994,0
,mobilenetv1_1867,13.666,0
,mobilenetv1_1176,28.397000000000013,0
,mobilenetv1_484,22.583,0
,mobilenetv1_899,23.733999999999995,0
,mobilenetv1_1986,20.184,0
,mobilenetv1_254,24.590999999999998,0
,mobilenetv1_402,29.754000000000005,0
,mobilenetv1_1696,16.221999999999998,0
,mobilenetv1_1399,13.331,0
,mobilenetv1_1025,23.778,0
,mobilenetv1_929,16.454000000000008,0
,mobilenetv1_979,22.989000000000004,0
,mobilenetv1_256,25.490999999999996,0
,mobilenetv1_431,24.87,0
,mobilenetv1_1580,27.108999999999998,0
,mobilenetv1_1097,19.762000000000004,0
,mobilenetv1_1831,27.971999999999998,0
,mobilenetv1_372,19.950999999999997,0
,mobilenetv1_1363,19.689000000000004,0
,mobilenetv1_623,25.913999999999998,0
,mobilenetv1_559,19.490000000000002,0
,mobilenetv1_281,18.288,0
,mobilenetv1_598,24.121999999999996,0
,mobilenetv1_589,24.035999999999998,0
,mobilenetv1_1251,19.444000000000003,0
,mobilenetv1_1,18.559,0
,mobilenetv1_291,20.68,0
,mobilenetv1_1979,23.868000000000002,0
,mobilenetv1_1434,18.491000000000003,0
,mobilenetv1_1208,23.943999999999996,0
,mobilenetv1_1107,23.127999999999997,0
,mobilenetv1_471,24.345000000000002,0
,mobilenetv1_57,26.069,0
,mobilenetv1_757,24.943,0
,mobilenetv1_857,21.054000000000002,0
,mobilenetv1_394,23.111000000000008,0
,mobilenetv1_1608,27.380000000000003,0
,mobilenetv1_1256,22.590000000000007,0
,mobilenetv1_194,24.128999999999998,0
,mobilenetv1_641,18.595000000000002,0
,mobilenetv1_975,17.974999999999998,0
,mobilenetv1_1298,19.927999999999997,0
,mobilenetv1_1833,21.205000000000005,0
,mobilenetv1_1745,25.757999999999992,0
,mobilenetv1_1046,21.377999999999997,0
,mobilenetv1_564,23.782,0
,mobilenetv1_911,22.573,0
,mobilenetv1_1555,20.802999999999994,0
,mobilenetv1_65,25.53900000000001,0
,mobilenetv1_900,14.801999999999996,0
,mobilenetv1_575,14.308,0
,mobilenetv1_1754,20.538,0
,mobilenetv1_450,29.174,0
,mobilenetv1_876,19.163999999999998,0
,mobilenetv1_1401,15.043000000000001,0
,mobilenetv1_1767,21.266999999999996,0
,mobilenetv1_320,20.275000000000006,0
,mobilenetv1_1892,20.363,0
,mobilenetv1_861,17.252,0
,mobilenetv1_1920,12.856000000000005,0
,mobilenetv1_760,19.435999999999996,0
,mobilenetv1_1817,23.307000000000002,0
,mobilenetv1_1093,28.385,0
,mobilenetv1_1156,26.322000000000006,0
,mobilenetv1_1066,21.703,0
,mobilenetv1_1692,19.841,0
,mobilenetv1_1689,18.59199999999999,0
,mobilenetv1_955,16.267000000000003,0
,mobilenetv1_1079,21.767000000000007,0
,mobilenetv1_1941,26.847999999999995,0
,mobilenetv1_855,24.910999999999994,0
,mobilenetv1_1479,18.463,0
,mobilenetv1_68,20.642000000000007,0
,mobilenetv1_993,17.291,0
,mobilenetv1_104,12.068,0
,mobilenetv1_1660,27.762000000000004,0
,mobilenetv1_373,18.994000000000007,0
,mobilenetv1_491,27.293999999999997,0
,mobilenetv1_825,19.153000000000006,0
,mobilenetv1_600,20.804000000000002,0
,mobilenetv1_218,21.800999999999995,0
,mobilenetv1_1264,17.945999999999994,0
,mobilenetv1_1784,15.884000000000002,0
,mobilenetv1_1549,19.957000000000004,0
,mobilenetv1_1379,21.28799999999999,0
,mobilenetv1_1225,23.46,0
,mobilenetv1_1302,27.952999999999996,0
,mobilenetv1_635,20.720999999999997,0
,mobilenetv1_1278,18.296999999999997,0
,mobilenetv1_213,19.462999999999994,0
,mobilenetv1_908,17.003999999999998,0
,mobilenetv1_1834,17.540999999999997,0
,mobilenetv1_595,20.971000000000004,0
,mobilenetv1_710,25.755,0
,mobilenetv1_928,27.754999999999995,0
,mobilenetv1_178,18.072,0
,mobilenetv1_1524,21.555,0
,mobilenetv1_685,27.789999999999996,0
,mobilenetv1_675,19.195000000000004,0
,mobilenetv1_750,24.677999999999997,0
,mobilenetv1_1721,27.429000000000002,0
,mobilenetv1_833,22.235,0
,mobilenetv1_1612,18.596,0
,mobilenetv1_1112,19.86,0
,mobilenetv1_34,17.333,0
,mobilenetv1_1049,21.29,0
,mobilenetv1_782,18.554000000000002,0
,mobilenetv1_1380,19.774,0
,mobilenetv1_488,24.979999999999997,0
,mobilenetv1_999,19.144000000000002,0
,mobilenetv1_1312,27.699999999999996,0
,mobilenetv1_1338,21.596,0
,mobilenetv1_1814,17.006000000000004,0
,mobilenetv1_1832,19.651,0
,mobilenetv1_799,17.305999999999997,0
,mobilenetv1_823,22.173,0
,mobilenetv1_1063,28.737999999999996,0
,mobilenetv1_951,19.363000000000003,0
,mobilenetv1_1329,21.302999999999997,0
,mobilenetv1_555,28.974000000000004,0
,mobilenetv1_1277,25.418000000000003,0
,mobilenetv1_972,22.886,0
,mobilenetv1_443,24.054999999999993,0
,mobilenetv1_1160,25.561000000000003,0
,mobilenetv1_688,24.685,0
,mobilenetv1_1923,19.618999999999996,0
,mobilenetv1_235,16.323999999999998,0
,mobilenetv1_1567,23.031999999999993,0
,mobilenetv1_1320,27.712999999999997,0
,mobilenetv1_792,18.473999999999997,0
,mobilenetv1_298,14.888,0
,mobilenetv1_1008,21.465999999999994,0
,mobilenetv1_1715,20.341,0
,mobilenetv1_576,21.416000000000007,0
,mobilenetv1_1506,24.499999999999996,0
,mobilenetv1_593,22.247,0
,mobilenetv1_1971,25.645,0
,mobilenetv1_634,17.398,0
,mobilenetv1_906,24.159000000000002,0
,mobilenetv1_355,21.487000000000002,0
,mobilenetv1_1073,21.57,0
,mobilenetv1_538,27.625000000000004,0
,mobilenetv1_1076,16.859,0
,mobilenetv1_475,22.766,0
,mobilenetv1_1644,22.758,0
,mobilenetv1_242,14.523000000000001,0
,mobilenetv1_676,23.705,0
,mobilenetv1_302,21.064,0
,mobilenetv1_770,19.697,0
,mobilenetv1_637,16.898,0
,mobilenetv1_934,26.95,0
,mobilenetv1_147,18.835000000000004,0
,mobilenetv1_515,17.997,0
,mobilenetv1_1357,19.700999999999997,0
,mobilenetv1_75,25.645999999999997,0
,mobilenetv1_1523,17.754,0
,mobilenetv1_216,14.586,0
,mobilenetv1_1386,31.156999999999993,0
,mobilenetv1_1005,22.377999999999997,0
,mobilenetv1_948,13.737000000000004,0
,mobilenetv1_879,21.546,0
,mobilenetv1_696,21.189,0
,mobilenetv1_20,19.313000000000002,0
,mobilenetv1_1038,26.169000000000004,0
,mobilenetv1_1586,14.416,0
,mobilenetv1_1981,27.066999999999997,0
,mobilenetv1_1009,18.093000000000007,0
,mobilenetv1_541,21.161999999999995,0
,mobilenetv1_186,15.172,0
,mobilenetv1_120,15.334999999999996,0
,mobilenetv1_289,15.867000000000003,0
,mobilenetv1_1748,26.92000000000001,0
,mobilenetv1_1901,21.755000000000003,0
,mobilenetv1_495,22.036,0
,mobilenetv1_327,16.624999999999996,0
,mobilenetv1_779,16.256,0
,mobilenetv1_1388,18.68,0
,mobilenetv1_1818,17.426000000000002,0
,mobilenetv1_875,21.677000000000007,0
,mobilenetv1_429,19.424,0
,mobilenetv1_869,25.904,0
,mobilenetv1_1163,20.614,0
,mobilenetv1_1617,24.798000000000002,0
,mobilenetv1_1801,28.66800000000001,0
,mobilenetv1_1001,19.042999999999996,0
,mobilenetv1_264,27.572,0
,mobilenetv1_1281,18.537000000000003,0
,mobilenetv1_668,22.974999999999998,0
,mobilenetv1_1751,30.163,0
,mobilenetv1_1285,14.739000000000003,0
,mobilenetv1_301,19.393999999999995,0
,mobilenetv1_250,25.129999999999995,0
,mobilenetv1_32,17.829999999999995,0
,mobilenetv1_1638,18.179,0
,mobilenetv1_772,23.533999999999995,0
,mobilenetv1_728,18.766000000000002,0
,mobilenetv1_1194,22.176000000000002,0
,mobilenetv1_1333,17.996000000000006,0
,mobilenetv1_1432,26.554,0
,mobilenetv1_1359,18.074,0
,mobilenetv1_584,22.251999999999995,0
,mobilenetv1_725,17.712,0
,mobilenetv1_169,27.704000000000004,0
,mobilenetv1_672,15.162999999999997,0
,mobilenetv1_1453,30.59,0
,mobilenetv1_727,18.421999999999997,0
,mobilenetv1_1581,20.327,0
,mobilenetv1_1342,25.817,0
,mobilenetv1_1313,21.344999999999995,0
,mobilenetv1_1169,17.078,0
,mobilenetv1_981,24.525,0
,mobilenetv1_783,26.83300000000001,0
,mobilenetv1_1262,23.817000000000004,0
,mobilenetv1_211,16.483,0
,mobilenetv1_1017,31.018,0
,mobilenetv1_1891,22.118000000000002,0
,mobilenetv1_1438,17.581,0
,mobilenetv1_1561,19.755000000000003,0
,mobilenetv1_338,17.339000000000002,0
,mobilenetv1_118,18.939000000000004,0
,mobilenetv1_1734,23.409,0
,mobilenetv1_1128,16.633,0
,mobilenetv1_568,20.980999999999995,0
,mobilenetv1_1082,24.016000000000005,0
,mobilenetv1_1283,17.026999999999997,0
,mobilenetv1_1200,14.978999999999997,0
,mobilenetv1_1033,12.319,0
,mobilenetv1_462,28.017000000000003,0
,mobilenetv1_1774,19.583000000000002,0
,mobilenetv1_453,26.429999999999996,0
,mobilenetv1_837,14.841999999999995,0
,mobilenetv1_1141,19.373999999999995,0
,mobilenetv1_1546,20.517999999999997,0
,mobilenetv1_329,22.353000000000005,0
,mobilenetv1_490,16.385999999999996,0
,mobilenetv1_1259,16.918,0
,mobilenetv1_1563,23.051000000000005,0
,mobilenetv1_1397,27.020000000000003,0
,mobilenetv1_428,26.660999999999994,0
,mobilenetv1_1022,28.58499999999999,0
,mobilenetv1_1917,20.991,0
,mobilenetv1_1056,29.627999999999993,0
,mobilenetv1_818,20.824000000000005,0
,mobilenetv1_1992,17.160999999999998,0
,mobilenetv1_1174,20.468,0
,mobilenetv1_1201,17.448,0
,mobilenetv1_413,27.209999999999994,0
,mobilenetv1_1416,28.13300000000001,0
,mobilenetv1_221,15.259,0
,mobilenetv1_1792,27.506,0
,mobilenetv1_1776,23.832,0
,mobilenetv1_482,19.215000000000003,0
,mobilenetv1_963,22.777,0
,mobilenetv1_578,20.494000000000003,0
,mobilenetv1_574,27.467,0
,mobilenetv1_485,22.508000000000003,0
,mobilenetv1_787,20.752000000000006,0
,mobilenetv1_184,26.633,0
,mobilenetv1_170,19.774000000000004,0
,mobilenetv1_1722,21.044,0
,mobilenetv1_1213,13.857000000000003,0
,mobilenetv1_375,22.544000000000004,0
,mobilenetv1_702,26.890999999999995,0
,mobilenetv1_358,24.990999999999996,0
,mobilenetv1_261,13.927999999999997,0
,mobilenetv1_689,28.799999999999997,0
,mobilenetv1_1970,20.049999999999994,0
,mobilenetv1_1589,21.81300000000001,0
,mobilenetv1_1085,17.977000000000004,0
,mobilenetv1_1876,28.598999999999997,0
,mobilenetv1_1087,25.542,0
,mobilenetv1_1718,15.644000000000002,0
,mobilenetv1_1238,16.298999999999996,0
,mobilenetv1_1406,26.849000000000004,0
,mobilenetv1_756,19.254,0
,mobilenetv1_1012,21.149000000000004,0
,mobilenetv1_1594,16.249000000000002,0
,mobilenetv1_230,16.975999999999996,0
,mobilenetv1_236,18.256000000000004,0
,mobilenetv1_1835,23.512,0
,mobilenetv1_977,24.20899999999999,0
,mobilenetv1_187,26.540000000000003,0
,mobilenetv1_451,17.499000000000002,0
,mobilenetv1_1441,25.779000000000003,0
,mobilenetv1_1290,26.750999999999998,0
,mobilenetv1_1187,17.279,0
,mobilenetv1_924,26.199,0
,mobilenetv1_1070,25.288999999999998,0
,mobilenetv1_713,17.403,0
,mobilenetv1_228,20.248,0
,mobilenetv1_735,23.550000000000008,0
,mobilenetv1_1940,25.988,0
,mobilenetv1_232,21.891000000000005,0
,mobilenetv1_1789,23.097000000000005,0
,mobilenetv1_1727,19.301,0
,mobilenetv1_1729,25.179,0
,mobilenetv1_1210,22.218999999999998,0
,mobilenetv1_1467,27.418999999999993,0
,mobilenetv1_283,14.594999999999999,0
,mobilenetv1_363,15.144000000000002,0
,mobilenetv1_662,20.243000000000002,0
,mobilenetv1_678,19.878000000000004,0
,mobilenetv1_468,25.434999999999995,0
,mobilenetv1_1942,23.67,0
,mobilenetv1_1042,20.47,0
,mobilenetv1_762,24.051000000000005,0
,mobilenetv1_1922,21.775999999999993,0
,mobilenetv1_938,28.516,0
,mobilenetv1_1702,24.345999999999997,0
,mobilenetv1_257,26.279,0
,mobilenetv1_374,16.317000000000004,0
,mobilenetv1_985,23.361000000000004,0
,mobilenetv1_536,29.195000000000007,0
,mobilenetv1_666,25.756999999999994,0
,mobilenetv1_1064,21.065000000000005,0
,mobilenetv1_1672,22.328000000000007,0
,mobilenetv1_512,22.737000000000002,0
,mobilenetv1_1905,23.169000000000004,0
,mobilenetv1_390,20.137,0
,mobilenetv1_309,25.032999999999994,0
,mobilenetv1_1392,21.746999999999993,0
,mobilenetv1_1372,23.992000000000004,0
,mobilenetv1_354,26.111,0
,mobilenetv1_1458,22.804999999999996,0
,mobilenetv1_1106,20.089,0
,mobilenetv1_459,25.705999999999996,0
,mobilenetv1_407,21.877000000000006,0
,mobilenetv1_1492,24.875999999999998,0
,mobilenetv1_395,22.289,0
,mobilenetv1_191,22.498,0
,mobilenetv1_247,26.4,0
,mobilenetv1_1140,21.081000000000003,0
,mobilenetv1_410,34.046,0
,mobilenetv1_721,23.987999999999996,0
,mobilenetv1_794,22.883000000000006,0
,mobilenetv1_822,18.183,0
,mobilenetv1_776,18.261,0
,mobilenetv1_1203,18.422000000000004,0
,mobilenetv1_415,17.762,0
,mobilenetv1_1183,32.931000000000004,0
,mobilenetv1_1966,25.34200000000001,0
,mobilenetv1_796,22.517000000000003,0
,mobilenetv1_866,20.837,0
,mobilenetv1_743,26.267,0
,mobilenetv1_126,32.441,0
,mobilenetv1_1803,27.704,0
,mobilenetv1_1531,18.527999999999995,0
,mobilenetv1_1652,19.863000000000003,0
,mobilenetv1_377,23.096999999999998,0
,mobilenetv1_1743,24.525999999999996,0
,mobilenetv1_199,24.658000000000012,0
,mobilenetv1_86,22.009000000000004,0
,mobilenetv1_1701,24.488000000000007,0
,mobilenetv1_305,18.937000000000005,0
,mobilenetv1_1575,18.769999999999996,0
,mobilenetv1_643,21.62,0
,mobilenetv1_1488,23.363000000000003,0
,mobilenetv1_930,20.483,0
,mobilenetv1_978,17.387999999999995,0
,mobilenetv1_800,21.390000000000004,0
,mobilenetv1_1455,21.754,0
,mobilenetv1_680,22.096000000000004,0
,mobilenetv1_1578,14.216,0
,mobilenetv1_214,23.842,0
,mobilenetv1_274,20.091999999999988,0
,mobilenetv1_1181,26.260999999999992,0
,mobilenetv1_52,16.734,0
,mobilenetv1_498,25.830000000000002,0
,mobilenetv1_753,24.23399999999999,0
,mobilenetv1_1413,22.28,0
,mobilenetv1_1723,20.160999999999998,0
,mobilenetv1_1665,18.21,0
,mobilenetv1_1993,24.997999999999998,0
,mobilenetv1_1034,22.002999999999997,0
,mobilenetv1_881,21.722999999999995,0
,mobilenetv1_1361,28.10799999999999,0
,mobilenetv1_572,20.685999999999996,0
,mobilenetv1_1148,18.375000000000004,0
,mobilenetv1_465,21.15499999999999,0
,mobilenetv1_1921,15.127,0
,mobilenetv1_1877,25.576999999999998,0
,mobilenetv1_4,20.446,0
,mobilenetv1_1846,19.009999999999998,0
,mobilenetv1_1698,19.135,0
,mobilenetv1_670,22.500999999999998,0
,mobilenetv1_1881,26.839000000000002,0
,mobilenetv1_1762,24.956,0
,mobilenetv1_858,13.126000000000005,0
,mobilenetv1_810,18.165000000000006,0
,mobilenetv1_974,16.488999999999997,0
,mobilenetv1_1588,21.639000000000006,0
,mobilenetv1_769,31.670999999999996,0
,mobilenetv1_1596,24.56200000000001,0
,mobilenetv1_1425,20.57100000000001,0
,mobilenetv1_233,17.596,0
,mobilenetv1_1077,24.241,0
,mobilenetv1_989,26.991000000000003,0
,mobilenetv1_618,28.727000000000007,0
,mobilenetv1_1444,13.299,0
,mobilenetv1_1744,16.677,0
,mobilenetv1_1271,14.368000000000006,0
,mobilenetv1_212,23.12,0
,mobilenetv1_1233,25.138,0
,mobilenetv1_1088,26.749000000000006,0
,mobilenetv1_294,28.154999999999998,0
,mobilenetv1_1215,21.689,0
,mobilenetv1_509,24.476000000000003,0
,mobilenetv1_1394,18.601999999999997,0
,mobilenetv1_1428,20.898999999999997,0
,mobilenetv1_1291,14.448000000000004,0
,mobilenetv1_1777,21.260999999999996,0
,mobilenetv1_901,20.917999999999996,0
,mobilenetv1_185,16.002999999999997,0
,mobilenetv1_1859,20.607999999999997,0
,mobilenetv1_1244,17.049,0
,mobilenetv1_987,27.903,0
,mobilenetv1_581,21.572,0
,mobilenetv1_1405,27.417,0
,mobilenetv1_110,17.427000000000003,0
,mobilenetv1_276,25.163,0
,mobilenetv1_665,16.089999999999996,0
,mobilenetv1_587,25.874999999999993,0
,mobilenetv1_1114,21.679000000000006,0
,mobilenetv1_630,13.624000000000002,0
,mobilenetv1_149,23.779999999999998,0
,mobilenetv1_1136,19.231,0
,mobilenetv1_391,25.903,0
,mobilenetv1_720,24.075999999999997,0
,mobilenetv1_1518,17.348,0
,mobilenetv1_870,18.13,0
,mobilenetv1_105,28.262,0
,mobilenetv1_1091,23.299999999999997,0
,mobilenetv1_1289,18.432,0
,mobilenetv1_1684,19.121000000000002,0
,mobilenetv1_1778,18.662999999999993,0
,mobilenetv1_1266,26.672,0
,mobilenetv1_1649,23.172999999999995,0
,mobilenetv1_1400,19.047,0
,mobilenetv1_1463,18.534,0
,mobilenetv1_2,20.924000000000003,0
,mobilenetv1_1131,31.373999999999995,0
,mobilenetv1_958,29.127,0
,mobilenetv1_700,17.476,0
,mobilenetv1_1232,21.176,0
,mobilenetv1_525,24.456999999999994,0
,mobilenetv1_317,22.987,0
,mobilenetv1_420,27.842000000000002,0
,mobilenetv1_1191,22.311,0
,mobilenetv1_561,27.180999999999997,0
,mobilenetv1_1068,16.993,0
,mobilenetv1_886,25.068999999999996,0
,mobilenetv1_1943,20.643,0
,mobilenetv1_1906,18.353,0
,mobilenetv1_521,21.487999999999996,0
,mobilenetv1_1195,22.818,0
,mobilenetv1_95,18.296999999999997,0
,mobilenetv1_40,16.090999999999998,0
,mobilenetv1_39,21.491999999999997,0
,mobilenetv1_182,18.525000000000002,0
,mobilenetv1_1065,21.132000000000005,0
,mobilenetv1_1713,20.169,0
,mobilenetv1_732,22.712999999999997,0
,mobilenetv1_528,17.304000000000002,0
,mobilenetv1_90,20.86099999999999,0
,mobilenetv1_1887,15.442,0
,mobilenetv1_231,20.848000000000006,0
,mobilenetv1_234,26.737000000000002,0
,mobilenetv1_1681,16.563999999999997,0
,mobilenetv1_26,19.993999999999996,0
,mobilenetv1_1204,21.493,0
,mobilenetv1_973,26.218,0
,mobilenetv1_1987,25.388999999999996,0
,mobilenetv1_1766,29.513000000000005,0
,mobilenetv1_826,27.712999999999994,0
,mobilenetv1_1189,25.322000000000003,0
,mobilenetv1_297,22.693,0
,mobilenetv1_1938,25.809999999999995,0
,mobilenetv1_1172,21.907000000000004,0
,mobilenetv1_1137,22.43999999999999,0
,mobilenetv1_607,22.807000000000006,0
,mobilenetv1_969,21.314,0
,mobilenetv1_836,23.054999999999996,0
,mobilenetv1_694,24.578,0
,mobilenetv1_1641,29.84099999999999,0
,mobilenetv1_1158,21.859999999999996,0
,mobilenetv1_438,28.729999999999997,0
,mobilenetv1_262,21.937,0
,mobilenetv1_1677,23.031999999999996,0
,mobilenetv1_300,21.323999999999998,0
,mobilenetv1_1047,17.517000000000003,0
,mobilenetv1_1116,23.003999999999998,0
,mobilenetv1_1341,20.755,0
,mobilenetv1_1510,23.28500000000001,0
,mobilenetv1_1904,22.967000000000006,0
,mobilenetv1_1787,24.831,0
,mobilenetv1_1504,16.083000000000002,0
,mobilenetv1_1351,16.486,0
,mobilenetv1_470,19.543000000000003,0
,mobilenetv1_804,19.466,0
,mobilenetv1_153,20.775000000000002,0
,mobilenetv1_1735,18.342000000000002,0
,mobilenetv1_1516,20.584000000000003,0
,mobilenetv1_1637,18.848000000000006,0
,mobilenetv1_1287,20.255000000000003,0
,mobilenetv1_160,19.679000000000006,0
,mobilenetv1_225,23.436000000000003,0
,mobilenetv1_812,32.03999999999999,0
,mobilenetv1_461,25.849999999999998,0
,mobilenetv1_747,23.746000000000006,0
,mobilenetv1_945,18.616999999999997,0
,mobilenetv1_852,26.463999999999995,0
,mobilenetv1_50,20.89800000000001,0
,mobilenetv1_1231,18.206000000000003,0
,mobilenetv1_1150,28.352999999999994,0
,mobilenetv1_726,18.543,0
,mobilenetv1_1297,20.512999999999998,0
,mobilenetv1_1798,24.922000000000008,0
,mobilenetv1_602,26.086000000000002,0
,mobilenetv1_1639,8.877000000000004,0
,mobilenetv1_357,17.371000000000002,0
,mobilenetv1_81,20.756999999999998,0
,mobilenetv1_1168,16.415,0
,mobilenetv1_1908,27.718999999999998,0
,mobilenetv1_882,19.83,0
,mobilenetv1_1984,21.191999999999997,0
,mobilenetv1_765,28.077000000000005,0
,mobilenetv1_1761,20.948999999999998,0
,mobilenetv1_846,27.933000000000007,0
,mobilenetv1_1874,18.967000000000002,0
,mobilenetv1_1154,28.373000000000005,0
,mobilenetv1_682,17.698999999999995,0
,mobilenetv1_1656,17.65,0
,mobilenetv1_671,27.808999999999997,0
,mobilenetv1_626,28.648000000000007,0
,mobilenetv1_419,13.751999999999999,0
,mobilenetv1_1950,17.315999999999995,0
,mobilenetv1_202,16.888,0
,mobilenetv1_472,22.828000000000003,0
,mobilenetv1_658,23.525999999999996,0
,mobilenetv1_427,23.086,0
,mobilenetv1_1205,18.932000000000002,0
,mobilenetv1_1909,21.558,0
,mobilenetv1_691,25.214999999999996,0
,mobilenetv1_927,19.087999999999997,0
,mobilenetv1_489,18.207,0
,mobilenetv1_922,20.654,0
,mobilenetv1_1960,25.142999999999997,0
,mobilenetv1_304,20.738,0
,mobilenetv1_1188,22.406999999999996,0
,mobilenetv1_1782,19.307000000000002,0
,mobilenetv1_540,23.665999999999997,0
,mobilenetv1_1870,26.166999999999998,0
,mobilenetv1_1808,20.531,0
,mobilenetv1_1041,18.828000000000003,0
,mobilenetv1_1853,20.512000000000008,0
,mobilenetv1_243,26.46,0
,mobilenetv1_350,20.074,0
,mobilenetv1_508,18.407999999999998,0
,mobilenetv1_201,21.915000000000003,0
,mobilenetv1_1889,16.205,0
,mobilenetv1_673,22.166000000000004,0
,mobilenetv1_326,16.047999999999995,0
,mobilenetv1_299,11.335999999999997,0
,mobilenetv1_1597,20.836,0
,mobilenetv1_1030,25.135000000000005,0
,mobilenetv1_205,22.578,0
,mobilenetv1_397,24.856000000000005,0
,mobilenetv1_1711,22.423,0
,mobilenetv1_1969,24.200999999999997,0
,mobilenetv1_439,21.109,0
,mobilenetv1_791,24.089999999999996,0
,mobilenetv1_788,31.129000000000005,0
,mobilenetv1_1999,19.941000000000003,0
,mobilenetv1_625,16.927000000000003,0
,mobilenetv1_1932,23.75,0
,mobilenetv1_197,26.017999999999997,0
,mobilenetv1_1314,22.426999999999996,0
,mobilenetv1_278,19.933999999999997,0
,mobilenetv1_1949,29.829000000000008,0
,mobilenetv1_238,25.677999999999997,0
,mobilenetv1_1731,23.614000000000004,0
,mobilenetv1_125,18.125999999999998,0
,mobilenetv1_686,19.715000000000003,0
,mobilenetv1_519,21.161,0
,mobilenetv1_952,19.254000000000005,0
,mobilenetv1_1250,27.247,0
,mobilenetv1_885,17.473999999999997,0
,mobilenetv1_1505,21.060999999999996,0
,mobilenetv1_456,25.625,0
,mobilenetv1_325,21.469999999999995,0
,mobilenetv1_1600,16.773999999999997,0
,mobilenetv1_1451,17.467999999999993,0
,mobilenetv1_473,27.955000000000002,0
,mobilenetv1_165,17.204999999999995,0
,mobilenetv1_1398,21.419999999999995,0
,mobilenetv1_740,26.913000000000004,0
,mobilenetv1_1919,26.150000000000006,0
,mobilenetv1_718,22.471999999999998,0
,mobilenetv1_1429,18.110999999999997,0
,mobilenetv1_1255,17.487000000000002,0
,mobilenetv1_1606,22.299,0
,mobilenetv1_1551,20.135,0
,mobilenetv1_1293,26.011000000000006,0
,mobilenetv1_1384,21.931,0
,mobilenetv1_290,27.828999999999997,0
,mobilenetv1_240,19.56099999999999,0
,mobilenetv1_612,25.770999999999997,0
,mobilenetv1_1781,25.960000000000004,0
,mobilenetv1_687,24.455000000000005,0
,mobilenetv1_1965,21.533999999999995,0
,mobilenetv1_172,26.272000000000006,0
,mobilenetv1_1513,19.397999999999996,0
,mobilenetv1_1851,25.502,0
,mobilenetv1_368,16.404999999999998,0
,mobilenetv1_1496,18.129999999999995,0
,mobilenetv1_1241,16.230000000000004,0
,mobilenetv1_1147,25.876,0
,mobilenetv1_1872,22.102999999999994,0
,mobilenetv1_917,17.062,0
,mobilenetv1_1307,25.245,0
,mobilenetv1_1217,23.962000000000003,0
,mobilenetv1_545,20.21900000000001,0
,mobilenetv1_102,24.944,0
,mobilenetv1_535,30.553999999999995,0
,mobilenetv1_404,21.3,0
,mobilenetv1_1269,27.863,0
,mobilenetv1_74,20.532999999999994,0
,mobilenetv1_113,29.091,0
,mobilenetv1_590,25.224,0
,mobilenetv1_905,26.117,0
,mobilenetv1_1699,27.003,0
,mobilenetv1_1299,25.968999999999998,0
,mobilenetv1_1868,27.358000000000004,0
,mobilenetv1_426,17.791999999999998,0
,mobilenetv1_1349,14.777999999999995,0
,mobilenetv1_1218,19.603000000000005,0
,mobilenetv1_1568,21.226,0
,mobilenetv1_1964,24.143999999999988,0
,mobilenetv1_1166,15.508000000000003,0
,mobilenetv1_445,14.688,0
,mobilenetv1_797,25.499000000000002,0
,mobilenetv1_995,22.307000000000002,0
,mobilenetv1_813,20.01300000000001,0
,mobilenetv1_1765,18.57899999999999,0
,mobilenetv1_944,23.98,0
,mobilenetv1_166,19.733999999999998,0
,mobilenetv1_1544,18.030999999999995,0
,mobilenetv1_150,19.765000000000004,0
,mobilenetv1_1679,24.815,0
,mobilenetv1_1426,24.57,0
,mobilenetv1_1522,18.724999999999998,0
,mobilenetv1_1442,21.514,0
,mobilenetv1_460,15.737,0
,mobilenetv1_701,20.476999999999993,0
,mobilenetv1_1512,27.928000000000008,0
,mobilenetv1_611,27.801,0
,mobilenetv1_1929,27.072999999999997,0
,mobilenetv1_1261,20.109,0
,mobilenetv1_723,25.154999999999998,0
,mobilenetv1_1270,20.573,0
,mobilenetv1_1389,24.498000000000008,0
,mobilenetv1_1632,16.538999999999998,0
,mobilenetv1_616,24.071,0
,mobilenetv1_1245,22.232999999999997,0
,mobilenetv1_940,23.636999999999997,0
,mobilenetv1_1254,12.720999999999995,0
,mobilenetv1_1447,19.654999999999998,0
,mobilenetv1_129,18.742,0
,mobilenetv1_1631,21.276999999999997,0
,mobilenetv1_1738,19.879000000000005,0
,mobilenetv1_1462,30.202,0
,mobilenetv1_878,21.222999999999995,0
,mobilenetv1_802,25.912999999999997,0
,mobilenetv1_1680,18.667000000000005,0
,mobilenetv1_933,19.164000000000005,0
,mobilenetv1_362,25.717000000000006,0
,mobilenetv1_1411,20.435,0
,mobilenetv1_1417,13.634000000000002,0
,mobilenetv1_856,20.205000000000005,0
,mobilenetv1_1155,20.097999999999992,0
,mobilenetv1_1712,23.029,0
,mobilenetv1_705,24.000999999999994,0
,mobilenetv1_31,21.106000000000005,0
,mobilenetv1_841,31.140999999999995,0
,mobilenetv1_155,19.137999999999998,0
,mobilenetv1_1144,15.532,0
,mobilenetv1_1101,19.547000000000004,0
,mobilenetv1_737,18.450000000000003,0
,mobilenetv1_1997,18.41,0
,mobilenetv1_442,22.154,0
,mobilenetv1_716,19.910000000000004,0
,mobilenetv1_1027,25.589000000000002,0
,mobilenetv1_1848,19.319000000000003,0
,mobilenetv1_1685,20.972,0
,mobilenetv1_566,20.448,0
,mobilenetv1_1576,15.31,0
,mobilenetv1_279,23.462999999999997,0
,mobilenetv1_1199,28.106999999999996,0
,mobilenetv1_1246,22.499,0
,mobilenetv1_1534,20.565,0
,mobilenetv1_1403,23.461999999999996,0
,mobilenetv1_179,20.838,0
,mobilenetv1_1514,16.844999999999995,0
,mobilenetv1_440,22.119000000000003,0
,mobilenetv1_348,22.727,0
,mobilenetv1_1849,23.026999999999997,0
,mobilenetv1_99,19.394,0
,mobilenetv1_1362,18.892000000000003,0
,mobilenetv1_1381,18.28899999999999,0
,mobilenetv1_1537,20.372,0
,mobilenetv1_834,28.930999999999994,0
,mobilenetv1_1667,21.446999999999996,0
,mobilenetv1_603,24.336999999999996,0
,mobilenetv1_1788,21.923000000000002,0
,mobilenetv1_319,21.188000000000002,0
,mobilenetv1_6,17.086000000000002,0
,mobilenetv1_1122,22.333000000000002,0
,mobilenetv1_997,18.446,0
,mobilenetv1_1845,21.837999999999994,0
,mobilenetv1_312,15.815000000000003,0
,mobilenetv1_389,23.587,0
,mobilenetv1_1036,20.365999999999996,0
,mobilenetv1_1371,25.049999999999994,0
,mobilenetv1_1197,17.566,0
,mobilenetv1_315,21.927000000000003,0
,mobilenetv1_902,27.198999999999998,0
,mobilenetv1_195,32.037,0
,mobilenetv1_547,19.448999999999998,0
,mobilenetv1_1446,24.103,0
,mobilenetv1_151,21.147,0
,mobilenetv1_690,23.878000000000004,0
,mobilenetv1_1102,25.505999999999993,0
,mobilenetv1_1288,18.80299999999999,0
,mobilenetv1_16,21.337000000000003,0
,mobilenetv1_449,21.421000000000003,0
,mobilenetv1_887,22.061999999999998,0
,mobilenetv1_209,24.64499999999999,0
,mobilenetv1_492,25.263,0
,mobilenetv1_832,21.037000000000003,0
,mobilenetv1_1304,13.953,0
,mobilenetv1_695,23.131,0
,mobilenetv1_370,17.801000000000002,0
,mobilenetv1_176,19.045000000000005,0
,mobilenetv1_336,25.593,0
,mobilenetv1_817,25.684,0
,mobilenetv1_1075,26.058,0
,mobilenetv1_1688,14.168999999999999,0
,mobilenetv1_1355,21.682000000000002,0
,mobilenetv1_1235,22.304999999999993,0
,mobilenetv1_943,27.420999999999996,0
,mobilenetv1_106,14.797,0
,mobilenetv1_585,23.601999999999993,0
,mobilenetv1_1948,22.33300000000001,0
,mobilenetv1_511,16.974,0
,mobilenetv1_730,26.629,0
,mobilenetv1_1103,15.774999999999999,0
,mobilenetv1_112,24.148999999999997,0
,mobilenetv1_369,19.022999999999993,0
,mobilenetv1_1376,21.026,0
,mobilenetv1_1214,23.228999999999996,0
,mobilenetv1_872,23.291,0
,mobilenetv1_1343,19.239,0
,mobilenetv1_1622,18.588,0
,mobilenetv1_284,26.602999999999994,0
,mobilenetv1_111,21.518999999999995,0
,mobilenetv1_527,19.468999999999998,0
,mobilenetv1_1369,22.405000000000005,0
,mobilenetv1_311,17.369999999999994,0
,mobilenetv1_9,18.348000000000003,0
,mobilenetv1_1507,16.436999999999998,0
,mobilenetv1_550,25.149,0
,mobilenetv1_795,21.634,0
,mobilenetv1_248,18.403999999999993,0
,mobilenetv1_947,12.154,0
,mobilenetv1_1806,23.537,0
,mobilenetv1_430,17.586000000000002,0
,mobilenetv1_1375,23.321999999999996,0
,mobilenetv1_1308,28.419999999999998,0
,mobilenetv1_1645,22.932,0
,mobilenetv1_69,20.476000000000003,0
,mobilenetv1_425,25.575000000000003,0
,mobilenetv1_92,21.886999999999997,0
,mobilenetv1_280,21.182999999999996,0
,mobilenetv1_746,26.955999999999996,0
,mobilenetv1_53,24.359,0
,mobilenetv1_174,18.740000000000002,0
,mobilenetv1_1852,18.412999999999997,0
,mobilenetv1_1470,21.892,0
,mobilenetv1_1048,15.329,0
,mobilenetv1_1669,18.618000000000002,0
,mobilenetv1_1178,18.691,0
,mobilenetv1_10,19.117,0
,mobilenetv1_741,20.789999999999996,0
,mobilenetv1_480,16.203,0
,mobilenetv1_0,18.170000000000005,0
,mobilenetv1_1620,16.051,0
,mobilenetv1_1220,23.484,0
,mobilenetv1_912,24.921000000000003,0
,mobilenetv1_1431,17.473,0
,mobilenetv1_63,17.863000000000003,0
,mobilenetv1_448,26.090000000000003,0
,mobilenetv1_1412,28.648000000000003,0
,mobilenetv1_1598,17.476999999999997,0
,mobilenetv1_54,22.449,0
,mobilenetv1_768,20.636,0
,mobilenetv1_892,12.937,0
,mobilenetv1_1579,17.990999999999996,0
,mobilenetv1_786,20.463000000000008,0
,mobilenetv1_1974,27.287000000000003,0
,mobilenetv1_1164,24.688000000000002,0
,mobilenetv1_1368,18.169000000000008,0
,mobilenetv1_1450,18.944999999999997,0
,mobilenetv1_1084,16.884999999999998,0
,mobilenetv1_140,13.794000000000002,0
,mobilenetv1_1704,22.991000000000003,0
,mobilenetv1_569,26.186999999999994,0
,mobilenetv1_1115,19.214,0
,mobilenetv1_398,14.591000000000001,0
,mobilenetv1_1111,22.877999999999993,0
,mobilenetv1_70,24.963999999999995,0
,mobilenetv1_1468,22.396,0
,mobilenetv1_1757,21.319000000000003,0
,mobilenetv1_859,22.517,0
,mobilenetv1_1383,19.823999999999998,0
,mobilenetv1_227,20.856,0
,mobilenetv1_715,20.301000000000005,0
,mobilenetv1_984,17.462,0
,mobilenetv1_959,21.338,0
,mobilenetv1_122,22.65,0
,mobilenetv1_706,21.942000000000004,0
,mobilenetv1_1348,23.128000000000004,0
,mobilenetv1_328,21.976,0
,mobilenetv1_1928,24.90599999999999,0
,mobilenetv1_514,20.75,0
,mobilenetv1_1018,22.682,0
,mobilenetv1_1315,16.503000000000004,0
,mobilenetv1_1500,19.981,0
,mobilenetv1_246,21.330999999999996,0
,mobilenetv1_347,18.435999999999996,0
,mobilenetv1_1648,17.250999999999998,0
,mobilenetv1_613,21.154,0
,mobilenetv1_775,23.715999999999994,0
,mobilenetv1_1059,17.458,0
,mobilenetv1_1058,18.221000000000004,0
,mobilenetv1_1739,20.397000000000002,0
,mobilenetv1_744,19.032999999999998,0
,mobilenetv1_123,19.304999999999996,0
,mobilenetv1_1050,13.065000000000001,0
,mobilenetv1_1899,26.279,0
,mobilenetv1_1571,22.77,0
,mobilenetv1_1955,25.093000000000004,0
,mobilenetv1_1354,21.10299999999999,0
,mobilenetv1_1325,22.316,0
,mobilenetv1_1143,24.459,0
,mobilenetv1_1956,19.092000000000002,0
,mobilenetv1_916,18.954999999999995,0
,mobilenetv1_3,15.431999999999999,0
,mobilenetv1_919,20.672999999999995,0
,mobilenetv1_1521,25.798999999999992,0
,mobilenetv1_663,21.652999999999995,0
,mobilenetv1_1098,17.256000000000007,0
,mobilenetv1_790,17.474000000000004,0
,mobilenetv1_840,27.017000000000003,0
,mobilenetv1_411,24.671,0
,mobilenetv1_1445,15.650000000000002,0
,mobilenetv1_83,18.858999999999995,0
,mobilenetv1_1177,19.764,0
,mobilenetv1_258,27.318,0
,mobilenetv1_119,30.447999999999997,0
,mobilenetv1_851,18.707,0
,mobilenetv1_332,15.957999999999998,0
,mobilenetv1_1542,21.006999999999994,0
,mobilenetv1_647,19.092000000000002,0
,mobilenetv1_1582,21.983,0
,mobilenetv1_288,23.048,0
,mobilenetv1_1957,14.626999999999997,0
,mobilenetv1_1132,21.796,0
,mobilenetv1_1395,24.454,0
,mobilenetv1_582,28.895,0
,mobilenetv1_444,21.87,0
,mobilenetv1_1795,26.258999999999997,0
,mobilenetv1_1032,24.344999999999995,0
,mobilenetv1_1860,24.357,0
,mobilenetv1_1664,23.213000000000005,0
,mobilenetv1_308,24.426999999999996,0
,mobilenetv1_48,20.647999999999993,0
,mobilenetv1_644,20.673000000000002,0
,mobilenetv1_563,23.97999999999999,0
,mobilenetv1_1222,19.875,0
,mobilenetv1_1775,27.991,0
,mobilenetv1_1911,17.037,0
,mobilenetv1_614,21.498,0
,mobilenetv1_1086,16.022,0
,mobilenetv1_192,27.237000000000002,0
,mobilenetv1_1558,16.207,0
,mobilenetv1_1466,30.137,0
,mobilenetv1_1053,18.583,0
,mobilenetv1_71,25.48200000000001,0
,mobilenetv1_1539,17.455000000000002,0
,mobilenetv1_1856,16.296,0
,mobilenetv1_1824,22.337999999999997,0
,mobilenetv1_114,16.983,0
,mobilenetv1_1326,31.810999999999996,0
,mobilenetv1_1865,27.131000000000004,0
,mobilenetv1_1272,19.706000000000003,0
,mobilenetv1_1710,20.586000000000002,0
,mobilenetv1_416,25.348999999999993,0
,mobilenetv1_1601,23.970999999999997,0
,mobilenetv1_188,26.279000000000003,0
,mobilenetv1_1456,17.915000000000006,0
,mobilenetv1_619,17.269999999999992,0
,mobilenetv1_1989,21.2,0
,mobilenetv1_1465,26.873999999999995,0
,mobilenetv1_631,20.557999999999993,0
,mobilenetv1_1282,18.831,0
,mobilenetv1_1780,18.004,0
,mobilenetv1_446,18.074999999999996,0
,mobilenetv1_980,24.153999999999996,0
,mobilenetv1_1051,25.65300000000001,0
,mobilenetv1_1332,25.023,0
,mobilenetv1_1011,18.536,0
,mobilenetv1_1209,18.305000000000003,0
,mobilenetv1_365,21.43,0
,mobilenetv1_159,18.076999999999998,0
,mobilenetv1_1337,25.074,0
,mobilenetv1_624,28.13399999999999,0
,mobilenetv1_35,19.063000000000002,0
,mobilenetv1_994,21.196999999999996,0
,mobilenetv1_62,22.515,0
,mobilenetv1_988,17.730999999999995,0
,mobilenetv1_483,23.412000000000013,0
,mobilenetv1_1060,21.09800000000001,0
,mobilenetv1_814,27.618000000000002,0
,mobilenetv1_811,19.494000000000003,0
,mobilenetv1_642,19.758,0
,mobilenetv1_1592,19.448999999999998,0
,mobilenetv1_1866,20.281,0
,mobilenetv1_1052,17.453,0
,mobilenetv1_493,19.349999999999998,0
,mobilenetv1_1583,23.804,0
,mobilenetv1_1914,20.851999999999997,0
,mobilenetv1_1541,20.78899999999999,0
,mobilenetv1_181,23.921000000000006,0
,mobilenetv1_1311,21.177,0
,mobilenetv1_383,22.613,0
,mobilenetv1_714,19.909999999999997,0
,mobilenetv1_1511,17.872,0
,mobilenetv1_778,21.323,0
,mobilenetv1_606,15.968999999999994,0
,mobilenetv1_599,26.878,0
,mobilenetv1_1365,21.439,0
,mobilenetv1_777,20.311000000000003,0
,mobilenetv1_1211,22.230000000000008,0
,mobilenetv1_1720,18.275000000000002,0
,mobilenetv1_1391,21.038999999999998,0
,mobilenetv1_292,17.85,0
,mobilenetv1_1827,18.23400000000001,0
,mobilenetv1_1616,18.207000000000004,0
,mobilenetv1_1153,16.826,0
,mobilenetv1_1584,25.273,0
,mobilenetv1_893,19.21399999999999,0
,mobilenetv1_1864,21.883000000000003,0
,mobilenetv1_627,24.198999999999995,0
