0,resnet34_507,125.144,0.000
0,resnet18_665,28.836,0.000
0,resnet50_602,35.538,0.000
0,resnet34_574,89.518,0.000
0,resnet50_633,23.636,0.000
0,resnet50_585,28.765,0.000
0,resnet18_630,67.604,0.000
0,resnet50_651,34.378,0.000
0,resnet34_607,54.527,0.000
0,resnet34_663,93.751,0.000
0,resnet34_625,69.048,0.000
0,resnet50_607,17.211,0.000
0,resnet50_629,23.816,0.000
0,resnet18_562,37.442,0.000
0,resnet50_581,27.208,0.000
0,resnet34_605,57.312,0.000
0,resnet34_647,35.841,0.000
0,resnet18_622,28.664,0.000
0,resnet34_592,125.700,0.000
0,resnet50_609,25.277,0.000
0,resnet18_540,47.412,0.000
0,resnet34_599,64.884,0.000
0,resnet34_572,100.820,0.000
0,resnet34_626,78.323,0.000
0,resnet50_556,28.395,0.000
0,resnet34_512,105.616,0.000
0,resnet18_607,45.788,0.000
0,resnet18_594,42.181,0.000
0,resnet18_643,67.950,0.000
0,resnet34_536,39.816,0.000
0,resnet50_610,48.551,0.000
0,resnet18_560,80.701,0.000
0,resnet34_560,44.312,0.000
0,resnet50_627,29.548,0.000
0,resnet18_568,75.498,0.000
0,resnet34_630,126.320,0.000
0,resnet18_613,41.643,0.000
0,resnet50_630,39.284,0.000
0,resnet18_567,39.852,0.000
0,resnet18_596,25.993,0.000
0,resnet34_619,82.360,0.000
0,resnet34_533,66.261,0.000
0,resnet34_516,67.472,0.000
0,resnet50_611,25.800,0.000
0,resnet18_651,29.383,0.000
0,resnet18_583,19.704,0.000
0,resnet50_605,24.290,0.000
0,resnet34_583,84.705,0.000
0,resnet34_549,78.953,0.000
0,resnet34_609,56.672,0.000
0,resnet18_522,26.921,0.000
0,resnet50_551,21.936,0.000
0,resnet34_588,104.021,0.000
0,resnet34_601,71.165,0.000
0,resnet50_529,26.573,0.000
0,resnet50_659,33.471,0.000
0,resnet34_558,78.261,0.000
0,resnet50_532,27.245,0.000
0,resnet34_556,76.757,0.000
0,resnet50_588,30.686,0.000
0,resnet50_603,45.269,0.000
0,resnet34_658,39.498,0.000
0,resnet34_633,62.312,0.000
0,resnet50_657,29.890,0.000
0,resnet18_603,48.276,0.000
0,resnet34_570,77.253,0.000
0,resnet50_665,20.857,0.000
0,resnet50_501,31.752,0.000
0,resnet50_506,22.624,0.000
0,resnet34_582,49.726,0.000
0,resnet50_578,37.074,0.000
0,resnet50_664,27.934,0.000
0,resnet34_618,124.997,0.000
0,resnet34_644,61.484,0.000
0,resnet18_635,32.453,0.000
0,resnet50_560,37.636,0.000
0,resnet18_650,30.557,0.000
0,resnet34_520,88.326,0.000
0,resnet34_604,47.303,0.000
0,resnet34_648,123.599,0.000
0,resnet18_563,18.144,0.000
0,resnet50_574,29.351,0.000
0,resnet50_548,18.938,0.000
0,resnet34_611,86.237,0.000
0,resnet50_549,20.453,0.000
0,resnet18_625,46.063,0.000
0,resnet18_626,36.652,0.000
0,resnet18_605,37.767,0.000
0,resnet34_539,76.781,0.000
0,resnet50_566,17.871,0.000
0,resnet18_668,58.694,0.000
0,resnet18_541,36.795,0.000
0,resnet18_510,23.856,0.000
0,resnet34_577,88.779,0.000
0,resnet18_606,39.696,0.000
0,resnet50_547,33.484,0.000
0,resnet50_571,17.713,0.000
0,resnet18_637,42.258,0.000
0,resnet50_591,28.131,0.000
0,resnet18_559,54.984,0.000
0,resnet50_515,39.205,0.000
0,resnet34_563,81.546,0.000
0,resnet50_540,32.650,0.000
0,resnet34_659,79.420,0.000
0,resnet50_598,16.250,0.000
0,resnet50_628,26.733,0.000
0,resnet34_596,122.528,0.000
0,resnet50_516,23.172,0.000
0,resnet18_604,51.706,0.000
0,resnet50_631,32.450,0.000
0,resnet50_500,48.224,0.000
0,resnet34_656,86.098,0.000
0,resnet50_582,37.766,0.000
0,resnet50_546,16.660,0.000
0,resnet50_539,19.306,0.000
0,resnet50_541,20.839,0.000
0,resnet18_634,46.802,0.000
0,resnet18_582,31.797,0.000
0,resnet18_500,15.575,0.000
0,resnet18_573,22.750,0.000
0,resnet34_521,52.781,0.000
0,resnet50_660,33.634,0.000
0,resnet50_514,26.046,0.000
0,resnet34_653,80.286,0.000
0,resnet34_538,58.161,0.000
0,resnet34_508,74.247,0.000
0,resnet50_570,30.794,0.000
0,resnet50_517,27.279,0.000
0,resnet50_542,34.452,0.000
0,resnet18_608,38.658,0.000
0,resnet50_550,28.667,0.000
0,resnet18_660,55.059,0.000
0,resnet18_612,37.426,0.000
0,resnet50_531,18.333,0.000
0,resnet18_662,27.685,0.000
0,resnet18_536,40.394,0.000
0,resnet18_589,37.461,0.000
0,resnet50_619,32.086,0.000
0,resnet34_518,65.848,0.000
0,resnet18_647,33.306,0.000
0,resnet50_649,30.035,0.000
0,resnet34_668,116.066,0.000
0,resnet34_517,37.764,0.000
0,resnet50_535,26.041,0.000
0,resnet18_515,20.353,0.000
0,resnet18_505,57.682,0.000
0,resnet34_503,49.093,0.000
0,resnet34_657,88.070,0.000
0,resnet50_606,33.398,0.000
0,resnet18_535,41.636,0.000
0,resnet50_576,34.480,0.000
0,resnet34_514,71.141,0.000
0,resnet50_648,32.092,0.000
0,resnet34_551,67.227,0.000
0,resnet34_650,43.516,0.000
0,resnet18_641,22.795,0.000
0,resnet34_593,68.965,0.000
0,resnet50_666,36.463,0.000
0,resnet34_664,97.155,0.000
0,resnet50_587,12.634,0.000
0,resnet50_530,32.245,0.000
0,resnet50_647,39.686,0.000
0,resnet50_662,26.163,0.000
0,resnet50_519,36.967,0.000
0,resnet18_527,33.355,0.000
0,resnet34_617,58.133,0.000
0,resnet50_569,25.305,0.000
0,resnet50_604,39.055,0.000
0,resnet18_512,25.765,0.000
0,resnet50_526,44.991,0.000
0,resnet18_503,49.687,0.000
0,resnet50_668,28.954,0.000
0,resnet34_541,83.675,0.000
0,resnet18_611,57.424,0.000
0,resnet34_555,94.262,0.000
0,resnet50_635,17.752,0.000
0,resnet34_590,61.512,0.000
0,resnet18_542,87.410,0.000
0,resnet50_518,30.600,0.000
0,resnet18_519,41.545,0.000
0,resnet34_621,145.433,0.000
0,resnet34_579,87.455,0.000
0,resnet34_649,92.128,0.000
0,resnet18_646,38.274,0.000
0,resnet50_553,27.490,0.000
0,resnet18_569,51.451,0.000
0,resnet18_666,29.081,0.000
0,resnet34_501,88.537,0.000
0,resnet50_537,24.808,0.000
0,resnet50_552,27.546,0.000
0,resnet18_645,37.094,0.000
0,resnet18_667,30.787,0.000
0,resnet18_537,23.875,0.000
0,resnet34_610,90.555,0.000
0,resnet18_632,47.257,0.000
0,resnet34_639,71.832,0.000
0,resnet18_518,59.492,0.000
0,resnet18_517,31.810,0.000
0,resnet50_527,27.094,0.000
0,resnet18_588,22.255,0.000
0,resnet34_637,81.517,0.000
0,resnet18_556,61.740,0.000
0,resnet50_640,20.983,0.000
0,resnet34_606,85.549,0.000
0,resnet34_662,73.146,0.000
0,resnet50_667,20.998,0.000
0,resnet34_548,89.855,0.000
0,resnet50_528,33.493,0.000
0,resnet50_568,32.213,0.000
0,resnet50_595,17.524,0.000
0,resnet50_616,30.048,0.000
0,resnet50_513,34.301,0.000
0,resnet18_614,38.777,0.000
0,resnet34_534,80.888,0.000
0,resnet34_616,67.563,0.000
0,resnet50_652,30.822,0.000
0,resnet18_570,27.438,0.000
0,resnet18_511,49.697,0.000
0,resnet50_593,26.002,0.000
0,resnet18_504,42.650,0.000
0,resnet18_565,26.842,0.000
0,resnet34_530,86.179,0.000
0,resnet34_638,36.701,0.000
0,resnet34_585,68.427,0.000
0,resnet34_661,91.218,0.000
0,resnet18_543,41.711,0.000
0,resnet34_531,143.387,0.000
0,resnet50_572,25.950,0.000
0,resnet50_579,21.902,0.000
0,resnet50_544,22.322,0.000
0,resnet50_511,32.291,0.000
0,resnet34_565,76.242,0.000
0,resnet18_546,52.953,0.000
0,resnet50_623,22.346,0.000
0,resnet34_522,79.156,0.000
0,resnet34_515,78.165,0.000
0,resnet50_654,34.710,0.000
0,resnet50_563,23.806,0.000
0,resnet50_565,30.657,0.000
0,resnet50_663,30.561,0.000
0,resnet34_543,42.811,0.000
0,resnet34_627,104.644,0.000
0,resnet50_533,28.714,0.000
0,resnet18_513,29.223,0.000
0,resnet50_521,24.087,0.000
0,resnet18_618,41.715,0.000
0,resnet50_641,53.187,0.000
0,resnet18_544,33.148,0.000
0,resnet50_505,26.606,0.000
0,resnet18_528,65.400,0.000
0,resnet34_559,74.803,0.000
0,resnet34_623,104.927,0.000
0,resnet50_655,26.572,0.000
0,resnet34_571,130.210,0.000
0,resnet34_544,55.078,0.000
0,resnet34_513,64.334,0.000
0,resnet50_636,23.877,0.000
0,resnet34_598,69.572,0.000
0,resnet50_650,27.343,0.000
0,resnet18_627,52.071,0.000
0,resnet50_596,25.279,0.000
0,resnet18_658,60.960,0.000
0,resnet34_602,78.711,0.000
0,resnet18_597,28.567,0.000
0,resnet50_601,47.837,0.000
0,resnet50_589,18.406,0.000
0,resnet18_654,86.185,0.000
0,resnet18_538,33.380,0.000
0,resnet34_500,39.120,0.000
0,resnet34_529,123.086,0.000
0,resnet34_628,52.068,0.000
0,resnet50_594,26.413,0.000
0,resnet50_580,28.932,0.000
0,resnet50_554,15.979,0.000
0,resnet18_502,68.806,0.000
0,resnet34_553,101.155,0.000
0,resnet50_543,12.119,0.000
0,resnet34_654,39.833,0.000
0,resnet50_599,22.324,0.000
0,resnet34_525,113.582,0.000
0,resnet50_538,19.087,0.000
0,resnet50_617,18.435,0.000
0,resnet18_601,32.072,0.000
0,resnet34_519,65.224,0.000
0,resnet34_665,50.648,0.000
0,resnet18_619,49.917,0.000
0,resnet50_622,21.801,0.000
0,resnet50_620,24.009,0.000
0,resnet18_659,27.567,0.000
0,resnet50_656,45.355,0.000
0,resnet18_624,38.427,0.000
0,resnet50_643,25.804,0.000
0,resnet34_526,89.877,0.000
0,resnet34_636,71.778,0.000
0,resnet50_522,51.004,0.000
0,resnet18_508,38.913,0.000
0,resnet50_504,16.311,0.000
0,resnet18_639,50.660,0.000
0,resnet50_502,19.161,0.000
0,resnet50_624,14.879,0.000
0,resnet50_583,40.301,0.000
0,resnet50_644,15.180,0.000
0,resnet34_550,79.136,0.000
0,resnet50_564,33.185,0.000
0,resnet50_525,28.507,0.000
0,resnet34_646,56.110,0.000
0,resnet50_509,40.733,0.000
0,resnet50_597,31.109,0.000
0,resnet34_655,44.734,0.000
0,resnet18_552,52.239,0.000
0,resnet18_652,51.826,0.000
0,resnet34_614,70.316,0.000
0,resnet50_658,25.672,0.000
0,resnet18_636,45.915,0.000
0,resnet50_621,42.275,0.000
0,resnet18_640,21.005,0.000
0,resnet18_532,57.059,0.000
0,resnet18_566,30.698,0.000
0,resnet34_612,68.728,0.000
0,resnet34_608,47.655,0.000
0,resnet34_552,90.591,0.000
0,resnet18_579,30.079,0.000
0,resnet18_585,27.551,0.000
0,resnet18_591,52.441,0.000
0,resnet50_508,28.096,0.000
0,resnet18_554,39.575,0.000
0,resnet34_667,56.257,0.000
0,resnet34_594,76.508,0.000
0,resnet50_615,38.437,0.000
0,resnet50_612,21.102,0.000
0,resnet34_645,88.547,0.000
0,resnet50_642,20.411,0.000
0,resnet34_557,43.394,0.000
0,resnet18_530,49.320,0.000
0,resnet34_546,109.930,0.000
0,resnet50_573,26.878,0.000
0,resnet18_533,26.294,0.000
0,resnet34_660,74.565,0.000
0,resnet50_634,33.991,0.000
0,resnet50_645,24.360,0.000
0,resnet34_567,87.881,0.000
0,resnet50_639,16.617,0.000
0,resnet50_614,36.546,0.000
0,resnet50_555,34.314,0.000
0,resnet18_628,37.020,0.000
0,resnet34_624,46.268,0.000
0,resnet50_638,22.938,0.000
0,resnet18_644,36.830,0.000
0,resnet50_632,40.971,0.000
0,resnet18_615,41.925,0.000
0,resnet34_620,75.343,0.000
0,resnet50_562,33.757,0.000
0,resnet50_507,33.681,0.000
0,resnet50_626,32.049,0.000
0,resnet34_576,97.086,0.000
0,resnet18_664,40.276,0.000
0,resnet34_505,116.296,0.000
0,resnet34_578,61.218,0.000
0,resnet18_649,34.723,0.000
0,resnet18_600,21.092,0.000
0,resnet34_509,97.059,0.000
0,resnet50_524,37.960,0.000
0,resnet34_542,86.981,0.000
0,resnet34_586,106.585,0.000
0,resnet50_600,21.902,0.000
0,resnet50_503,28.743,0.000
0,resnet18_648,51.229,0.000
0,resnet34_652,67.151,0.000
0,resnet34_524,101.632,0.000
0,resnet18_509,37.564,0.000
0,resnet18_514,44.098,0.000
0,resnet50_520,20.113,0.000
0,resnet50_510,37.799,0.000
0,resnet50_625,19.870,0.000
0,resnet34_629,62.481,0.000
0,resnet34_666,56.220,0.000
0,resnet18_572,41.346,0.000
0,resnet50_545,51.685,0.000
0,resnet50_561,24.103,0.000
0,resnet34_575,101.422,0.000
0,resnet18_531,49.131,0.000
0,resnet50_646,23.268,0.000
0,resnet50_559,19.932,0.000
0,resnet50_653,35.592,0.000
0,resnet18_501,21.873,0.000
0,resnet34_642,76.314,0.000
0,resnet34_506,118.505,0.000
0,resnet34_535,81.285,0.000
0,resnet50_577,25.642,0.000
0,resnet18_661,42.420,0.000
0,resnet18_547,56.993,0.000
0,resnet50_608,24.352,0.000
0,resnet50_661,30.047,0.000
0,resnet50_637,32.425,0.000
0,resnet34_587,60.410,0.000
0,resnet50_618,24.201,0.000
0,resnet34_561,84.680,0.000
0,resnet34_615,98.386,0.000
0,resnet34_523,86.238,0.000
0,resnet18_516,51.759,0.000
0,resnet18_655,49.133,0.000
0,resnet50_584,30.194,0.000
0,resnet18_526,42.252,0.000
0,resnet50_445,38.275,0
0,resnet50_349,34.300,0
0,resnet18_40,21.547,0
0,resnet18_375,53.376,0
0,resnet18_431,14.845,0
0,resnet34_451,53.209,0
0,resnet18_166,28.802,0
0,resnet34_356,54.862,0
0,resnet18_465,18.862,0
0,resnet18_301,28.011,0
0,resnet50_103,35.474,0
0,resnet50_188,62.437,0
0,resnet34_498,52.016,0
0,resnet34_75,89.503,0
0,resnet50_134,23.706,0
0,resnet34_417,41.260,0
0,resnet50_86,28.836,0
0,resnet18_131,67.607,0
0,resnet50_209,23.203,0
0,resnet34_331,69.698,0
0,resnet34_459,33.171,0
0,resnet50_295,20.559,0
0,resnet50_406,35.234,0
0,resnet50_333,36.244,0
0,resnet50_342,37.822,0
0,resnet18_265,33.280,0
0,resnet50_152,34.357,0
0,resnet34_344,66.119,0
0,resnet34_108,54.446,0
0,resnet34_164,93.607,0
0,resnet34_126,69.073,0
0,resnet18_334,14.739,0
0,resnet34_434,57.662,0
0,resnet50_369,27.462,0
0,resnet50_108,17.191,0
0,resnet50_130,23.833,0
0,resnet18_306,39.936,0
0,resnet50_185,32.540,0
0,resnet18_402,28.748,0
0,resnet50_360,26.824,0
0,resnet50_343,33.508,0
0,resnet50_237,21.959,0
0,resnet18_309,37.698,0
0,resnet18_63,37.561,0
0,resnet50_190,17.695,0
0,resnet34_437,30.952,0
0,resnet50_417,17.217,0
0,resnet50_82,27.161,0
0,resnet50_320,28.852,0
0,resnet34_466,78.892,0
0,resnet34_372,65.195,0
0,resnet50_338,20.753,0
0,resnet18_118,13.046,0
0,resnet50_314,22.001,0
0,resnet50_482,41.464,0
0,resnet34_297,44.699,0
0,resnet34_313,95.316,0
0,resnet50_460,42.155,0
0,resnet34_370,65.632,0
0,resnet50_448,12.674,0
0,resnet50_491,16.842,0
0,resnet50_274,38.523,0
0,resnet18_321,34.295,0
0,resnet34_106,57.316,0
0,resnet34_148,35.822,0
0,resnet18_123,28.788,0
0,resnet18_224,46.112,0
0,resnet50_270,15.923,0
0,resnet34_424,59.871,0
0,resnet18_187,79.418,0
0,resnet50_110,25.305,0
0,resnet18_41,47.387,0
0,resnet18_184,23.225,0
0,resnet34_385,76.816,0
0,resnet50_345,27.484,0
0,resnet50_172,23.340,0
0,resnet34_100,64.703,0
0,resnet18_91,20.941,0
0,resnet34_402,61.906,0
0,resnet18_87,32.107,0
0,resnet34_170,59.762,0
0,resnet18_260,27.857,0
0,resnet34_488,36.216,0
0,resnet34_123,61.411,0
0,resnet34_398,35.709,0
0,resnet34_41,64.788,0
0,resnet34_171,64.374,0
0,resnet34_73,100.816,0
0,resnet34_316,34.630,0
0,resnet50_419,14.018,0
0,resnet50_439,34.274,0
0,resnet34_180,76.817,0
0,resnet18_337,24.036,0
0,resnet50_353,33.429,0
0,resnet50_262,20.639,0
0,resnet34_127,78.262,0
0,resnet34_373,73.437,0
0,resnet50_57,28.396,0
0,resnet34_13,105.601,0
0,resnet18_211,39.335,0
0,resnet18_108,45.593,0
0,resnet34_228,25.276,0
0,resnet18_263,63.595,0
0,resnet34_133,50.619,0
0,resnet18_280,20.333,0
0,resnet50_35,21.937,0
0,resnet18_95,41.998,0
0,resnet18_144,67.895,0
0,resnet34_450,58.622,0
0,resnet34_37,39.948,0
0,resnet50_111,48.524,0
0,resnet18_61,80.639,0
0,resnet34_61,44.354,0
0,resnet50_128,29.448,0
0,resnet18_412,32.708,0
0,resnet18_454,36.674,0
0,resnet34_278,101.227,0
0,resnet34_3,35.232,0
0,resnet18_69,75.655,0
0,resnet50_321,32.189,0
0,resnet50_231,23.963,0
0,resnet18_339,39.370,0
0,resnet18_377,42.092,0
0,resnet34_131,126.310,0
0,resnet18_157,22.226,0
0,resnet50_450,31.220,0
0,resnet34_324,72.140,0
0,resnet34_5,45.492,0
0,resnet18_114,41.655,0
0,resnet34_368,33.826,0
0,resnet34_243,35.255,0
0,resnet34_396,39.983,0
0,resnet34_312,137.726,0
0,resnet34_214,97.314,0
0,resnet50_131,39.260,0
0,resnet18_230,43.492,0
0,resnet18_68,39.671,0
0,resnet34_383,31.512,0
0,resnet50_13,29.062,0
0,resnet18_399,48.978,0
0,resnet34_374,72.054,0
0,resnet50_87,35.419,0
0,resnet34_496,31.487,0
0,resnet34_190,45.743,0
0,resnet18_97,25.980,0
0,resnet34_439,33.070,0
0,resnet50_435,14.978,0
0,resnet18_130,30.323,0
0,resnet34_254,103.945,0
0,resnet18_393,42.376,0
0,resnet34_436,49.497,0
0,resnet34_70,30.754,0
0,resnet34_314,72.530,0
0,resnet34_389,69.094,0
0,resnet34_490,81.251,0
0,resnet34_338,73.223,0
0,resnet18_491,48.543,0
0,resnet50_420,40.507,0
0,resnet50_312,20.647,0
0,resnet18_394,27.011,0
0,resnet34_120,82.175,0
0,resnet50_271,22.166,0
0,resnet34_362,97.688,0
0,resnet34_34,66.261,0
0,resnet50_351,23.264,0
0,resnet34_17,67.371,0
0,resnet18_370,58.721,0
0,resnet18_432,39.488,0
0,resnet50_387,25.365,0
0,resnet50_112,25.812,0
0,resnet18_152,29.386,0
0,resnet50_290,28.671,0
0,resnet50_93,27.081,0
0,resnet18_332,35.057,0
0,resnet18_84,19.696,0
0,resnet50_398,31.191,0
0,resnet50_106,24.293,0
0,resnet34_279,121.274,0
0,resnet50_467,28.418,0
0,resnet50_276,37.818,0
0,resnet18_242,45.855,0
0,resnet34_50,78.978,0
0,resnet34_446,81.738,0
0,resnet50_267,36.263,0
0,resnet50_352,41.868,0
0,resnet34_435,81.490,0
0,resnet18_313,15.767,0
0,resnet34_110,56.688,0
0,resnet50_239,43.889,0
0,resnet18_23,26.913,0
0,resnet50_331,20.436,0
0,resnet18_325,26.224,0
0,resnet18_7,24.873,0
0,resnet50_409,29.450,0
0,resnet50_52,21.998,0
0,resnet34_89,103.949,0
0,resnet34_102,71.171,0
0,resnet50_432,13.621,0
0,resnet50_30,26.565,0
0,resnet18_248,21.585,0
0,resnet34_486,84.394,0
0,resnet50_207,24.477,0
0,resnet34_183,104.332,0
0,resnet34_217,49.191,0
0,resnet34_292,76.354,0
0,resnet50_160,33.423,0
0,resnet50_379,39.030,0
0,resnet34_59,78.391,0
0,resnet34_468,51.852,0
0,resnet34_348,55.020,0
0,resnet34_322,87.625,0
0,resnet50_33,27.281,0
0,resnet18_466,35.243,0
0,resnet34_104,51.856,0
0,resnet34_215,48.426,0
0,resnet18_336,48.652,0
0,resnet34_57,76.788,0
0,resnet18_315,28.126,0
0,resnet50_403,21.042,0
0,resnet18_179,62.067,0
0,resnet34_413,49.729,0
0,resnet34_455,48.048,0
0,resnet50_89,30.688,0
0,resnet50_287,33.016,0
0,resnet50_104,45.252,0
0,resnet34_469,67.821,0
0,resnet50_386,42.546,0
0,resnet34_159,39.547,0
0,resnet50_197,19.320,0
0,resnet34_114,30.571,0
0,resnet34_134,62.266,0
0,resnet34_193,75.587,0
0,resnet50_313,36.683,0
0,resnet18_424,28.576,0
0,resnet34_315,81.626,0
0,resnet50_158,29.967,0
0,resnet50_268,35.193,0
0,resnet18_318,56.407,0
0,resnet50_310,33.815,0
0,resnet18_104,48.178,0
0,resnet34_206,77.352,0
0,resnet34_71,77.073,0
0,resnet18_192,18.648,0
0,resnet50_166,20.917,0
0,resnet50_2,31.729,0
0,resnet50_7,22.638,0
0,resnet34_311,62.710,0
0,resnet50_401,38.144,0
0,resnet50_492,18.037,0
0,resnet34_144,40.587,0
0,resnet50_261,15.493,0
0,resnet34_83,49.618,0
0,resnet50_79,37.185,0
0,resnet34_257,109.796,0
0,resnet18_353,47.860,0
0,resnet34_284,52.869,0
0,resnet34_339,66.447,0
0,resnet34_394,66.131,0
0,resnet34_74,67.430,0
0,resnet18_327,42.230,0
0,resnet50_165,27.886,0
0,resnet34_119,124.750,0
0,resnet34_286,37.405,0
0,resnet34_282,63.234,0
0,resnet18_209,17.075,0
0,resnet34_388,74.017,0
0,resnet18_482,51.322,0
0,resnet18_311,18.540,0
0,resnet34_145,61.252,0
0,resnet18_289,23.701,0
0,resnet18_136,32.419,0
0,resnet50_61,37.666,0
0,resnet18_441,22.308,0
0,resnet18_252,41.329,0
0,resnet34_325,90.851,0
0,resnet18_151,30.596,0
0,resnet18_480,21.625,0
0,resnet18_117,23.277,0
0,resnet50_218,31.900,0
0,resnet34_21,88.268,0
0,resnet50_189,21.540,0
0,resnet18_305,22.286,0
0,resnet50_392,49.377,0
0,resnet50_311,22.378,0
0,resnet34_390,55.709,0
0,resnet50_285,21.073,0
0,resnet18_94,31.571,0
0,resnet34_105,47.198,0
0,resnet18_307,29.970,0
0,resnet50_438,19.128,0
0,resnet34_494,73.543,0
0,resnet34_173,34.021,0
0,resnet34_149,123.568,0
0,resnet34_219,64.427,0
0,resnet50_293,34.962,0
0,resnet50_305,34.067,0
0,resnet18_72,33.922,0
0,resnet18_294,38.196,0
0,resnet18_403,43.170,0
0,resnet18_328,32.401,0
0,resnet18_222,26.409,0
0,resnet34_422,97.457,0
0,resnet34_456,47.188,0
0,resnet18_64,18.085,0
0,resnet50_75,29.199,0
0,resnet18_303,18.479,0
0,resnet50_49,18.913,0
0,resnet34_449,66.916,0
0,resnet34_112,86.232,0
0,resnet18_65,38.908,0
0,resnet50_437,21.757,0
0,resnet50_405,28.980,0
0,resnet18_472,39.707,0
0,resnet50_407,31.004,0
0,resnet34_350,62.085,0
0,resnet50_50,20.484,0
0,resnet18_126,46.049,0
0,resnet18_127,36.561,0
0,resnet18_235,57.729,0
0,resnet18_106,37.776,0
0,resnet34_471,63.497,0
0,resnet18_198,38.488,0
0,resnet18_479,22.911,0
0,resnet18_475,33.744,0
0,resnet34_40,76.790,0
0,resnet18_395,22.283,0
0,resnet50_488,21.581,0
0,resnet50_67,17.926,0
0,resnet50_244,31.258,0
0,resnet34_472,55.245,0
0,resnet50_306,33.825,0
0,resnet34_421,44.725,0
0,resnet34_263,100.389,0
0,resnet18_169,58.713,0
0,resnet18_42,36.734,0
0,resnet18_11,23.850,0
0,resnet34_78,88.503,0
0,resnet18_443,38.833,0
0,resnet18_483,44.794,0
0,resnet50_479,33.675,0
0,resnet18_225,35.499,0
0,resnet34_367,61.069,0
0,resnet18_278,30.601,0
0,resnet34_485,26.784,0
0,resnet18_217,20.744,0
0,resnet18_107,39.645,0
0,resnet50_423,18.707,0
0,resnet50_48,33.482,0
0,resnet50_278,20.772,0
0,resnet50_273,51.403,0
0,resnet18_455,31.190,0
0,resnet50_243,19.058,0
0,resnet34_251,37.922,0
0,resnet50_72,17.674,0
0,resnet18_286,41.430,0
0,resnet50_24,40.530,0
0,resnet18_138,42.180,0
0,resnet50_179,20.746,0
0,resnet50_92,28.099,0
0,resnet18_250,27.455,0
0,resnet34_326,74.093,0
0,resnet18_60,54.998,0
0,resnet18_414,40.968,0
0,resnet50_254,19.756,0
0,resnet18_421,50.344,0
0,resnet50_16,39.204,0
0,resnet34_64,81.527,0
0,resnet50_173,29.375,0
0,resnet50_359,34.457,0
0,resnet50_41,32.673,0
0,resnet34_184,70.079,0
0,resnet34_467,49.566,0
0,resnet34_33,32.100,0
0,resnet34_160,79.581,0
0,resnet18_470,40.315,0
0,resnet50_99,16.189,0
0,resnet50_129,26.720,0
0,resnet50_259,48.641,0
0,resnet50_484,42.567,0
0,resnet50_494,30.777,0
0,resnet50_196,37.831,0
0,resnet50_230,32.162,0
0,resnet50_497,32.941,0
0,resnet34_371,43.760,0
0,resnet34_392,64.119,0
0,resnet18_333,40.720,0
0,resnet50_286,27.250,0
0,resnet50_184,24.060,0
0,resnet18_496,29.773,0
0,resnet18_408,40.638,0
0,resnet18_293,44.162,0
0,resnet50_17,23.132,0
0,resnet34_345,81.035,0
0,resnet18_459,59.958,0
0,resnet50_277,25.871,0
0,resnet34_268,47.954,0
0,resnet18_105,51.494,0
0,resnet18_208,30.559,0
0,resnet18_233,35.640,0
0,resnet50_264,15.678,0
0,resnet50_132,32.427,0
0,resnet18_384,31.847,0
0,resnet50_442,24.495,0
0,resnet18_172,22.136,0
0,resnet34_433,60.167,0
0,resnet34_28,67.104,0
0,resnet50_248,34.652,0
0,resnet50_1,48.334,0
0,resnet18_344,25.397,0
0,resnet50_447,31.850,0
0,resnet34_378,82.125,0
0,resnet34_132,41.799,0
0,resnet50_481,24.558,0
0,resnet34_363,84.752,0
0,resnet50_208,21.830,0
0,resnet34_157,86.397,0
0,resnet18_271,16.281,0
0,resnet18_488,17.114,0
0,resnet18_359,51.895,0
0,resnet34_235,54.507,0
0,resnet18_379,55.798,0
0,resnet50_83,37.751,0
0,resnet50_47,16.642,0
0,resnet34_240,83.838,0
0,resnet18_352,50.287,0
0,resnet18_310,29.551,0
0,resnet34_81,35.439,0
0,resnet50_191,41.650,0
0,resnet34_318,56.364,0
0,resnet34_380,32.745,0
0,resnet50_40,19.317,0
0,resnet18_78,36.645,0
0,resnet50_326,35.561,0
0,resnet50_42,20.842,0
0,resnet18_135,46.914,0
0,resnet50_371,45.222,0
0,resnet18_83,31.807,0
0,resnet18_429,53.762,0
0,resnet18_401,40.861,0
0,resnet18_1,15.570,0
0,resnet18_21,24.853,0
0,resnet18_174,47.273,0
0,resnet18_290,25.131,0
0,resnet50_440,27.335,0
0,resnet18_74,22.780,0
0,resnet34_457,70.618,0
0,resnet50_260,21.677,0
0,resnet34_22,52.658,0
0,resnet34_291,52.319,0
0,resnet18_326,31.632,0
0,resnet34_259,48.360,0
0,resnet50_317,36.196,0
0,resnet50_161,33.557,0
0,resnet18_380,40.428,0
0,resnet18_158,19.319,0
0,resnet50_15,26.053,0
0,resnet34_154,80.287,0
0,resnet34_39,58.140,0
0,resnet18_426,23.629,0
0,resnet34_9,74.234,0
0,resnet34_309,118.826,0
0,resnet50_235,32.782,0
0,resnet34_403,49.452,0
0,resnet50_71,30.699,0
0,resnet34_465,55.867,0
0,resnet50_18,27.302,0
0,resnet50_43,34.598,0
0,resnet18_93,34.262,0
0,resnet34_82,31.820,0
0,resnet34_497,48.154,0
0,resnet18_190,35.394,0
0,resnet18_238,46.277,0
0,resnet18_109,38.633,0
0,resnet34_209,44.580,0
0,resnet50_415,28.698,0
0,resnet50_252,29.974,0
0,resnet18_457,17.343,0
0,resnet34_250,51.445,0
0,resnet34_492,71.612,0
0,resnet50_51,28.548,0
0,resnet18_490,20.377,0
0,resnet50_421,19.828,0
0,resnet50_469,33.179,0
0,resnet18_161,54.938,0
0,resnet50_458,41.923,0
0,resnet50_323,37.567,0
0,resnet50_300,20.734,0
0,resnet18_427,26.679,0
0,resnet18_113,37.406,0
0,resnet50_424,19.266,0
0,resnet50_240,44.855,0
0,resnet50_32,18.366,0
0,resnet18_163,27.695,0
0,resnet34_429,50.671,0
0,resnet50_200,31.542,0
0,resnet50_433,32.433,0
0,resnet18_378,24.195,0
0,resnet50_299,48.461,0
0,resnet50_480,27.950,0
0,resnet18_37,40.380,0
0,resnet18_390,38.702,0
0,resnet18_90,37.460,0
0,resnet50_120,32.110,0
0,resnet34_19,65.675,0
0,resnet34_277,85.190,0
0,resnet18_365,47.487,0
0,resnet34_405,48.968,0
0,resnet50_475,36.551,0
0,resnet34_236,81.767,0
0,resnet50_350,34.116,0
0,resnet34_222,71.621,0
0,resnet18_148,33.365,0
0,resnet50_150,30.151,0
0,resnet50_238,51.925,0
0,resnet50_199,40.146,0
0,resnet50_496,40.679,0
0,resnet34_96,43.191,0
0,resnet18_478,34.570,0
0,resnet34_176,80.347,0
0,resnet18_281,57.857,0
0,resnet18_388,47.248,0
0,resnet34_185,69.250,0
0,resnet34_18,37.807,0
0,resnet34_12,32.090,0
0,resnet50_36,26.107,0
0,resnet18_194,41.416,0
0,resnet18_16,20.361,0
0,resnet18_361,31.350,0
0,resnet18_6,57.764,0
0,resnet18_186,35.611,0
0,resnet34_4,49.190,0
0,resnet34_393,44.897,0
0,resnet34_158,88.069,0
0,resnet34_425,49.562,0
0,resnet50_396,44.868,0
0,resnet34_458,91.772,0
0,resnet18_434,40.250,0
0,resnet18_199,24.935,0
0,resnet18_409,20.557,0
0,resnet50_107,33.320,0
0,resnet18_458,42.200,0
0,resnet18_345,81.327,0
0,resnet34_288,112.854,0
0,resnet34_296,95.456,0
0,resnet50_493,31.244,0
0,resnet18_36,41.635,0
0,resnet50_425,43.232,0
0,resnet34_319,90.325,0
0,resnet34_357,53.588,0
0,resnet18_243,41.087,0
0,resnet50_77,34.481,0
0,resnet18_422,46.481,0
0,resnet50_461,17.858,0
0,resnet34_92,47.976,0
0,resnet34_15,71.128,0
0,resnet50_322,33.544,0
0,resnet50_149,32.043,0
0,resnet34_441,65.396,0
0,resnet50_336,24.952,0
0,resnet34_479,63.047,0
0,resnet18_356,44.691,0
0,resnet18_329,38.082,0
0,resnet18_8,14.181,0
0,resnet34_281,78.500,0
0,resnet34_442,63.926,0
0,resnet34_52,67.522,0
0,resnet18_450,26.293,0
0,resnet50_316,49.542,0
0,resnet34_261,70.070,0
0,resnet18_223,57.970,0
0,resnet50_256,24.740,0
0,resnet50_487,20.662,0
0,resnet18_56,21.609,0
0,resnet18_354,63.835,0
0,resnet18_277,54.670,0
0,resnet34_151,43.632,0
0,resnet34_285,23.663,0
0,resnet18_486,34.022,0
0,resnet34_334,71.268,0
0,resnet18_142,22.794,0
0,resnet50_346,31.259,0
0,resnet18_296,53.899,0
0,resnet18_322,42.702,0
0,resnet18_111,36.520,0
0,resnet34_94,68.744,0
0,resnet50_167,36.415,0
0,resnet50_455,37.265,0
0,resnet50_170,28.904,0
0,resnet34_165,97.140,0
0,resnet18_203,32.833,0
0,resnet18_335,52.375,0
0,resnet34_238,91.072,0
0,resnet34_186,74.608,0
0,resnet18_197,40.582,0
0,resnet34_260,85.097,0
0,resnet18_189,45.642,0
0,resnet18_397,41.136,0
0,resnet50_88,12.624,0
0,resnet18_413,27.863,0
0,resnet50_31,32.248,0
0,resnet18_372,19.245,0
0,resnet18_415,35.511,0
0,resnet50_325,32.078,0
0,resnet18_236,27.395,0
0,resnet50_428,18.839,0
0,resnet18_50,42.428,0
0,resnet50_148,39.675,0
0,resnet18_201,42.110,0
0,resnet18_416,50.034,0
0,resnet18_262,36.985,0
0,resnet34_226,77.584,0
0,resnet50_225,24.209,0
0,resnet50_163,26.132,0
0,resnet50_20,37.076,0
0,resnet34_354,112.354,0
0,resnet18_28,33.340,0
0,resnet50_354,40.683,0
0,resnet34_272,117.719,0
0,resnet34_453,92.629,0
0,resnet18_193,36.544,0
0,resnet50_297,27.821,0
0,resnet34_118,58.137,0
0,resnet50_70,25.272,0
0,resnet50_105,39.063,0
0,resnet18_13,25.784,0
0,resnet18_396,48.248,0
0,resnet50_27,44.942,0
0,resnet18_4,49.684,0
0,resnet34_440,56.028,0
0,resnet50_169,28.840,0
0,resnet18_182,30.081,0
0,resnet34_42,83.563,0
0,resnet34_305,76.097,0
0,resnet18_112,57.572,0
0,resnet34_56,94.473,0
0,resnet50_187,14.545,0
0,resnet34_189,102.814,0
0,resnet50_223,19.271,0
0,resnet34_274,65.272,0
0,resnet50_136,17.708,0
0,resnet18_346,25.743,0
0,resnet18_363,27.478,0
0,resnet34_310,42.996,0
0,resnet34_91,61.496,0
0,resnet18_43,87.448,0
0,resnet34_379,49.246,0
0,resnet18_349,49.424,0
0,resnet34_208,106.734,0
0,resnet18_200,39.903,0
0,resnet18_226,35.038,0
0,resnet18_366,68.417,0
0,resnet18_188,34.138,0
0,resnet18_176,18.511,0
0,resnet34_252,57.064,0
0,resnet18_132,25.546,0
0,resnet18_228,17.845,0
0,resnet34_386,86.428,0
0,resnet34_480,79.253,0
0,resnet50_19,30.597,0
0,resnet18_20,41.550,0
0,resnet34_188,99.749,0
0,resnet18_358,44.910,0
0,resnet34_212,97.846,0
0,resnet34_423,50.283,0
0,resnet34_464,52.953,0
0,resnet50_194,44.361,0
0,resnet34_122,145.472,0
0,resnet34_187,37.276,0
0,resnet50_395,32.548,0
0,resnet50_279,18.652,0
0,resnet50_203,19.089,0
0,resnet34_150,92.022,0
0,resnet34_341,73.871,0
0,resnet18_147,38.377,0
0,resnet50_269,46.582,0
0,resnet18_204,33.017,0
0,resnet34_220,64.585,0
0,resnet50_54,27.376,0
0,resnet34_328,25.953,0
0,resnet18_70,51.454,0
0,resnet18_274,55.497,0
0,resnet50_236,33.144,0
0,resnet34_349,90.104,0
0,resnet50_436,35.836,0
0,resnet50_174,14.920,0
0,resnet50_335,28.801,0
0,resnet50_368,25.251,0
0,resnet50_182,16.138,0
0,resnet18_291,28.465,0
0,resnet18_449,23.277,0
0,resnet18_210,51.393,0
0,resnet34_48,32.553,0
0,resnet50_380,36.164,0
0,resnet50_292,22.493,0
0,resnet18_167,29.044,0
0,resnet50_334,18.524,0
0,resnet18_220,21.001,0
0,resnet34_290,68.193,0
0,resnet34_329,36.070,0
0,resnet34_2,88.510,0
0,resnet50_38,24.727,0
0,resnet18_35,30.278,0
0,resnet50_340,23.920,0
0,resnet50_53,27.540,0
0,resnet18_146,37.159,0
0,resnet18_374,18.657,0
0,resnet18_168,30.798,0
0,resnet18_234,61.965,0
0,resnet18_38,23.864,0
0,resnet34_333,65.049,0
0,resnet34_111,90.525,0
0,resnet18_133,47.253,0
0,resnet18_99,14.760,0
0,resnet34_140,71.844,0
0,resnet34_377,85.440,0
0,resnet18_75,14.505,0
0,resnet18_19,59.376,0
0,resnet18_96,26.814,0
0,resnet34_415,28.914,0
0,resnet50_416,28.467,0
0,resnet18_350,36.952,0
0,resnet50_459,27.012,0
0,resnet18_18,31.864,0
0,resnet50_183,19.937,0
0,resnet50_28,27.206,0
0,resnet50_307,30.350,0
0,resnet18_259,59.864,0
0,resnet18_89,22.200,0
0,resnet50_58,31.344,0
0,resnet50_430,30.624,0
0,resnet50_241,36.984,0
0,resnet34_138,81.547,0
0,resnet34_438,81.730,0
0,resnet50_37,39.174,0
0,resnet18_57,61.693,0
0,resnet50_302,33.353,0
0,resnet18_420,26.902,0
0,resnet18_121,21.151,0
0,resnet50_141,21.072,0
0,resnet50_251,28.543,0
0,resnet34_412,53.438,0
0,resnet18_85,43.062,0
0,resnet34_107,85.743,0
0,resnet18_452,34.466,0
0,resnet50_489,24.563,0
0,resnet18_485,57.661,0
0,resnet50_464,32.740,0
0,resnet34_163,73.145,0
0,resnet34_174,91.414,0
0,resnet34_489,70.329,0
0,resnet50_168,21.058,0
0,resnet18_164,12.084,0
0,resnet18_295,52.082,0
0,resnet34_224,28.499,0
0,resnet34_221,74.144,0
0,resnet18_391,53.741,0
0,resnet34_49,89.836,0
0,resnet18_62,21.766,0
0,resnet50_221,18.568,0
0,resnet50_265,35.703,0
0,resnet34_262,73.835,0
0,resnet18_267,22.505,0
0,resnet34_38,41.341,0
0,resnet50_29,33.619,0
0,resnet18_218,29.180,0
0,resnet18_221,31.443,0
0,resnet50_69,32.296,0
0,resnet18_251,25.196,0
0,resnet50_296,44.850,0
0,resnet50_96,17.541,0
0,resnet18_139,35.101,0
0,resnet50_117,30.201,0
0,resnet50_14,34.367,0
0,resnet34_430,71.950,0
0,resnet18_256,18.248,0
0,resnet18_58,19.921,0
0,resnet18_115,38.780,0
0,resnet34_35,80.900,0
0,resnet34_287,50.204,0
0,resnet34_225,80.011,0
0,resnet34_117,67.416,0
0,resnet18_177,49.168,0
0,resnet50_153,30.794,0
0,resnet18_430,21.379,0
0,resnet50_91,38.779,0
0,resnet34_255,43.853,0
0,resnet18_71,27.431,0
0,resnet34_366,64.896,0
0,resnet50_384,29.341,0
0,resnet18_300,34.836,0
0,resnet50_347,32.711,0
0,resnet18_385,40.452,0
0,resnet34_382,66.567,0
0,resnet18_12,49.683,0
0,resnet34_470,63.209,0
0,resnet50_365,26.327,0
0,resnet50_303,49.037,0
0,resnet50_180,30.693,0
0,resnet18_473,29.763,0
0,resnet18_471,28.765,0
0,resnet18_355,42.126,0
0,resnet18_389,47.103,0
0,resnet18_232,28.234,0
0,resnet18_264,34.376,0
0,resnet50_373,24.898,0
0,resnet50_94,25.948,0
0,resnet18_5,42.730,0
0,resnet50_234,34.631,0
0,resnet34_359,77.085,0
0,resnet50_397,33.448,0
0,resnet18_66,26.912,0
0,resnet50_385,22.785,0
0,resnet34_499,111.204,0
0,resnet34_31,86.169,0
0,resnet50_446,22.739,0
0,resnet18_275,40.641,0
0,resnet34_139,36.680,0
0,resnet34_86,68.396,0
0,resnet34_69,53.234,0
0,resnet34_162,91.232,0
0,resnet18_44,41.869,0
0,resnet34_247,48.279,0
0,resnet50_229,22.187,0
0,resnet18_257,32.810,0
0,resnet50_443,46.429,0
0,resnet50_472,38.507,0
0,resnet34_245,31.589,0
0,resnet50_220,32.163,0
0,resnet50_213,20.461,0
0,resnet34_32,143.625,0
0,resnet50_73,25.964,0
0,resnet34_275,112.898,0
0,resnet18_448,51.468,0
0,resnet50_381,42.421,0
0,resnet18_495,58.116,0
0,resnet34_298,38.946,0
0,resnet18_103,33.548,0
0,resnet50_476,40.451,0
0,resnet50_289,36.937,0
0,resnet50_80,21.969,0
0,resnet50_0,57.196,0
0,resnet50_499,37.388,0
0,resnet50_45,22.313,0
0,resnet18_207,61.847,0
0,resnet50_12,32.236,0
0,resnet34_267,81.370,0
0,resnet34_66,76.251,0
0,resnet18_47,53.007,0
0,resnet50_382,42.630,0
0,resnet18_110,28.311,0
0,resnet18_283,17.766,0
0,resnet50_124,22.323,0
0,resnet18_341,34.726,0
0,resnet34_23,78.901,0
0,resnet50_462,24.140,0
0,resnet50_399,34.611,0
0,resnet34_387,91.411,0
0,resnet34_16,78.167,0
0,resnet50_155,34.572,0
0,resnet50_245,26.818,0
0,resnet50_175,33.682,0
0,resnet18_219,45.775,0
0,resnet18_398,28.909,0
0,resnet50_298,34.553,0
0,resnet50_301,34.462,0
0,resnet50_64,23.820,0
0,resnet34_404,36.318,0
0,resnet50_66,30.652,0
0,resnet18_387,49.760,0
0,resnet18_292,43.841,0
0,resnet18_456,56.547,0
0,resnet50_471,18.410,0
0,resnet34_320,65.744,0
0,resnet50_164,30.553,0
0,resnet50_177,24.663,0
0,resnet34_44,42.751,0
0,resnet34_306,51.079,0
0,resnet50_327,23.121,0
0,resnet34_128,104.896,0
0,resnet34_227,81.713,0
0,resnet18_445,26.833,0
0,resnet50_490,10.686,0
0,resnet34_253,57.555,0
0,resnet50_457,22.984,0
0,resnet50_34,28.659,0
0,resnet18_14,29.212,0
0,resnet50_477,26.847,0
0,resnet50_366,32.425,0
0,resnet18_26,24.825,0
0,resnet18_206,32.767,0
0,resnet50_22,24.099,0
0,resnet50_358,33.947,0
0,resnet18_119,41.724,0
0,resnet34_462,141.970,0
0,resnet18_244,28.497,0
0,resnet34_347,66.960,0
0,resnet50_142,53.201,0
0,resnet18_49,35.582,0
0,resnet50_176,23.893,0
0,resnet18_45,33.081,0
0,resnet50_6,26.609,0
0,resnet18_425,36.010,0
0,resnet50_364,25.126,0
0,resnet18_29,65.481,0
0,resnet34_60,74.576,0
0,resnet50_374,15.131,0
0,resnet18_124,28.026,0
0,resnet34_124,104.867,0
0,resnet50_414,18.697,0
0,resnet50_156,26.620,0
0,resnet50_410,20.230,0
0,resnet34_11,44.622,0
0,resnet18_497,19.459,0
0,resnet34_335,48.505,0
0,resnet34_72,130.249,0
0,resnet18_446,54.872,0
0,resnet50_68,21.316,0
0,resnet34_300,73.641,0
0,resnet34_45,55.077,0
0,resnet34_258,90.127,0
0,resnet18_273,67.917,0
0,resnet34_14,64.499,0
0,resnet50_137,23.893,0
0,resnet50_422,16.542,0
0,resnet18_245,47.557,0
0,resnet18_288,38.610,0
0,resnet34_269,65.128,0
0,resnet34_304,88.241,0
0,resnet34_303,60.758,0
0,resnet50_427,27.850,0
0,resnet50_201,19.376,0
0,resnet50_178,33.773,0
0,resnet50_219,23.178,0
0,resnet18_481,48.364,0
0,resnet34_99,69.531,0
0,resnet18_477,24.257,0
0,resnet18_241,42.675,0
0,resnet50_151,27.380,0
0,resnet18_173,70.929,0
0,resnet18_331,61.153,0
0,resnet18_128,52.033,0
0,resnet34_289,25.438,0
0,resnet34_46,72.183,0
0,resnet34_241,76.009,0
0,resnet34_391,59.506,0
0,resnet18_419,33.000,0
0,resnet50_211,29.611,0
0,resnet50_97,25.252,0
0,resnet18_308,24.593,0
0,resnet50_413,23.663,0
0,resnet18_159,61.179,0
0,resnet50_483,28.831,0
0,resnet50_474,22.065,0
0,resnet50_434,40.936,0
0,resnet18_461,22.330,0
0,resnet18_298,54.205,0
0,resnet50_291,23.500,0
0,resnet50_485,38.964,0
0,resnet34_244,61.241,0
0,resnet34_264,36.059,0
0,resnet50_348,37.706,0
0,resnet18_302,35.620,0
0,resnet34_103,78.726,0
0,resnet34_454,68.158,0
0,resnet50_266,46.815,0
0,resnet34_475,105.654,0
0,resnet18_98,28.567,0
0,resnet50_102,47.807,0
0,resnet34_364,113.248,0
0,resnet50_90,18.396,0
0,resnet18_444,49.253,0
0,resnet50_339,17.904,0
0,resnet18_287,33.115,0
0,resnet18_155,86.200,0
0,resnet18_39,33.382,0
0,resnet18_407,29.042,0
0,resnet34_342,65.744,0
0,resnet18_437,44.818,0
0,resnet34_1,39.119,0
0,resnet50_227,17.274,0
0,resnet18_268,23.559,0
0,resnet50_466,25.949,0
0,resnet34_30,123.053,0
0,resnet18_440,40.843,0
0,resnet34_473,63.993,0
0,resnet18_270,48.758,0
0,resnet34_129,52.207,0
0,resnet18_351,26.144,0
0,resnet34_346,52.611,0
0,resnet18_362,14.737,0
0,resnet34_478,77.446,0
0,resnet18_381,35.783,0
0,resnet34_477,70.926,0
0,resnet50_95,26.420,0
0,resnet34_211,29.149,0
0,resnet50_470,23.352,0
0,resnet50_363,20.304,0
0,resnet50_81,29.021,0
0,resnet18_343,21.460,0
0,resnet50_55,15.961,0
0,resnet34_407,85.305,0
0,resnet18_279,25.907,0
0,resnet18_312,26.191,0
0,resnet18_3,68.893,0
0,resnet18_489,33.152,0
0,resnet34_54,101.283,0
0,resnet18_269,17.777,0
0,resnet18_320,56.630,0
0,resnet34_401,68.265,0
0,resnet50_186,27.986,0
0,resnet18_122,19.402,0
0,resnet18_423,36.991,0
0,resnet18_392,34.638,0
0,resnet50_44,12.099,0
0,resnet34_155,39.820,0
0,resnet34_182,86.282,0
0,resnet34_218,99.777,0
0,resnet34_299,33.982,0
0,resnet18_367,38.979,0
0,resnet34_302,80.269,0
0,resnet50_100,22.330,0
0,resnet18_404,55.785,0
0,resnet18_282,29.010,0
0,resnet50_39,19.077,0
0,resnet50_193,32.314,0
0,resnet18_338,50.264,0
0,resnet50_118,18.473,0
0,resnet34_384,58.744,0
0,resnet18_340,57.318,0
0,resnet34_20,65.135,0
0,resnet18_373,19.512,0
0,resnet18_453,29.062,0
0,resnet34_166,50.659,0
0,resnet34_452,67.016,0
0,resnet18_120,49.943,0
0,resnet18_254,32.671,0
0,resnet34_249,91.503,0
0,resnet34_414,101.699,0
0,resnet50_247,41.056,0
0,resnet50_123,21.813,0
0,resnet34_85,28.367,0
0,resnet18_299,53.276,0
0,resnet50_121,24.017,0
0,resnet50_282,30.560,0
0,resnet50_404,23.172,0
0,resnet18_170,17.658,0
0,resnet18_160,27.588,0
0,resnet18_492,18.735,0
0,resnet18_484,24.826,0
0,resnet34_428,82.411,0
0,resnet50_449,36.074,0
0,resnet50_281,17.208,0
0,resnet34_495,28.236,0
0,resnet18_460,41.385,0
0,resnet34_266,42.441,0
0,resnet50_157,45.264,0
0,resnet50_242,46.455,0
0,resnet34_426,71.266,0
0,resnet50_195,35.541,0
0,resnet18_285,37.316,0
0,resnet18_125,38.419,0
0,resnet34_307,46.450,0
0,resnet18_212,43.364,0
0,resnet34_200,64.903,0
0,resnet34_271,55.524,0
0,resnet18_474,52.255,0
0,resnet34_172,89.177,0
0,resnet50_144,25.838,0
0,resnet34_181,81.331,0
0,resnet34_27,89.859,0
0,resnet50_418,28.211,0
0,resnet34_137,71.796,0
0,resnet50_451,35.163,0
0,resnet18_77,16.180,0
0,resnet50_23,51.209,0
0,resnet18_195,53.868,0
0,resnet34_295,75.317,0
0,resnet50_258,43.365,0
0,resnet18_438,22.402,0
0,resnet34_317,87.695,0
0,resnet34_191,73.179,0
0,resnet18_9,38.919,0
0,resnet18_406,29.287,0
0,resnet50_330,22.102,0
0,resnet18_405,43.392,0
0,resnet18_433,56.917,0
0,resnet18_348,36.643,0
0,resnet34_204,87.845,0
0,resnet50_400,25.635,0
0,resnet50_5,16.321,0
0,resnet18_246,61.297,0
0,resnet18_185,42.896,0
0,resnet18_140,50.346,0
0,resnet50_337,38.051,0
0,resnet34_353,70.443,0
0,resnet50_3,19.194,0
0,resnet50_125,14.851,0
0,resnet50_84,40.341,0
0,resnet50_388,21.975,0
0,resnet34_207,70.276,0
0,resnet18_214,36.853,0
0,resnet34_476,59.518,0
0,resnet50_145,15.181,0
0,resnet34_419,117.571,0
0,resnet34_51,79.067,0
0,resnet50_65,33.201,0
0,resnet18_439,32.547,0
0,resnet34_203,48.841,0
0,resnet18_81,26.252,0
0,resnet50_26,28.469,0
0,resnet34_147,56.134,0
0,resnet50_10,40.620,0
0,resnet50_319,33.413,0
0,resnet50_98,31.153,0
0,resnet50_391,22.555,0
0,resnet34_156,44.708,0
0,resnet18_53,52.090,0
0,resnet50_378,21.718,0
0,resnet18_153,51.523,0
0,resnet50_181,24.669,0
0,resnet34_115,70.327,0
0,resnet50_159,25.687,0
0,resnet50_393,27.293,0
0,resnet18_284,24.385,0
0,resnet50_275,44.588,0
0,resnet34_431,61.718,0
0,resnet18_137,45.922,0
0,resnet34_493,47.420,0
0,resnet50_122,42.274,0
0,resnet18_499,37.062,0
0,resnet18_141,21.034,0
0,resnet50_486,39.469,0
0,resnet18_59,34.018,0
0,resnet34_135,34.271,0
0,resnet34_327,102.094,0
0,resnet50_328,14.062,0
0,resnet34_340,72.480,0
0,resnet50_389,22.627,0
0,resnet18_33,57.107,0
0,resnet50_257,35.943,0
0,resnet34_196,56.044,0
0,resnet18_67,30.814,0
0,resnet34_113,68.579,0
0,resnet34_109,47.640,0
0,resnet34_53,90.415,0
0,resnet34_301,29.308,0
0,resnet18_80,30.082,0
0,resnet18_368,45.122,0
0,resnet18_86,27.553,0
0,resnet18_92,52.445,0
0,resnet50_217,31.369,0
0,resnet34_55,38.295,0
0,resnet50_222,29.911,0
0,resnet50_228,26.749,0
0,resnet50_9,28.095,0
0,resnet18_55,39.563,0
0,resnet34_337,85.152,0
0,resnet18_371,32.353,0
0,resnet18_143,38.060,0
0,resnet18_418,23.179,0
0,resnet34_90,30.576,0
0,resnet34_67,27.882,0
0,resnet34_179,84.547,0
0,resnet18_467,33.855,0
0,resnet34_406,32.622,0
0,resnet34_168,56.268,0
0,resnet34_142,81.141,0
0,resnet50_308,31.153,0
0,resnet18_411,43.508,0
0,resnet34_361,51.094,0
0,resnet34_95,76.361,0
0,resnet50_288,29.365,0
0,resnet18_376,36.658,0
0,resnet50_116,38.417,0
0,resnet50_113,21.143,0
0,resnet18_468,39.239,0
0,resnet34_146,88.606,0
0,resnet50_272,16.909,0
0,resnet50_143,20.478,0
0,resnet34_397,39.246,0
0,resnet50_453,19.172,0
0,resnet50_431,23.064,0
0,resnet34_58,43.390,0
0,resnet34_192,53.586,0
0,resnet18_31,49.355,0
0,resnet34_369,60.508,0
0,resnet34_351,38.592,0
0,resnet34_399,74.983,0
0,resnet34_47,109.991,0
0,resnet34_239,87.963,0
0,resnet18_183,26.958,0
0,resnet50_74,26.959,0
0,resnet34_242,76.590,0
0,resnet18_382,19.399,0
0,resnet50_171,24.713,0
0,resnet50_216,31.326,0
0,resnet18_34,26.387,0
0,resnet18_258,45.273,0
0,resnet18_205,33.570,0
0,resnet34_161,74.553,0
0,resnet50_426,42.579,0
0,resnet34_460,53.377,0
0,resnet34_273,45.015,0
0,resnet50_135,34.020,0
0,resnet34_141,24.202,0
0,resnet50_146,24.446,0
0,resnet34_68,87.653,0
0,resnet34_194,65.991,0
0,resnet34_365,53.420,0
0,resnet50_140,16.615,0
0,resnet50_115,36.512,0
0,resnet50_56,34.200,0
0,resnet50_198,17.561,0
0,resnet18_316,48.227,0
0,resnet18_216,37.064,0
0,resnet18_129,37.024,0
0,resnet50_361,28.315,0
0,resnet18_30,25.118,0
0,resnet18_54,27.201,0
0,resnet34_205,52.390,0
0,resnet50_294,32.203,0
0,resnet34_233,39.848,0
0,resnet18_342,23.733,0
0,resnet50_324,32.563,0
0,resnet34_265,57.245,0
0,resnet34_481,50.778,0
0,resnet34_125,46.215,0
0,resnet50_139,22.926,0
0,resnet50_465,22.823,0
0,resnet18_369,29.396,0
0,resnet18_178,27.500,0
0,resnet18_255,24.710,0
0,resnet34_65,36.420,0
0,resnet18_145,36.858,0
0,resnet18_357,74.601,0
0,resnet50_202,41.280,0
0,resnet18_330,29.114,0
0,resnet18_239,56.556,0
0,resnet50_478,34.895,0
0,resnet34_352,61.210,0
0,resnet34_175,55.599,0
0,resnet18_46,28.943,0
0,resnet34_420,39.957,0
0,resnet18_319,29.654,0
0,resnet18_171,39.845,0
0,resnet18_400,39.162,0
0,resnet34_444,81.002,0
0,resnet50_133,41.115,0
0,resnet18_451,16.790,0
0,resnet50_233,25.298,0
0,resnet50_383,31.084,0
0,resnet50_372,26.226,0
0,resnet50_249,25.004,0
0,resnet34_152,30.694,0
0,resnet18_364,54.922,0
0,resnet18_116,41.790,0
0,resnet18_0,19.892,0
0,resnet34_376,91.357,0
0,resnet34_232,62.165,0
0,resnet34_121,75.341,0
0,resnet34_237,51.044,0
0,resnet34_248,51.073,0
0,resnet50_444,20.787,0
0,resnet50_408,29.517,0
0,resnet34_432,45.472,0
0,resnet18_76,17.727,0
0,resnet50_355,48.569,0
0,resnet50_394,42.857,0
0,resnet50_206,43.838,0
0,resnet50_318,28.668,0
0,resnet50_454,37.669,0
0,resnet18_297,34.371,0
0,resnet50_63,33.740,0
0,resnet34_101,27.441,0
0,resnet50_412,32.137,0
0,resnet50_367,32.667,0
0,resnet34_321,29.520,0
0,resnet18_51,14.345,0
0,resnet18_304,29.195,0
0,resnet50_495,28.853,0
0,resnet50_8,33.747,0
0,resnet50_127,32.065,0
0,resnet34_231,60.746,0
0,resnet34_280,64.059,0
0,resnet50_250,47.123,0
0,resnet34_77,97.077,0
0,resnet34_381,94.923,0
0,resnet18_165,40.270,0
0,resnet18_191,38.091,0
0,resnet18_25,26.557,0
0,resnet18_462,29.743,0
0,resnet34_6,116.299,0
0,resnet18_417,50.926,0
0,resnet34_474,107.399,0
0,resnet34_79,61.069,0
0,resnet34_355,69.716,0
0,resnet18_150,34.805,0
0,resnet18_442,57.676,0
0,resnet18_101,21.074,0
0,resnet50_376,22.782,0
0,resnet18_237,35.151,0
0,resnet50_255,50.706,0
0,resnet18_231,32.718,0
0,resnet34_10,97.390,0
0,resnet50_411,27.839,0
0,resnet50_329,22.443,0
0,resnet50_210,22.246,0
0,resnet18_314,48.689,0
0,resnet50_205,28.390,0
0,resnet50_25,38.064,0
0,resnet34_330,78.329,0
0,resnet18_469,63.949,0
0,resnet18_213,46.109,0
0,resnet34_87,106.581,0
0,resnet50_101,21.940,0
0,resnet50_4,28.786,0
0,resnet18_149,51.239,0
0,resnet50_284,38.999,0
0,resnet34_210,27.645,0
0,resnet34_246,67.702,0
0,resnet18_428,36.317,0
0,resnet34_153,67.148,0
0,resnet50_344,13.633,0
0,resnet18_202,25.344,0
0,resnet50_232,27.532,0
0,resnet34_25,101.997,0
0,resnet50_429,21.603,0
0,resnet18_10,37.574,0
0,resnet18_436,24.287,0
0,resnet18_494,37.809,0
0,resnet18_15,44.093,0
0,resnet50_263,15.466,0
0,resnet18_175,63.525,0
0,resnet18_180,30.577,0
0,resnet50_204,35.208,0
0,resnet18_52,26.383,0
0,resnet50_341,21.347,0
0,resnet18_215,35.006,0
0,resnet50_21,20.107,0
0,resnet18_181,34.034,0
0,resnet18_134,37.153,0
0,resnet50_390,30.133,0
0,resnet50_375,25.753,0
0,resnet50_370,22.199,0
0,resnet34_375,78.271,0
0,resnet50_304,21.024,0
0,resnet34_63,25.440,0
0,resnet50_212,35.028,0
0,resnet18_229,37.071,0
0,resnet34_395,90.317,0
0,resnet50_11,37.790,0
0,resnet50_76,26.757,0
0,resnet34_343,32.003,0
0,resnet50_126,19.811,0
0,resnet18_249,57.737,0
0,resnet18_261,29.044,0
0,resnet18_493,26.967,0
0,resnet50_463,38.598,0
0,resnet50_315,26.932,0
0,resnet50_283,26.133,0
0,resnet18_276,23.606,0
0,resnet18_317,34.508,0
0,resnet34_130,62.616,0
0,resnet50_356,27.392,0
0,resnet18_347,21.670,0
0,resnet34_308,76.071,0
0,resnet34_416,76.228,0
0,resnet18_383,38.742,0
0,resnet34_167,56.212,0
0,resnet18_73,41.343,0
0,resnet34_213,53.252,0
0,resnet34_256,79.906,0
0,resnet50_59,23.112,0
0,resnet50_280,37.535,0
0,resnet50_456,46.112,0
0,resnet34_276,46.330,0
0,resnet50_46,51.634,0
0,resnet18_22,28.932,0
0,resnet34_461,45.312,0
0,resnet18_498,20.165,0
0,resnet50_62,24.051,0
0,resnet34_177,89.873,0
0,resnet34_76,101.338,0
0,resnet50_246,16.990,0
0,resnet18_386,57.185,0
0,resnet50_441,26.778,0
0,resnet50_114,43.020,0
0,resnet34_418,38.054,0
0,resnet18_272,32.521,0
0,resnet18_32,49.182,0
0,resnet50_147,23.307,0
0,resnet18_435,28.407,0
0,resnet34_136,41.483,0
0,resnet50_60,19.929,0
0,resnet50_154,35.488,0
0,resnet18_227,30.484,0
0,resnet18_464,35.204,0
0,resnet18_2,21.902,0
0,resnet34_29,33.918,0
0,resnet34_294,90.599,0
0,resnet34_143,76.577,0
0,resnet50_214,37.639,0
0,resnet34_195,74.735,0
0,resnet50_357,23.448,0
0,resnet18_24,21.576,0
0,resnet18_476,36.472,0
0,resnet34_198,120.266,0
0,resnet34_410,43.700,0
0,resnet18_154,21.342,0
0,resnet50_473,15.835,0
0,resnet18_82,29.885,0
0,resnet34_0,36.675,0
0,resnet18_79,22.603,0
0,resnet18_196,38.612,0
0,resnet18_360,50.406,0
0,resnet34_270,53.407,0
0,resnet50_309,29.947,0
0,resnet34_323,105.379,0
0,resnet34_178,49.331,0
0,resnet34_36,81.283,0
0,resnet50_468,27.000,0
0,resnet18_240,55.180,0
0,resnet34_283,39.778,0
0,resnet50_78,25.634,0
0,resnet18_162,42.267,0
0,resnet34_400,81.444,0
0,resnet50_215,26.186,0
0,resnet18_463,22.071,0
0,resnet18_48,56.972,0
0,resnet18_487,15.927,0
0,resnet34_336,54.509,0
0,resnet18_324,46.517,0
0,resnet50_109,24.243,0
0,resnet50_162,30.062,0
0,resnet34_484,70.807,0
0,resnet34_411,34.236,0
0,resnet34_230,64.712,0
0,resnet34_491,95.575,0
0,resnet34_408,24.528,0
0,resnet34_482,75.007,0
0,resnet34_447,112.443,0
0,resnet50_138,32.412,0
0,resnet34_202,92.801,0
0,resnet50_402,25.038,0
0,resnet34_88,60.473,0
0,resnet50_226,19.737,0
0,resnet18_410,50.719,0
0,resnet50_119,24.134,0
0,resnet18_88,19.094,0
0,resnet34_62,84.914,0
0,resnet18_266,27.959,0
0,resnet50_224,26.386,0
0,resnet50_192,18.656,0
0,resnet34_463,30.576,0
0,resnet34_427,64.044,0
0,resnet18_323,29.147,0
0,resnet50_377,32.490,0
0,resnet34_24,86.443,0
0,resnet50_362,33.061,0
0,resnet18_247,49.980,0
0,resnet50_498,33.699,0
0,resnet34_360,57.364,0
0,resnet18_17,51.753,0
0,resnet34_98,53.312,0
0,resnet34_293,83.164,0
0,resnet18_447,34.765,0
0,resnet18_156,49.273,0
0,resnet50_253,21.355,0
0,resnet50_452,37.371,0
0,resnet50_332,35.345,0
0,resnet50_85,30.169,0
0,resnet18_253,22.486,0
0,resnet18_27,42.243,0
0,resnet34_409,103.036,0
0,resnet34_487,76.276,0
