,vgg19_392,365.408,0
,vgg19_362,479.463,0
,vgg16_286,367.924,0
,vgg16_82,526.915,0
,vgg11_338,169.562,0
,vgg13_308,188.789,0
,vgg11_425,313.854,0
,vgg11_164,113.200,0
,vgg16_170,203.695,0
,vgg16_149,302.172,0
,vgg16_226,137.554,0
,vgg16_420,308.350,0
,vgg13_429,794.030,0
,vgg13_424,538.280,0
,vgg19_398,678.200,0
,vgg11_126,132.069,0
,vgg13_133,301.019,0
,vgg16_223,233.886,0
,vgg19_51,343.869,0
,vgg11_19,252.334,0
,vgg19_102,285.674,0
,vgg11_146,305.133,0
,vgg11_173,124.666,0
,vgg16_460,531.136,0
,vgg19_211,223.191,0
,vgg16_395,397.429,0
,vgg13_391,692.247,0
,vgg19_72,460.964,0
,vgg19_135,532.641,0
,vgg11_14,100.470,0
,vgg13_106,298.697,0
,vgg19_403,889.487,0
,vgg16_109,664.038,0
,vgg19_40,397.513,0
,vgg19_259,546.595,0
,vgg16_439,418.638,0
,vgg11_162,32.524,0
,vgg11_132,457.772,0
,vgg11_177,95.176,0
,vgg19_308,1142.554,0
,vgg19_201,580.196,0
,vgg19_213,661.450,0
,vgg13_66,474.079,0
,vgg11_459,274.765,0
,vgg13_22,88.682,0
,vgg11_388,215.033,0
,vgg16_261,569.872,0
,vgg13_339,142.892,0
,vgg19_28,1184.798,0
,vgg19_415,471.031,0
,vgg19_469,726.875,0
,vgg11_440,40.712,0
,vgg13_446,266.880,0
,vgg13_65,171.684,0
,vgg11_144,44.736,0
,vgg19_322,118.207,0
,vgg13_258,353.923,0
,vgg13_132,1085.786,0
,vgg19_233,532.872,0
,vgg19_257,753.566,0
,vgg16_188,530.759,0
,vgg11_201,285.746,0
,vgg19_8,689.013,0
,vgg13_277,267.607,0
,vgg13_182,686.656,0
,vgg13_170,128.123,0
,vgg11_322,148.479,0
,vgg11_193,162.533,0
,vgg16_253,339.303,0
,vgg19_137,324.806,0
,vgg13_249,477.541,0
,vgg19_90,273.776,0
,vgg19_423,867.513,0
,vgg13_396,641.781,0
,vgg13_304,319.484,0
,vgg13_243,102.707,0
,vgg19_27,166.903,0
,vgg13_12,466.304,0
,vgg16_191,267.344,0
,vgg11_471,240.357,0
,vgg13_185,328.012,0
,vgg16_161,542.190,0
,vgg11_454,443.774,0
,vgg16_280,379.325,0
,vgg13_469,244.912,0
,vgg19_154,506.104,0
,vgg13_471,645.873,0
,vgg11_435,146.241,0
,vgg16_93,254.682,0
,vgg11_195,171.132,0
,vgg16_183,211.031,0
,vgg16_0,147.321,0
,vgg11_60,97.236,0
,vgg16_2,197.785,0
,vgg13_484,119.942,0
,vgg16_228,602.335,0
,vgg13_130,90.063,0
,vgg13_219,221.227,0
,vgg16_404,494.905,0
,vgg11_289,478.235,0
,vgg11_70,348.021,0
,vgg11_323,274.330,0
,vgg13_135,251.375,0
,vgg19_344,435.190,0
,vgg16_368,828.865,0
,vgg13_231,102.380,0
,vgg19_270,465.352,0
,vgg13_4,214.582,0
,vgg11_219,93.477,0
,vgg16_477,655.327,0
,vgg11_327,82.549,0
,vgg16_357,947.888,0
,vgg13_76,415.281,0
,vgg13_189,190.561,0
,vgg13_431,102.907,0
,vgg13_6,148.176,0
,vgg13_467,87.842,0
,vgg13_203,981.159,0
,vgg11_429,86.092,0
,vgg16_224,331.216,0
,vgg16_122,488.645,0
,vgg11_373,211.314,0
,vgg19_401,847.609,0
,vgg16_483,568.025,0
,vgg19_486,554.187,0
,vgg16_265,579.247,0
,vgg16_37,135.054,0
,vgg16_55,119.561,0
,vgg11_245,656.202,0
,vgg16_306,171.981,0
,vgg13_342,241.633,0
,vgg16_133,200.450,0
,vgg13_37,452.314,0
,vgg19_431,543.034,0
,vgg13_381,151.594,0
,vgg13_280,242.431,0
,vgg16_384,321.104,0
,vgg16_275,517.685,0
,vgg16_257,454.337,0
,vgg19_457,587.238,0
,vgg19_407,583.884,0
,vgg16_151,341.289,0
,vgg13_210,272.685,0
,vgg13_14,521.932,0
,vgg13_195,330.059,0
,vgg11_360,106.594,0
,vgg16_111,144.571,0
,vgg11_415,355.174,0
,vgg19_365,456.233,0
,vgg13_39,104.119,0
,vgg19_451,712.202,0
,vgg11_24,320.751,0
,vgg16_486,277.793,0
,vgg13_314,775.482,0
,vgg13_271,312.526,0
,vgg19_25,850.635,0
,vgg19_330,507.862,0
,vgg19_286,253.939,0
,vgg16_363,592.709,0
,vgg11_470,131.115,0
,vgg19_125,619.214,0
,vgg19_19,929.565,0
,vgg19_397,449.283,0
,vgg19_145,899.764,0
,vgg11_284,162.872,0
,vgg13_194,197.186,0
,vgg11_460,50.949,0
,vgg11_466,153.581,0
,vgg19_440,736.716,0
,vgg19_410,707.682,0
,vgg11_244,97.433,0
,vgg16_35,365.972,0
,vgg13_425,91.160,0
,vgg13_460,872.634,0
,vgg19_129,601.510,0
,vgg19_384,511.061,0
,vgg11_310,192.220,0
,vgg13_122,107.402,0
,vgg13_233,316.400,0
,vgg13_214,263.578,0
,vgg13_46,335.028,0
,vgg19_273,1098.856,0
,vgg11_1,251.780,0
,vgg13_455,278.625,0
,vgg19_187,761.272,0
,vgg11_374,117.686,0
,vgg11_53,126.189,0
,vgg19_181,279.575,0
,vgg19_481,236.375,0
,vgg16_296,514.263,0
,vgg16_15,475.008,0
,vgg16_318,238.085,0
,vgg11_133,216.194,0
,vgg11_91,297.579,0
,vgg11_214,125.786,0
,vgg16_231,564.478,0
,vgg19_357,288.609,0
,vgg16_325,227.108,0
,vgg16_392,213.854,0
,vgg19_77,625.673,0
,vgg16_453,367.413,0
,vgg16_308,476.779,0
,vgg13_454,418.860,0
,vgg11_387,218.849,0
,vgg19_26,338.355,0
,vgg11_424,112.240,0
,vgg16_9,489.118,0
,vgg19_499,708.660,0
,vgg13_331,582.349,0
,vgg11_353,322.450,0
,vgg13_53,187.021,0
,vgg11_117,119.018,0
,vgg19_333,559.096,0
,vgg19_485,741.833,0
,vgg13_33,111.029,0
,vgg11_261,261.023,0
,vgg11_92,266.214,0
,vgg13_293,118.794,0
,vgg16_11,648.912,0
,vgg13_351,265.839,0
,vgg16_358,363.413,0
,vgg16_446,300.773,0
,vgg11_285,59.846,0
,vgg19_359,653.751,0
,vgg11_478,143.038,0
,vgg16_49,777.846,0
,vgg11_135,293.147,0
,vgg11_243,1163.332,0
,vgg11_151,145.784,0
,vgg11_109,199.935,0
,vgg19_2,140.330,0
,vgg16_464,164.001,0
,vgg16_302,814.998,0
,vgg19_208,294.415,0
,vgg13_301,451.491,0
,vgg16_264,452.681,0
,vgg16_312,257.914,0
,vgg19_127,785.806,0
,vgg13_161,218.149,0
,vgg19_453,591.462,0
,vgg11_107,341.974,0
,vgg16_140,396.561,0
,vgg19_383,401.248,0
,vgg16_148,469.828,0
,vgg13_127,493.452,0
,vgg11_64,241.375,0
,vgg11_221,100.236,0
,vgg11_423,101.475,0
,vgg19_450,173.097,0
,vgg11_344,215.009,0
,vgg19_480,566.513,0
,vgg11_339,33.724,0
,vgg16_219,164.892,0
,vgg19_228,735.068,0
,vgg19_433,666.471,0
,vgg11_341,131.267,0
,vgg19_279,291.225,0
,vgg13_115,526.646,0
,vgg19_299,573.480,0
,vgg19_319,233.206,0
,vgg19_18,258.947,0
,vgg16_24,673.864,0
,vgg11_462,225.954,0
,vgg16_341,415.723,0
,vgg19_158,493.665,0
,vgg11_306,473.079,0
,vgg13_26,283.901,0
,vgg16_68,475.549,0
,vgg16_176,623.586,0
,vgg16_442,707.255,0
,vgg11_361,412.631,0
,vgg16_317,621.290,0
,vgg19_83,651.396,0
,vgg16_43,272.155,0
,vgg16_232,618.178,0
,vgg13_466,114.911,0
,vgg19_159,725.002,0
,vgg11_442,72.266,0
,vgg19_203,1023.921,0
,vgg13_388,257.550,0
,vgg19_280,269.989,0
,vgg16_343,754.523,0
,vgg16_94,368.370,0
,vgg13_0,112.448,0
,vgg11_190,90.222,0
,vgg19_160,435.666,0
,vgg16_121,194.275,0
,vgg11_234,179.007,0
,vgg11_450,241.370,0
,vgg19_292,564.747,0
,vgg11_413,138.613,0
,vgg13_169,277.748,0
,vgg13_456,246.457,0
,vgg11_498,89.963,0
,vgg13_389,138.737,0
,vgg11_96,70.377,0
,vgg13_361,143.880,0
,vgg13_344,149.294,0
,vgg19_69,257.056,0
,vgg13_414,268.007,0
,vgg19_323,817.118,0
,vgg16_196,270.899,0
,vgg16_355,531.121,0
,vgg19_184,322.105,0
,vgg19_177,575.400,0
,vgg16_418,1091.996,0
,vgg11_35,114.932,0
,vgg19_56,964.690,0
,vgg19_430,423.325,0
,vgg11_262,264.227,0
,vgg16_166,395.546,0
,vgg11_212,157.685,0
,vgg19_382,485.737,0
,vgg13_462,463.663,0
,vgg13_317,285.662,0
,vgg11_72,463.587,0
,vgg11_197,271.795,0
,vgg11_403,72.359,0
,vgg16_57,355.025,0
,vgg11_215,173.006,0
,vgg16_208,251.784,0
,vgg13_8,446.635,0
,vgg11_314,79.088,0
,vgg19_298,481.022,0
,vgg16_345,971.295,0
,vgg11_328,151.665,0
,vgg13_197,115.325,0
,vgg16_129,557.225,0
,vgg13_69,191.574,0
,vgg11_220,252.379,0
,vgg11_224,391.389,0
,vgg16_85,338.679,0
,vgg11_202,247.852,0
,vgg11_39,57.876,0
,vgg19_15,486.945,0
,vgg16_370,384.868,0
,vgg13_208,106.724,0
,vgg19_73,540.812,0
,vgg11_218,347.099,0
,vgg13_48,259.552,0
,vgg11_192,188.866,0
,vgg11_272,145.645,0
,vgg13_236,387.995,0
,vgg16_16,756.402,0
,vgg11_75,234.672,0
,vgg11_81,255.413,0
,vgg19_468,396.217,0
,vgg11_232,144.089,0
,vgg16_220,595.831,0
,vgg13_393,348.695,0
,vgg11_307,196.127,0
,vgg19_275,507.060,0
,vgg16_75,333.989,0
,vgg19_71,318.187,0
,vgg19_41,312.301,0
,vgg16_433,598.898,0
,vgg13_276,249.529,0
,vgg19_234,224.864,0
,vgg19_88,811.395,0
,vgg13_444,175.607,0
,vgg11_390,33.600,0
,vgg13_181,181.033,0
,vgg16_367,293.003,0
,vgg16_383,617.505,0
,vgg19_74,1036.953,0
,vgg16_326,468.322,0
,vgg19_436,434.500,0
,vgg16_130,203.346,0
,vgg16_361,591.762,0
,vgg16_262,464.462,0
,vgg19_429,515.820,0
,vgg11_394,44.730,0
,vgg19_277,488.675,0
,vgg13_192,219.180,0
,vgg13_21,528.308,0
,vgg19_249,405.368,0
,vgg13_86,273.874,0
,vgg13_216,610.201,0
,vgg16_331,218.117,0
,vgg13_261,611.758,0
,vgg11_59,335.320,0
,vgg11_206,155.618,0
,vgg19_10,800.218,0
,vgg11_71,87.477,0
,vgg16_458,491.561,0
,vgg19_34,698.886,0
,vgg13_345,619.823,0
,vgg16_332,438.558,0
,vgg13_54,167.191,0
,vgg19_85,660.156,0
,vgg13_120,85.023,0
,vgg11_409,732.558,0
,vgg16_114,440.055,0
,vgg13_117,175.561,0
,vgg13_49,259.052,0
,vgg19_264,835.192,0
,vgg16_79,515.027,0
,vgg19_414,498.070,0
,vgg19_37,414.853,0
,vgg19_325,409.084,0
,vgg16_155,414.744,0
,vgg19_488,232.032,0
,vgg19_104,506.022,0
,vgg16_127,97.999,0
,vgg13_259,56.947,0
,vgg11_143,217.121,0
,vgg13_85,387.416,0
,vgg13_347,166.655,0
,vgg19_494,689.296,0
,vgg13_17,304.464,0
,vgg11_372,286.717,0
,vgg16_52,458.749,0
,vgg16_462,212.288,0
,vgg13_178,381.099,0
,vgg19_479,475.424,0
,vgg16_80,526.806,0
,vgg16_119,380.458,0
,vgg13_464,545.949,0
,vgg19_267,716.133,0
,vgg19_328,683.556,0
,vgg13_134,562.910,0
,vgg11_385,134.714,0
,vgg13_150,174.348,0
,vgg11_156,63.966,0
,vgg11_184,46.794,0
,vgg16_67,251.171,0
,vgg13_158,158.006,0
,vgg19_165,603.295,0
,vgg19_7,426.592,0
,vgg19_180,402.779,0
,vgg19_216,622.505,0
,vgg11_326,109.774,0
,vgg16_189,852.687,0
,vgg16_221,285.206,0
,vgg16_352,902.062,0
,vgg13_432,644.291,0
,vgg16_354,302.791,0
,vgg13_350,489.447,0
,vgg19_120,1020.246,0
,vgg13_275,406.501,0
,vgg13_447,473.835,0
,vgg19_123,655.526,0
,vgg13_477,616.202,0
,vgg11_298,136.821,0
,vgg13_230,225.312,0
,vgg13_266,289.828,0
,vgg16_285,239.001,0
,vgg16_402,511.022,0
,vgg11_128,81.063,0
,vgg11_274,224.877,0
,vgg13_149,136.697,0
,vgg13_223,194.638,0
,vgg13_326,281.227,0
,vgg19_156,587.696,0
,vgg19_420,347.737,0
,vgg16_229,710.096,0
,vgg16_276,1152.683,0
,vgg11_404,39.499,0
,vgg13_430,215.913,0
,vgg11_461,207.467,0
,vgg19_437,660.099,0
,vgg16_398,342.990,0
,vgg16_3,250.080,0
,vgg16_100,150.709,0
,vgg13_58,189.442,0
,vgg13_152,142.842,0
,vgg16_225,342.186,0
,vgg13_448,164.606,0
,vgg19_455,445.992,0
,vgg19_244,297.877,0
,vgg19_75,753.335,0
,vgg13_102,106.386,0
,vgg19_254,297.114,0
,vgg13_205,218.561,0
,vgg19_315,1363.029,0
,vgg13_297,786.587,0
,vgg16_134,544.383,0
,vgg19_107,579.565,0
,vgg16_448,1396.199,0
,vgg11_467,84.465,0
,vgg19_3,447.084,0
,vgg13_109,378.653,0
,vgg19_33,518.441,0
,vgg19_81,457.381,0
,vgg16_309,377.969,0
,vgg16_476,264.622,0
,vgg13_93,84.908,0
,vgg11_188,204.060,0
,vgg19_261,675.904,0
,vgg19_297,511.981,0
,vgg11_436,394.631,0
,vgg13_473,399.856,0
,vgg19_305,628.009,0
,vgg11_88,141.089,0
,vgg16_347,409.730,0
,vgg11_266,342.092,0
,vgg13_19,319.586,0
,vgg13_405,514.642,0
,vgg19_63,393.200,0
,vgg13_353,119.648,0
,vgg16_251,942.638,0
,vgg19_413,243.026,0
,vgg11_268,62.815,0
,vgg19_463,549.657,0
,vgg11_434,328.180,0
,vgg19_175,556.354,0
,vgg11_46,308.119,0
,vgg11_465,402.015,0
,vgg11_391,600.525,0
,vgg19_371,237.644,0
,vgg13_325,222.734,0
,vgg19_320,490.215,0
,vgg13_13,821.419,0
,vgg19_109,614.306,0
,vgg11_150,104.724,0
,vgg19_64,356.253,0
,vgg11_240,55.558,0
,vgg13_112,579.569,0
,vgg16_141,648.045,0
,vgg16_135,539.679,0
,vgg19_12,771.195,0
,vgg13_324,669.811,0
,vgg19_122,430.048,0
,vgg19_163,544.353,0
,vgg13_2,155.577,0
,vgg16_281,540.396,0
,vgg19_240,809.153,0
,vgg16_437,316.048,0
,vgg11_217,111.157,0
,vgg16_165,601.715,0
,vgg19_4,525.957,0
,vgg16_405,548.841,0
,vgg13_84,508.267,0
,vgg16_322,373.255,0
,vgg19_6,221.074,0
,vgg19_131,211.852,0
,vgg16_380,547.814,0
,vgg19_314,618.161,0
,vgg16_112,478.326,0
,vgg16_259,240.567,0
,vgg11_445,129.753,0
,vgg19_491,722.621,0
,vgg16_408,685.041,0
,vgg19_361,479.175,0
,vgg19_157,681.506,0
,vgg16_215,423.586,0
,vgg19_374,289.686,0
,vgg16_376,188.219,0
,vgg11_229,288.361,0
,vgg13_215,586.523,0
,vgg13_427,396.538,0
,vgg11_473,171.720,0
,vgg11_321,289.357,0
,vgg19_246,467.900,0
,vgg19_271,488.567,0
,vgg11_352,69.443,0
,vgg19_95,380.683,0
,vgg19_235,261.927,0
,vgg16_499,353.135,0
,vgg16_171,350.432,0
,vgg16_417,482.714,0
,vgg13_288,675.964,0
,vgg13_492,541.064,0
,vgg19_331,874.530,0
,vgg16_192,254.962,0
,vgg19_230,1289.598,0
,vgg16_447,232.589,0
,vgg13_369,329.048,0
,vgg13_499,455.057,0
,vgg19_186,497.715,0
,vgg13_398,343.721,0
,vgg16_333,315.642,0
,vgg13_137,418.563,0
,vgg11_15,552.225,0
,vgg16_273,253.827,0
,vgg13_472,363.498,0
,vgg16_454,551.075,0
,vgg13_44,206.382,0
,vgg19_20,585.288,0
,vgg16_497,195.683,0
,vgg16_277,651.925,0
,vgg11_264,351.573,0
,vgg19_439,830.045,0
,vgg19_78,307.179,0
,vgg13_380,530.458,0
,vgg16_323,758.065,0
,vgg13_482,243.136,0
,vgg11_464,235.194,0
,vgg11_318,25.691,0
,vgg11_230,195.520,0
,vgg16_344,263.380,0
,vgg19_465,167.496,0
,vgg16_386,320.894,0
,vgg16_495,458.884,0
,vgg11_54,69.207,0
,vgg16_164,282.652,0
,vgg19_32,398.688,0
,vgg11_222,585.145,0
,vgg16_365,234.353,0
,vgg13_162,272.979,0
,vgg13_421,347.181,0
,vgg16_197,404.759,0
,vgg16_62,378.595,0
,vgg19_444,495.334,0
,vgg16_298,152.068,0
,vgg13_61,331.230,0
,vgg16_202,492.524,0
,vgg19_375,245.993,0
,vgg11_302,141.700,0
,vgg11_317,155.269,0
,vgg11_130,104.999,0
,vgg16_99,357.834,0
,vgg13_310,593.077,0
,vgg13_73,869.219,0
,vgg11_167,46.613,0
,vgg13_490,194.183,0
,vgg16_342,320.673,0
,vgg19_406,772.790,0
,vgg13_41,412.800,0
,vgg19_498,204.336,0
,vgg11_62,206.859,0
,vgg11_37,636.467,0
,vgg13_370,459.730,0
,vgg16_169,1303.236,0
,vgg13_32,202.330,0
,vgg13_319,90.805,0
,vgg11_389,454.970,0
,vgg16_65,171.760,0
,vgg13_493,207.372,0
,vgg13_363,439.126,0
,vgg11_418,398.784,0
,vgg19_327,513.272,0
,vgg13_238,190.143,0
,vgg19_438,446.633,0
,vgg11_405,180.012,0
,vgg13_318,289.382,0
,vgg16_241,720.393,0
,vgg13_159,175.313,0
,vgg11_395,75.454,0
,vgg19_260,559.892,0
,vgg16_199,291.112,0
,vgg16_263,167.433,0
,vgg13_422,300.662,0
,vgg13_403,641.449,0
,vgg16_153,123.277,0
,vgg16_173,943.691,0
,vgg19_243,932.337,0
,vgg16_246,377.904,0
,vgg13_188,242.151,0
,vgg13_264,484.187,0
,vgg16_425,514.113,0
,vgg13_287,161.115,0
,vgg19_300,487.681,0
,vgg19_113,789.150,0
,vgg11_129,209.780,0
,vgg13_300,217.074,0
,vgg16_233,232.687,0
,vgg11_175,232.712,0
,vgg13_379,258.863,0
,vgg11_179,209.120,0
,vgg11_124,573.582,0
,vgg16_200,527.602,0
,vgg13_463,417.956,0
,vgg16_340,478.719,0
,vgg11_227,349.922,0
,vgg19_282,1061.777,0
,vgg13_176,215.834,0
,vgg19_424,406.393,0
,vgg19_207,922.873,0
,vgg19_17,527.798,0
,vgg16_22,278.742,0
,vgg19_174,448.997,0
,vgg11_416,84.075,0
,vgg11_350,216.564,0
,vgg11_319,188.205,0
,vgg13_166,438.359,0
,vgg16_455,128.998,0
,vgg16_123,181.869,0
,vgg13_10,229.485,0
,vgg19_350,523.046,0
,vgg19_348,814.491,0
,vgg11_378,408.951,0
,vgg11_209,93.335,0
,vgg13_221,326.437,0
,vgg13_25,96.262,0
,vgg11_149,114.756,0
,vgg16_252,473.192,0
,vgg11_185,378.002,0
,vgg19_128,763.211,0
,vgg16_128,445.227,0
,vgg11_40,137.361,0
,vgg13_172,223.977,0
,vgg11_301,361.978,0
,vgg11_31,239.327,0
,vgg16_378,875.011,0
,vgg13_145,81.495,0
,vgg13_56,369.279,0
,vgg19_98,792.594,0
,vgg19_428,205.879,0
,vgg19_256,663.780,0
,vgg13_395,215.835,0
,vgg11_468,152.139,0
,vgg13_354,359.943,0
,vgg19_483,309.275,0
,vgg11_56,352.234,0
,vgg16_211,325.987,0
,vgg16_74,883.139,0
,vgg13_59,139.563,0
,vgg11_17,93.081,0
,vgg19_190,556.564,0
,vgg11_430,271.292,0
,vgg11_141,116.626,0
,vgg19_183,617.960,0
,vgg16_157,279.152,0
,vgg13_75,95.820,0
,vgg13_202,1290.303,0
,vgg13_282,79.225,0
,vgg11_80,507.533,0
,vgg13_262,356.708,0
,vgg16_353,445.133,0
,vgg19_404,928.078,0
,vgg13_138,154.572,0
,vgg19_303,420.007,0
,vgg16_184,420.684,0
,vgg19_189,475.438,0
,vgg16_240,497.593,0
,vgg11_200,189.865,0
,vgg11_292,204.482,0
,vgg11_414,547.242,0
,vgg16_468,368.542,0
,vgg13_90,147.230,0
,vgg13_70,250.270,0
,vgg13_302,368.678,0
,vgg19_232,771.631,0
,vgg13_306,425.649,0
,vgg16_373,204.314,0
,vgg11_348,314.921,0
,vgg19_196,601.652,0
,vgg13_305,615.500,0
,vgg16_177,836.084,0
,vgg13_191,185.000,0
,vgg13_497,312.606,0
,vgg13_220,928.288,0
,vgg11_497,191.503,0
,vgg13_386,419.618,0
,vgg16_391,408.571,0
,vgg19_347,1013.689,0
,vgg11_349,134.625,0
,vgg16_247,122.625,0
,vgg11_482,57.283,0
,vgg11_407,114.250,0
,vgg16_267,747.568,0
,vgg16_10,169.268,0
,vgg19_360,184.381,0
,vgg19_391,404.243,0
,vgg11_131,361.262,0
,vgg16_452,309.924,0
,vgg13_480,178.687,0
,vgg11_456,421.568,0
,vgg19_0,182.544,0
,vgg19_94,1255.066,0
,vgg16_419,862.652,0
,vgg19_214,734.784,0
,vgg19_11,785.373,0
,vgg19_49,412.993,0
,vgg16_429,335.788,0
,vgg16_282,283.759,0
,vgg13_292,95.470,0
,vgg13_15,336.275,0
,vgg11_447,481.702,0
,vgg16_187,420.334,0
,vgg16_288,271.863,0
,vgg11_186,232.873,0
,vgg13_3,268.614,0
,vgg16_204,501.495,0
,vgg13_279,152.170,0
,vgg13_98,242.511,0
,vgg16_494,210.614,0
,vgg16_496,131.866,0
,vgg11_223,392.621,0
,vgg11_153,343.482,0
,vgg11_123,311.836,0
,vgg13_94,54.706,0
,vgg11_351,91.577,0
,vgg16_493,452.913,0
,vgg13_384,311.474,0
,vgg19_118,491.467,0
,vgg19_236,938.178,0
,vgg19_110,557.619,0
,vgg13_34,132.030,0
,vgg13_451,236.333,0
,vgg16_198,832.805,0
,vgg11_106,398.774,0
,vgg16_336,242.900,0
,vgg19_54,191.204,0
,vgg13_7,166.833,0
,vgg13_24,141.154,0
,vgg19_226,553.215,0
,vgg19_151,876.385,0
,vgg11_369,44.754,0
,vgg13_232,352.302,0
,vgg11_455,78.592,0
,vgg19_290,481.475,0
,vgg13_375,325.226,0
,vgg11_477,253.660,0
,vgg16_399,409.773,0
,vgg19_199,1058.468,0
,vgg11_495,287.142,0
,vgg16_71,476.038,0
,vgg16_84,489.969,0
,vgg16_272,342.382,0
,vgg19_172,601.870,0
,vgg16_168,372.633,0
,vgg11_256,257.963,0
,vgg19_467,493.577,0
,vgg16_438,1018.390,0
,vgg19_16,217.761,0
,vgg11_279,156.830,0
,vgg19_461,530.463,0
,vgg19_171,608.256,0
,vgg13_298,386.119,0
,vgg11_228,134.548,0
,vgg16_279,555.514,0
,vgg11_51,364.851,0
,vgg13_123,337.930,0
,vgg13_283,158.848,0
,vgg13_487,325.722,0
,vgg19_484,318.870,0
,vgg16_244,1368.188,0
,vgg13_445,156.174,0
,vgg19_82,785.456,0
,vgg11_4,43.791,0
,vgg19_52,596.393,0
,vgg16_14,755.718,0
,vgg16_423,429.598,0
,vgg16_72,313.372,0
,vgg13_485,281.425,0
,vgg11_354,471.917,0
,vgg11_136,77.465,0
,vgg11_269,449.664,0
,vgg16_210,633.295,0
,vgg19_284,1103.384,0
,vgg19_274,294.335,0
,vgg19_370,288.146,0
,vgg11_469,75.156,0
,vgg19_421,736.110,0
,vgg19_318,986.260,0
,vgg13_352,290.880,0
,vgg13_148,457.563,0
,vgg19_442,478.578,0
,vgg13_114,159.569,0
,vgg19_447,217.460,0
,vgg16_270,646.136,0
,vgg11_63,53.925,0
,vgg11_267,358.326,0
,vgg11_86,43.957,0
,vgg11_47,41.699,0
,vgg16_96,155.973,0
,vgg19_193,1177.562,0
,vgg19_14,461.873,0
,vgg13_349,216.816,0
,vgg19_288,1388.467,0
,vgg11_358,540.003,0
,vgg16_152,850.067,0
,vgg11_453,133.935,0
,vgg19_212,269.897,0
,vgg11_368,320.083,0
,vgg13_441,471.691,0
,vgg11_278,176.393,0
,vgg13_406,699.728,0
,vgg13_387,315.695,0
,vgg16_388,356.864,0
,vgg19_381,596.700,0
,vgg19_103,567.097,0
,vgg11_207,163.756,0
,vgg16_97,265.003,0
,vgg13_496,379.909,0
,vgg16_77,679.850,0
,vgg13_81,280.037,0
,vgg19_449,897.651,0
,vgg19_179,508.888,0
,vgg11_346,124.838,0
,vgg11_370,82.459,0
,vgg11_41,220.286,0
,vgg19_262,667.991,0
,vgg11_280,333.789,0
,vgg16_213,614.037,0
,vgg11_194,221.287,0
,vgg16_124,389.340,0
,vgg16_390,483.979,0
,vgg16_328,476.400,0
,vgg16_467,589.862,0
,vgg11_178,172.077,0
,vgg13_209,71.712,0
,vgg13_95,453.899,0
,vgg16_456,267.563,0
,vgg13_419,138.844,0
,vgg11_399,94.882,0
,vgg19_475,134.618,0
,vgg16_8,516.671,0
,vgg16_102,513.480,0
,vgg11_114,415.950,0
,vgg13_479,290.560,0
,vgg13_439,713.507,0
,vgg16_428,298.494,0
,vgg11_400,129.576,0
,vgg19_167,775.742,0
,vgg19_302,836.003,0
,vgg19_426,587.951,0
,vgg13_382,126.539,0
,vgg13_468,336.919,0
,vgg16_19,227.112,0
,vgg16_372,313.391,0
,vgg13_131,649.574,0
,vgg11_487,70.811,0
,vgg16_268,126.758,0
,vgg13_459,312.048,0
,vgg13_267,265.817,0
,vgg16_266,454.722,0
,vgg13_251,694.489,0
,vgg16_156,410.462,0
,vgg19_204,1446.591,0
,vgg16_255,442.546,0
,vgg11_362,336.808,0
,vgg13_343,154.945,0
,vgg11_439,215.616,0
,vgg19_45,891.740,0
,vgg11_163,149.155,0
,vgg11_44,252.034,0
,vgg13_187,507.019,0
,vgg11_160,361.035,0
,vgg13_322,257.028,0
,vgg11_397,111.309,0
,vgg16_50,210.280,0
,vgg13_156,338.625,0
,vgg19_239,1378.369,0
,vgg11_411,378.993,0
,vgg13_96,258.696,0
,vgg19_46,400.615,0
,vgg19_335,441.543,0
,vgg16_110,366.154,0
,vgg16_443,172.876,0
,vgg11_363,365.314,0
,vgg13_82,127.409,0
,vgg11_84,101.697,0
,vgg16_105,1060.958,0
,vgg11_27,90.801,0
,vgg13_200,104.193,0
,vgg16_243,291.166,0
,vgg16_217,631.344,0
,vgg16_193,656.823,0
,vgg19_209,495.540,0
,vgg13_263,343.695,0
,vgg19_44,725.240,0
,vgg19_21,375.385,0
,vgg11_441,25.611,0
,vgg16_359,813.059,0
,vgg19_237,499.985,0
,vgg16_26,471.822,0
,vgg13_296,324.851,0
,vgg16_484,313.472,0
,vgg19_434,344.275,0
,vgg19_130,387.752,0
,vgg11_148,318.372,0
,vgg13_329,93.043,0
,vgg19_458,439.365,0
,vgg11_157,120.094,0
,vgg11_332,177.679,0
,vgg11_155,377.006,0
,vgg19_116,175.802,0
,vgg16_350,412.356,0
,vgg16_348,568.713,0
,vgg19_144,1197.408,0
,vgg16_471,367.384,0
,vgg19_399,694.107,0
,vgg13_142,549.555,0
,vgg13_442,617.971,0
,vgg19_76,293.208,0
,vgg13_257,282.339,0
,vgg13_89,320.989,0
,vgg16_142,398.913,0
,vgg19_408,910.316,0
,vgg11_376,455.103,0
,vgg19_84,505.328,0
,vgg11_226,164.338,0
,vgg11_67,91.965,0
,vgg16_31,361.777,0
,vgg16_235,195.701,0
,vgg11_246,107.502,0
,vgg13_286,183.295,0
,vgg19_349,439.915,0
,vgg13_213,247.011,0
,vgg16_311,414.557,0
,vgg11_286,128.985,0
,vgg16_6,249.369,0
,vgg19_215,686.924,0
,vgg11_320,318.812,0
,vgg19_23,663.931,0
,vgg13_453,387.497,0
,vgg11_290,123.803,0
,vgg11_111,111.516,0
,vgg16_60,346.865,0
,vgg11_174,50.150,0
,vgg11_270,90.761,0
,vgg13_413,341.522,0
,vgg19_490,557.553,0
,vgg16_301,397.774,0
,vgg11_343,234.666,0
,vgg13_186,145.031,0
,vgg16_434,572.521,0
,vgg13_83,118.956,0
,vgg19_192,609.687,0
,vgg19_396,338.566,0
,vgg11_379,81.842,0
,vgg11_58,124.432,0
,vgg13_224,345.012,0
,vgg16_5,584.708,0
,vgg13_29,166.405,0
,vgg16_304,331.318,0
,vgg19_387,849.969,0
,vgg19_380,750.070,0
,vgg19_432,793.631,0
,vgg19_395,337.263,0
,vgg11_36,438.563,0
,vgg19_178,700.464,0
,vgg19_219,507.925,0
,vgg13_443,464.754,0
,vgg16_396,422.780,0
,vgg16_91,95.794,0
,vgg16_222,378.435,0
,vgg16_457,240.600,0
,vgg16_349,235.971,0
,vgg11_249,234.948,0
,vgg19_60,1203.814,0
,vgg19_217,551.310,0
,vgg19_472,308.535,0
,vgg16_290,577.380,0
,vgg13_457,144.865,0
,vgg19_108,323.453,0
,vgg19_251,379.686,0
,vgg19_221,276.138,0
,vgg16_66,377.734,0
,vgg19_99,373.621,0
,vgg19_68,582.583,0
,vgg13_173,481.543,0
,vgg16_381,316.219,0
,vgg19_272,355.550,0
,vgg16_48,227.454,0
,vgg13_289,769.195,0
,vgg11_422,235.057,0
,vgg19_53,882.380,0
,vgg11_257,253.948,0
,vgg11_401,280.574,0
,vgg19_482,532.491,0
,vgg11_211,280.490,0
,vgg16_175,375.855,0
,vgg16_450,419.873,0
,vgg16_478,319.206,0
,vgg13_435,283.714,0
,vgg16_90,1043.598,0
,vgg19_89,779.140,0
,vgg13_234,650.471,0
,vgg11_263,241.886,0
,vgg11_254,116.732,0
,vgg13_111,217.904,0
,vgg19_379,170.365,0
,vgg16_216,659.648,0
,vgg11_427,141.371,0
,vgg13_155,388.481,0
,vgg13_250,742.029,0
,vgg13_410,635.324,0
,vgg16_474,238.957,0
,vgg19_329,755.496,0
,vgg19_70,954.180,0
,vgg16_371,418.209,0
,vgg19_198,1154.098,0
,vgg11_248,329.304,0
,vgg19_93,145.327,0
,vgg19_238,404.503,0
,vgg13_124,127.367,0
,vgg19_133,338.041,0
,vgg11_2,171.456,0
,vgg11_433,106.557,0
,vgg13_461,213.372,0
,vgg13_450,370.554,0
,vgg11_410,189.979,0
,vgg16_256,796.282,0
,vgg11_5,128.539,0
,vgg13_245,260.879,0
,vgg16_369,1467.150,0
,vgg19_250,489.475,0
,vgg19_307,1112.048,0
,vgg19_86,629.430,0
,vgg16_397,493.984,0
,vgg13_180,677.955,0
,vgg13_367,98.393,0
,vgg13_254,123.938,0
,vgg19_126,1088.398,0
,vgg19_336,481.151,0
,vgg16_242,769.584,0
,vgg19_100,423.723,0
,vgg13_74,570.888,0
,vgg13_226,140.576,0
,vgg13_408,722.623,0
,vgg16_234,386.116,0
,vgg11_451,241.131,0
,vgg11_170,692.075,0
,vgg19_124,227.512,0
,vgg19_92,517.028,0
,vgg11_271,96.135,0
,vgg11_171,82.967,0
,vgg16_137,637.104,0
,vgg16_147,437.764,0
,vgg13_356,244.989,0
,vgg16_195,483.923,0
,vgg11_147,49.049,0
,vgg11_73,107.031,0
,vgg13_278,329.183,0
,vgg19_153,1280.549,0
,vgg19_269,571.557,0
,vgg16_271,69.980,0
,vgg11_65,210.505,0
,vgg13_118,324.059,0
,vgg11_113,84.070,0
,vgg11_237,74.553,0
,vgg19_422,496.884,0
,vgg11_443,66.624,0
,vgg13_36,216.424,0
,vgg16_407,403.718,0
,vgg13_101,231.976,0
,vgg19_9,553.396,0
,vgg13_364,392.432,0
,vgg19_220,467.904,0
,vgg19_195,619.608,0
,vgg16_310,845.560,0
,vgg13_23,354.196,0
,vgg11_22,61.949,0
,vgg16_33,341.531,0
,vgg11_13,342.268,0
,vgg11_231,217.253,0
,vgg13_107,108.099,0
,vgg13_355,168.991,0
,vgg19_394,388.998,0
,vgg11_208,256.811,0
,vgg11_168,295.641,0
,vgg16_145,445.775,0
,vgg19_324,383.630,0
,vgg11_94,190.481,0
,vgg19_332,965.670,0
,vgg11_283,449.141,0
,vgg19_111,877.218,0
,vgg16_451,686.187,0
,vgg13_272,202.775,0
,vgg16_178,299.528,0
,vgg11_127,305.231,0
,vgg11_85,170.179,0
,vgg13_474,771.149,0
,vgg11_48,150.866,0
,vgg13_225,62.733,0
,vgg13_392,102.289,0
,vgg11_125,151.556,0
,vgg13_27,100.134,0
,vgg13_51,465.477,0
,vgg19_147,911.043,0
,vgg16_299,401.107,0
,vgg16_238,686.536,0
,vgg13_20,564.825,0
,vgg16_115,677.730,0
,vgg19_176,232.870,0
,vgg11_281,235.028,0
,vgg11_238,125.468,0
,vgg19_5,273.838,0
,vgg13_312,149.405,0
,vgg19_369,827.174,0
,vgg19_363,749.495,0
,vgg16_249,487.661,0
,vgg11_120,262.676,0
,vgg13_71,191.002,0
,vgg16_475,255.827,0
,vgg11_311,35.200,0
,vgg11_69,36.264,0
,vgg19_495,690.062,0
,vgg11_103,469.370,0
,vgg11_275,116.425,0
,vgg11_116,114.618,0
,vgg19_265,559.948,0
,vgg19_31,724.792,0
,vgg16_431,325.099,0
,vgg13_174,337.699,0
,vgg16_461,467.989,0
,vgg13_222,541.810,0
,vgg19_150,118.645,0
,vgg13_119,485.212,0
,vgg16_29,301.231,0
,vgg19_291,349.923,0
,vgg11_265,222.201,0
,vgg16_379,759.285,0
,vgg11_42,185.199,0
,vgg13_465,529.644,0
,vgg13_91,177.500,0
,vgg19_136,960.587,0
,vgg19_342,586.337,0
,vgg16_41,560.763,0
,vgg11_158,557.779,0
,vgg16_207,161.251,0
,vgg19_247,451.935,0
,vgg19_188,798.579,0
,vgg16_39,468.677,0
,vgg13_16,294.652,0
,vgg11_305,178.877,0
,vgg19_227,222.863,0
,vgg16_34,452.143,0
,vgg13_420,126.325,0
,vgg11_235,225.494,0
,vgg19_376,272.723,0
,vgg19_218,748.760,0
,vgg13_72,133.765,0
,vgg11_118,144.656,0
,vgg19_489,1036.928,0
,vgg11_115,466.358,0
,vgg13_143,174.972,0
,vgg19_478,443.933,0
,vgg11_380,107.356,0
,vgg16_131,507.308,0
,vgg13_291,130.071,0
,vgg11_12,147.653,0
,vgg19_334,74.489,0
,vgg13_87,139.326,0
,vgg13_400,260.053,0
,vgg19_252,873.952,0
,vgg11_299,141.938,0
,vgg11_32,517.053,0
,vgg16_300,372.108,0
,vgg19_354,947.861,0
,vgg13_385,421.122,0
,vgg11_377,261.538,0
,vgg11_11,134.270,0
,vgg19_388,737.577,0
,vgg16_421,316.164,0
,vgg13_140,343.348,0
,vgg16_160,647.142,0
,vgg11_315,417.036,0
,vgg13_411,601.919,0
,vgg16_374,193.490,0
,vgg19_229,477.312,0
,vgg11_347,248.959,0
,vgg11_316,193.818,0
,vgg16_254,173.965,0
,vgg19_173,322.736,0
,vgg13_163,370.508,0
,vgg16_356,467.324,0
,vgg16_117,904.943,0
,vgg11_29,79.440,0
,vgg11_145,403.103,0
,vgg16_260,323.017,0
,vgg11_77,296.848,0
,vgg19_206,586.383,0
,vgg13_290,625.110,0
,vgg13_378,635.820,0
,vgg11_66,335.218,0
,vgg11_139,257.111,0
,vgg13_321,182.066,0
,vgg16_324,665.589,0
,vgg13_330,565.102,0
,vgg16_409,245.127,0
,vgg11_191,71.201,0
,vgg19_55,745.697,0
,vgg13_371,244.695,0
,vgg11_49,68.813,0
,vgg16_445,437.936,0
,vgg16_87,502.661,0
,vgg13_360,332.157,0
,vgg13_196,432.511,0
,vgg13_307,187.394,0
,vgg19_38,361.098,0
,vgg13_92,486.740,0
,vgg13_337,201.403,0
,vgg13_100,602.925,0
,vgg19_241,681.624,0
,vgg19_67,908.797,0
,vgg13_18,459.776,0
,vgg11_489,305.041,0
,vgg16_51,256.071,0
,vgg16_319,436.852,0
,vgg16_422,209.163,0
,vgg11_159,248.475,0
,vgg13_358,402.505,0
,vgg11_152,136.589,0
,vgg11_474,237.690,0
,vgg13_28,274.091,0
,vgg11_365,301.216,0
,vgg11_288,59.523,0
,vgg11_38,156.926,0
,vgg13_165,139.903,0
,vgg19_164,474.825,0
,vgg11_356,148.666,0
,vgg16_406,343.854,0
,vgg11_10,251.177,0
,vgg11_166,156.750,0
,vgg19_368,407.398,0
,vgg13_241,434.497,0
,vgg19_48,282.333,0
,vgg16_27,116.654,0
,vgg13_416,331.940,0
,vgg19_443,612.116,0
,vgg11_97,135.655,0
,vgg13_311,668.799,0
,vgg19_253,424.003,0
,vgg19_356,534.034,0
,vgg11_295,63.620,0
,vgg11_304,313.019,0
,vgg19_101,213.533,0
,vgg13_199,262.375,0
,vgg13_437,239.695,0
,vgg16_498,401.531,0
,vgg16_305,162.780,0
,vgg16_1,214.248,0
,vgg19_405,358.572,0
,vgg11_101,636.679,0
,vgg19_225,858.838,0
,vgg13_141,349.922,0
,vgg13_128,126.354,0
,vgg13_64,683.442,0
,vgg13_316,216.700,0
,vgg13_116,277.895,0
,vgg11_110,100.332,0
,vgg19_106,400.412,0
,vgg19_378,478.610,0
,vgg19_366,443.839,0
,vgg16_194,114.252,0
,vgg19_358,400.746,0
,vgg16_23,741.232,0
,vgg16_88,829.957,0
,vgg16_12,770.271,0
,vgg13_423,1326.369,0
,vgg19_337,1015.229,0
,vgg13_418,117.832,0
,vgg16_206,601.748,0
,vgg19_287,233.399,0
,vgg16_245,504.787,0
,vgg19_487,498.793,0
,vgg16_284,725.244,0
,vgg16_159,500.692,0
,vgg19_313,387.605,0
,vgg13_77,187.289,0
,vgg19_338,355.069,0
,vgg13_175,101.366,0
,vgg19_340,346.172,0
,vgg11_325,231.383,0
,vgg13_50,149.011,0
,vgg19_470,576.572,0
,vgg13_340,138.731,0
,vgg16_401,135.714,0
,vgg19_285,666.373,0
,vgg13_475,256.843,0
,vgg11_259,558.511,0
,vgg16_360,470.842,0
,vgg16_334,1026.956,0
,vgg13_190,394.400,0
,vgg19_409,828.399,0
,vgg16_382,663.317,0
,vgg13_207,862.948,0
,vgg16_287,611.658,0
,vgg11_485,314.283,0
,vgg19_452,622.312,0
,vgg13_42,493.165,0
,vgg16_430,347.280,0
,vgg16_104,134.860,0
,vgg16_294,149.149,0
,vgg13_113,139.007,0
,vgg13_255,738.482,0
,vgg11_476,165.431,0
,vgg19_205,184.456,0
,vgg16_403,1143.525,0
,vgg11_18,189.404,0
,vgg19_306,540.459,0
,vgg19_119,408.474,0
,vgg11_335,118.250,0
,vgg11_359,607.481,0
,vgg13_428,155.372,0
,vgg19_353,1138.175,0
,vgg16_4,149.027,0
,vgg13_171,303.400,0
,vgg16_95,301.946,0
,vgg13_204,655.524,0
,vgg11_367,290.308,0
,vgg19_268,193.991,0
,vgg13_30,442.238,0
,vgg16_46,304.410,0
,vgg11_258,273.093,0
,vgg11_486,457.789,0
,vgg13_494,406.847,0
,vgg16_17,236.836,0
,vgg16_440,590.215,0
,vgg19_169,421.165,0
,vgg13_295,249.589,0
,vgg11_183,139.918,0
,vgg16_61,219.107,0
,vgg19_148,296.201,0
,vgg13_63,329.439,0
,vgg11_448,265.312,0
,vgg19_317,347.862,0
,vgg11_93,71.241,0
,vgg19_462,412.490,0
,vgg19_393,724.992,0
,vgg11_432,151.250,0
,vgg19_141,786.100,0
,vgg16_278,770.670,0
,vgg19_416,522.911,0
,vgg19_445,363.490,0
,vgg19_245,118.683,0
,vgg16_250,597.695,0
,vgg13_328,370.287,0
,vgg11_438,238.486,0
,vgg11_241,294.265,0
,vgg11_0,69.026,0
,vgg16_44,336.757,0
,vgg19_146,862.011,0
,vgg16_154,556.433,0
,vgg19_351,641.797,0
,vgg13_5,146.676,0
,vgg16_480,178.014,0
,vgg13_495,310.756,0
,vgg19_309,1049.743,0
,vgg13_104,409.617,0
,vgg13_160,777.097,0
,vgg13_246,268.684,0
,vgg19_248,338.452,0
,vgg19_411,324.108,0
,vgg19_132,626.743,0
,vgg11_475,481.660,0
,vgg19_372,557.230,0
,vgg19_210,660.635,0
,vgg16_18,391.290,0
,vgg16_295,703.465,0
,vgg19_30,311.817,0
,vgg13_404,419.506,0
,vgg16_297,203.490,0
,vgg13_434,445.439,0
,vgg13_228,141.041,0
,vgg16_449,676.715,0
,vgg16_330,684.631,0
,vgg16_314,334.332,0
,vgg16_21,166.173,0
,vgg13_167,413.883,0
,vgg16_424,624.040,0
,vgg16_101,1095.038,0
,vgg13_299,447.935,0
,vgg13_478,315.004,0
,vgg11_83,103.040,0
,vgg11_140,148.085,0
,vgg16_375,267.347,0
,vgg13_436,121.773,0
,vgg13_193,545.029,0
,vgg11_393,339.139,0
,vgg13_164,263.868,0
,vgg16_139,202.524,0
,vgg16_38,525.586,0
,vgg19_474,765.663,0
,vgg11_205,303.879,0
,vgg19_162,320.608,0
,vgg16_239,965.111,0
,vgg19_389,520.857,0
,vgg13_31,781.203,0
,vgg16_413,319.050,0
,vgg16_307,502.450,0
,vgg11_199,128.720,0
,vgg19_341,387.536,0
,vgg13_240,78.626,0
,vgg11_490,108.345,0
,vgg11_366,227.761,0
,vgg11_375,141.753,0
,vgg19_312,449.461,0
,vgg11_57,217.084,0
,vgg11_273,151.425,0
,vgg11_313,188.611,0
,vgg19_386,476.448,0
,vgg19_412,730.029,0
,vgg19_316,851.959,0
,vgg19_96,216.472,0
,vgg19_293,493.887,0
,vgg11_98,60.395,0
,vgg11_180,167.973,0
,vgg13_68,605.102,0
,vgg11_68,65.643,0
,vgg16_201,125.262,0
,vgg11_30,131.427,0
,vgg11_90,88.693,0
,vgg13_498,124.882,0
,vgg11_364,102.595,0
,vgg16_289,357.698,0
,vgg19_427,496.544,0
,vgg13_183,448.978,0
,vgg19_42,505.119,0
,vgg11_419,148.658,0
,vgg13_129,475.540,0
,vgg13_412,613.768,0
,vgg19_117,329.809,0
,vgg11_480,72.556,0
,vgg11_16,87.742,0
,vgg11_79,323.746,0
,vgg11_431,186.953,0
,vgg13_35,241.067,0
,vgg13_139,166.551,0
,vgg11_479,348.734,0
,vgg11_87,116.550,0
,vgg16_116,258.771,0
,vgg11_61,104.228,0
,vgg11_74,83.747,0
,vgg13_348,300.831,0
,vgg13_377,203.720,0
,vgg13_105,285.808,0
,vgg11_108,109.499,0
,vgg16_393,871.505,0
,vgg19_301,778.944,0
,vgg13_407,165.700,0
,vgg11_383,134.235,0
,vgg13_153,109.828,0
,vgg16_185,325.274,0
,vgg13_409,217.417,0
,vgg19_170,449.379,0
,vgg19_121,582.726,0
,vgg19_79,593.123,0
,vgg13_256,324.105,0
,vgg16_78,440.890,0
,vgg19_355,382.548,0
,vgg16_366,628.624,0
,vgg13_253,459.744,0
,vgg13_486,310.268,0
,vgg13_333,217.482,0
,vgg16_20,193.039,0
,vgg11_355,57.536,0
,vgg16_25,602.247,0
,vgg19_39,724.806,0
,vgg11_293,132.958,0
,vgg13_341,337.156,0
,vgg19_223,373.924,0
,vgg19_289,236.474,0
,vgg11_236,285.570,0
,vgg13_136,212.409,0
,vgg11_406,82.794,0
,vgg16_108,322.005,0
,vgg13_281,528.175,0
,vgg16_316,1340.575,0
,vgg11_210,35.399,0
,vgg19_321,1114.391,0
,vgg11_8,223.150,0
,vgg19_134,443.635,0
,vgg11_203,175.112,0
,vgg19_258,243.767,0
,vgg11_105,150.546,0
,vgg16_315,272.838,0
,vgg19_446,1295.453,0
,vgg11_82,281.362,0
,vgg11_213,358.678,0
,vgg19_143,775.413,0
,vgg11_122,131.507,0
,vgg11_112,216.123,0
,vgg19_24,432.239,0
,vgg11_420,311.686,0
,vgg19_418,743.590,0
,vgg16_338,406.856,0
,vgg11_340,511.083,0
,vgg16_303,196.916,0
,vgg13_198,273.253,0
,vgg13_397,99.432,0
,vgg19_466,398.763,0
,vgg16_42,879.235,0
,vgg13_401,208.938,0
,vgg13_144,196.258,0
,vgg13_458,587.662,0
,vgg13_126,226.060,0
,vgg11_204,473.554,0
,vgg16_132,278.467,0
,vgg16_182,306.833,0
,vgg11_242,141.995,0
,vgg11_137,138.293,0
,vgg16_56,351.184,0
,vgg13_402,226.550,0
,vgg16_489,253.049,0
,vgg11_23,269.321,0
,vgg19_194,330.555,0
,vgg16_466,850.213,0
,vgg19_149,476.557,0
,vgg11_381,107.750,0
,vgg11_493,164.907,0
,vgg16_492,459.082,0
,vgg13_62,319.508,0
,vgg13_335,135.124,0
,vgg16_362,979.916,0
,vgg11_95,150.458,0
,vgg11_253,278.307,0
,vgg16_7,354.313,0
,vgg13_323,423.402,0
,vgg16_337,687.371,0
,vgg13_470,183.385,0
,vgg16_40,244.589,0
,vgg16_237,230.702,0
,vgg11_247,120.356,0
,vgg13_334,328.065,0
,vgg13_394,227.626,0
,vgg19_191,299.629,0
,vgg19_59,1171.765,0
,vgg16_387,449.153,0
,vgg11_324,385.957,0
,vgg16_158,115.700,0
,vgg11_3,117.951,0
,vgg16_64,733.163,0
,vgg19_142,313.671,0
,vgg11_392,390.751,0
,vgg11_421,131.595,0
,vgg19_454,679.042,0
,vgg19_419,418.228,0
,vgg19_367,604.000,0
,vgg19_294,448.819,0
,vgg16_144,998.285,0
,vgg13_99,201.447,0
,vgg19_231,699.181,0
,vgg11_452,77.643,0
,vgg16_81,643.170,0
,vgg11_312,109.983,0
,vgg16_125,1003.990,0
,vgg19_473,911.811,0
,vgg19_224,184.456,0
,vgg16_436,335.962,0
,vgg13_284,107.146,0
,vgg11_384,373.935,0
,vgg11_252,405.353,0
,vgg19_66,482.232,0
,vgg11_386,278.130,0
,vgg13_440,454.133,0
,vgg13_242,131.800,0
,vgg19_346,525.452,0
,vgg11_449,369.061,0
,vgg16_174,505.311,0
,vgg11_334,235.454,0
,vgg13_78,825.846,0
,vgg16_491,644.651,0
,vgg11_300,314.032,0
,vgg13_327,412.960,0
,vgg11_329,83.757,0
,vgg11_176,561.884,0
,vgg16_329,235.310,0
,vgg11_396,79.898,0
,vgg13_438,134.354,0
,vgg16_472,494.110,0
,vgg13_40,249.367,0
,vgg16_230,250.148,0
,vgg13_88,501.288,0
,vgg19_339,325.788,0
,vgg16_411,241.361,0
,vgg11_336,190.262,0
,vgg13_45,76.576,0
,vgg16_292,501.427,0
,vgg16_203,186.231,0
,vgg16_76,792.471,0
,vgg16_335,271.014,0
,vgg13_452,245.750,0
,vgg19_47,663.377,0
,vgg16_163,744.929,0
,vgg16_479,463.649,0
,vgg11_287,112.600,0
,vgg13_372,308.660,0
,vgg11_142,393.559,0
,vgg19_425,247.229,0
,vgg11_276,185.731,0
,vgg19_50,275.702,0
,vgg16_53,696.784,0
,vgg19_402,469.236,0
,vgg19_417,515.198,0
,vgg16_179,582.153,0
,vgg11_294,49.819,0
,vgg11_255,31.873,0
,vgg13_270,309.132,0
,vgg13_488,123.365,0
,vgg19_242,1005.810,0
,vgg13_52,326.788,0
,vgg11_99,257.176,0
,vgg13_368,330.937,0
,vgg11_216,176.484,0
,vgg11_250,52.625,0
,vgg11_412,214.753,0
,vgg16_487,378.284,0
,vgg13_359,197.765,0
,vgg11_43,82.684,0
,vgg19_400,724.560,0
,vgg16_269,215.351,0
,vgg16_172,666.475,0
,vgg16_180,650.952,0
,vgg11_398,293.036,0
,vgg19_464,230.942,0
,vgg11_494,175.984,0
,vgg16_143,431.867,0
,vgg11_7,181.193,0
,vgg16_70,413.854,0
,vgg11_337,164.406,0
,vgg11_100,128.974,0
,vgg16_248,627.235,0
,vgg13_260,115.035,0
,vgg13_47,211.444,0
,vgg11_426,194.926,0
,vgg11_463,209.952,0
,vgg11_309,203.670,0
,vgg11_499,931.422,0
,vgg16_63,921.978,0
,vgg11_198,83.193,0
,vgg16_444,316.464,0
,vgg16_28,196.938,0
,vgg11_169,573.170,0
,vgg19_114,558.462,0
,vgg19_1,497.956,0
,vgg11_25,158.365,0
,vgg13_146,294.408,0
,vgg13_491,447.198,0
,vgg19_310,453.439,0
,vgg19_35,313.553,0
,vgg16_218,195.460,0
,vgg11_154,179.388,0
,vgg13_320,638.049,0
,vgg16_481,313.077,0
,vgg16_274,295.765,0
,vgg13_376,143.377,0
,vgg16_186,322.985,0
,vgg19_304,222.494,0
,vgg19_87,974.919,0
,vgg11_89,140.586,0
,vgg13_235,722.987,0
,vgg19_390,713.687,0
,vgg13_269,340.411,0
,vgg16_293,215.671,0
,vgg13_265,79.582,0
,vgg16_258,1034.555,0
,vgg11_6,50.990,0
,vgg13_217,481.646,0
,vgg11_20,315.985,0
,vgg13_147,535.127,0
,vgg16_346,171.357,0
,vgg16_377,152.442,0
,vgg16_389,258.436,0
,vgg19_255,376.696,0
,vgg13_309,216.885,0
,vgg19_182,462.778,0
,vgg11_52,241.628,0
,vgg13_168,170.469,0
,vgg13_206,441.969,0
,vgg13_285,328.543,0
,vgg13_489,205.462,0
,vgg16_136,289.635,0
,vgg11_21,383.951,0
,vgg11_55,156.812,0
,vgg16_214,410.943,0
,vgg13_315,522.645,0
,vgg13_60,468.302,0
,vgg11_444,148.757,0
,vgg19_276,421.655,0
,vgg16_89,158.093,0
,vgg16_488,410.265,0
,vgg19_140,360.120,0
,vgg19_200,535.737,0
,vgg11_345,64.747,0
,vgg16_320,263.325,0
,vgg16_463,437.755,0
,vgg16_13,464.564,0
,vgg19_263,838.706,0
,vgg13_417,423.875,0
,vgg11_331,226.267,0
,vgg16_45,229.076,0
,vgg16_394,611.617,0
,vgg19_80,190.757,0
,vgg11_291,71.138,0
,vgg13_274,229.057,0
,vgg11_251,112.798,0
,vgg13_346,252.846,0
,vgg16_465,632.244,0
,vgg16_83,549.121,0
,vgg13_366,467.569,0
,vgg19_105,366.051,0
,vgg11_491,127.671,0
,vgg16_469,406.948,0
,vgg13_38,136.471,0
,vgg19_155,446.194,0
,vgg13_110,901.842,0
,vgg13_55,539.768,0
,vgg13_426,399.489,0
,vgg13_43,276.358,0
,vgg19_266,393.295,0
,vgg16_364,311.162,0
,vgg16_339,320.550,0
,vgg16_36,190.333,0
,vgg19_492,366.154,0
,vgg16_212,92.396,0
,vgg11_472,193.030,0
,vgg16_313,140.548,0
,vgg11_437,546.527,0
,vgg19_352,535.903,0
,vgg11_161,485.998,0
,vgg19_296,982.241,0
,vgg19_497,700.808,0
,vgg16_385,357.687,0
,vgg16_473,348.442,0
,vgg19_326,697.053,0
,vgg19_185,623.732,0
,vgg13_229,394.361,0
,vgg13_67,242.074,0
,vgg16_435,734.402,0
,vgg19_57,1245.885,0
,vgg13_125,240.840,0
,vgg13_399,247.980,0
,vgg13_121,436.916,0
,vgg13_239,490.813,0
,vgg13_79,247.863,0
,vgg13_108,273.763,0
,vgg11_102,189.915,0
,vgg16_30,631.253,0
,vgg19_385,434.960,0
,vgg13_237,458.696,0
,vgg13_80,149.769,0
,vgg11_187,281.447,0
,vgg11_196,175.428,0
,vgg16_167,105.072,0
,vgg13_374,189.773,0
,vgg11_492,590.354,0
,vgg16_32,502.646,0
,vgg19_295,463.286,0
,vgg11_33,59.972,0
,vgg19_62,150.561,0
,vgg11_182,46.242,0
,vgg13_483,150.291,0
,vgg19_373,638.475,0
,vgg16_59,386.038,0
,vgg11_104,262.563,0
,vgg19_112,570.305,0
,vgg19_477,858.783,0
,vgg13_332,343.601,0
,vgg13_1,266.990,0
,vgg16_92,597.590,0
,vgg13_9,105.677,0
,vgg16_98,405.163,0
,vgg11_428,158.862,0
,vgg11_134,249.740,0
,vgg11_76,111.806,0
,vgg16_227,421.549,0
,vgg13_157,379.836,0
,vgg19_222,660.885,0
,vgg19_364,435.211,0
,vgg11_296,116.069,0
,vgg11_165,270.870,0
,vgg19_377,525.903,0
,vgg16_291,823.250,0
,vgg13_383,63.122,0
,vgg16_351,329.668,0
,vgg19_471,342.536,0
,vgg11_50,239.015,0
,vgg19_435,718.817,0
,vgg13_433,81.132,0
,vgg16_69,1339.997,0
,vgg11_457,33.865,0
,vgg11_342,419.747,0
,vgg13_449,734.069,0
,vgg13_294,135.172,0
,vgg19_281,430.116,0
,vgg19_476,358.966,0
,vgg19_343,308.109,0
,vgg16_415,565.475,0
,vgg16_321,677.781,0
,vgg13_151,337.092,0
,vgg16_120,372.726,0
,vgg11_28,185.355,0
,vgg11_26,121.204,0
,vgg19_278,410.716,0
,vgg13_390,480.455,0
,vgg16_490,759.583,0
,vgg13_57,226.724,0
,vgg13_201,162.531,0
,vgg13_273,310.781,0
,vgg16_283,639.273,0
