,alexnet_774,20.8302,0.0223172
,alexnet_1774,25.9019,0.240258
,alexnet_911,20.2528,0.0164477
,alexnet_66,5.66999,0.00758037
,alexnet_943,7.25336,0.0180028
,alexnet_519,13.0954,0.143897
,alexnet_997,8.08019,0.0126204
,alexnet_920,17.3833,0.0135343
,alexnet_636,7.57008,0.0196653
,alexnet_932,13.6588,0.122327
,alexnet_1563,9.43304,0.0292659
,alexnet_843,26.3425,0.366276
,alexnet_1548,25.0025,0.0269673
,alexnet_8,14.7716,0.137682
,alexnet_1334,13.2797,0.0193548
,alexnet_479,18.6239,0.0772904
,alexnet_153,14.5946,0.0127367
,alexnet_377,52.3024,0.0352671
,alexnet_900,31.7803,0.205483
,alexnet_1362,20.787,0.207703
,alexnet_1612,9.96179,0.14261
,alexnet_390,10.3159,0.100607
,alexnet_1925,5.82328,0.0110294
,alexnet_793,32.6404,0.154385
,alexnet_348,5.51097,0.0814628
,alexnet_480,5.91139,0.00809962
,alexnet_672,3.9438,0.0334373
,alexnet_1781,5.23302,0.0564613
,alexnet_800,4.10508,0.00823239
,alexnet_386,12.5764,0.0139494
,alexnet_1014,28.5866,0.188802
,alexnet_977,16.9834,0.0344086
,alexnet_641,36.8202,0.364166
,alexnet_232,40.9254,0.771755
,alexnet_1347,15.234,0.0510784
,alexnet_413,31.2825,0.407415
,alexnet_1056,4.91296,0.00675287
,alexnet_147,3.95429,0.00766721
,alexnet_1368,11.2737,0.0756529
,alexnet_21,14.4818,0.0176842
,alexnet_1902,16.8046,0.282227
,alexnet_1398,10.7457,0.0126688
,alexnet_1742,23.1242,0.0287145
,alexnet_1559,12.7924,0.0248731
,alexnet_1107,14.5124,0.170255
,alexnet_1517,20.505,0.024109
,alexnet_1317,17.7529,0.300215
,alexnet_669,18.8393,0.377618
,alexnet_1864,5.77809,0.0533236
,alexnet_538,16.0232,0.0204484
,alexnet_1247,26.7051,0.0652412
,alexnet_811,20.9899,0.0205972
,alexnet_890,11.6259,0.0127562
,alexnet_249,20.0463,0.0288769
,alexnet_1064,22.8228,0.0241355
,alexnet_92,15.185,0.0508046
,alexnet_1444,16.2005,0.0187118
,alexnet_1891,34.0642,0.286274
,alexnet_262,47.8577,0.0596157
,alexnet_1324,21.1367,0.0218002
,alexnet_930,25.8179,0.16066
,alexnet_768,35.4654,0.341262
,alexnet_1689,21.6695,0.061944
,alexnet_339,38.0586,0.0648347
,alexnet_1759,10.8816,0.0523578
,alexnet_282,24.1059,0.0407657
,alexnet_223,16.6949,0.0209125
,alexnet_1590,19.9111,0.0209781
,alexnet_1604,15.4086,0.0257187
,alexnet_1072,2.60153,0.00792011
,alexnet_1692,21.3496,0.0369492
,alexnet_1539,17.0367,0.156755
,alexnet_944,16.198,0.211099
,alexnet_616,15.2527,0.0290618
,alexnet_1435,20.2453,0.122655
,alexnet_736,16.5365,0.0143389
,alexnet_644,21.1705,0.123217
,alexnet_1279,3.90894,0.0151555
,alexnet_914,8.38362,0.011174
,alexnet_1326,18.4654,0.0231534
,alexnet_557,8.4491,0.0114616
,alexnet_906,10.9096,0.0121004
,alexnet_31,13.9514,0.020201
,alexnet_1012,21.4122,0.0307211
,alexnet_1747,7.85731,0.0163318
,alexnet_1005,9.24453,0.0167757
,alexnet_1878,16.004,0.0299125
,alexnet_963,25.9279,0.0168161
,alexnet_32,7.87191,0.0702352
,alexnet_941,19.0376,0.10402
,alexnet_1975,10.2195,0.00975247
,alexnet_1333,8.82267,0.0109191
,alexnet_1701,9.64763,0.0110574
,alexnet_86,6.41471,0.00720022
,alexnet_1430,11.9972,0.0165988
,alexnet_155,9.2388,0.0135151
,alexnet_1032,25.3402,0.443279
,alexnet_693,60.8613,0.713374
,alexnet_1594,13.7776,0.0450424
,alexnet_844,9.00319,0.0270427
,alexnet_132,12.9663,0.0179013
,alexnet_1538,15.0928,0.0258612
,alexnet_1222,10.0735,0.0128737
,alexnet_1339,9.60926,0.0835491
,alexnet_1519,21.1633,0.0866971
,alexnet_1404,50.2547,0.401021
,alexnet_1156,21.0787,0.0242508
,alexnet_1426,10.6968,0.107727
,alexnet_326,27.8411,0.0744641
,alexnet_976,20.9779,0.0179852
,alexnet_1348,52.089,0.729483
,alexnet_193,18.3024,0.0196417
,alexnet_611,48.4307,0.0335568
,alexnet_1764,5.95396,0.0583118
,alexnet_797,19.9752,0.0133121
,alexnet_934,4.89632,0.0107716
,alexnet_1814,26.0929,0.250853
,alexnet_121,32.111,0.0409685
,alexnet_857,32.2274,0.0507603
,alexnet_274,23.4774,0.0101295
,alexnet_1486,9.84465,0.0174062
,alexnet_2,31.7465,0.0731475
,alexnet_1456,10.5325,0.0156224
,alexnet_1331,2.11703,0.012159
,alexnet_1527,22.8795,0.0588036
,alexnet_596,12.6076,0.0407861
,alexnet_76,19.4625,0.230801
,alexnet_1535,15.6154,0.017245
,alexnet_1735,26.4946,0.379549
,alexnet_1526,5.67321,0.00792389
,alexnet_529,15.8148,0.0176282
,alexnet_1370,21.7505,0.128833
,alexnet_124,60.5147,0.353122
,alexnet_986,16.6735,0.231866
,alexnet_528,12.4362,0.0634593
,alexnet_158,29.53,0.28528
,alexnet_604,25.3208,0.0648553
,alexnet_996,16.4059,0.0992584
,alexnet_1402,16.0981,0.0180392
,alexnet_1645,24.8422,0.19271
,alexnet_603,15.8128,0.0517782
,alexnet_1274,8.12213,0.0223225
,alexnet_725,8.10248,0.0317761
,alexnet_218,23.9529,0.0332492
,alexnet_71,14.8215,0.134061
,alexnet_1608,34.3565,0.185601
,alexnet_1126,13.8012,0.0896918
,alexnet_1840,16.0741,0.0187444
,alexnet_1092,24.6819,0.0342323
,alexnet_1440,4.69016,0.0563973
,alexnet_1245,7.04222,0.0122496
,alexnet_1980,41.616,0.650559
,alexnet_1449,11.1488,0.012621
,alexnet_331,3.48498,0.033561
,alexnet_1779,27.6176,0.0953436
,alexnet_545,6.97323,0.124214
,alexnet_831,20.1434,0.0515
,alexnet_1820,43.9751,0.0307496
,alexnet_1161,14.1667,0.0535295
,alexnet_716,7.85456,0.0194117
,alexnet_1961,10.1364,0.0108069
,alexnet_777,16.6643,0.0250411
,alexnet_1854,11.7856,0.21921
,alexnet_1198,12.3345,0.0202114
,alexnet_876,16.7469,0.163744
,alexnet_468,12.6021,0.0124962
,alexnet_1061,18.3662,0.0216231
,alexnet_1881,13.5904,0.0168966
,alexnet_162,8.933,0.0911767
,alexnet_1084,14.1392,0.0189259
,alexnet_1048,18.7559,0.0194047
,alexnet_1772,8.86234,0.00878453
,alexnet_1613,12.5563,0.0613319
,alexnet_1734,7.28705,0.0702829
,alexnet_1063,26.0525,0.151881
,alexnet_195,10.5184,0.0146852
,alexnet_988,8.30966,0.0149841
,alexnet_1160,6.93515,0.00758783
,alexnet_1177,51.2662,0.0548672
,alexnet_706,11.5222,0.0222672
,alexnet_948,38.0723,0.0707957
,alexnet_1159,14.093,0.056133
,alexnet_1598,31.3281,0.0208612
,alexnet_1713,43.9912,0.954367
,alexnet_1193,18.4939,0.0490866
,alexnet_177,23.0758,0.528349
,alexnet_1008,31.0152,0.122517
,alexnet_1123,8.26744,0.0523733
,alexnet_1693,42.2317,0.424189
,alexnet_54,9.77375,0.0200045
,alexnet_1338,23.9487,0.0265639
,alexnet_335,21.2817,0.0263553
,alexnet_1699,12.9251,0.123821
,alexnet_923,45.1677,0.148222
,alexnet_530,3.8078,0.00604985
,alexnet_1866,5.32906,0.00878971
,alexnet_1815,9.94114,0.0147971
,alexnet_1946,5.08158,0.00738023
,alexnet_912,4.70515,0.00952874
,alexnet_330,35.6912,0.806895
,alexnet_1816,33.5606,0.118755
,alexnet_1503,30.265,0.499558
,alexnet_1116,37.0206,0.556123
,alexnet_630,3.00141,0.0162141
,alexnet_1442,19.7368,0.0653103
,alexnet_916,21.0134,0.0595136
,alexnet_1848,45.25,0.71591
,alexnet_1391,12.7373,0.0124487
,alexnet_1642,59.5863,0.0389066
,alexnet_115,14.3432,0.0162517
,alexnet_1830,29.928,0.033375
,alexnet_1595,11.9109,0.0253072
,alexnet_1926,14.0045,0.179553
,alexnet_1436,11.4569,0.0948677
,alexnet_1677,22.3726,0.115381
,alexnet_379,5.80287,0.0117324
,alexnet_733,4.39584,0.0123274
,alexnet_1647,50.1951,0.673817
,alexnet_494,4.07107,0.0417012
,alexnet_907,17.7693,0.0217599
,alexnet_1260,11.5229,0.208525
,alexnet_570,13.6359,0.0134222
,alexnet_1775,34.0698,0.157506
,alexnet_755,26.8592,0.0309113
,alexnet_38,16.9585,0.122643
,alexnet_1450,9.03038,0.0750822
,alexnet_1135,14.8782,0.0117402
,alexnet_133,62.6964,0.244906
,alexnet_1158,23.2509,0.128992
,alexnet_1706,22.6579,0.0182286
,alexnet_514,41.2886,0.0346946
,alexnet_1752,14.8247,0.0595412
,alexnet_623,41.4235,0.130808
,alexnet_1261,9.01076,0.0101575
,alexnet_332,8.45689,0.012252
,alexnet_613,17.277,0.0213626
,alexnet_1859,15.5886,0.0195047
,alexnet_1499,12.2733,0.142934
,alexnet_1877,19.3086,0.0732934
,alexnet_1897,30.4354,0.26571
,alexnet_333,3.72999,0.0383167
,alexnet_802,20.0773,0.280635
,alexnet_1018,4.15331,0.0236767
,alexnet_697,19.5064,0.260158
,alexnet_1006,11.9552,0.0119218
,alexnet_14,4.89832,0.0859982
,alexnet_1163,36.47,0.68397
,alexnet_561,23.2574,0.0360486
,alexnet_1562,14.0429,0.012141
,alexnet_1833,7.63135,0.15707
,alexnet_213,24.5207,0.209231
,alexnet_1733,13.6309,0.0333836
,alexnet_583,2.69872,0.0132331
,alexnet_1553,13.9909,0.0106652
,alexnet_982,14.6835,0.173346
,alexnet_1366,15.3741,0.0639026
,alexnet_448,18.7449,0.0165674
,alexnet_43,63.4753,0.893914
,alexnet_760,27.689,0.138701
,alexnet_1721,22.292,0.0272152
,alexnet_1051,13.9901,0.00740269
,alexnet_229,1.22626,0.0251799
,alexnet_832,24.2821,0.118451
,alexnet_180,19.6883,0.187928
,alexnet_695,45.7699,0.301859
,alexnet_100,11.8421,0.0757608
,alexnet_250,10.4512,0.157544
,alexnet_1568,20.6514,0.0663279
,alexnet_1035,16.0765,0.013327
,alexnet_1086,11.4334,0.0220265
,alexnet_446,5.74376,0.00700041
,alexnet_113,7.88655,0.0706711
,alexnet_1754,37.8239,0.874025
,alexnet_692,9.5299,0.0157607
,alexnet_1468,37.0603,0.725386
,alexnet_454,21.7091,0.0338734
,alexnet_577,14.8086,0.0192848
,alexnet_1191,21.1603,0.0237286
,alexnet_1498,5.14367,0.0167577
,alexnet_1728,5.41508,0.0213343
,alexnet_403,7.10922,0.0468016
,alexnet_209,13.053,0.0693952
,alexnet_1675,11.7749,0.0822618
,alexnet_434,10.4419,0.0265079
,alexnet_1544,7.34551,0.0108429
,alexnet_1596,5.98503,0.0280529
,alexnet_1210,25.0624,0.0389684
,alexnet_1388,7.77269,0.0194827
,alexnet_163,3.84124,0.0160097
,alexnet_702,3.18634,0.013777
,alexnet_959,9.50184,0.103112
,alexnet_664,6.32545,0.0137672
,alexnet_1534,61.8116,0.911769
,alexnet_178,14.618,0.0211668
,alexnet_1146,6.8454,0.0957851
,alexnet_993,26.1254,0.035398
,alexnet_5,6.58185,0.0105407
,alexnet_929,30.3151,0.0299484
,alexnet_1485,23.5856,0.0220115
,alexnet_212,15.9635,0.123826
,alexnet_1167,19.0012,0.011343
,alexnet_1386,17.6183,0.0233109
,alexnet_826,6.0117,0.0547789
,alexnet_634,26.9284,0.0983766
,alexnet_1253,10.4993,0.0146703
,alexnet_439,27.6875,0.0293454
,alexnet_1100,55.3596,0.846303
,alexnet_1102,32.0186,0.151509
,alexnet_975,18.1384,0.0132735
,alexnet_1105,26.1815,0.119232
,alexnet_1768,11.4266,0.0595381
,alexnet_1322,26.0615,0.371751
,alexnet_635,7.41681,0.0160251
,alexnet_896,6.58338,0.00577028
,alexnet_1543,25.6401,0.0710457
,alexnet_1861,2.03392,0.00393448
,alexnet_47,8.94843,0.0406218
,alexnet_111,8.21431,0.0655968
,alexnet_1549,24.1862,0.0557745
,alexnet_956,21.8405,0.0216347
,alexnet_1053,20.7026,0.0284033
,alexnet_116,13.6778,0.0293729
,alexnet_1179,13.7276,0.0270057
,alexnet_1680,16.3486,0.0181277
,alexnet_449,24.6801,0.0233882
,alexnet_1432,7.68473,0.0377454
,alexnet_598,24.3361,0.153738
,alexnet_1225,24.5359,0.026622
,alexnet_1387,13.6371,0.187179
,alexnet_417,10.8685,0.0225964
,alexnet_207,21.219,0.0183075
,alexnet_433,9.58055,0.0152535
,alexnet_765,6.41959,0.0316653
,alexnet_1653,19.2323,0.020018
,alexnet_1340,30.0621,0.275044
,alexnet_395,8.21445,0.00993598
,alexnet_1557,3.7223,0.0084263
,alexnet_1188,32.9647,0.288807
,alexnet_1394,24.9144,0.0543606
,alexnet_1298,36.8654,0.0254055
,alexnet_61,31.6933,0.11849
,alexnet_179,46.2289,0.0202748
,alexnet_640,23.9948,0.225173
,alexnet_397,5.70529,0.0137277
,alexnet_899,2.65577,0.0334463
,alexnet_1715,8.83147,0.0505452
,alexnet_1512,1.67216,0.0278214
,alexnet_1933,29.7299,0.0267874
,alexnet_1847,5.25315,0.0662247
,alexnet_1537,32.1653,0.742944
,alexnet_801,14.8325,0.0882549
,alexnet_1904,81.7382,0.717283
,alexnet_1293,33.6982,0.0425039
,alexnet_1272,18.8059,0.0156896
,alexnet_1201,5.32603,0.0530435
,alexnet_255,29.2224,0.0730255
,alexnet_1985,14.8338,0.0177338
,alexnet_1944,27.2885,0.0350993
,alexnet_1546,18.6252,0.111145
,alexnet_969,23.1915,0.0190469
,alexnet_210,9.91383,0.0127714
,alexnet_830,7.97232,0.0137288
,alexnet_1826,11.66,0.0194572
,alexnet_643,12.3223,0.0144227
,alexnet_242,19.8702,0.121613
,alexnet_279,18.132,0.0457977
,alexnet_518,10.1205,0.168303
,alexnet_1634,6.1279,0.0252394
,alexnet_1365,26.1811,0.0369615
,alexnet_1488,15.0764,0.0250148
,alexnet_676,6.37097,0.0156832
,alexnet_355,8.88189,0.0762574
,alexnet_219,10.4545,0.02191
,alexnet_769,19.6021,0.0284662
,alexnet_892,13.2809,0.0196911
,alexnet_608,27.4534,0.0257327
,alexnet_961,12.5976,0.00844764
,alexnet_937,14.4588,0.0539873
,alexnet_647,4.68013,0.00735881
,alexnet_1212,12.7831,0.015421
,alexnet_1813,12.5256,0.0183753
,alexnet_1593,14.8004,0.0353633
,alexnet_771,27.3094,0.0226144
,alexnet_1120,26.437,0.0341547
,alexnet_568,32.5386,0.0544644
,alexnet_1948,10.6099,0.0191124
,alexnet_284,51.1874,0.12685
,alexnet_1384,18.5821,0.215378
,alexnet_1015,15.8575,0.0923745
,alexnet_764,10.7327,0.0155899
,alexnet_873,17.2575,0.020164
,alexnet_265,9.3869,0.0662796
,alexnet_389,10.7771,0.011396
,alexnet_1257,27.3823,0.0177966
,alexnet_1180,19.5685,0.136245
,alexnet_311,36.6265,0.0245947
,alexnet_289,24.5246,0.444504
,alexnet_1730,16.274,0.156386
,alexnet_1114,18.1959,0.0114787
,alexnet_1027,19.5117,0.164522
,alexnet_1462,36.6139,0.0902322
,alexnet_1184,9.76568,0.0117374
,alexnet_483,21.2383,0.0297617
,alexnet_315,1.98027,0.0176513
,alexnet_1983,7.36734,0.116315
,alexnet_1134,28.4624,0.0407213
,alexnet_172,10.0147,0.0137639
,alexnet_671,2.71179,0.0218182
,alexnet_272,4.98226,0.0130086
,alexnet_1924,12.5214,0.0154968
,alexnet_436,21.0768,0.0145674
,alexnet_827,3.70582,0.00579931
,alexnet_1433,9.40509,0.108193
,alexnet_588,10.3452,0.0279926
,alexnet_191,15.8145,0.0229752
,alexnet_1047,9.35272,0.099762
,alexnet_1600,61.2239,0.0590222
,alexnet_313,29.6317,0.329599
,alexnet_1822,6.28867,0.0138274
,alexnet_904,15.4227,0.0342403
,alexnet_718,26.8069,0.0176542
,alexnet_62,9.77959,0.0223629
,alexnet_256,5.78507,0.0369408
,alexnet_762,5.06382,0.0145087
,alexnet_145,14.0102,0.0254522
,alexnet_1183,19.5923,0.0149636
,alexnet_1599,31.0376,0.269133
,alexnet_1705,6.76798,0.0137742
,alexnet_957,28.1178,0.0204301
,alexnet_1111,26.7254,0.032116
,alexnet_1555,12.9999,0.0276669
,alexnet_1408,8.23523,0.109936
,alexnet_461,29.6359,0.227056
,alexnet_842,7.13384,0.018404
,alexnet_1296,6.61585,0.0552334
,alexnet_981,13.9385,0.0117979
,alexnet_1144,10.8479,0.0167038
,alexnet_852,17.3672,0.117866
,alexnet_983,39.2993,0.259661
,alexnet_175,13.3489,0.0724231
,alexnet_619,16.877,0.0230732
,alexnet_12,12.0337,0.0256031
,alexnet_235,7.88833,0.0117505
,alexnet_424,28.4841,0.035557
,alexnet_714,10.3618,0.0232268
,alexnet_874,6.34143,0.0139522
,alexnet_924,36.1391,0.037159
,alexnet_1683,22.919,0.0978901
,alexnet_558,8.24357,0.0121531
,alexnet_1007,39.7338,0.0415744
,alexnet_1869,15.9269,0.0182896
,alexnet_913,5.44237,0.0703797
,alexnet_1341,9.12046,0.0140923
,alexnet_6,14.2763,0.0201739
,alexnet_1794,7.43266,0.00968136
,alexnet_1795,31.2127,0.0243552
,alexnet_1481,9.40356,0.0276528
,alexnet_489,17.8711,0.146309
,alexnet_108,2.80201,0.0195101
,alexnet_813,27.0527,0.0261235
,alexnet_328,17.8912,0.251254
,alexnet_591,5.49904,0.0184608
,alexnet_1295,5.8635,0.00605418
,alexnet_1743,9.42874,0.0102432
,alexnet_565,2.23505,0.00659922
,alexnet_159,21.5096,0.0380745
,alexnet_1069,10.7596,0.0342644
,alexnet_165,53.7866,1.14026
,alexnet_53,8.61624,0.123103
,alexnet_1646,60.9347,1.03142
,alexnet_1124,4.76628,0.00663478
,alexnet_1558,7.6626,0.0397527
,alexnet_602,14.9383,0.017046
,alexnet_936,26.6439,0.124732
,alexnet_1422,24.7853,0.0232619
,alexnet_970,16.2104,0.0135271
,alexnet_792,35.6673,0.0810745
,alexnet_118,12.9776,0.0209776
,alexnet_677,5.94158,0.00832805
,alexnet_123,9.69646,0.0553517
,alexnet_1196,9.0107,0.045571
,alexnet_394,3.72701,0.0252363
,alexnet_573,12.5349,0.0152203
,alexnet_814,9.13842,0.0143786
,alexnet_978,2.93308,0.0115356
,alexnet_880,47.1846,0.525116
,alexnet_1288,19.4661,0.026318
,alexnet_521,7.93101,0.0103056
,alexnet_850,9.89861,0.0837848
,alexnet_1974,14.1357,0.0191622
,alexnet_447,19.5712,0.0248927
,alexnet_1304,32.1983,0.0226466
,alexnet_1078,16.6154,0.0306098
,alexnet_366,7.54824,0.0517706
,alexnet_600,7.93526,0.0128812
,alexnet_1075,17.7464,0.00918352
,alexnet_150,9.2921,0.0417943
,alexnet_495,16.5911,0.0768383
,alexnet_1487,48.885,1.00921
,alexnet_25,7.18123,0.00903306
,alexnet_859,5.26465,0.0111702
,alexnet_455,14.5228,0.0781595
,alexnet_1278,75.2979,0.0379956
,alexnet_1670,30.0292,0.0252258
,alexnet_701,11.7414,0.11128
,alexnet_368,6.35985,0.0708529
,alexnet_1472,20.6369,0.0227553
,alexnet_307,2.10733,0.00518565
,alexnet_501,14.3197,0.0873847
,alexnet_863,11.4135,0.0143787
,alexnet_1489,13.9723,0.0206645
,alexnet_628,13.4652,0.0129272
,alexnet_1251,10.3518,0.0218098
,alexnet_1041,34.3173,0.190323
,alexnet_966,7.06143,0.0100187
,alexnet_795,21.2719,0.0312058
,alexnet_1691,9.19228,0.0165015
,alexnet_646,22.4699,0.0235401
,alexnet_601,33.6003,0.0523756
,alexnet_103,23.5499,0.409245
,alexnet_1268,20.4797,0.114677
,alexnet_144,4.15031,0.0217311
,alexnet_1633,13.3063,0.0160545
,alexnet_610,21.9959,0.0146486
,alexnet_1459,5.21065,0.00976091
,alexnet_322,4.52736,0.00771707
,alexnet_895,12.8243,0.0265232
,alexnet_1466,10.8127,0.019292
,alexnet_1570,7.65128,0.0681547
,alexnet_1482,5.26442,0.0248855
,alexnet_1369,11.5135,0.0191756
,alexnet_1787,7.87616,0.016861
,alexnet_80,33.7683,0.0230149
,alexnet_1901,61.937,0.689129
,alexnet_738,44.3447,0.723413
,alexnet_372,3.9367,0.0057293
,alexnet_58,8.46547,0.0108178
,alexnet_1314,12.9199,0.0169796
,alexnet_590,5.70407,0.0202809
,alexnet_789,24.5662,0.100952
,alexnet_353,7.5898,0.0789545
,alexnet_839,14.1694,0.0765043
,alexnet_1762,11.7844,0.0558471
,alexnet_745,11.1,0.0198591
,alexnet_533,11.6914,0.0122975
,alexnet_388,34.2937,0.273018
,alexnet_1761,18.7746,0.0270069
,alexnet_248,2.67692,0.00534419
,alexnet_277,10.6416,0.0686906
,alexnet_526,15.0078,0.0803966
,alexnet_678,12.1109,0.0104644
,alexnet_828,2.04117,0.00648721
,alexnet_1306,20.3086,0.0420066
,alexnet_1363,10.6564,0.023099
,alexnet_660,20.1994,0.0339899
,alexnet_1930,1.25363,0.00424152
,alexnet_1264,13.8057,0.0894921
,alexnet_1371,32.009,0.512332
,alexnet_1284,12.2356,0.0151628
,alexnet_688,22.9703,0.038331
,alexnet_1896,44.9619,0.576913
,alexnet_1560,6.90869,0.0165168
,alexnet_1623,8.0381,0.0206242
,alexnet_862,15.7792,0.0171998
,alexnet_867,2.07411,0.00902139
,alexnet_1656,33.7825,0.661516
,alexnet_28,6.55054,0.121859
,alexnet_1249,34.8732,0.0472081
,alexnet_675,29.7621,0.141196
,alexnet_1738,9.03291,0.155928
,alexnet_1405,26.7561,0.601187
,alexnet_357,40.4683,0.0353083
,alexnet_1057,25.3333,0.640702
,alexnet_1050,13.4418,0.0126302
,alexnet_748,4.89181,0.00712301
,alexnet_1379,27.8302,0.0318021
,alexnet_798,24.564,0.0443299
,alexnet_539,13.2118,0.11056
,alexnet_1837,16.4266,0.0146593
,alexnet_1624,24.2654,0.0381326
,alexnet_373,8.8731,0.064808
,alexnet_950,30.7245,0.0182809
,alexnet_391,5.84096,0.0335341
,alexnet_1483,35.1654,0.509591
,alexnet_1220,10.3029,0.144898
,alexnet_1603,46.1495,0.233869
,alexnet_885,14.7897,0.030496
,alexnet_1511,27.7742,0.0271236
,alexnet_222,32.1519,0.121836
,alexnet_1990,20.0935,0.463095
,alexnet_148,18.9871,0.0495507
,alexnet_1785,10.1245,0.0540589
,alexnet_1077,14.0612,0.110491
,alexnet_1262,23.9873,0.150335
,alexnet_1513,10.8352,0.0599229
,alexnet_1219,5.86328,0.0064502
,alexnet_1707,22.6516,0.0996898
,alexnet_1187,17.9833,0.0290009
,alexnet_102,29.1521,0.0562885
,alexnet_1500,15.3571,0.113208
,alexnet_429,40.1613,0.0213144
,alexnet_1019,22.2987,0.497468
,alexnet_1916,25.657,0.244404
,alexnet_1087,33.0601,0.0269699
,alexnet_81,6.46009,0.0522847
,alexnet_810,5.75762,0.101852
,alexnet_1396,4.00978,0.0132111
,alexnet_1463,11.5627,0.156428
,alexnet_1121,16.6705,0.252948
,alexnet_699,9.3939,0.066295
,alexnet_1524,15.5193,0.0215545
,alexnet_1330,19.8488,0.0289639
,alexnet_657,6.03505,0.00835078
,alexnet_1894,29.7854,0.0332772
,alexnet_1099,15.639,0.0381517
,alexnet_752,10.8404,0.0123899
,alexnet_1157,3.65338,0.0158852
,alexnet_1953,20.6546,0.0258663
,alexnet_1649,16.736,0.0205774
,alexnet_1484,37.9804,0.0488682
,alexnet_93,5.5293,0.0146508
,alexnet_1619,36.7388,0.160899
,alexnet_870,40.2722,0.0375677
,alexnet_385,36.9991,0.176091
,alexnet_865,18.4653,0.0207144
,alexnet_1871,33.5252,0.0525748
,alexnet_228,4.88399,0.00950794
,alexnet_1256,42.6333,0.692024
,alexnet_364,76.7738,0.0474065
,alexnet_776,15.2265,0.0150033
,alexnet_196,9.64643,0.00684871
,alexnet_1501,39.313,0.1598
,alexnet_1921,40.1852,0.872441
,alexnet_1,24.6662,0.0193152
,alexnet_581,46.94,0.68345
,alexnet_1872,12.035,0.134567
,alexnet_444,24.8751,0.105901
,alexnet_541,18.0057,0.367898
,alexnet_1133,9.31502,0.0674134
,alexnet_1417,8.8154,0.025362
,alexnet_1329,21.0001,0.464562
,alexnet_1393,5.32723,0.00930168
,alexnet_1207,32.7669,0.205471
,alexnet_342,14.7437,0.0142566
,alexnet_872,7.05077,0.0152026
,alexnet_1922,42.231,0.190724
,alexnet_321,18.1332,0.515549
,alexnet_57,29.2938,0.0264891
,alexnet_411,5.9627,0.0571202
,alexnet_1502,39.3986,0.0486037
,alexnet_346,40.345,0.629805
,alexnet_1246,43.2746,0.0392624
,alexnet_1287,16.4865,0.0223546
,alexnet_473,7.16295,0.0705922
,alexnet_953,31.544,0.0300151
,alexnet_1874,6.67643,0.11081
,alexnet_1982,2.96251,0.00683263
,alexnet_476,2.96095,0.0136433
,alexnet_1863,19.0064,0.0183661
,alexnet_594,39.4212,0.463017
,alexnet_744,7.91855,0.02573
,alexnet_515,1.66325,0.0165473
,alexnet_1209,17.3271,0.0973262
,alexnet_1475,22.9951,0.266045
,alexnet_1017,13.8827,0.0285347
,alexnet_1708,11.3181,0.0221911
,alexnet_1682,4.80573,0.0106505
,alexnet_711,17.6425,0.105104
,alexnet_1605,14.9508,0.189983
,alexnet_67,15.4583,0.0135223
,alexnet_323,25.3029,0.45431
,alexnet_663,31.6425,0.0306158
,alexnet_435,44.208,0.139003
,alexnet_95,5.50096,0.115853
,alexnet_683,30.3052,0.309666
,alexnet_168,22.8892,0.0308966
,alexnet_1112,14.0378,0.186237
,alexnet_360,18.0822,0.0181723
,alexnet_1853,3.50298,0.015495
,alexnet_909,16.7836,0.0669653
,alexnet_30,12.242,0.0519947
,alexnet_1464,7.44358,0.0122182
,alexnet_1292,40.2994,0.106414
,alexnet_199,12.0223,0.0305438
,alexnet_68,22.1864,0.0129602
,alexnet_999,18.1447,0.0363102
,alexnet_9,29.0766,0.143293
,alexnet_1194,28.8925,0.552279
,alexnet_1516,14.6197,0.0253407
,alexnet_1010,4.0966,0.0102484
,alexnet_787,6.35666,0.118253
,alexnet_834,1.74335,0.00673248
,alexnet_1071,6.19346,0.0559661
,alexnet_553,17.9069,0.014095
,alexnet_879,12.9366,0.0818318
,alexnet_710,22.3842,0.0130942
,alexnet_1042,36.4861,0.0270027
,alexnet_1429,16.1002,0.056821
,alexnet_723,25.0417,0.131954
,alexnet_1979,21.4879,0.196036
,alexnet_767,0.991151,0.00398953
,alexnet_236,9.89778,0.0328588
,alexnet_1769,12.2584,0.00930675
,alexnet_365,21.5843,0.358947
,alexnet_420,10.212,0.142812
,alexnet_1079,15.7497,0.0206373
,alexnet_1518,30.6991,0.46269
,alexnet_110,19.4138,0.032727
,alexnet_174,8.11175,0.0211727
,alexnet_171,14.7293,0.102182
,alexnet_1248,17.6041,0.0174823
,alexnet_91,12.4104,0.0163443
,alexnet_1711,24.3157,0.0285039
,alexnet_1802,17.5119,0.0250408
,alexnet_1821,17.6158,0.0407738
,alexnet_1276,22.5103,0.57845
,alexnet_1406,3.10868,0.0261255
,alexnet_291,18.3803,0.0318877
,alexnet_137,7.95373,0.0389967
,alexnet_1908,1.22979,0.0159705
,alexnet_1255,21.0712,0.317581
,alexnet_398,37.7396,0.692078
,alexnet_1793,44.0666,0.273887
,alexnet_1149,3.31064,0.0394718
,alexnet_772,9.56252,0.0156308
,alexnet_400,30.233,0.0328947
,alexnet_1130,34.239,0.0381748
,alexnet_735,6.23932,0.0763469
,alexnet_502,14.3351,0.0231221
,alexnet_1232,25.3312,0.0472201
,alexnet_382,12.9083,0.0160926
,alexnet_296,9.02368,0.0185587
,alexnet_1844,11.3204,0.00995165
,alexnet_1970,47.8967,0.698559
,alexnet_1080,9.83168,0.016424
,alexnet_849,9.29368,0.00908437
,alexnet_1740,9.06064,0.0204925
,alexnet_504,9.58281,0.0210838
,alexnet_766,37.6952,0.0320634
,alexnet_0,11.9766,0.0130413
,alexnet_392,5.79921,0.0419308
,alexnet_1168,8.82724,0.0856535
,alexnet_921,14.9824,0.0168835
,alexnet_1493,9.29694,0.188296
,alexnet_648,22.7499,0.0240865
,alexnet_1328,6.52903,0.0119852
,alexnet_301,43.0312,0.547287
,alexnet_517,8.38776,0.010595
,alexnet_686,32.9166,0.555955
,alexnet_1586,3.08384,0.00550747
,alexnet_442,14.8114,0.107216
,alexnet_234,7.88945,0.0192412
,alexnet_574,41.0461,0.712935
,alexnet_87,22.8387,0.0815082
,alexnet_26,9.89989,0.161169
,alexnet_460,11.9252,0.0152411
,alexnet_595,13.1366,0.183772
,alexnet_592,3.43808,0.0271591
,alexnet_901,10.1822,0.0189105
,alexnet_1831,6.72701,0.0131184
,alexnet_99,18.0513,0.0187299
,alexnet_104,7.73883,0.0186922
,alexnet_860,4.9714,0.0311206
,alexnet_1233,36.0536,0.315594
,alexnet_673,9.85101,0.0129114
,alexnet_406,6.22726,0.0171205
,alexnet_1960,28.4891,0.0333919
,alexnet_7,4.45954,0.0085312
,alexnet_1514,21.5505,0.0295452
,alexnet_722,13.3675,0.0296682
,alexnet_70,23.3498,0.0942879
,alexnet_1811,21.3027,0.0238053
,alexnet_1718,20.2983,0.0266163
,alexnet_1749,15.5346,0.0208275
,alexnet_34,42.7124,1.06317
,alexnet_933,5.03462,0.00578475
,alexnet_156,8.90884,0.158945
,alexnet_1443,3.23516,0.0798881
,alexnet_1940,17.5384,0.0223941
,alexnet_1529,11.6483,0.0233331
,alexnet_1223,11.0142,0.0960136
,alexnet_1978,7.02418,0.0474871
,alexnet_51,16.0865,0.0194789
,alexnet_897,7.83162,0.0261971
,alexnet_79,30.707,0.0198301
,alexnet_806,31.1505,0.0324778
,alexnet_1757,12.7352,0.0431734
,alexnet_298,22.856,0.0323622
,alexnet_1360,11.2413,0.140919
,alexnet_1520,8.8806,0.0145823
,alexnet_215,17.3895,0.0245482
,alexnet_1798,13.0536,0.171963
,alexnet_378,15.0654,0.127192
,alexnet_1934,2.46954,0.00681975
,alexnet_1093,25.839,0.169314
,alexnet_74,15.4527,0.0358646
,alexnet_1723,41.3204,0.985862
,alexnet_893,22.9212,0.180775
,alexnet_1726,15.9476,0.131896
,alexnet_1082,5.67632,0.0144166
,alexnet_1584,19.921,0.0177822
,alexnet_1533,10.1465,0.0194127
,alexnet_1478,21.3018,0.208275
,alexnet_1132,11.3088,0.0398312
,alexnet_1173,17.4907,0.0315141
,alexnet_1026,47.6254,0.670271
,alexnet_23,4.82799,0.0142687
,alexnet_887,42.0357,0.738088
,alexnet_1271,2.69197,0.0171248
,alexnet_488,26.9989,0.0549356
,alexnet_1935,43.3409,0.131212
,alexnet_1016,4.73208,0.00711474
,alexnet_938,17.2896,0.0379176
,alexnet_1569,7.68932,0.0151779
,alexnet_551,29.5351,0.0407267
,alexnet_1474,24.842,0.134215
,alexnet_63,9.56117,0.182727
,alexnet_1448,43.6753,0.601345
,alexnet_615,6.00944,0.03581
,alexnet_1808,8.98897,0.0257633
,alexnet_1441,7.62731,0.0656207
,alexnet_1470,18.9912,0.0182278
,alexnet_1250,26.803,0.0243087
,alexnet_1125,10.3394,0.187552
,alexnet_1812,25.2938,0.682801
,alexnet_946,16.8137,0.0319853
,alexnet_543,18.8584,0.0157953
,alexnet_902,16.2731,0.0180352
,alexnet_356,11.4247,0.0108832
,alexnet_740,45.4003,0.959989
,alexnet_499,6.99982,0.0101614
,alexnet_1320,7.2049,0.0485962
,alexnet_1508,24.6514,0.272765
,alexnet_1507,1.6601,0.0111553
,alexnet_1148,27.4797,0.0194285
,alexnet_520,16.4252,0.018412
,alexnet_464,17.7924,0.0461832
,alexnet_1855,8.02307,0.0123737
,alexnet_824,4.77153,0.00792993
,alexnet_1849,32.2215,0.0312389
,alexnet_1145,21.82,0.158289
,alexnet_1152,25.3729,0.0737684
,alexnet_1119,14.5314,0.0179589
,alexnet_1401,5.25346,0.0134985
,alexnet_898,33.3494,0.0365236
,alexnet_423,38.7943,1.04258
,alexnet_836,28.865,0.647598
,alexnet_1657,17.0724,0.275932
,alexnet_915,33.6008,0.623728
,alexnet_142,10.6064,0.0108193
,alexnet_1202,1.99021,0.0166565
,alexnet_1611,14.2921,0.0267015
,alexnet_1991,37.0875,0.0882926
,alexnet_1635,7.18702,0.137001
,alexnet_252,4.75427,0.0345325
,alexnet_85,21.4079,0.202085
,alexnet_1089,13.4263,0.0153559
,alexnet_347,3.51397,0.0147546
,alexnet_273,22.0261,0.167757
,alexnet_1732,3.52339,0.0206546
,alexnet_341,21.7266,0.0232316
,alexnet_784,19.6704,0.0335622
,alexnet_376,8.86512,0.00761106
,alexnet_1592,48.1641,0.515655
,alexnet_1229,32.7437,0.15212
,alexnet_245,5.52148,0.0539565
,alexnet_758,19.0203,0.0184104
,alexnet_931,5.17934,0.00955923
,alexnet_18,2.83826,0.0070117
,alexnet_1106,19.4919,0.0652733
,alexnet_579,23.8588,0.0244867
,alexnet_1884,2.47407,0.0186425
,alexnet_50,13.0175,0.0125069
,alexnet_799,21.8256,0.0213302
,alexnet_1969,21.0868,0.0303994
,alexnet_1947,10.5,0.0194448
,alexnet_655,6.78821,0.0174482
,alexnet_369,23.5871,0.0212205
,alexnet_1838,10.4853,0.0109267
,alexnet_1410,25.1613,0.0841746
,alexnet_512,15.8046,0.103583
,alexnet_1796,11.6371,0.0154894
,alexnet_492,21.9243,0.0249573
,alexnet_1955,20.3507,0.241018
,alexnet_1999,20.0143,0.0940361
,alexnet_208,4.19036,0.0603992
,alexnet_185,28.056,0.0285476
,alexnet_1710,19.5833,0.0199956
,alexnet_1807,3.98356,0.0412877
,alexnet_888,30.9706,0.0463827
,alexnet_942,1.83084,0.019582
,alexnet_1039,3.58499,0.00645687
,alexnet_667,11.2786,0.0950771
,alexnet_1626,5.30328,0.00410316
,alexnet_292,3.26195,0.00995169
,alexnet_820,42.8962,0.491396
,alexnet_1237,37.2007,0.142696
,alexnet_854,30.1799,0.242211
,alexnet_1171,26.0003,0.351383
,alexnet_205,30.8704,0.265797
,alexnet_985,9.15066,0.0209897
,alexnet_587,7.8163,0.104427
,alexnet_1235,11.2798,0.0421342
,alexnet_370,15.1314,0.181003
,alexnet_1294,3.00639,0.0531564
,alexnet_114,7.7802,0.0108764
,alexnet_1672,36.9973,0.284522
,alexnet_1591,13.8599,0.0138176
,alexnet_485,14.8806,0.01668
,alexnet_1372,26.5944,0.424838
,alexnet_625,10.1542,0.0295443
,alexnet_1153,20.6748,0.406205
,alexnet_1574,2.16451,0.00445675
,alexnet_1457,14.2871,0.226583
,alexnet_1297,5.11052,0.00905941
,alexnet_1349,17.4174,0.417032
,alexnet_812,9.27569,0.0618275
,alexnet_1108,21.8312,0.194021
,alexnet_1564,36.556,0.0452447
,alexnet_537,12.8049,0.113495
,alexnet_324,15.6216,0.0332348
,alexnet_1509,47.197,0.0383756
,alexnet_614,6.76242,0.113102
,alexnet_1054,10.2001,0.0558247
,alexnet_450,5.95571,0.00695006
,alexnet_1792,10.8593,0.0144963
,alexnet_491,7.74525,0.0261728
,alexnet_1213,25.9018,0.293286
,alexnet_1776,6.61035,0.0267594
,alexnet_48,7.34317,0.0388775
,alexnet_1113,24.7349,0.0297517
,alexnet_1258,1.64926,0.00635675
,alexnet_585,14.3961,0.068844
,alexnet_1810,28.4828,0.162036
,alexnet_1918,23.7107,0.0270808
,alexnet_1932,23.7095,0.0227964
,alexnet_822,12.155,0.0171765
,alexnet_825,45.7855,0.664339
,alexnet_1875,7.19823,0.030486
,alexnet_1164,22.2004,0.0120181
,alexnet_1722,10.1756,0.0467596
,alexnet_139,6.91977,0.0511326
,alexnet_1651,70.4958,0.945784
,alexnet_1496,14.5821,0.0322482
,alexnet_1579,27.5957,0.108866
,alexnet_922,59.5127,1.21362
,alexnet_548,7.7848,0.0451583
,alexnet_1170,7.55645,0.0104005
,alexnet_217,28.1513,0.0354132
,alexnet_214,12.1809,0.0281049
,alexnet_161,19.4034,0.12287
,alexnet_1301,21.6837,0.0204986
,alexnet_478,6.18649,0.00611834
,alexnet_1305,5.8941,0.0449303
,alexnet_653,28.9948,0.0359942
,alexnet_349,9.65067,0.048695
,alexnet_1917,29.2838,0.102346
,alexnet_1473,22.5757,0.246941
,alexnet_198,16.3741,0.0832484
,alexnet_1829,20.9586,0.0450712
,alexnet_247,25.4753,0.240065
,alexnet_1823,10.6712,0.0183025
,alexnet_508,3.63063,0.0131471
,alexnet_1269,14.7546,0.0148255
,alexnet_1972,6.6182,0.0137056
,alexnet_1186,12.9804,0.0328072
,alexnet_1506,17.06,0.013369
,alexnet_96,17.2121,0.0178635
,alexnet_1615,14.2043,0.0325416
,alexnet_1230,20.0181,0.0415192
,alexnet_231,14.2569,0.018858
,alexnet_470,15.7775,0.28798
,alexnet_13,22.7792,0.32198
,alexnet_782,7.70166,0.0524595
,alexnet_1169,15.7402,0.188468
,alexnet_1578,4.03506,0.0152901
,alexnet_1020,34.0617,0.696109
,alexnet_1203,20.475,0.0798467
,alexnet_287,19.0136,0.0352236
,alexnet_1943,17.9914,0.138712
,alexnet_803,2.73184,0.0114852
,alexnet_1060,24.0206,0.0402322
,alexnet_183,14.9449,0.038274
,alexnet_1025,22.3012,0.0268291
,alexnet_1643,8.10992,0.0142163
,alexnet_45,12.1868,0.0158016
,alexnet_743,6.26837,0.00883612
,alexnet_477,14.836,0.020889
,alexnet_770,12.3172,0.0149185
,alexnet_1104,11.0625,0.0136916
,alexnet_980,36.4534,0.0290147
,alexnet_639,9.19931,0.0256947
,alexnet_884,24.8754,0.017152
,alexnet_1065,10.8002,0.0158849
,alexnet_1308,7.25325,0.125378
,alexnet_650,11.9017,0.154961
,alexnet_361,6.94033,0.00691268
,alexnet_1746,7.89572,0.023969
,alexnet_1937,13.8812,0.184686
,alexnet_44,0.397876,0.00225926
,alexnet_878,29.1564,0.462198
,alexnet_1545,11.4071,0.0294642
,alexnet_1717,7.90475,0.019928
,alexnet_1355,19.4503,0.0232042
,alexnet_173,30.2734,0.0273486
,alexnet_319,9.10207,0.0254878
,alexnet_441,28.7793,0.0242097
,alexnet_1552,18.4581,0.0577
,alexnet_851,19.8878,0.077862
,alexnet_858,11.6747,0.161238
,alexnet_425,2.88005,0.00797479
,alexnet_1316,28.8344,0.0236551
,alexnet_188,12.5184,0.0282715
,alexnet_759,9.09537,0.118572
,alexnet_1266,16.8451,0.0826735
,alexnet_571,33.2099,0.421346
,alexnet_1929,6.68614,0.00887073
,alexnet_459,19.1839,0.0260271
,alexnet_1751,31.1796,0.0297702
,alexnet_1601,50.8302,0.417049
,alexnet_1206,31.6637,0.0215562
,alexnet_481,6.75447,0.0172048
,alexnet_226,21.1309,0.0651583
,alexnet_1755,9.14835,0.113033
,alexnet_1453,12.4173,0.16782
,alexnet_345,10.4659,0.0182448
,alexnet_1936,5.47862,0.0121563
,alexnet_853,3.09624,0.0105567
,alexnet_687,7.7451,0.00780061
,alexnet_1300,9.1338,0.020441
,alexnet_125,20.1527,0.0251427
,alexnet_482,34.9544,0.421978
,alexnet_816,17.2569,0.0211779
,alexnet_584,24.8555,0.0461138
,alexnet_72,3.71146,0.00944097
,alexnet_300,15.2615,0.0127207
,alexnet_1227,15.965,0.16931
,alexnet_186,26.0299,0.0273866
,alexnet_1862,7.7855,0.0171376
,alexnet_506,17.7028,0.387572
,alexnet_1620,23.1569,0.0398357
,alexnet_1609,9.5188,0.069859
,alexnet_1720,16.672,0.0207921
,alexnet_1400,26.0693,0.0523104
,alexnet_728,26.7195,0.0985181
,alexnet_1439,43.9001,0.799103
,alexnet_1479,38.8323,0.0297449
,alexnet_1704,21.0542,0.0489167
,alexnet_576,14.4824,0.189292
,alexnet_27,23.468,0.0325345
,alexnet_254,30.4652,0.334759
,alexnet_329,36.1869,1.03628
,alexnet_1199,8.85208,0.0144464
,alexnet_939,9.33267,0.0173081
,alexnet_1834,15.4253,0.125901
,alexnet_732,11.0436,0.0171204
,alexnet_1211,34.3853,0.0363549
,alexnet_1174,18.9426,0.0929565
,alexnet_437,12.231,0.0692009
,alexnet_1455,25.3247,0.0247472
,alexnet_968,5.6198,0.00836987
,alexnet_917,4.18139,0.0271219
,alexnet_1887,15.8926,0.235257
,alexnet_1556,5.48845,0.0129831
,alexnet_271,17.833,0.047509
,alexnet_599,6.29963,0.0164061
,alexnet_1566,24.7508,0.093166
,alexnet_952,10.6348,0.0255021
,alexnet_88,8.09306,0.00834108
,alexnet_1893,36.9291,0.896292
,alexnet_1915,6.90528,0.0634022
,alexnet_1630,28.4572,0.0392499
,alexnet_658,9.10173,0.01378
,alexnet_176,35.5098,0.0331938
,alexnet_597,37.0378,0.064828
,alexnet_1103,12.614,0.0451885
,alexnet_462,5.83643,0.0215473
,alexnet_1753,23.4229,0.0952523
,alexnet_1029,2.54815,0.00460719
,alexnet_555,17.043,0.0239729
,alexnet_1231,24.3797,0.0248954
,alexnet_1841,10.3031,0.0103222
,alexnet_883,13.0163,0.0823462
,alexnet_471,15.4989,0.0219763
,alexnet_166,14.2242,0.159592
,alexnet_572,8.5785,0.0389143
,alexnet_1664,23.7244,0.340279
,alexnet_665,10.3375,0.0125938
,alexnet_206,14.7454,0.0214772
,alexnet_1036,8.09319,0.00912674
,alexnet_1832,27.2734,0.0196591
,alexnet_1350,33.1328,0.822903
,alexnet_1424,10.4333,0.00945242
,alexnet_1959,47.5421,0.642993
,alexnet_1667,21.1017,0.0941273
,alexnet_1492,7.51682,0.135762
,alexnet_157,40.4202,0.0629976
,alexnet_586,3.08224,0.00524341
,alexnet_1744,11.7785,0.0151264
,alexnet_190,10.0501,0.0119851
,alexnet_1582,51.1612,0.0466896
,alexnet_1857,8.93333,0.00700518
,alexnet_303,7.58795,0.022304
,alexnet_1494,7.83558,0.0177878
,alexnet_727,12.5989,0.014995
,alexnet_928,11.2431,0.0148697
,alexnet_1138,1.93478,0.00483408
,alexnet_563,13.9649,0.0148455
,alexnet_1616,17.9818,0.0247876
,alexnet_281,15.41,0.019493
,alexnet_1101,14.962,0.0188794
,alexnet_1351,1.20527,0.0164134
,alexnet_554,15.1788,0.0207975
,alexnet_338,32.8329,0.0323725
,alexnet_192,25.6155,0.0634982
,alexnet_684,11.5618,0.0197406
,alexnet_1583,2.60126,0.035232
,alexnet_837,12.0149,0.0252554
,alexnet_11,8.85914,0.017758
,alexnet_1095,52.0639,0.546798
,alexnet_1628,19.5515,0.0170076
,alexnet_567,54.3546,0.0435253
,alexnet_1289,7.41855,0.0117259
,alexnet_1641,28.3014,0.0669828
,alexnet_257,12.1047,0.0261957
,alexnet_1668,16.1202,0.0280223
,alexnet_974,17.8894,0.0370743
,alexnet_1773,16.7245,0.30428
,alexnet_794,3.79584,0.0080319
,alexnet_994,5.45646,0.00892764
,alexnet_1748,6.36844,0.0098215
,alexnet_295,36.4387,0.0418164
,alexnet_1790,28.4801,0.704551
,alexnet_1952,10.1718,0.0130947
,alexnet_184,5.39418,0.00967207
,alexnet_780,17.7838,0.252261
,alexnet_453,45.6018,0.0398062
,alexnet_624,13.8156,0.020499
,alexnet_65,18.534,0.0160419
,alexnet_840,22.9639,0.0298206
,alexnet_1325,30.1116,0.132851
,alexnet_1992,14.8798,0.0164696
,alexnet_1447,15.026,0.0232324
,alexnet_19,7.44098,0.0128521
,alexnet_505,23.3352,0.0739174
,alexnet_627,8.24231,0.0105389
,alexnet_138,3.07491,0.0292209
,alexnet_1073,16.3665,0.0297102
,alexnet_1827,51.3399,0.54257
,alexnet_1911,13.3355,0.164732
,alexnet_1376,22.0443,0.0386292
,alexnet_443,38.4699,0.357355
,alexnet_1307,58.8834,0.571533
,alexnet_1267,19.8234,0.0275626
,alexnet_823,6.62396,0.012673
,alexnet_387,9.35345,0.00867145
,alexnet_1809,13.67,0.0168412
,alexnet_416,2.49169,0.00561385
,alexnet_905,21.4478,0.304001
,alexnet_1678,13.3697,0.0149304
,alexnet_972,10.305,0.0225157
,alexnet_316,2.51163,0.00513621
,alexnet_1712,22.7144,0.224845
,alexnet_1530,6.34732,0.00970557
,alexnet_16,10.0619,0.0111289
,alexnet_1282,32.019,0.596814
,alexnet_375,8.16634,0.0782009
,alexnet_17,9.39441,0.0162615
,alexnet_293,46.2002,0.0351112
,alexnet_202,30.425,0.0247675
,alexnet_240,3.61598,0.00560177
,alexnet_1679,28.6223,0.363952
,alexnet_1777,22.4094,0.018449
,alexnet_1551,26.0755,0.595412
,alexnet_1412,14.9228,0.0848268
,alexnet_607,7.16738,0.0205655
,alexnet_1800,13.4798,0.0655679
,alexnet_522,16.0353,0.026527
,alexnet_707,21.0419,0.0324435
,alexnet_230,22.1275,0.0140204
,alexnet_1843,3.45335,0.0125269
,alexnet_638,9.82787,0.0124649
,alexnet_1409,23.9001,0.020975
,alexnet_1427,13.8621,0.0143818
,alexnet_1676,10.399,0.0428966
,alexnet_1046,14.7748,0.0460724
,alexnet_705,12.2154,0.131902
,alexnet_1631,21.2472,0.0356059
,alexnet_1034,8.2399,0.0209496
,alexnet_575,12.9836,0.0230627
,alexnet_475,17.2665,0.0351672
,alexnet_910,13.4527,0.285512
,alexnet_362,8.93972,0.0161881
,alexnet_1996,14.2803,0.0329627
,alexnet_1109,49.8684,0.580758
,alexnet_516,41.0194,0.0552749
,alexnet_1374,18.1882,0.130263
,alexnet_829,15.7866,0.0331752
,alexnet_1727,8.85801,0.0248324
,alexnet_412,14.0949,0.0498969
,alexnet_992,30.9735,0.668415
,alexnet_1836,21.9679,0.0365431
,alexnet_1993,15.6973,0.0753035
,alexnet_617,11.2812,0.0142914
,alexnet_1460,13.9552,0.0119071
,alexnet_783,10.2688,0.0147957
,alexnet_1195,22.3111,0.260999
,alexnet_135,8.36207,0.0721042
,alexnet_149,23.761,0.0537959
,alexnet_1879,19.0341,0.0179783
,alexnet_713,20.7239,0.041735
,alexnet_310,7.91076,0.00883604
,alexnet_1215,5.76788,0.00740792
,alexnet_1344,11.5608,0.0866785
,alexnet_457,13.5212,0.0341254
,alexnet_1954,21.4563,0.447299
,alexnet_78,1.30403,0.0246734
,alexnet_908,28.0167,0.0234173
,alexnet_467,39.1494,0.458465
,alexnet_39,51.325,0.0452982
,alexnet_1043,29.8299,0.0375175
,alexnet_1067,3.7748,0.00715081
,alexnet_374,7.04679,0.0422714
,alexnet_77,30.3178,0.0483966
,alexnet_1729,8.51818,0.0109668
,alexnet_659,20.0825,0.179481
,alexnet_785,19.7674,0.0245246
,alexnet_1581,30.7763,0.474815
,alexnet_1495,21.76,0.333112
,alexnet_474,23.44,0.0689343
,alexnet_1490,13.8371,0.0194798
,alexnet_1068,8.02392,0.00820353
,alexnet_169,34.7006,1.09269
,alexnet_1865,4.24283,0.012624
,alexnet_753,4.75364,0.0102686
,alexnet_580,13.4265,0.16863
,alexnet_1175,5.71711,0.00655105
,alexnet_652,29.7226,0.370381
,alexnet_582,7.67248,0.0348922
,alexnet_1217,43.2904,0.742852
,alexnet_866,6.88155,0.0129812
,alexnet_1565,13.503,0.162072
,alexnet_1458,21.3839,0.0197974
,alexnet_1364,15.7129,0.0489912
,alexnet_117,40.2794,1.09276
,alexnet_1013,10.0541,0.0146594
,alexnet_445,15.2457,0.25528
,alexnet_469,25.9197,0.115641
,alexnet_1197,30.3387,0.336682
,alexnet_796,16.8659,0.385656
,alexnet_719,15.6853,0.172967
,alexnet_266,42.8254,0.0445219
,alexnet_1074,3.44855,0.00939873
,alexnet_1303,8.06077,0.0699737
,alexnet_773,7.11376,0.0135839
,alexnet_1965,17.5503,0.301197
,alexnet_995,10.5516,0.0116445
,alexnet_1476,3.99892,0.0135008
,alexnet_1573,7.35315,0.110998
,alexnet_456,18.3779,0.0327978
,alexnet_1797,15.9785,0.298924
,alexnet_549,11.3054,0.0122989
,alexnet_1942,5.22538,0.0126692
,alexnet_731,21.1767,0.127525
,alexnet_661,22.2527,0.602941
,alexnet_1009,24.9124,0.554856
,alexnet_562,20.44,0.01513
,alexnet_763,13.7543,0.0540425
,alexnet_632,4.72163,0.00751952
,alexnet_1385,19.2713,0.181545
,alexnet_1650,16.8629,0.0177452
,alexnet_612,14.7921,0.226079
,alexnet_1572,3.512,0.00561196
,alexnet_261,31.9388,0.0263805
,alexnet_618,1.69662,0.0331764
,alexnet_225,64.5,0.976665
,alexnet_1127,12.2758,0.0190124
,alexnet_422,28.7743,0.0856114
,alexnet_1786,35.0919,0.027026
,alexnet_1977,23.387,0.121825
,alexnet_363,15.4998,0.0511249
,alexnet_134,10.0452,0.0167999
,alexnet_1066,42.485,0.0658992
,alexnet_737,6.65005,0.0575801
,alexnet_954,7.16301,0.00912849
,alexnet_37,7.6438,0.155657
,alexnet_109,24.7759,0.0268861
,alexnet_402,37.1679,0.272859
,alexnet_1958,2.78547,0.0176229
,alexnet_559,13.6247,0.0174978
,alexnet_1367,13.8844,0.0855785
,alexnet_1805,12.0974,0.0221536
,alexnet_513,21.6676,0.151588
,alexnet_1190,14.5206,0.014106
,alexnet_1254,12.6473,0.0396795
,alexnet_1446,5.13401,0.0192675
,alexnet_409,35.7128,0.615709
,alexnet_1361,8.46581,0.046721
,alexnet_1547,24.3006,0.0304391
,alexnet_1375,26.6897,0.515265
,alexnet_949,45.1416,0.0667697
,alexnet_791,19.2837,0.0497146
,alexnet_1110,9.49321,0.0149947
,alexnet_246,13.3891,0.018975
,alexnet_1909,26.6722,0.248055
,alexnet_1040,18.5721,0.0291492
,alexnet_1504,11.3207,0.111449
,alexnet_708,16.5601,0.0862449
,alexnet_629,21.0131,0.0154474
,alexnet_1938,2.03618,0.0117899
,alexnet_1994,12.9797,0.01714
,alexnet_903,27.5651,0.672446
,alexnet_126,8.64106,0.0276548
,alexnet_848,36.0623,0.0468611
,alexnet_1986,36.394,0.647468
,alexnet_259,8.20069,0.0958953
,alexnet_1285,24.3102,0.516603
,alexnet_1345,17.1303,0.185636
,alexnet_1575,3.35343,0.0075841
,alexnet_1309,30.844,0.417627
,alexnet_542,9.6725,0.0181841
,alexnet_141,11.7502,0.148341
,alexnet_1828,17.9934,0.126511
,alexnet_1913,16.8715,0.0178857
,alexnet_1221,20.9646,0.0255001
,alexnet_69,10.4433,0.0222287
,alexnet_1335,9.24406,0.0990944
,alexnet_1931,40.6889,0.038597
,alexnet_1358,11.0865,0.0888858
,alexnet_1182,27.1584,0.655609
,alexnet_717,41.6989,0.203731
,alexnet_1461,14.1094,0.0224331
,alexnet_869,9.91226,0.0438467
,alexnet_1216,42.3871,0.714034
,alexnet_1380,3.492,0.0293875
,alexnet_1648,11.5155,0.0160555
,alexnet_1273,12.8806,0.0195195
,alexnet_1242,4.0244,0.0263778
,alexnet_241,23.6681,0.052346
,alexnet_724,11.9766,0.00884327
,alexnet_1428,15.8215,0.0419917
,alexnet_845,29.0163,0.667469
,alexnet_484,15.9637,0.0686038
,alexnet_1088,39.296,0.0537873
,alexnet_1801,21.3518,0.0263374
,alexnet_1378,30.8154,0.0631163
,alexnet_440,28.0107,0.0174245
,alexnet_40,27.873,0.243006
,alexnet_1870,11.3203,0.011489
,alexnet_64,7.35473,0.0626169
,alexnet_741,9.33437,0.0163746
,alexnet_1224,23.1862,0.0283917
,alexnet_201,25.7395,0.0215343
,alexnet_452,5.71896,0.0117658
,alexnet_312,12.6824,0.0147328
,alexnet_1281,33.5977,0.450041
,alexnet_164,7.21756,0.0145311
,alexnet_778,18.4035,0.0162065
,alexnet_855,8.2235,0.00858741
,alexnet_1139,8.6865,0.0731603
,alexnet_1957,11.8039,0.0683525
,alexnet_1192,6.9426,0.00854369
,alexnet_418,8.52356,0.00778846
,alexnet_651,4.62579,0.0232782
,alexnet_1097,3.99615,0.00565557
,alexnet_154,7.06009,0.014293
,alexnet_1166,15.0758,0.0132731
,alexnet_1984,5.83585,0.0112742
,alexnet_703,15.7433,0.0332369
,alexnet_33,15.1561,0.0746395
,alexnet_1745,30.8629,0.0733466
,alexnet_835,9.16,0.0153167
,alexnet_817,0.974946,0.0106964
,alexnet_1011,40.6748,0.568204
,alexnet_1259,24.3226,0.137136
,alexnet_979,12.9268,0.0168263
,alexnet_1045,10.0551,0.0118369
,alexnet_642,12.7882,0.0121064
,alexnet_1684,5.64061,0.0119143
,alexnet_1037,13.6626,0.0238373
,alexnet_535,20.2287,0.0439471
,alexnet_458,5.40085,0.0112345
,alexnet_1806,29.2841,0.503339
,alexnet_414,10.3013,0.607544
,alexnet_1357,44.9663,0.175926
,alexnet_498,7.96689,0.0102385
,alexnet_1674,17.3845,0.0179791
,alexnet_1542,44.559,0.304017
,alexnet_1860,19.5388,0.273945
,alexnet_670,3.07941,0.00962599
,alexnet_431,13.8659,0.107759
,alexnet_720,30.8493,0.792868
,alexnet_97,5.6102,0.0202109
,alexnet_550,7.37356,0.061488
,alexnet_989,15.6629,0.248938
,alexnet_1143,2.21772,0.00754967
,alexnet_1719,9.45492,0.0139186
,alexnet_1783,11.6232,0.112295
,alexnet_1096,4.30559,0.0130349
,alexnet_821,9.57768,0.022101
,alexnet_1425,2.49994,0.00988924
,alexnet_305,10.1196,0.020499
,alexnet_1640,15.925,0.384253
,alexnet_945,33.0132,0.317845
,alexnet_1155,4.6054,0.0115613
,alexnet_1736,12.2838,0.0166143
,alexnet_1686,3.90617,0.00866128
,alexnet_1137,1.24228,0.0043257
,alexnet_1889,24.2518,0.0254908
,alexnet_1923,12.6737,0.130407
,alexnet_1445,6.84652,0.00925309
,alexnet_371,54.9189,0.0445731
,alexnet_1788,13.2807,0.0492142
,alexnet_1070,42.3571,1.05434
,alexnet_1131,7.91352,0.0609112
,alexnet_1660,21.5704,0.0670237
,alexnet_1239,7.49687,0.0140104
,alexnet_1842,6.87199,0.0497402
,alexnet_721,15.986,0.0304927
,alexnet_1299,13.6397,0.0233664
,alexnet_1189,9.97789,0.0137304
,alexnet_1228,13.1809,0.0109138
,alexnet_1577,49.6319,0.410281
,alexnet_1669,18.4999,0.272261
,alexnet_381,42.4655,0.0351656
,alexnet_1420,14.6067,0.0346026
,alexnet_1625,8.39563,0.0247097
,alexnet_1431,38.8424,0.0511821
,alexnet_1716,49.3926,1.01234
,alexnet_1076,10.7388,0.0206823
,alexnet_967,16.2289,0.0174103
,alexnet_1758,15.687,0.168352
,alexnet_654,39.6376,0.271128
,alexnet_1147,32.0841,0.113233
,alexnet_1638,8.46526,0.0515505
,alexnet_314,9.23669,0.0223507
,alexnet_698,36.4714,0.161983
,alexnet_1945,10.6877,0.0376829
,alexnet_120,37.2453,0.501404
,alexnet_894,56.4536,0.0531814
,alexnet_1234,10.3329,0.0222668
,alexnet_891,22.9356,0.158514
,alexnet_1434,3.11908,0.0443375
,alexnet_1585,24.2338,0.0253671
,alexnet_1185,11.9444,0.164336
,alexnet_1803,11.6947,0.012721
,alexnet_1311,11.5442,0.14697
,alexnet_1044,20.9218,0.0851274
,alexnet_1359,9.08314,0.104238
,alexnet_1178,9.04127,0.042755
,alexnet_1515,8.78155,0.0180155
,alexnet_637,9.14991,0.144655
,alexnet_216,18.2803,0.0297729
,alexnet_1033,19.536,0.0151381
,alexnet_309,9.92375,0.141698
,alexnet_334,13.235,0.148383
,alexnet_1315,14.4524,0.0824642
,alexnet_1140,20.2738,0.0228025
,alexnet_320,13.8619,0.015191
,alexnet_1571,5.46221,0.012627
,alexnet_122,6.54733,0.00896077
,alexnet_1480,12.011,0.088448
,alexnet_1988,17.7916,0.134795
,alexnet_49,8.87743,0.00795913
,alexnet_337,9.59748,0.0109938
,alexnet_1903,11.6624,0.0164068
,alexnet_649,37.0042,0.0776963
,alexnet_1767,32.1407,0.852502
,alexnet_1882,28.2216,0.0185862
,alexnet_605,10.0186,0.118425
,alexnet_1323,6.82377,0.00864202
,alexnet_239,7.24136,0.0236307
,alexnet_1414,6.53399,0.0502406
,alexnet_808,20.7873,0.0157673
,alexnet_566,9.5225,0.0707254
,alexnet_1241,2.35703,0.0287612
,alexnet_308,19.2042,0.11828
,alexnet_668,30.6949,0.0416579
,alexnet_1505,1.00194,0.00570678
,alexnet_1204,36.7447,0.40181
,alexnet_404,3.74943,0.0224747
,alexnet_1673,14.7669,0.188892
,alexnet_304,10.3071,0.0132398
,alexnet_1081,2.2986,0.00705759
,alexnet_251,35.0449,0.0224957
,alexnet_317,21.8693,0.42343
,alexnet_621,11.8685,0.174742
,alexnet_1690,10.7354,0.0163935
,alexnet_41,34.6772,0.311535
,alexnet_1313,16.9888,0.0228973
,alexnet_1022,3.11203,0.00949718
,alexnet_15,5.75362,0.00737798
,alexnet_940,5.97477,0.108666
,alexnet_1418,9.98768,0.0170639
,alexnet_788,4.85507,0.0285845
,alexnet_525,34.6278,0.0294805
,alexnet_1469,8.34695,0.0093285
,alexnet_401,1.63555,0.0138461
,alexnet_1858,22.9449,0.109452
,alexnet_1910,28.2715,0.7073
,alexnet_815,19.0108,0.0601126
,alexnet_56,6.21366,0.0101534
,alexnet_569,15.3767,0.0201234
,alexnet_146,39.8628,0.0429713
,alexnet_700,15.6251,0.212652
,alexnet_1176,11.2129,0.137946
,alexnet_399,14.034,0.0262916
,alexnet_633,10.8011,0.0184305
,alexnet_593,16.4755,0.0365962
,alexnet_1390,25.353,0.017685
,alexnet_490,6.67846,0.0915675
,alexnet_1666,20.5073,0.179702
,alexnet_564,39.5711,1.09878
,alexnet_1165,13.7193,0.0557067
,alexnet_742,8.99309,0.0532693
,alexnet_359,23.8843,0.0210555
,alexnet_1561,5.57717,0.00782099
,alexnet_268,26.1889,0.0553081
,alexnet_779,21.0912,0.03045
,alexnet_715,23.2791,0.529506
,alexnet_1531,31.1922,0.221239
,alexnet_1892,24.4588,0.241299
,alexnet_1919,14.0224,0.0181992
,alexnet_886,5.59175,0.0146208
,alexnet_1995,28.6407,0.0345334
,alexnet_237,41.1256,0.0298831
,alexnet_1587,21.5957,0.0128856
,alexnet_1151,5.95276,0.0325248
,alexnet_1602,9.08584,0.00888332
,alexnet_1415,35.3062,0.540162
,alexnet_1497,16.4533,0.0204282
,alexnet_1550,26.0169,0.0955472
,alexnet_1639,27.5544,0.284348
,alexnet_1049,29.4884,0.522185
,alexnet_1663,15.1746,0.022161
,alexnet_3,10.9722,0.0136415
,alexnet_1467,21.1839,0.0193118
,alexnet_90,5.62778,0.0110601
,alexnet_606,23.8263,0.19841
,alexnet_1226,25.6777,0.0805244
,alexnet_4,39.4558,0.0374156
,alexnet_143,5.61046,0.120105
,alexnet_841,2.68298,0.0244302
,alexnet_685,12.7719,0.0156199
,alexnet_211,44.2056,0.718207
,alexnet_503,28.447,0.0379442
,alexnet_1694,23.7429,0.0591421
,alexnet_1636,28.3523,0.13144
,alexnet_1951,2.74559,0.00848541
,alexnet_991,18.4435,0.0271243
,alexnet_463,5.80799,0.0436757
,alexnet_1413,5.9578,0.0125337
,alexnet_1804,25.6252,0.199505
,alexnet_410,15.1808,0.0296441
,alexnet_1310,14.7919,0.123488
,alexnet_1671,15.7965,0.0537506
,alexnet_1094,1.74807,0.00432539
,alexnet_507,7.8269,0.0156991
,alexnet_1407,9.43822,0.0101476
,alexnet_405,48.9404,0.0640882
,alexnet_286,6.98985,0.0864301
,alexnet_689,23.2678,0.159558
,alexnet_729,7.58252,0.00864618
,alexnet_1283,17.2339,0.0567598
,alexnet_59,22.1442,0.0736855
,alexnet_987,13.8046,0.140404
,alexnet_645,34.3398,0.238044
,alexnet_487,13.7535,0.146574
,alexnet_955,49.7327,0.644676
,alexnet_1895,16.662,0.0759879
,alexnet_101,6.57457,0.0160585
,alexnet_497,31.8551,0.655967
,alexnet_1906,6.43711,0.0169681
,alexnet_1695,39.3973,0.0236461
,alexnet_1588,15.4164,0.156824
,alexnet_1658,14.5236,0.0315821
,alexnet_1510,13.8118,0.0568222
,alexnet_10,4.37517,0.0541645
,alexnet_540,4.23364,0.0125336
,alexnet_1454,10.6339,0.0169625
,alexnet_1302,10.35,0.0730069
,alexnet_694,2.96861,0.0214386
,alexnet_656,15.6543,0.0707706
,alexnet_1437,5.70815,0.0118067
,alexnet_131,22.9571,0.0217072
,alexnet_415,54.6157,0.795637
,alexnet_734,19.2199,0.121125
,alexnet_264,22.0815,0.0207991
,alexnet_998,8.09099,0.0720729
,alexnet_1001,33.9397,0.0236375
,alexnet_1525,21.4552,0.0518754
,alexnet_1389,19.532,0.16115
,alexnet_106,6.46143,0.0248548
,alexnet_1567,9.14106,0.0854399
,alexnet_1914,19.1076,0.0280989
,alexnet_1218,29.0602,0.279569
,alexnet_1981,5.82972,0.0217353
,alexnet_1403,16.4799,0.178557
,alexnet_354,18.6143,0.148635
,alexnet_1627,32.0567,0.0301048
,alexnet_1725,8.80149,0.0216003
,alexnet_1905,8.50647,0.0492623
,alexnet_1637,7.86284,0.019612
,alexnet_407,8.58161,0.0149609
,alexnet_1383,7.73087,0.0180495
,alexnet_1521,13.7352,0.140348
,alexnet_847,61.2142,0.0390183
,alexnet_1750,4.94251,0.0100075
,alexnet_1835,10.1797,0.126492
,alexnet_367,12.5654,0.0108947
,alexnet_1085,15.8404,0.0171572
,alexnet_20,7.01874,0.0221021
,alexnet_746,20.5353,0.334751
,alexnet_42,19.625,0.0255828
,alexnet_1397,2.73299,0.00948365
,alexnet_1090,16.6579,0.0223264
,alexnet_1782,9.95763,0.0302259
,alexnet_1614,24.765,0.0165978
,alexnet_1154,6.22249,0.018566
,alexnet_340,17.88,0.0171878
,alexnet_1739,7.8769,0.0367467
,alexnet_1062,14.5803,0.0359524
,alexnet_189,7.96565,0.0146302
,alexnet_1000,27.3305,0.179246
,alexnet_343,41.6444,0.0312683
,alexnet_1554,16.1604,0.017541
,alexnet_1028,6.45033,0.0087676
,alexnet_1263,29.1981,0.359046
,alexnet_877,12.9375,0.0540617
,alexnet_868,21.8419,0.019427
,alexnet_258,39.0031,0.457145
,alexnet_1395,6.57421,0.031494
,alexnet_105,15.9307,0.0504682
,alexnet_60,27.0208,0.18396
,alexnet_1031,11.4544,0.0260066
,alexnet_1162,7.78396,0.0396832
,alexnet_1318,34.7928,0.0375428
,alexnet_704,30.4711,0.116173
,alexnet_472,27.1971,0.105497
,alexnet_276,11.3663,0.0624784
,alexnet_1973,6.72459,0.0346232
,alexnet_430,10.1813,0.0365398
,alexnet_1382,37.5988,0.0479957
,alexnet_1688,35.8611,0.0248229
,alexnet_1352,7.58073,0.0537632
,alexnet_224,30.6235,0.023869
,alexnet_531,22.0293,0.153192
,alexnet_761,3.49733,0.0147119
,alexnet_1899,2.17398,0.0179121
,alexnet_46,22.5305,0.0207705
,alexnet_527,27.1031,0.0191007
,alexnet_1876,21.514,0.0178432
,alexnet_1873,24.9763,0.212885
,alexnet_964,17.0497,0.0188855
,alexnet_1703,18.6677,0.040155
,alexnet_1665,13.6368,0.0140287
,alexnet_1622,11.9878,0.0147905
,alexnet_1332,14.6255,0.0244861
,alexnet_1966,2.21373,0.0252869
,alexnet_809,13.9427,0.0517442
,alexnet_352,14.1753,0.0182816
,alexnet_786,36.9177,0.0325023
,alexnet_962,8.69447,0.0107078
,alexnet_1825,7.05162,0.0106581
,alexnet_1632,7.90142,0.07114
,alexnet_1702,10.9357,0.161264
,alexnet_1846,14.4339,0.129847
,alexnet_1023,22.2448,0.0302379
,alexnet_336,27.8079,0.0279414
,alexnet_552,19.9521,0.0235545
,alexnet_383,6.41292,0.0091172
,alexnet_1886,21.2312,0.0650622
,alexnet_1319,22.6523,0.0343231
,alexnet_864,53.5824,0.23521
,alexnet_631,22.9343,0.0354876
,alexnet_666,18.6962,0.0255643
,alexnet_253,24.4975,0.0222802
,alexnet_1687,2.9871,0.0122327
,alexnet_1724,15.1944,0.0168696
,alexnet_1421,21.8987,0.54973
,alexnet_1939,2.79673,0.0273818
,alexnet_1912,18.2466,0.232552
,alexnet_1536,42.1101,1.00688
,alexnet_958,22.1531,0.0333327
,alexnet_524,3.52774,0.0133942
,alexnet_1824,6.29413,0.103555
,alexnet_1949,5.84941,0.00584231
,alexnet_750,8.43054,0.0126367
,alexnet_881,7.82055,0.0299953
,alexnet_1236,30.5423,0.0517414
,alexnet_875,8.13051,0.0153396
,alexnet_1888,46.9597,0.951624
,alexnet_1756,24.6798,0.164583
,alexnet_960,10.2155,0.0423083
,alexnet_556,26.7322,0.222171
,alexnet_1731,51.3713,0.555524
,alexnet_807,19.1244,0.333937
,alexnet_1373,20.0288,0.115445
,alexnet_1685,9.94112,0.170579
,alexnet_82,2.72638,0.00763508
,alexnet_181,19.6541,0.0604311
,alexnet_1964,6.91975,0.0724375
,alexnet_1737,14.7197,0.0236179
,alexnet_89,6.95822,0.00953011
,alexnet_1523,3.80271,0.0105215
,alexnet_756,34.1761,0.236741
,alexnet_1337,4.42881,0.0283114
,alexnet_1452,11.549,0.0857851
,alexnet_1024,6.64261,0.00913382
,alexnet_83,7.01847,0.0073497
,alexnet_152,15.0664,0.163018
,alexnet_709,16.6983,0.0194717
,alexnet_52,58.2011,0.634894
,alexnet_1336,43.2762,0.51857
,alexnet_227,4.8875,0.0223257
,alexnet_751,31.0924,0.0248219
,alexnet_578,22.3862,0.0139785
,alexnet_1956,7.1355,0.127429
,alexnet_75,10.9314,0.0210728
,alexnet_1589,12.4578,0.018657
,alexnet_532,12.895,0.0201986
,alexnet_1465,6.98654,0.0086341
,alexnet_1644,11.099,0.0140787
,alexnet_1346,21.2486,0.0135486
,alexnet_544,20.2169,0.188586
,alexnet_1243,18.1152,0.0200407
,alexnet_546,23.5893,0.0381747
,alexnet_1343,14.9773,0.0678378
,alexnet_1290,7.54779,0.0140896
,alexnet_1791,14.3367,0.0184656
,alexnet_918,6.28895,0.0121893
,alexnet_679,3.51982,0.00967289
,alexnet_129,13.2488,0.0227608
,alexnet_197,12.5767,0.0233794
,alexnet_1522,31.4805,0.0261759
,alexnet_1780,42.213,0.0392394
,alexnet_73,13.8109,0.115028
,alexnet_119,23.9185,0.0252363
,alexnet_971,13.8145,0.0169169
,alexnet_1052,7.95503,0.0403308
,alexnet_757,29.6514,0.0181542
,alexnet_1714,36.6112,0.501955
,alexnet_1356,24.4851,0.0491735
,alexnet_1890,16.3447,0.103884
,alexnet_344,8.46756,0.0635786
,alexnet_1852,20.6991,0.5205
,alexnet_136,34.0409,0.208426
,alexnet_1998,21.4738,0.0230779
,alexnet_1659,17.6911,0.0288682
,alexnet_350,11.7284,0.00893052
,alexnet_951,9.28676,0.0107393
,alexnet_285,7.36116,0.0369194
,alexnet_1055,16.1174,0.0714776
,alexnet_547,7.50737,0.00732633
,alexnet_1419,16.4169,0.00993889
,alexnet_1771,13.993,0.0803172
,alexnet_1286,3.83879,0.0192462
,alexnet_947,18.9526,0.0741551
,alexnet_726,42.5814,0.0289566
,alexnet_1941,7.02879,0.0207572
,alexnet_1618,8.75956,0.00961415
,alexnet_22,34.1584,0.532911
,alexnet_1129,8.00734,0.0579698
,alexnet_1850,9.44686,0.0658928
,alexnet_1927,5.57009,0.0229935
,alexnet_534,22.5107,0.332847
,alexnet_846,49.5221,0.130665
,alexnet_1576,19.3264,0.0277611
,alexnet_1275,5.79754,0.00955777
,alexnet_419,3.87003,0.0194512
,alexnet_1868,7.8556,0.0267566
,alexnet_427,35.2824,0.416378
,alexnet_730,22.3247,0.0235653
,alexnet_1265,50.9344,0.777726
,alexnet_1885,16.1731,0.0337434
,alexnet_233,12.157,0.131205
,alexnet_1971,27.5419,0.0834888
,alexnet_804,1.41362,0.00448255
,alexnet_511,9.90609,0.105048
,alexnet_965,25.9187,0.0151549
,alexnet_1839,25.0353,0.0209326
,alexnet_267,38.0523,0.661169
,alexnet_200,7.60861,0.0885797
,alexnet_1252,65.8194,0.0693742
,alexnet_1784,18.5413,0.0221611
,alexnet_1928,32.4494,0.276497
,alexnet_1280,4.44706,0.0749604
,alexnet_747,9.07131,0.024425
,alexnet_127,3.77852,0.00908398
,alexnet_140,7.7236,0.00937635
,alexnet_1083,44.3793,0.500113
,alexnet_1399,37.3256,0.479006
,alexnet_500,42.8221,0.686754
,alexnet_1030,12.7723,0.0244908
,alexnet_465,17.627,0.0153073
,alexnet_1021,15.6385,0.0261113
,alexnet_509,13.6293,0.0912069
,alexnet_243,17.2248,0.11903
,alexnet_128,27.0498,0.0272899
,alexnet_297,8.76793,0.0113738
,alexnet_107,24.1127,0.0404651
,alexnet_1607,4.26474,0.0198433
,alexnet_682,23.3534,0.331829
,alexnet_1003,4.94646,0.0381935
,alexnet_691,27.1256,0.021304
,alexnet_221,35.1366,0.0233306
,alexnet_1172,21.1977,0.0205925
,alexnet_1789,6.38467,0.012713
,alexnet_1136,10.0288,0.0728104
,alexnet_1763,19.6758,0.034462
,alexnet_1244,8.4393,0.0495511
,alexnet_1845,10.2275,0.0105382
,alexnet_35,36.4975,0.430485
,alexnet_438,29.7802,0.15707
,alexnet_1617,20.6233,0.0196641
,alexnet_1541,38.4649,0.188871
,alexnet_739,2.63604,0.036351
,alexnet_1817,7.86359,0.0168386
,alexnet_1799,15.1199,0.154864
,alexnet_926,5.19189,0.0107083
,alexnet_1856,19.3995,0.300756
,alexnet_112,12.2123,0.0314881
,alexnet_325,5.32942,0.00997065
,alexnet_871,7.02343,0.0135153
,alexnet_1477,22.0962,0.0296381
,alexnet_451,12.6,0.00949393
,alexnet_1491,41.1138,0.809216
,alexnet_278,4.61706,0.015031
,alexnet_1353,9.52933,0.0240572
,alexnet_1654,4.0175,0.0130236
,alexnet_24,19.3866,0.0921054
,alexnet_622,24.5283,0.525768
,alexnet_408,33.1161,0.0289003
,alexnet_327,7.3831,0.0103658
,alexnet_927,14.9184,0.1265
,alexnet_421,16.4882,0.0220101
,alexnet_1058,5.33729,0.0832591
,alexnet_84,35.1476,0.196081
,alexnet_238,10.058,0.012
,alexnet_510,28.3811,0.513354
,alexnet_805,16.9601,0.0612216
,alexnet_98,9.16998,0.0270893
,alexnet_151,3.01696,0.00869007
,alexnet_1989,32.3,0.37179
,alexnet_749,39.4667,1.01263
,alexnet_1115,14.5119,0.0255607
,alexnet_1392,4.35611,0.0464822
,alexnet_270,8.1563,0.0148949
,alexnet_384,30.0966,0.0750469
,alexnet_1208,31.3445,0.149825
,alexnet_306,15.2802,0.0366918
,alexnet_1438,11.9304,0.0276076
,alexnet_680,7.24016,0.0189134
,alexnet_1880,21.779,0.0235457
,alexnet_170,15.7931,0.0154198
,alexnet_380,9.93761,0.0132732
,alexnet_1142,51.2566,0.130271
,alexnet_1597,15.5795,0.0177991
,alexnet_1778,19.442,0.114693
,alexnet_818,24.3995,0.538061
,alexnet_1818,18.9724,0.203421
,alexnet_1770,9.1972,0.0119232
,alexnet_1696,9.12578,0.0673987
,alexnet_29,28.7919,0.0387898
,alexnet_1321,13.6244,0.257967
,alexnet_696,8.53122,0.0263155
,alexnet_204,5.21245,0.00752165
,alexnet_203,23.678,0.0480565
,alexnet_1621,10.3194,0.0105255
,alexnet_167,10.2085,0.123935
,alexnet_1214,38.8505,0.0370674
,alexnet_1200,45.8955,0.0487792
,alexnet_1002,6.64703,0.0137514
,alexnet_220,36.5517,0.520677
,alexnet_1059,37.4259,0.111939
,alexnet_1238,23.1314,0.0256731
,alexnet_754,7.25451,0.0341147
,alexnet_1354,10.139,0.0809525
,alexnet_269,14.6214,0.214017
,alexnet_626,31.8956,0.029777
,alexnet_973,33.391,0.0263425
,alexnet_55,4.16643,0.0483797
,alexnet_560,23.3172,0.0323735
,alexnet_1451,17.9239,0.0241849
,alexnet_1741,54.5818,0.0896315
,alexnet_1098,18.6539,0.0205139
,alexnet_36,18.9401,0.0730055
,alexnet_1327,21.904,0.013421
,alexnet_1907,16.1186,0.0570221
,alexnet_275,11.0103,0.113801
,alexnet_1629,14.5728,0.0181354
,alexnet_283,7.25308,0.0106989
,alexnet_1963,7.74028,0.0101656
,alexnet_351,8.14614,0.121534
,alexnet_194,27.6884,0.0181582
,alexnet_1655,27.3183,0.134837
,alexnet_620,10.8386,0.0197847
,alexnet_712,2.25261,0.0100756
,alexnet_1128,12.5943,0.247673
,alexnet_882,33.295,0.590097
,alexnet_1270,25.5216,0.114929
,alexnet_984,21.2788,0.0145236
,alexnet_919,6.64094,0.00886032
,alexnet_1150,34.5838,1.08281
,alexnet_609,17.0074,0.264368
,alexnet_523,2.80181,0.0480195
,alexnet_1528,20.7994,0.500946
,alexnet_1117,7.23531,0.00827
,alexnet_1681,59.3113,0.14576
,alexnet_1662,12.2624,0.0439012
,alexnet_1277,2.75109,0.0597473
,alexnet_1377,7.22801,0.0491063
,alexnet_1540,7.26414,0.0216395
,alexnet_1342,2.04881,0.0117933
,alexnet_1411,27.032,0.025841
,alexnet_393,12.8485,0.0109279
,alexnet_280,26.8447,0.441992
,alexnet_1698,10.793,0.0341675
,alexnet_662,12.7625,0.0154137
,alexnet_1766,22.2578,0.28195
,alexnet_819,50.3091,0.863028
,alexnet_1962,40.3577,0.476791
,alexnet_1240,12.4946,0.167753
,alexnet_1867,25.6701,0.683028
,alexnet_318,10.3758,0.0186439
,alexnet_674,2.76125,0.0102645
,alexnet_1205,7.44709,0.0135884
,alexnet_1765,15.3136,0.102896
,alexnet_1610,7.10506,0.0192318
,alexnet_302,16.4965,0.017151
,alexnet_681,10.1311,0.0185293
,alexnet_1967,25.976,0.0262352
,alexnet_1709,7.74667,0.00727222
,alexnet_925,7.25489,0.0761664
,alexnet_1091,6.08297,0.0628733
,alexnet_990,21.0425,0.289942
,alexnet_244,10.7567,0.0411117
,alexnet_1652,11.9084,0.0120637
,alexnet_1423,9.37006,0.0100698
,alexnet_94,39.9407,0.659799
,alexnet_1883,5.58831,0.010753
,alexnet_1606,12.4725,0.0144897
,alexnet_396,24.0115,0.569765
,alexnet_775,8.48121,0.10857
,alexnet_1118,16.6737,0.0765841
,alexnet_935,14.758,0.248416
,alexnet_536,22.295,0.0296285
,alexnet_187,15.4157,0.206919
,alexnet_1760,24.4268,0.0270806
,alexnet_1661,46.3801,0.485235
,alexnet_1580,8.21325,0.0116895
,alexnet_260,4.46169,0.00652538
,alexnet_838,12.8466,0.100398
,alexnet_130,30.0428,0.0226133
,alexnet_1004,6.12257,0.133076
,alexnet_1291,10.4394,0.0465898
,alexnet_861,7.88886,0.10801
,alexnet_690,46.0917,1.19235
,alexnet_790,35.8266,0.479594
,alexnet_428,13.7002,0.0800676
,alexnet_1697,23.5563,0.095844
,alexnet_1532,50.6016,0.716613
,alexnet_432,43.7401,0.244424
,alexnet_493,19.5419,0.17902
,alexnet_358,1.74617,0.0168423
,alexnet_1976,6.33802,0.0214886
,alexnet_1819,35.7881,0.447176
,alexnet_294,40.5622,0.82293
,alexnet_889,6.58148,0.0116166
,alexnet_263,13.6206,0.169187
,alexnet_160,13.0572,0.0140135
,alexnet_1900,5.76441,0.0134096
,alexnet_1851,15.774,0.0230376
,alexnet_1968,1.77825,0.00618376
,alexnet_288,12.3203,0.026166
,alexnet_299,35.7741,0.445478
,alexnet_1312,8.9171,0.0126724
,alexnet_1950,15.8212,0.0652562
,alexnet_182,21.5686,0.130612
,alexnet_1416,26.8315,0.152791
,alexnet_1038,48.0783,0.136022
,alexnet_1997,39.9717,0.841933
,alexnet_486,2.82528,0.00544337
,alexnet_589,44.8025,0.0339041
,alexnet_1181,10.6258,0.0228027
,alexnet_833,3.62994,0.0139272
,alexnet_781,8.41462,0.0693619
,alexnet_466,9.90684,0.128388
,alexnet_1700,10.6138,0.0142054
,alexnet_1920,5.06231,0.00960108
,alexnet_1141,15.813,0.0191004
,alexnet_1381,9.77374,0.00753834
,alexnet_1471,11.3829,0.0111987
,alexnet_1122,47.7429,0.163469
,alexnet_1898,24.7589,0.432646
,alexnet_1987,26.322,0.229428
,alexnet_856,6.90798,0.0550731
,alexnet_496,43.2653,0.56743
,alexnet_426,2.51936,0.0146007
,alexnet_290,6.01813,0.0417958
