,googlenet_1724,33.2955,0.0645594
,googlenet_1950,30.6524,0.0529388
,googlenet_701,32.9104,0.0730122
,googlenet_848,26.9932,0.0828663
,googlenet_155,36.5231,0.15609
,googlenet_665,29.9601,0.673988
,googlenet_70,25.1065,0.0970605
,googlenet_1633,37.3562,0.121172
,googlenet_791,32.9808,0.116381
,googlenet_1715,32.8128,0.0666139
,googlenet_1183,28.802,0.0879363
,googlenet_144,32.0322,0.130132
,googlenet_1525,29.4056,0.143128
,googlenet_1199,34.7621,0.105844
,googlenet_1967,40.504,0.12852
,googlenet_1608,36.426,0.0850973
,googlenet_154,32.6763,0.132921
,googlenet_495,35.4217,0.13874
,googlenet_1422,35.1345,0.167158
,googlenet_1235,34.1603,0.0946942
,googlenet_1640,31.1295,0.0782682
,googlenet_1255,30.4086,0.0421925
,googlenet_1185,37.514,0.0868975
,googlenet_1095,31.8112,0.0658733
,googlenet_1418,38.2562,0.0938096
,googlenet_1167,30.125,0.0848605
,googlenet_825,31.7095,0.137043
,googlenet_1128,34.8768,0.197231
,googlenet_1778,32.6375,0.0921723
,googlenet_1173,31.6693,0.111742
,googlenet_1789,33.2934,0.109272
,googlenet_355,35.8404,0.142907
,googlenet_1860,30.1669,0.0772493
,googlenet_107,34.6327,0.134959
,googlenet_949,33.3728,0.0720239
,googlenet_182,43.1888,0.155475
,googlenet_176,37.5737,0.111656
,googlenet_530,35.3696,0.0794796
,googlenet_1502,33.0876,0.139263
,googlenet_721,32.4303,0.0939387
,googlenet_1994,32.3342,0.0773475
,googlenet_1826,32.1185,0.146924
,googlenet_208,26.5342,0.122157
,googlenet_13,36.6745,0.0878078
,googlenet_689,30.4835,0.160173
,googlenet_537,36.5915,0.19496
,googlenet_526,27.1393,0.0856454
,googlenet_1263,31.1531,0.097303
,googlenet_943,26.1658,0.108963
,googlenet_929,33.4329,0.102882
,googlenet_623,32.5589,0.123715
,googlenet_1887,32.236,0.08757
,googlenet_965,28.2594,0.0562197
,googlenet_1097,32.1885,0.113604
,googlenet_541,35.0843,0.170426
,googlenet_708,33.4528,0.130642
,googlenet_376,39.3603,0.13659
,googlenet_601,33.972,0.0710899
,googlenet_538,29.1984,0.124529
,googlenet_122,32.2749,0.218292
,googlenet_940,35.7343,0.0963444
,googlenet_10,32.9112,0.0999748
,googlenet_151,26.0191,0.0768696
,googlenet_1804,27.323,0.0976536
,googlenet_1176,29.6746,0.129729
,googlenet_1381,38.3923,0.130453
,googlenet_1277,38.9106,0.147988
,googlenet_1022,28.0535,0.0468238
,googlenet_1105,35.3693,0.136415
,googlenet_992,36.0209,0.11633
,googlenet_68,26.2575,0.14128
,googlenet_1431,35.3604,0.163288
,googlenet_1613,31.6073,0.109782
,googlenet_656,35.3694,0.112285
,googlenet_1311,28.2673,0.0819951
,googlenet_692,41.7996,0.139835
,googlenet_1499,40.7408,0.16246
,googlenet_1202,31.1316,0.635755
,googlenet_1402,38.6549,0.119592
,googlenet_138,34.1051,0.16161
,googlenet_633,37.8461,0.0985295
,googlenet_1912,32.7984,0.0991002
,googlenet_966,34.1149,0.0703902
,googlenet_1233,32.6229,0.123581
,googlenet_1312,38.164,0.120343
,googlenet_1770,26.3092,0.0611538
,googlenet_1982,28.7745,0.140983
,googlenet_1834,39.2954,0.11016
,googlenet_1792,32.1567,0.0976784
,googlenet_1941,30.4153,0.126677
,googlenet_1093,31.5249,0.137119
,googlenet_1729,31.7137,0.0963408
,googlenet_132,43.1545,0.118961
,googlenet_738,36.1339,0.128115
,googlenet_1453,34.4352,0.192749
,googlenet_297,30.8269,0.131269
,googlenet_796,34.7613,0.111081
,googlenet_1747,31.6085,0.12892
,googlenet_188,35.6052,0.18844
,googlenet_927,35.0956,0.0562043
,googlenet_1144,35.2345,0.092132
,googlenet_269,39.1577,0.168881
,googlenet_1512,28.5542,0.146801
,googlenet_747,29.733,0.110831
,googlenet_1213,33.6962,0.120423
,googlenet_422,30.1136,0.0538234
,googlenet_1044,33.0312,0.0848314
,googlenet_659,33.3055,0.0964639
,googlenet_1882,33.0252,0.133569
,googlenet_354,32.6063,0.0874776
,googlenet_1372,27.2057,0.0670841
,googlenet_569,35.6159,0.131765
,googlenet_1738,32.5309,0.118838
,googlenet_1151,33.1825,0.11769
,googlenet_1866,29.9151,0.0989383
,googlenet_1155,35.2255,0.0883539
,googlenet_44,30.3418,0.149319
,googlenet_1745,29.3524,0.099887
,googlenet_835,34.7564,0.140119
,googlenet_1791,34.0724,0.138484
,googlenet_1114,34.3109,0.0505176
,googlenet_277,34.7661,0.121302
,googlenet_1290,28.1922,0.130666
,googlenet_1039,30.7798,0.117332
,googlenet_109,31.7751,0.0915023
,googlenet_105,30.3329,0.104959
,googlenet_359,36.469,0.123992
,googlenet_4,29.164,0.0839366
,googlenet_1424,38.3296,0.12346
,googlenet_63,38.7348,0.142772
,googlenet_1558,32.0294,0.0651379
,googlenet_1769,36.1954,0.0606968
,googlenet_562,32.5937,0.152945
,googlenet_1293,37.023,0.126763
,googlenet_1574,29.8421,0.137642
,googlenet_475,31.4373,0.0989282
,googlenet_1825,33.2263,0.134355
,googlenet_1204,28.6303,0.0367785
,googlenet_147,35.1945,0.120195
,googlenet_1085,37.1996,0.143272
,googlenet_324,31.4763,0.110261
,googlenet_254,32.4949,0.0537481
,googlenet_130,30.0111,0.0712164
,googlenet_1768,28.2866,0.11204
,googlenet_1771,35.6131,0.172668
,googlenet_406,36.6451,0.101613
,googlenet_1636,28.2258,0.0871531
,googlenet_388,29.8223,0.0400957
,googlenet_1706,33.479,0.127804
,googlenet_1767,29.8699,0.16305
,googlenet_684,30.7473,0.114608
,googlenet_1068,40.7037,0.0780063
,googlenet_1785,30.5455,0.0524892
,googlenet_673,30.9065,0.0913278
,googlenet_1371,41.2215,0.192038
,googlenet_92,31.1994,0.0677693
,googlenet_681,30.2951,0.0465906
,googlenet_198,32.4497,0.0745079
,googlenet_878,32.2014,0.119602
,googlenet_939,32.9008,0.106446
,googlenet_255,34.5002,0.159199
,googlenet_1787,33.7031,0.140553
,googlenet_339,32.9518,0.207649
,googlenet_1805,31.8265,0.167011
,googlenet_1366,34.4595,0.145967
,googlenet_1816,30.5645,0.0604183
,googlenet_121,27.8553,0.0607142
,googlenet_340,35.7515,0.107701
,googlenet_1505,35.3676,0.106632
,googlenet_1639,29.7912,0.107266
,googlenet_1449,29.3565,0.11122
,googlenet_1360,30.5192,0.0754307
,googlenet_1660,35.8356,0.123464
,googlenet_543,33.0588,0.0727059
,googlenet_1016,30.68,0.120994
,googlenet_758,30.0388,0.0883078
,googlenet_1177,30.0145,0.153218
,googlenet_443,35.511,0.154139
,googlenet_1048,32.1714,0.0729374
,googlenet_702,29.3576,0.0802536
,googlenet_762,36.8946,0.136734
,googlenet_444,41.1129,0.144926
,googlenet_650,28.3788,0.125039
,googlenet_253,31.8916,0.12599
,googlenet_1693,34.8485,0.0672529
,googlenet_38,35.0437,0.106973
,googlenet_757,28.7577,0.110414
,googlenet_1922,28.7352,0.0970354
,googlenet_860,33.0732,0.140589
,googlenet_80,33.5174,0.0665025
,googlenet_548,25.5561,0.061861
,googlenet_420,40.6293,0.178335
,googlenet_196,36.2939,0.137167
,googlenet_994,35.1321,0.106156
,googlenet_1543,39.9685,0.118989
,googlenet_1180,34.7249,0.0652242
,googlenet_411,26.5485,0.0973162
,googlenet_1331,34.0122,0.13215
,googlenet_1279,30.9153,0.125234
,googlenet_1918,30.3457,0.136213
,googlenet_1483,34.7223,0.128865
,googlenet_920,31.8202,0.134821
,googlenet_79,32.3013,0.0669102
,googlenet_967,30.5771,0.094056
,googlenet_1870,38.4598,0.139173
,googlenet_1397,35.5496,0.150872
,googlenet_874,42.0355,0.190083
,googlenet_974,35.339,0.0902371
,googlenet_868,26.5859,0.119205
,googlenet_1194,39.2035,0.138541
,googlenet_1554,28.7102,0.10494
,googlenet_608,35.6454,0.105901
,googlenet_167,31.0403,0.0512531
,googlenet_898,31.7681,0.0902045
,googlenet_1033,30.8748,0.0885907
,googlenet_409,29.2786,0.107444
,googlenet_385,33.9659,0.0933847
,googlenet_1047,34.1857,0.0909335
,googlenet_1655,29.5716,0.0641847
,googlenet_1984,32.7911,0.083095
,googlenet_655,29.6925,0.196922
,googlenet_1761,33.7496,0.0710892
,googlenet_1131,30.5992,0.0688131
,googlenet_734,27.9615,0.0984619
,googlenet_1388,30.1787,0.119448
,googlenet_1536,38.2051,0.0965062
,googlenet_1969,31.4548,0.130465
,googlenet_519,33.4667,0.107025
,googlenet_364,32.8104,0.142119
,googlenet_36,28.7397,0.0858441
,googlenet_700,30.7538,0.129878
,googlenet_1557,35.2795,0.102884
,googlenet_1289,34.5312,0.111366
,googlenet_1486,36.7839,0.0938707
,googlenet_879,33.2551,0.0781801
,googlenet_516,33.8654,0.118685
,googlenet_1827,28.4353,0.165116
,googlenet_632,26.7511,0.0705516
,googlenet_1415,35.0827,0.17538
,googlenet_1228,32.9681,0.0777383
,googlenet_905,30.255,0.0800884
,googlenet_764,34.6265,0.0569012
,googlenet_62,30.8769,0.144653
,googlenet_1995,34.5379,0.1346
,googlenet_638,30.2429,0.0904507
,googlenet_958,32.103,0.119075
,googlenet_1661,33.9842,0.123267
,googlenet_772,26.333,0.0490304
,googlenet_614,31.6243,0.118221
,googlenet_863,32.9427,0.126526
,googlenet_468,39.0097,0.11201
,googlenet_811,33.3069,0.10737
,googlenet_1667,31.3051,0.118792
,googlenet_1592,29.0352,0.0864972
,googlenet_634,26.5253,0.0651875
,googlenet_1184,34.1786,0.100891
,googlenet_602,29.2511,0.106608
,googlenet_1951,29.8777,0.130062
,googlenet_485,27.2657,0.0877843
,googlenet_1006,34.4932,0.222625
,googlenet_1589,34.1609,0.0744218
,googlenet_245,30.7772,0.068403
,googlenet_1719,33.1396,0.164575
,googlenet_624,36.5807,0.0965426
,googlenet_1251,28.7494,0.0920219
,googlenet_1828,30.1381,0.0884474
,googlenet_1979,31.8954,0.111799
,googlenet_1226,31.3782,0.12699
,googlenet_1196,32.3346,0.146678
,googlenet_1697,26.4923,0.106785
,googlenet_688,34.4642,0.0605155
,googlenet_1032,31.6502,0.117415
,googlenet_766,35.5765,0.150132
,googlenet_291,38.2873,0.140764
,googlenet_299,37.2288,0.15028
,googlenet_1812,38.3926,0.152864
,googlenet_1420,29.3813,0.105554
,googlenet_148,36.4205,0.177286
,googlenet_1632,37.572,0.0791313
,googlenet_1444,33.7479,0.139344
,googlenet_1714,36.3059,0.219014
,googlenet_258,34.0115,0.129001
,googlenet_904,29.7536,0.118533
,googlenet_1906,36.8603,0.0608128
,googlenet_1257,41.9319,0.159083
,googlenet_1316,40.4108,0.129557
,googlenet_589,27.5908,0.225431
,googlenet_1318,35.5323,0.177842
,googlenet_256,32.6949,0.1277
,googlenet_1340,28.5664,0.109686
,googlenet_944,30.7369,0.0702935
,googlenet_1677,31.8117,0.0870856
,googlenet_1980,31.1258,0.119979
,googlenet_365,33.9649,0.12232
,googlenet_524,27.3719,0.105558
,googlenet_534,29.4793,0.0806683
,googlenet_1684,38.8414,0.138188
,googlenet_1875,30.677,0.100074
,googlenet_448,27.2176,0.105273
,googlenet_1393,29.8601,0.0927005
,googlenet_1549,26.9752,0.0702049
,googlenet_437,28.5477,0.10549
,googlenet_698,34.6343,0.113954
,googlenet_549,33.223,0.480265
,googlenet_664,30.1919,0.104318
,googlenet_408,31.6813,0.0672142
,googlenet_264,33.5977,0.0838432
,googlenet_383,34.6282,0.693463
,googlenet_268,35.3464,0.0851148
,googlenet_1521,32.8996,0.0870483
,googlenet_270,34.239,0.111644
,googlenet_1928,31.3355,0.17333
,googlenet_398,32.2418,0.0989395
,googlenet_439,32.2867,0.11914
,googlenet_1343,33.2116,0.123877
,googlenet_257,33.5238,0.0996309
,googlenet_1341,31.9461,0.0890869
,googlenet_1904,30.3423,0.123152
,googlenet_452,38.7227,0.149358
,googlenet_207,25.0441,0.103013
,googlenet_1734,33.7453,0.167962
,googlenet_1432,37.879,0.0826845
,googlenet_1748,28.8099,0.0684245
,googlenet_1896,34.7658,0.0983227
,googlenet_1451,30.7846,0.100469
,googlenet_9,37.0059,0.0763553
,googlenet_312,32.8069,0.0622139
,googlenet_1523,32.9614,0.123915
,googlenet_730,26.2659,0.106204
,googlenet_1534,29.6403,0.138379
,googlenet_1850,35.7192,0.113354
,googlenet_78,34.4527,0.1493
,googlenet_1349,29.3351,0.0842231
,googlenet_1116,37.1896,0.177401
,googlenet_367,37.4159,0.173875
,googlenet_753,31.752,0.135514
,googlenet_1005,32.3884,0.097343
,googlenet_1074,33.581,0.101633
,googlenet_76,31.9408,0.110988
,googlenet_948,32.0199,0.126253
,googlenet_1610,29.1031,0.140446
,googlenet_1161,34.4712,0.0844603
,googlenet_1472,35.3775,0.112643
,googlenet_1130,26.6856,0.0634174
,googlenet_823,33.1031,0.126869
,googlenet_1159,36.2195,0.159308
,googlenet_817,41.187,0.191169
,googlenet_1414,27.3705,0.0686289
,googlenet_615,30.6231,0.069557
,googlenet_1590,30.3392,0.164285
,googlenet_1504,33.4942,0.169487
,googlenet_137,29.8055,0.082587
,googlenet_1214,29.3054,0.102283
,googlenet_55,32.0365,0.0425113
,googlenet_1560,38.0463,0.168047
,googlenet_1121,28.0603,0.0686196
,googlenet_135,37.8046,0.124378
,googlenet_288,30.157,0.0707892
,googlenet_1782,32.7984,0.118382
,googlenet_828,33.3202,0.19955
,googlenet_1274,34.8458,0.196757
,googlenet_251,32.1083,0.0745056
,googlenet_1540,31.4714,0.0848896
,googlenet_1206,37.3901,0.104728
,googlenet_1129,34.5789,0.114502
,googlenet_1829,27.4177,0.0841953
,googlenet_1003,36.6911,0.0885131
,googlenet_570,29.1903,0.096888
,googlenet_862,27.878,0.0519554
,googlenet_1463,34.159,0.0642806
,googlenet_1210,30.7205,0.0575981
,googlenet_1482,27.5502,0.11635
,googlenet_50,35.2364,0.152596
,googlenet_453,39.1217,0.100648
,googlenet_1305,34.4912,0.15061
,googlenet_328,31.1848,0.143425
,googlenet_71,34.8888,0.0904396
,googlenet_1308,30.9711,0.0672563
,googlenet_1145,36.4324,0.0702838
,googlenet_210,38.0349,0.102501
,googlenet_1567,39.4183,0.148966
,googlenet_1965,31.4945,0.110874
,googlenet_803,32.5054,0.153092
,googlenet_1777,22.9687,0.0883127
,googlenet_866,32.0267,0.0900682
,googlenet_338,32.0836,0.100061
,googlenet_527,37.599,0.185574
,googlenet_205,40.2952,0.114206
,googlenet_1484,36.5147,0.0580496
,googlenet_559,31.5028,0.129537
,googlenet_318,38.1162,0.17394
,googlenet_336,28.8527,0.0599254
,googlenet_1981,30.8678,0.0916034
,googlenet_317,25.8188,0.0721379
,googlenet_1809,33.3754,0.0925573
,googlenet_915,33.9717,0.136823
,googlenet_1528,33.4835,0.139149
,googlenet_883,38.3731,0.0981227
,googlenet_1593,29.2707,0.0983127
,googlenet_595,26.0541,0.138354
,googlenet_369,35.2198,0.142552
,googlenet_798,36.0733,0.177104
,googlenet_1426,41.2857,0.0901001
,googlenet_1384,30.3481,0.0773664
,googlenet_1773,32.374,0.0774459
,googlenet_1392,28.9642,0.132306
,googlenet_390,32.0466,0.084097
,googlenet_1874,41.7725,0.135385
,googlenet_1645,37.3612,0.133035
,googlenet_911,33.3541,0.109702
,googlenet_900,27.3326,0.144066
,googlenet_1328,25.1537,0.063594
,googlenet_910,33.6103,0.165962
,googlenet_969,31.0655,0.172337
,googlenet_1513,39.9471,0.0759012
,googlenet_1010,31.265,0.0471453
,googlenet_1253,35.117,0.0812248
,googlenet_8,33.9622,0.0822474
,googlenet_703,34.1054,0.0872953
,googlenet_504,27.4547,0.565419
,googlenet_1555,27.3281,0.11091
,googlenet_1425,32.5306,0.101879
,googlenet_1306,30.6444,0.078261
,googlenet_1146,33.1684,0.0914773
,googlenet_219,36.4313,0.152288
,googlenet_1117,41.8443,0.135792
,googlenet_1108,42.4196,0.108667
,googlenet_575,33.9903,0.122151
,googlenet_583,30.0262,0.150049
,googlenet_5,36.8802,0.0743453
,googlenet_64,29.4087,0.0509908
,googlenet_1158,31.4627,0.0958405
,googlenet_169,29.2006,0.499766
,googlenet_511,41.5854,0.116488
,googlenet_565,37.719,0.0973921
,googlenet_1162,39.1038,0.111011
,googlenet_1607,40.1153,0.163133
,googlenet_525,26.8124,0.0554864
,googlenet_49,38.232,0.133467
,googlenet_1711,30.4108,0.0691223
,googlenet_1078,26.9068,0.117867
,googlenet_129,35.4677,0.117576
,googlenet_418,32.1504,0.0645882
,googlenet_581,25.3117,0.0844948
,googlenet_145,35.6132,0.134081
,googlenet_133,31.6108,0.130683
,googlenet_1573,35.2246,0.107721
,googlenet_1894,38.3294,0.174698
,googlenet_781,32.6498,0.0825393
,googlenet_988,26.9157,0.0724828
,googlenet_502,25.6229,0.0553693
,googlenet_1806,29.0844,0.110732
,googlenet_941,32.6371,0.101857
,googlenet_1237,39.1339,0.133732
,googlenet_1751,37.8192,0.144327
,googlenet_585,35.7869,0.121359
,googlenet_1721,31.2846,0.0897524
,googlenet_759,26.788,0.0856297
,googlenet_669,30.7712,0.12401
,googlenet_1115,32.8727,0.112639
,googlenet_1076,31.6836,0.139961
,googlenet_246,35.7606,0.0901653
,googlenet_432,34.4386,0.0901984
,googlenet_931,36.1271,0.180826
,googlenet_1462,35.799,0.118375
,googlenet_1718,27.9,0.112081
,googlenet_1846,30.7813,0.0905872
,googlenet_1725,33.4333,0.0865656
,googlenet_281,37.1951,0.0978017
,googlenet_544,35.8548,0.175072
,googlenet_1880,33.3093,0.109427
,googlenet_1313,32.6808,0.118704
,googlenet_1026,35.3862,0.136255
,googlenet_1015,30.0435,0.11834
,googlenet_1657,33.0538,0.0557312
,googlenet_1038,35.2765,0.0930301
,googlenet_1713,30.2753,0.159555
,googlenet_1002,30.3776,0.134289
,googlenet_620,34.4046,0.151273
,googlenet_315,31.2195,0.0934876
,googlenet_679,32.2927,0.093821
,googlenet_1871,30.4971,0.09779
,googlenet_1801,36.0184,0.0589716
,googlenet_1948,30.8549,0.0802207
,googlenet_1160,36.6701,0.0689262
,googlenet_998,39.0769,0.143489
,googlenet_1824,32.5446,0.0983732
,googlenet_1035,35.84,0.0883411
,googlenet_1473,32.7925,0.0934244
,googlenet_1485,32.3944,0.061636
,googlenet_1163,27.7065,0.0738172
,googlenet_490,33.315,0.159852
,googlenet_1207,33.5109,0.190762
,googlenet_1802,35.4264,0.187581
,googlenet_1908,29.055,0.099194
,googlenet_1666,29.2707,0.0750753
,googlenet_465,34.1738,0.0774796
,googlenet_1741,40.7726,0.161839
,googlenet_203,30.8225,0.100289
,googlenet_479,35.0899,0.156796
,googlenet_985,37.4603,0.146289
,googlenet_889,30.5827,0.0954056
,googlenet_563,28.4277,0.0681797
,googlenet_785,33.4026,0.035503
,googlenet_1764,29.3269,0.0620488
,googlenet_731,35.0151,0.146089
,googlenet_661,34.4612,0.133341
,googlenet_1628,35.9893,0.167371
,googlenet_260,32.0655,0.0792392
,googlenet_1189,30.0182,0.189844
,googlenet_259,35.6254,0.16001
,googlenet_1276,29.9407,0.121268
,googlenet_1231,37.1773,0.13706
,googlenet_712,35.0779,0.0941188
,googlenet_777,32.2743,0.123001
,googlenet_838,28.7496,0.129121
,googlenet_410,28.7943,0.0915337
,googlenet_1045,26.4556,0.0553854
,googlenet_1285,30.8766,0.156177
,googlenet_1378,32.7572,0.126484
,googlenet_446,26.5822,0.0752504
,googlenet_212,39.4037,0.0915881
,googlenet_1270,40.5419,0.0935761
,googlenet_1452,41.8794,0.131567
,googlenet_981,28.147,0.099535
,googlenet_1786,27.3099,0.106166
,googlenet_384,37.341,0.090609
,googlenet_111,34.3495,0.0910422
,googlenet_1643,27.1889,0.0567099
,googlenet_1601,31.0058,0.0821532
,googlenet_1606,30.3731,0.11131
,googlenet_1024,32.6385,0.094461
,googlenet_869,31.7262,0.156625
,googlenet_361,29.8069,0.151317
,googlenet_841,32.3105,0.103637
,googlenet_273,40.1647,0.10201
,googlenet_827,35.2223,0.12613
,googlenet_536,32.1709,0.109394
,googlenet_1288,31.5276,0.135226
,googlenet_230,30.5623,0.149492
,googlenet_1342,34.1763,0.0680757
,googlenet_1776,32.6444,0.0429817
,googlenet_158,33.7762,0.0803798
,googlenet_1474,30.5673,0.107474
,googlenet_1040,32.8659,0.0619056
,googlenet_893,29.8014,0.162246
,googlenet_596,27.7602,0.0452233
,googlenet_1832,30.5108,0.0987352
,googlenet_924,28.2416,0.0926143
,googlenet_510,34.7263,0.0986259
,googlenet_1851,31.9683,0.150004
,googlenet_1988,34.4791,0.156034
,googlenet_103,34.2342,0.0794385
,googlenet_1172,34.9433,0.103147
,googlenet_1877,34.1585,0.084893
,googlenet_108,28.3445,0.0739536
,googlenet_1516,28.635,0.0947088
,googlenet_42,31.3864,0.0878631
,googlenet_1839,29.1745,0.129705
,googlenet_1651,28.7215,0.118038
,googlenet_919,36.7418,0.17891
,googlenet_1245,34.8847,0.0883619
,googlenet_1774,31.7266,0.124316
,googlenet_1333,34.104,0.0889442
,googlenet_1232,36.6378,0.141103
,googlenet_1733,28.6006,0.208163
,googlenet_1884,33.3087,0.0791621
,googlenet_1389,31.3586,0.0904676
,googlenet_65,39.3763,0.138041
,googlenet_1030,37.3893,0.172955
,googlenet_1007,39.723,0.134186
,googlenet_17,26.4519,0.112062
,googlenet_194,30.7955,0.0739446
,googlenet_666,36.0465,0.087499
,googlenet_156,30.3596,0.104844
,googlenet_278,35.4421,0.0918646
,googlenet_463,34.0365,0.0860937
,googlenet_925,35.549,0.095682
,googlenet_522,35.2217,0.130068
,googlenet_1568,32.3258,0.110633
,googlenet_1944,33.3347,0.131405
,googlenet_47,33.928,0.0985069
,googlenet_1465,30.357,0.0557516
,googlenet_1252,31.7202,0.0607402
,googlenet_1265,38.3786,0.132643
,googlenet_1170,28.0866,0.104678
,googlenet_1723,33.6698,0.0940277
,googlenet_1139,28.0118,0.146867
,googlenet_1437,37.4578,0.0955795
,googlenet_441,35.1497,0.179666
,googlenet_1857,31.5946,0.0892901
,googlenet_462,40.3644,0.132091
,googlenet_605,33.6334,0.0620535
,googlenet_625,37.2793,0.143443
,googlenet_1700,27.1279,0.0943778
,googlenet_627,29.1238,0.130086
,googlenet_370,43.2023,0.102761
,googlenet_760,34.4922,0.110255
,googlenet_1750,36.5668,0.114785
,googlenet_1149,32.8561,0.133198
,googlenet_1271,31.0609,0.130042
,googlenet_1736,42.0104,0.0582929
,googlenet_481,33.6347,0.101098
,googlenet_1330,33.4527,0.13263
,googlenet_1888,26.6184,0.0958083
,googlenet_222,35.5666,0.0678147
,googlenet_326,33.0644,0.0657474
,googlenet_1597,32.7351,0.105592
,googlenet_413,31.6433,0.115382
,googlenet_1664,34.8482,0.147465
,googlenet_800,32.4588,0.104118
,googlenet_217,31.4183,0.116602
,googlenet_715,29.7938,0.0694684
,googlenet_1212,32.6369,0.0901433
,googlenet_1346,28.8621,0.0867092
,googlenet_345,40.2632,0.100903
,googlenet_858,42.1925,0.191245
,googlenet_1637,30.583,0.0623327
,googlenet_957,33.2089,0.0646767
,googlenet_1099,31.7795,0.0843008
,googlenet_622,29.1851,0.078589
,googlenet_119,34.0888,0.10783
,googlenet_1337,35.5018,0.102544
,googlenet_1317,28.1707,0.137323
,googlenet_580,39.8075,0.126097
,googlenet_579,27.9736,0.116853
,googlenet_229,31.8675,0.120142
,googlenet_1466,30.8226,0.0869168
,googlenet_886,35.0912,0.168596
,googlenet_349,29.1515,0.134093
,googlenet_1282,27.8528,0.133267
,googlenet_564,28.0395,0.0568298
,googlenet_180,29.9754,0.0876048
,googlenet_1947,39.5849,0.164383
,googlenet_1367,28.2262,0.109912
,googlenet_1383,39.3183,0.149506
,googlenet_1480,28.4755,0.0803505
,googlenet_1382,28.7009,0.0904778
,googlenet_1885,26.2513,0.0647266
,googlenet_438,33.1445,0.0942225
,googlenet_1250,35.3476,0.0836044
,googlenet_150,27.161,0.0520941
,googlenet_234,34.4233,0.116555
,googlenet_1710,48.9672,0.0801165
,googlenet_1230,31.7168,0.100579
,googlenet_797,28.2329,0.08769
,googlenet_512,25.0577,0.0376021
,googlenet_1075,34.3623,0.132099
,googlenet_1790,35.0546,0.0762642
,googlenet_454,34.2091,0.147621
,googlenet_1396,31.409,0.0938286
,googlenet_1419,35.6611,0.104719
,googlenet_337,34.2429,0.165471
,googlenet_1326,33.257,0.11576
,googlenet_550,35.2622,0.162692
,googlenet_1461,29.1257,0.102325
,googlenet_795,30.3907,0.11285
,googlenet_414,26.88,0.123004
,googlenet_83,30.7799,0.164153
,googlenet_1611,36.084,0.191631
,googlenet_498,34.486,0.0887571
,googlenet_505,29.5682,0.0718395
,googlenet_643,26.3951,0.0902572
,googlenet_1268,29.9797,0.0723968
,googlenet_403,39.1698,0.130162
,googlenet_1861,37.8359,0.127683
,googlenet_1408,29.1431,0.337128
,googlenet_440,30.5669,0.151802
,googlenet_1962,32.2431,0.0769637
,googlenet_12,29.9174,0.056508
,googlenet_61,31.1507,0.146364
,googlenet_621,27.3394,0.0633536
,googlenet_252,33.5389,0.118222
,googlenet_932,30.3495,0.135603
,googlenet_1363,36.8606,0.124801
,googlenet_1179,33.114,0.0828268
,googlenet_1862,36.8205,0.1369
,googlenet_1535,35.82,0.0859992
,googlenet_428,30.7644,0.184987
,googlenet_82,34.5148,0.138941
,googlenet_540,31.3829,0.170244
,googlenet_871,35.8653,0.0806341
,googlenet_1938,35.6835,0.128193
,googlenet_1821,29.7856,0.137147
,googlenet_946,32.209,0.164668
,googlenet_1134,30.1245,0.0747133
,googlenet_1043,38.2671,0.101903
,googlenet_1584,39.4119,0.134933
,googlenet_30,40.6248,0.12718
,googlenet_539,28.1616,0.0762699
,googlenet_829,37.5596,0.0888845
,googlenet_789,27.3955,0.096423
,googlenet_128,35.772,0.168136
,googlenet_123,30.2226,0.109365
,googlenet_1883,31.3206,0.0849381
,googlenet_1977,36.6255,0.341023
,googlenet_1612,39.2968,0.14608
,googlenet_881,32.6493,0.130691
,googlenet_752,31.8916,0.0590483
,googlenet_1234,33.0149,0.201299
,googlenet_347,34.7113,0.0933623
,googlenet_1240,33.6267,0.141735
,googlenet_1788,34.7657,0.133581
,googlenet_1842,35.1963,0.0817306
,googlenet_683,29.7633,0.057043
,googlenet_784,35.8946,0.131483
,googlenet_547,30.2672,0.156716
,googlenet_1647,37.0098,0.127554
,googlenet_1430,33.8989,0.112507
,googlenet_1565,30.5853,0.138409
,googlenet_909,28.3933,0.0817577
,googlenet_1835,24.3833,0.0658306
,googlenet_239,35.3147,0.147549
,googlenet_1656,30.9977,0.0627852
,googlenet_303,31.9495,0.0550546
,googlenet_977,36.3891,0.0805655
,googlenet_1895,28.3042,0.122242
,googlenet_832,31.024,0.144721
,googlenet_672,32.5752,0.14434
,googlenet_647,39.1937,0.132843
,googlenet_787,26.7205,0.0442607
,googlenet_1934,36.6627,0.092092
,googlenet_1493,36.5261,0.111394
,googlenet_1699,33.2452,0.366247
,googlenet_35,37.6402,0.0729298
,googlenet_1067,34.2194,0.135776
,googlenet_1618,31.5193,0.201615
,googlenet_1634,33.7526,0.0526511
,googlenet_808,31.6721,0.159121
,googlenet_1081,28.0871,0.0672565
,googlenet_1380,36.1695,0.122957
,googlenet_922,36.2589,0.120187
,googlenet_1019,33.3249,0.117042
,googlenet_1083,36.5511,0.163044
,googlenet_571,34.096,0.10444
,googlenet_936,31.5499,0.157573
,googlenet_1702,32.1565,0.193966
,googlenet_1004,32.1954,0.0982692
,googlenet_146,28.5167,0.231914
,googlenet_348,36.5418,0.109903
,googlenet_22,31.367,0.146096
,googlenet_1833,30.6768,0.0919167
,googlenet_727,37.5905,0.135319
,googlenet_880,30.3839,0.151324
,googlenet_1913,34.9877,0.194004
,googlenet_1413,27.9326,0.0538895
,googlenet_706,42.739,0.153013
,googlenet_1749,29.2425,0.0961555
,googlenet_1905,33.1907,0.075488
,googlenet_1112,38.3961,0.104793
,googlenet_1779,31.1132,0.163792
,googlenet_279,35.6479,0.135877
,googlenet_750,27.0623,0.224141
,googlenet_1670,30.9864,0.0991025
,googlenet_1321,30.4944,0.121436
,googlenet_895,31.3326,0.102732
,googlenet_1728,33.4394,0.057341
,googlenet_1491,32.0208,0.0992699
,googlenet_224,32.5116,0.111884
,googlenet_1863,35.6118,0.140891
,googlenet_85,32.3695,0.11799
,googlenet_496,32.7906,0.0976005
,googlenet_1098,32.5301,0.0580675
,googlenet_1522,35.0092,0.0844358
,googlenet_1766,33.7171,0.145225
,googlenet_816,32.8758,0.110843
,googlenet_678,30.3421,0.0509278
,googlenet_824,25.1741,0.285996
,googlenet_807,35.4841,0.0773822
,googlenet_1692,24.5118,0.0697568
,googlenet_166,29.324,0.0527721
,googlenet_1822,31.1085,0.0559049
,googlenet_399,26.2141,0.117849
,googlenet_1559,28.6609,0.112008
,googlenet_1563,32.6517,0.106844
,googlenet_1469,27.1133,0.0815998
,googlenet_1696,36.2141,0.0703579
,googlenet_814,31.254,0.0838499
,googlenet_118,30.2122,0.116276
,googlenet_366,37.8964,0.228972
,googlenet_1509,34.8045,0.14624
,googlenet_1855,34.1088,0.110711
,googlenet_1370,30.4331,0.0707249
,googlenet_1890,32.7121,0.126616
,googlenet_1588,29.4637,0.163351
,googlenet_1649,31.7172,0.110972
,googlenet_1800,30.0572,0.125958
,googlenet_1429,33.4797,0.145842
,googlenet_1011,34.8996,0.0729679
,googlenet_951,32.1415,0.114147
,googlenet_378,30.5716,0.0928061
,googlenet_168,36.1124,0.111224
,googlenet_1079,30.2182,0.129696
,googlenet_1935,32.1473,0.105139
,googlenet_980,32.7489,0.165141
,googlenet_1735,27.4008,0.888073
,googlenet_1932,40.3699,0.155351
,googlenet_1544,33.3728,0.0754322
,googlenet_1914,27.4746,0.0682835
,googlenet_801,28.0344,0.0970219
,googlenet_424,29.2108,0.0504555
,googlenet_1028,35.6588,0.146129
,googlenet_830,32.4029,0.13154
,googlenet_630,30.8231,0.142725
,googlenet_249,35.1664,0.157802
,googlenet_542,31.8137,0.0839208
,googlenet_1756,25.4981,0.0590346
,googlenet_0,33.0982,0.0894828
,googlenet_842,27.899,0.0502986
,googlenet_509,35.9773,0.154864
,googlenet_978,29.0937,0.0860273
,googlenet_46,29.8429,0.149903
,googlenet_1959,36.0455,0.188193
,googlenet_984,29.3549,0.0978656
,googlenet_320,36.4857,0.175637
,googlenet_1537,26.809,0.0719688
,googlenet_1840,33.9968,0.113135
,googlenet_668,29.178,0.109405
,googlenet_591,33.5444,0.0845358
,googlenet_1197,31.8072,0.0979869
,googlenet_491,30.2208,0.0531988
,googlenet_1931,34.438,0.0961367
,googlenet_961,32.2578,0.117035
,googlenet_1395,34.7566,0.10128
,googlenet_501,31.0331,0.071276
,googlenet_1423,29.9577,0.0956932
,googlenet_2,29.4476,0.0690992
,googlenet_821,34.8248,0.0748966
,googlenet_918,35.2919,0.113958
,googlenet_682,29.2746,0.0900851
,googlenet_11,32.2253,0.0899983
,googlenet_267,32.5026,0.105114
,googlenet_1703,30.2086,0.161785
,googlenet_1602,36.7292,0.0667236
,googlenet_331,35.8659,0.0853718
,googlenet_1726,28.7824,0.127286
,googlenet_938,34.3713,0.117766
,googlenet_1476,31.5958,0.0786757
,googlenet_95,34.9998,0.0761819
,googlenet_993,30.3539,0.0890261
,googlenet_508,44.1875,0.241387
,googlenet_430,31.4156,0.130792
,googlenet_1188,34.7395,0.0815916
,googlenet_975,27.9311,0.0489368
,googlenet_1069,23.7248,0.0872695
,googlenet_600,26.0084,0.0805383
,googlenet_1489,38.3066,0.148186
,googlenet_545,33.9783,0.164243
,googlenet_1508,29.6082,0.109145
,googlenet_1042,33.4374,0.0738827
,googlenet_486,33.6082,0.0825267
,googlenet_308,30.805,0.143926
,googlenet_532,30.342,0.110781
,googlenet_1220,29.8977,0.122574
,googlenet_87,28.2756,0.167515
,googlenet_1241,33.6485,0.0526768
,googlenet_240,26.506,0.0580129
,googlenet_358,33.9224,0.16551
,googlenet_1916,26.4491,0.0910671
,googlenet_81,34.2801,0.0991855
,googlenet_395,32.4945,0.148093
,googlenet_1046,34.1981,0.105224
,googlenet_392,32.1773,0.0750422
,googlenet_1975,29.4499,0.122146
,googlenet_492,32.8005,0.110194
,googlenet_325,27.7703,0.0499487
,googlenet_610,35.888,0.144392
,googlenet_786,33.4046,0.191783
,googlenet_1201,36.6406,0.0665452
,googlenet_1532,37.6615,0.0889126
,googlenet_1259,32.4689,0.15419
,googlenet_1327,31.3133,0.112274
,googlenet_1679,33.2362,0.143348
,googlenet_660,33.6346,0.152882
,googlenet_1740,32.7526,0.158082
,googlenet_1354,34.3929,0.13318
,googlenet_1088,33.6654,0.077536
,googlenet_1166,38.9113,0.124498
,googlenet_599,32.7855,0.101939
,googlenet_1983,33.1404,0.119703
,googlenet_124,31.7686,0.100131
,googlenet_141,29.2917,0.107686
,googlenet_662,31.7016,0.0666489
,googlenet_1348,37.6661,0.122378
,googlenet_755,34.8216,0.16119
,googlenet_1552,31.9712,0.144159
,googlenet_658,27.5247,0.0655701
,googlenet_1347,31.6047,0.081077
,googlenet_745,37.4146,0.101836
,googlenet_836,32.6237,0.105714
,googlenet_1985,29.7641,0.122048
,googlenet_242,39.1986,0.109609
,googlenet_201,37.6405,0.111989
,googlenet_295,34.1626,0.130156
,googlenet_98,35.7715,0.159058
,googlenet_1291,32.2354,0.155085
,googlenet_1854,26.7363,0.129467
,googlenet_300,26.8591,0.159389
,googlenet_1428,32.0351,0.137816
,googlenet_896,40.0451,0.115694
,googlenet_52,33.1043,0.0844117
,googlenet_74,31.6302,0.11388
,googlenet_1580,33.9195,0.117597
,googlenet_60,30.9112,0.0776306
,googlenet_1324,34.9389,0.140256
,googlenet_839,28.6981,0.0845037
,googlenet_1440,31.2296,0.0982416
,googlenet_1357,23.3392,0.0896309
,googlenet_820,27.6269,0.0869927
,googlenet_606,28.3025,0.149641
,googlenet_1218,35.9376,0.0869549
,googlenet_40,35.8026,0.0705112
,googlenet_1086,35.2866,0.156524
,googlenet_497,29.8187,0.0425501
,googlenet_478,30.3816,0.123746
,googlenet_1027,27.9823,0.106784
,googlenet_644,27.8268,0.124276
,googlenet_1836,31.0507,0.141561
,googlenet_1136,29.3712,0.146592
,googlenet_1949,32.5483,0.100885
,googlenet_1457,32.5296,0.115459
,googlenet_968,36.3558,0.0828667
,googlenet_1209,32.8796,0.0712479
,googlenet_1229,31.1834,0.146288
,googlenet_139,31.7598,0.122161
,googlenet_1244,29.0619,0.104878
,googlenet_1781,31.3046,0.0958177
,googlenet_115,24.7501,0.0908673
,googlenet_1716,38.7591,0.101225
,googlenet_1066,31.2277,0.0824322
,googlenet_287,32.4672,0.115171
,googlenet_746,36.5384,0.189348
,googlenet_1879,23.1682,0.0951077
,googlenet_1688,40.9041,0.13235
,googlenet_1192,34.9503,0.138587
,googlenet_942,37.3029,0.134052
,googlenet_33,30.507,0.0618529
,googlenet_1314,29.5735,0.146019
,googlenet_619,27.5796,0.0935629
,googlenet_1616,30.7972,0.072184
,googlenet_1236,34.6872,0.117217
,googlenet_1669,38.4309,0.0878706
,googlenet_652,28.066,0.0512915
,googlenet_379,37.0319,0.112369
,googlenet_1070,29.686,0.126134
,googlenet_1620,34.5906,0.118451
,googlenet_136,32.4239,0.0896205
,googlenet_1545,33.2185,0.111971
,googlenet_1477,38.4714,0.0980536
,googlenet_1298,31.8103,0.140415
,googlenet_576,30.7347,0.0722001
,googlenet_1122,30.7825,0.707838
,googlenet_431,23.809,0.0827466
,googlenet_161,35.3688,0.16609
,googlenet_451,40.4293,0.123971
,googlenet_1319,30.4394,0.0812319
,googlenet_930,37.3868,0.117216
,googlenet_855,31.5335,0.0921587
,googlenet_263,32.4013,0.100948
,googlenet_819,30.1341,0.0843884
,googlenet_381,35.2482,0.0970819
,googlenet_1448,31.4593,0.0590875
,googlenet_1681,34.6187,0.105583
,googlenet_1598,32.3502,0.122366
,googlenet_1103,30.8562,0.113147
,googlenet_476,30.6949,0.133834
,googlenet_362,34.4668,0.161411
,googlenet_1249,27.0968,0.153329
,googlenet_631,34.7107,0.0809648
,googlenet_1496,41.6951,0.179363
,googlenet_1126,29.5555,0.157412
,googlenet_1562,28.7384,0.104088
,googlenet_1989,31.1774,0.0796556
,googlenet_261,32.0355,0.0858444
,googlenet_1133,35.2197,0.109054
,googlenet_769,28.483,0.064171
,googlenet_1351,31.5202,0.18478
,googlenet_142,38.2223,0.0941418
,googlenet_393,31.7022,0.10247
,googlenet_1062,34.9739,0.157181
,googlenet_1445,31.3268,0.168288
,googlenet_1454,37.5468,0.131602
,googlenet_1034,33.6157,0.0621881
,googlenet_1113,27.3717,0.079705
,googlenet_774,32.502,0.0907509
,googlenet_846,31.9124,0.0989767
,googlenet_1054,35.5803,0.118497
,googlenet_851,32.8105,0.122333
,googlenet_649,29.8381,0.0644931
,googlenet_1157,33.3735,0.107173
,googlenet_372,36.6018,0.0489808
,googlenet_626,37.8821,0.145672
,googlenet_162,33.9706,0.152798
,googlenet_216,34.2338,0.0623026
,googlenet_402,31.6361,0.0777201
,googlenet_389,31.9741,0.111448
,googlenet_1087,38.2991,0.13562
,googlenet_1629,33.758,0.0743877
,googlenet_1060,36.6593,0.209424
,googlenet_1963,33.9316,0.163942
,googlenet_1260,38.5585,0.0948725
,googlenet_810,29.1167,0.087445
,googlenet_1264,36.2185,0.0913612
,googlenet_232,36.7648,0.117715
,googlenet_1737,30.5904,0.138407
,googlenet_374,27.4475,0.171526
,googlenet_397,31.0627,0.0754623
,googlenet_1216,32.9124,0.130906
,googlenet_1101,29.7702,0.0704872
,googlenet_568,31.4864,0.106742
,googlenet_962,29.3007,0.104534
,googlenet_1374,27.8876,0.100942
,googlenet_770,29.5033,0.113766
,googlenet_1198,36.6356,0.125568
,googlenet_1138,29.5882,0.0949758
,googlenet_1795,30.5184,0.111385
,googlenet_1889,30.7779,0.0725497
,googlenet_1686,33.3518,0.119945
,googlenet_1997,26.2574,0.0838564
,googlenet_223,33.8688,0.106462
,googlenet_183,31.3299,0.0777412
,googlenet_598,33.6797,0.162978
,googlenet_523,29.0459,0.115798
,googlenet_225,36.2315,0.0868723
,googlenet_298,28.3438,0.106176
,googlenet_1635,34.0705,0.0894357
,googlenet_1658,31.7539,0.118968
,googlenet_386,34.3338,0.168624
,googlenet_719,29.4732,0.0894814
,googlenet_1659,29.5789,0.119477
,googlenet_447,32.9347,0.136253
,googlenet_195,32.1633,0.157641
,googlenet_1475,36.3416,0.116571
,googlenet_776,29.1038,0.0775922
,googlenet_1470,34.5197,0.0991672
,googlenet_489,34.1899,0.152825
,googlenet_845,29.9588,0.0751158
,googlenet_1000,36.1141,0.107976
,googlenet_923,29.21,0.0602401
,googlenet_1417,37.2812,0.616178
,googlenet_1762,31.4806,0.102729
,googlenet_1358,33.9874,0.0820499
,googlenet_1386,36.5155,0.0528513
,googlenet_21,30.5928,0.114763
,googlenet_480,33.8024,0.152746
,googlenet_1813,33.5588,0.187909
,googlenet_1182,39.0418,0.0838064
,googlenet_218,33.755,0.167566
,googlenet_1200,27.8418,0.0925208
,googlenet_1168,38.0428,0.125591
,googlenet_1123,25.5316,0.128393
,googlenet_445,31.1712,0.141897
,googlenet_1359,29.5208,0.108667
,googlenet_1671,34.9555,0.135108
,googlenet_1561,39.176,0.166574
,googlenet_934,37.364,0.110423
,googlenet_106,30.6707,0.125241
,googlenet_1203,40.8751,0.114084
,googlenet_314,27.2213,0.114535
,googlenet_1500,30.2236,0.0909887
,googlenet_1297,33.9212,0.095018
,googlenet_1400,29.6097,0.0644499
,googlenet_1650,37.315,0.158988
,googlenet_1165,41.504,0.172954
,googlenet_1029,31.8732,0.122509
,googlenet_84,31.2934,0.0635903
,googlenet_1492,33.7051,0.0980144
,googlenet_1450,30.6181,0.189878
,googlenet_748,26.7661,0.0946564
,googlenet_1190,31.8211,0.119844
,googlenet_460,32.2706,0.144383
,googlenet_1295,33.9987,0.148759
,googlenet_503,31.8883,0.0649361
,googlenet_1685,27.5559,0.0976354
,googlenet_1578,28.6351,0.0769969
,googlenet_1109,39.7422,0.161063
,googlenet_640,33.8989,0.134392
,googlenet_334,27.637,0.0840952
,googlenet_1307,33.1808,0.157319
,googlenet_1930,32.5472,0.0839487
,googlenet_856,31.1685,0.0877676
,googlenet_164,28.3772,0.10832
,googlenet_1350,35.2449,0.120863
,googlenet_1609,28.6806,0.10718
,googlenet_1921,32.5311,0.0915312
,googlenet_696,33.2113,0.11032
,googlenet_529,29.1175,0.0558704
,googlenet_206,38.2413,0.171604
,googlenet_305,37.6604,0.134306
,googlenet_1662,31.0008,0.125075
,googlenet_236,38.2918,0.0702896
,googlenet_1648,27.3025,0.101502
,googlenet_1219,28.4168,0.156974
,googlenet_1668,42.2995,0.112863
,googlenet_908,35.6138,0.0936079
,googlenet_1394,37.9548,0.392463
,googlenet_1215,33.5297,0.105622
,googlenet_186,29.4129,0.0972653
,googlenet_1876,39.2577,0.134598
,googlenet_1191,33.449,0.126154
,googlenet_1292,30.2629,0.131511
,googlenet_48,34.3144,0.0633748
,googlenet_215,31.0109,0.0594817
,googlenet_456,28.1143,0.0897221
,googlenet_265,33.4234,0.127426
,googlenet_560,33.1553,0.215179
,googlenet_1868,35.4166,0.136102
,googlenet_1518,33.2607,0.214001
,googlenet_1511,26.8095,0.129369
,googlenet_377,30.9408,0.123928
,googlenet_332,25.8958,0.0723186
,googlenet_1390,32.4686,0.18318
,googlenet_56,33.1189,0.11879
,googlenet_343,28.5643,0.0989116
,googlenet_54,32.9316,0.13045
,googlenet_651,32.4241,0.13581
,googlenet_175,34.1145,0.094298
,googlenet_1856,29.8238,0.10365
,googlenet_1089,26.1549,0.0933944
,googlenet_794,32.7005,0.0990761
,googlenet_956,28.6806,0.0853063
,googlenet_90,39.5435,0.227308
,googlenet_1269,29.1836,0.0549519
,googlenet_887,34.2371,0.0952331
,googlenet_847,35.6892,0.185222
,googlenet_1137,39.6089,0.142203
,googlenet_921,34.9734,0.170777
,googlenet_457,35.2669,0.0898515
,googlenet_18,30.3711,0.147941
,googlenet_1765,28.7481,0.0657943
,googlenet_416,32.6466,0.156801
,googlenet_1254,27.0717,0.0588365
,googlenet_754,30.2344,0.0902328
,googlenet_937,34.2166,0.118602
,googlenet_1957,34.3035,0.128698
,googlenet_778,27.3602,0.0810958
,googlenet_185,27.8977,0.101434
,googlenet_1966,34.2874,0.085262
,googlenet_971,29.375,0.132321
,googlenet_1459,34.6838,0.122214
,googlenet_1132,35.0103,0.184053
,googlenet_826,32.5103,0.128243
,googlenet_1971,30.3979,0.108113
,googlenet_484,31.6488,0.116427
,googlenet_153,36.5348,0.119482
,googlenet_73,32.3965,0.11299
,googlenet_327,38.9297,0.146927
,googlenet_1942,36.3323,0.11547
,googlenet_1107,27.1272,0.112461
,googlenet_192,35.839,0.1079
,googlenet_1052,34.6005,1.10377
,googlenet_963,36.5235,0.116302
,googlenet_231,39.5623,0.14567
,googlenet_177,35.638,0.132026
,googlenet_729,31.8621,0.676469
,googlenet_1037,35.6332,0.0728435
,googlenet_1281,28.319,0.06332
,googlenet_1642,30.1515,0.0677201
,googlenet_1730,28.5,0.0642018
,googlenet_1799,29.1258,0.10587
,googlenet_792,35.4299,0.169435
,googlenet_53,28.1361,0.0996034
,googlenet_763,35.5612,0.0764026
,googlenet_163,26.2571,0.0702568
,googlenet_1891,34.1828,0.106217
,googlenet_360,32.9703,0.134252
,googlenet_16,34.52,0.11195
,googlenet_1441,25.3229,0.085178
,googlenet_1853,33.3537,0.158329
,googlenet_1992,28.2465,0.163561
,googlenet_1626,32.8223,0.0730087
,googlenet_193,31.2395,0.065212
,googlenet_75,35.1823,0.0892906
,googlenet_333,35.5874,0.118987
,googlenet_39,38.8743,0.095896
,googlenet_1008,37.8858,0.0752494
,googlenet_853,28.3571,0.13568
,googlenet_1902,29.8793,0.065254
,googlenet_1623,32.0711,0.10396
,googlenet_466,27.6084,0.0821365
,googlenet_935,36.4868,0.140307
,googlenet_815,31.9962,0.0597905
,googlenet_737,28.2656,0.132144
,googlenet_1990,32.3801,0.0805146
,googlenet_346,31.8388,0.0726175
,googlenet_474,26.763,0.101964
,googlenet_917,27.0207,0.0989892
,googlenet_768,30.4096,0.105585
,googlenet_1488,36.6175,0.177362
,googlenet_1743,31.804,0.113247
,googlenet_1742,32.6101,0.126876
,googlenet_771,32.8297,0.109648
,googlenet_1837,27.1129,0.0763423
,googlenet_1815,26.7721,0.132119
,googlenet_616,34.5643,0.103544
,googlenet_24,30.8533,0.593442
,googlenet_262,32.7505,0.146182
,googlenet_1797,38.8871,0.142139
,googlenet_1456,31.4194,0.0875286
,googlenet_159,33.8643,0.126187
,googlenet_594,41.2918,0.121831
,googlenet_1945,31.9641,0.128696
,googlenet_1878,32.8898,0.161044
,googlenet_1674,33.4737,0.150698
,googlenet_1399,35.3227,0.0998462
,googlenet_350,30.4701,0.0665117
,googlenet_380,36.6504,0.088169
,googlenet_1258,30.8726,0.104741
,googlenet_429,28.9234,0.130156
,googlenet_1092,34.7285,0.0569567
,googlenet_1077,30.5946,0.0872892
,googlenet_284,31.6006,0.11078
,googlenet_237,29.7564,0.0461493
,googlenet_1541,33.2303,0.137891
,googlenet_1550,31.2404,0.126292
,googlenet_1531,33.6207,0.150367
,googlenet_761,28.6522,0.115559
,googlenet_849,31.5038,0.103149
,googlenet_323,35.2112,0.109582
,googlenet_955,29.4518,0.115758
,googlenet_1338,30.565,0.122205
,googlenet_29,37.2998,0.176703
,googlenet_1148,31.9255,0.092496
,googlenet_1181,36.2228,0.0925764
,googlenet_514,33.2092,0.0510354
,googlenet_1261,34.013,0.142257
,googlenet_687,30.2064,0.101103
,googlenet_577,34.2121,0.184162
,googlenet_1510,34.0718,0.0570044
,googlenet_613,27.64,0.0406293
,googlenet_396,32.2481,0.0960778
,googlenet_806,34.5283,0.129405
,googlenet_1013,31.6162,0.0847561
,googlenet_1927,37.5679,0.0998717
,googlenet_732,34.2799,0.0809393
,googlenet_72,32.495,0.176137
,googlenet_657,35.8629,0.120834
,googlenet_174,32.9437,0.0649474
,googlenet_685,35.3612,0.121261
,googlenet_793,26.222,0.0712405
,googlenet_1586,36.2381,0.127561
,googlenet_391,32.1445,0.213893
,googlenet_66,29.3501,0.0862724
,googlenet_1900,34.5051,0.116076
,googlenet_566,35.5404,0.155483
,googlenet_903,34.457,0.187745
,googlenet_850,35.4448,0.133354
,googlenet_304,29.6546,0.120692
,googlenet_499,31.0703,0.134287
,googlenet_1897,33.2564,0.14544
,googlenet_1830,33.1443,0.161594
,googlenet_1955,32.4252,0.0914913
,googlenet_1,26.9658,0.10431
,googlenet_1515,33.1057,0.121979
,googlenet_1495,33.0694,0.101986
,googlenet_125,33.3878,0.185946
,googlenet_1926,39.3291,0.0884016
,googlenet_352,31.922,0.0834799
,googlenet_1205,26.033,0.099234
,googlenet_1036,35.7385,0.106219
,googlenet_310,27.7143,0.183132
,googlenet_1193,35.6833,0.150777
,googlenet_1708,30.0455,0.130269
,googlenet_1118,32.3023,0.148568
,googlenet_720,27.9263,0.0745971
,googlenet_1638,34.0639,0.150504
,googlenet_404,34.6409,0.0964803
,googlenet_1796,32.786,0.089969
,googlenet_637,28.0648,0.124587
,googlenet_551,32.8945,0.147291
,googlenet_1615,37.2526,0.146354
,googlenet_274,31.8352,0.0728888
,googlenet_1377,30.2474,0.117288
,googlenet_1468,39.4803,0.184443
,googlenet_1630,30.6833,0.105053
,googlenet_916,31.2943,0.0949934
,googlenet_37,31.772,0.167154
,googlenet_695,31.6508,0.0807917
,googlenet_518,31.3654,0.0761668
,googlenet_41,26.7001,0.0513736
,googlenet_387,29.2353,0.119025
,googlenet_1956,34.4123,0.110915
,googlenet_1059,29.6679,0.136417
,googlenet_1208,27.7484,0.108674
,googlenet_1094,34.3254,0.121165
,googlenet_533,33.358,0.0861717
,googlenet_834,32.9757,0.124775
,googlenet_1911,36.0824,0.163911
,googlenet_515,34.0151,0.161915
,googlenet_528,35.6743,0.0981507
,googlenet_1873,31.9825,0.151219
,googlenet_756,39.6816,0.117555
,googlenet_743,34.2158,0.112826
,googlenet_947,33.6109,0.148535
,googlenet_663,42.702,0.126503
,googlenet_1175,29.2334,0.0823217
,googlenet_482,37.2001,0.123738
,googlenet_435,34.3203,0.0854003
,googlenet_1727,26.5171,0.0701634
,googlenet_812,23.5249,0.0567422
,googlenet_160,32.0457,0.0613767
,googlenet_686,30.784,0.108375
,googlenet_954,35.1043,0.0937689
,googlenet_7,37.8602,0.158698
,googlenet_1844,28.2282,0.0962916
,googlenet_1704,30.2543,0.0601614
,googlenet_116,32.169,0.0943273
,googlenet_1683,34.6739,0.155661
,googlenet_1110,25.933,0.0970506
,googlenet_639,33.0704,0.139491
,googlenet_1335,36.9469,0.118076
,googlenet_1224,30.6542,0.134044
,googlenet_1556,34.0715,0.495312
,googlenet_1299,31.7256,0.121814
,googlenet_976,32.3858,0.158378
,googlenet_309,30.4888,0.166303
,googlenet_1794,31.4572,0.0990586
,googlenet_419,38.6676,0.0970902
,googlenet_1339,27.3762,0.0825827
,googlenet_1865,26.642,0.0646167
,googlenet_1823,32.9131,0.130261
,googlenet_405,27.3385,0.0838751
,googlenet_635,31.9435,0.119224
,googlenet_1248,27.5862,0.0982061
,googlenet_1071,33.2702,0.164685
,googlenet_110,36.0338,0.0905197
,googlenet_912,26.6906,0.103675
,googlenet_1753,29.3661,0.0801119
,googlenet_1929,37.6324,0.170207
,googlenet_1322,38.8734,0.146638
,googlenet_1973,29.9668,0.0686233
,googlenet_1907,31.449,0.127593
,googlenet_1345,33.2973,0.129824
,googlenet_1570,39.0194,0.129282
,googlenet_114,30.8063,0.0992396
,googlenet_1294,35.2128,0.0983353
,googlenet_587,30.2078,0.101147
,googlenet_1375,30.3682,0.0345555
,googlenet_1387,24.4101,0.0763453
,googlenet_1872,35.4595,0.0888398
,googlenet_1447,34.0945,0.119158
,googlenet_247,29.83,0.0696552
,googlenet_200,34.8854,0.0709703
,googlenet_1140,26.3362,0.095988
,googlenet_266,36.6728,0.133069
,googlenet_67,33.3786,0.128093
,googlenet_276,27.9814,0.0983861
,googlenet_450,28.7073,0.0660962
,googlenet_1478,33.855,0.185339
,googlenet_1547,30.7474,0.128425
,googlenet_244,33.8789,0.134297
,googlenet_513,31.0411,0.101571
,googlenet_1460,28.3892,0.0553929
,googlenet_322,28.5332,0.0745169
,googlenet_852,33.7295,0.119318
,googlenet_773,32.732,0.142476
,googlenet_1411,31.1295,0.0652705
,googlenet_1056,26.7562,0.0510728
,googlenet_32,32.6117,0.0667165
,googlenet_494,28.1554,0.117189
,googlenet_1641,33.9451,0.154002
,googlenet_1014,37.1179,0.132759
,googlenet_1583,31.4043,0.0894782
,googlenet_584,25.0156,0.0923266
,googlenet_667,31.3576,0.123143
,googlenet_913,30.1919,0.0950912
,googlenet_1497,25.6006,0.0895861
,googlenet_1416,28.623,0.106475
,googlenet_1996,30.0492,0.0658812
,googlenet_57,33.4674,0.0935991
,googlenet_1614,28.6933,0.106041
,googlenet_1845,28.6806,0.136009
,googlenet_1760,36.5786,0.12273
,googlenet_1023,36.5548,0.0586207
,googlenet_1222,34.4498,0.145857
,googlenet_1808,35.4924,0.144296
,googlenet_1676,29.9428,0.100724
,googlenet_313,34.9201,0.121127
,googlenet_1278,35.2591,0.157475
,googlenet_1119,30.8679,0.110011
,googlenet_226,25.3008,0.0963828
,googlenet_1939,31.4899,0.0578289
,googlenet_718,43.0328,0.172602
,googlenet_999,30.644,0.0659282
,googlenet_1412,34.1038,0.209073
,googlenet_609,26.1035,0.103531
,googlenet_1325,29.0509,0.0945885
,googlenet_1757,35.5969,0.162255
,googlenet_928,28.1,0.077397
,googlenet_250,31.8879,0.104726
,googlenet_1464,28.1541,0.078537
,googlenet_344,38.4196,0.208647
,googlenet_901,35.5846,0.152844
,googlenet_990,36.3766,0.123994
,googlenet_891,29.1461,0.0476562
,googlenet_241,31.0535,0.101364
,googlenet_648,28.4968,0.132177
,googlenet_172,33.7023,0.0834891
,googlenet_694,32.8575,0.119336
,googlenet_1178,34.4346,0.151477
,googlenet_870,36.7934,0.16219
,googlenet_926,33.4,0.347535
,googlenet_986,32.6708,0.0830646
,googlenet_1542,33.4948,0.0709713
,googlenet_636,30.1973,0.0760205
,googlenet_170,28.9705,0.12217
,googlenet_1952,33.3555,0.165076
,googlenet_1352,32.1034,0.107347
,googlenet_1082,35.2194,0.105555
,googlenet_1793,35.2522,0.0943163
,googlenet_709,35.0393,0.0743432
,googlenet_1852,34.0757,0.165041
,googlenet_1100,31.1385,0.302269
,googlenet_1238,30.3003,0.097897
,googlenet_1256,30.9577,0.162829
,googlenet_1487,31.4449,0.0700632
,googlenet_1680,32.296,0.0704896
,googlenet_1481,31.5432,0.0877049
,googlenet_1012,34.0734,0.158926
,googlenet_1564,35.7969,0.134948
,googlenet_914,31.8472,0.0455519
,googlenet_1909,34.6043,0.0700031
,googlenet_51,32.2463,0.161995
,googlenet_1280,30.1553,0.0890044
,googlenet_25,29.9242,0.16683
,googlenet_1763,36.2581,0.193768
,googlenet_290,32.0918,0.122773
,googlenet_1286,32.0059,0.0963984
,googlenet_307,30.4164,0.15958
,googlenet_407,34.0368,0.177216
,googlenet_888,35.3091,0.102122
,googlenet_286,27.8689,0.0865853
,googlenet_375,30.988,0.139635
,googlenet_134,33.1779,0.0729714
,googlenet_1707,23.9201,0.0805173
,googlenet_1376,26.9784,0.0550061
,googlenet_1439,31.7866,0.136481
,googlenet_143,38.6194,0.184411
,googlenet_149,25.2886,0.12231
,googlenet_189,37.5691,0.118403
,googlenet_238,28.5644,0.0866769
,googlenet_1217,30.8664,0.128951
,googlenet_1920,33.1571,0.0644994
,googlenet_311,31.7617,0.116934
,googlenet_1858,35.6482,0.0986951
,googlenet_470,32.8806,0.113177
,googlenet_1096,28.5223,0.139131
,googlenet_1262,28.7826,0.088118
,googlenet_467,38.5722,0.0690247
,googlenet_674,33.6568,0.130084
,googlenet_15,27.1423,0.0697516
,googlenet_1443,32.1444,0.10957
,googlenet_1125,32.7683,0.0633071
,googlenet_1356,31.3527,0.12665
,googlenet_1933,25.8637,0.0410266
,googlenet_100,27.7744,0.157601
,googlenet_302,31.1943,0.080918
,googlenet_120,34.7012,0.11557
,googlenet_804,36.7628,0.114039
,googlenet_1455,35.5375,0.120475
,googlenet_1553,40.3555,0.0880538
,googlenet_865,33.5848,0.0878917
,googlenet_654,36.9413,0.138972
,googlenet_104,36.0833,0.155238
,googlenet_959,29.9392,0.0642222
,googlenet_1104,34.5185,0.0517135
,googlenet_1063,34.9543,0.068558
,googlenet_1106,41.7228,0.171933
,googlenet_950,29.7848,0.154808
,googlenet_1694,30.2885,0.14291
,googlenet_1744,33.5288,0.074298
,googlenet_1986,32.2493,0.10593
,googlenet_1438,35.6684,0.118409
,googlenet_181,38.1525,0.126812
,googlenet_1272,34.0599,0.0835896
,googlenet_1901,28.4848,0.0940556
,googlenet_1435,31.1895,0.105587
,googlenet_321,39.0955,0.105981
,googlenet_1143,32.8909,0.123882
,googlenet_417,33.3731,0.101482
,googlenet_1591,35.2686,0.072914
,googlenet_280,34.5069,0.130504
,googlenet_1187,29.9798,0.132177
,googlenet_1682,32.5311,0.0897909
,googlenet_723,38.1054,0.0627088
,googlenet_1585,35.644,0.0577539
,googlenet_6,33.3963,0.144409
,googlenet_1625,28.9163,0.0975132
,googlenet_1091,32.8236,0.136623
,googlenet_1409,39.0879,0.0793443
,googlenet_573,29.1869,0.0971921
,googlenet_1526,28.0184,0.117807
,googlenet_555,32.9905,0.156284
,googlenet_611,25.8633,0.0933405
,googlenet_45,34.2822,0.11813
,googlenet_1373,33.8536,0.119502
,googlenet_1530,39.6348,0.149326
,googlenet_1507,35.7322,0.153614
,googlenet_618,39.1446,0.176373
,googlenet_1820,34.9618,0.126007
,googlenet_964,32.733,0.179915
,googlenet_1566,27.4078,0.11772
,googlenet_433,27.4916,0.0883522
,googlenet_1818,41.617,0.146552
,googlenet_415,31.9441,0.0739203
,googlenet_487,25.4027,0.0850758
,googlenet_677,31.1039,0.0457081
,googlenet_1690,30.9634,0.139967
,googlenet_464,39.8466,0.14785
,googlenet_1919,33.348,0.0964218
,googlenet_1247,34.755,0.0669195
,googlenet_590,33.4005,0.087793
,googlenet_335,29.9664,0.0650462
,googlenet_1987,39.4189,0.153143
,googlenet_1811,33.8003,0.14162
,googlenet_471,36.205,0.117852
,googlenet_1759,28.9624,0.092843
,googlenet_272,37.259,0.157341
,googlenet_1153,33.8052,0.119781
,googlenet_204,31.581,0.0655952
,googlenet_854,33.9628,0.14023
,googlenet_1551,25.7253,0.068447
,googlenet_131,30.2131,0.0983068
,googlenet_1362,42.4538,0.142675
,googlenet_572,25.0159,0.0937473
,googlenet_1579,37.7163,0.121265
,googlenet_1972,37.6228,0.118931
,googlenet_864,31.2105,0.129875
,googlenet_1150,33.0367,0.160096
,googlenet_1284,33.4289,0.135805
,googlenet_28,30.4726,0.062427
,googlenet_1881,36.0495,0.179391
,googlenet_173,31.3466,0.159159
,googlenet_765,34.1677,0.0751383
,googlenet_165,26.7761,0.177958
,googlenet_997,27.3792,0.122574
,googlenet_1273,29.2396,0.107028
,googlenet_102,37.5511,0.148313
,googlenet_363,28.8397,0.109759
,googlenet_127,33.9676,0.118119
,googlenet_1064,27.0393,0.0785137
,googlenet_822,37.3137,0.133127
,googlenet_1652,26.031,0.0963521
,googlenet_1943,32.8487,0.131598
,googlenet_1775,33.9681,0.112106
,googlenet_556,28.2212,0.0719772
,googlenet_117,32.0922,0.0836503
,googlenet_1819,30.6422,0.0759502
,googlenet_567,30.841,0.151301
,googlenet_553,32.4008,0.126151
,googlenet_779,26.3575,0.0783082
,googlenet_459,31.183,0.11282
,googlenet_1720,35.7337,0.159551
,googlenet_1303,34.4898,0.121099
,googlenet_493,31.6568,0.0643337
,googlenet_306,32.0454,0.0873954
,googlenet_1582,28.8882,0.715951
,googlenet_1267,34.705,0.10449
,googlenet_371,31.2878,0.0709083
,googlenet_190,29.7358,0.12959
,googlenet_1009,34.9207,0.0899914
,googlenet_472,31.2666,0.157487
,googlenet_357,35.118,0.115597
,googlenet_412,31.3784,0.12786
,googlenet_996,33.8113,0.0747024
,googlenet_27,31.2012,0.0928271
,googlenet_1960,36.9437,0.132589
,googlenet_733,38.882,0.132062
,googlenet_319,29.7617,0.0764305
,googlenet_780,29.3071,0.0845819
,googlenet_329,30.9054,0.139991
,googlenet_670,31.6683,0.0896835
,googlenet_933,30.3349,0.107275
,googlenet_1968,30.8638,0.130482
,googlenet_593,28.8369,0.119971
,googlenet_1974,30.4063,0.123497
,googlenet_707,39.8884,0.122389
,googlenet_1041,34.6157,0.134109
,googlenet_603,30.5389,0.0598703
,googlenet_882,36.4897,0.0520844
,googlenet_506,33.6364,0.0907516
,googlenet_1401,29.3506,0.0710062
,googlenet_26,28.8411,0.0927934
,googlenet_1527,31.1831,0.131295
,googlenet_1867,30.31,0.111178
,googlenet_1672,34.095,0.0605008
,googlenet_892,33.0879,0.111671
,googlenet_1577,29.1951,0.0487688
,googlenet_1898,35.7007,0.119465
,googlenet_1993,29.8092,0.160176
,googlenet_775,34.4689,0.130218
,googlenet_382,35.1084,0.0560318
,googlenet_1353,25.8976,0.0573425
,googlenet_1717,28.3564,0.0637052
,googlenet_1731,26.5936,0.0453464
,googlenet_552,29.5038,0.138976
,googlenet_628,30.5443,0.106372
,googlenet_1709,30.6647,0.101638
,googlenet_1111,29.8588,0.140146
,googlenet_1364,25.3057,0.130918
,googlenet_455,36.2489,0.108903
,googlenet_31,32.4309,0.167505
,googlenet_353,32.9758,0.146844
,googlenet_1831,28.3013,0.0722532
,googlenet_1239,39.0876,0.18683
,googlenet_1838,28.0416,0.0799181
,googlenet_271,34.3892,0.137365
,googlenet_1156,28.618,0.0891847
,googlenet_725,33.7807,0.0651902
,googlenet_1051,30.0662,0.104513
,googlenet_86,32.2648,0.144797
,googlenet_890,31.877,0.0989823
,googlenet_1646,35.3381,0.13726
,googlenet_1365,36.7018,0.152464
,googlenet_1494,34.2762,0.111065
,googlenet_782,29.1286,0.0779495
,googlenet_1886,27.7531,0.0933337
,googlenet_202,37.1028,0.119282
,googlenet_1954,34.6544,0.119231
,googlenet_1479,32.715,0.0807625
,googlenet_93,28.3501,0.13338
,googlenet_1084,28.1975,0.120816
,googlenet_844,32.1892,0.0592063
,googlenet_1301,34.2592,0.0807066
,googlenet_1847,28.6709,0.113112
,googlenet_989,31.152,0.13195
,googlenet_101,29.8342,0.112321
,googlenet_857,26.4577,0.12645
,googlenet_520,33.537,0.0777101
,googlenet_1195,31.7946,0.0501205
,googlenet_1803,34.5049,0.112752
,googlenet_728,28.215,0.0542016
,googlenet_1514,28.4047,0.0539976
,googlenet_973,25.171,0.0929023
,googlenet_612,29.1913,0.0691499
,googlenet_1304,31.5883,0.126032
,googlenet_1596,30.459,0.1079
,googlenet_23,31.1489,0.0789539
,googlenet_1961,24.6227,0.112465
,googlenet_473,29.1928,0.131922
,googlenet_211,29.8671,0.0465123
,googlenet_1174,30.8651,0.0906471
,googlenet_197,36.101,0.118563
,googlenet_112,32.98,0.107811
,googlenet_1783,27.5424,0.0980703
,googlenet_294,33.9679,0.152848
,googlenet_1053,26.2849,0.093675
,googlenet_675,34.3509,0.0774847
,googlenet_902,34.9876,0.150595
,googlenet_1687,30.3292,0.128808
,googlenet_1627,28.405,0.105722
,googlenet_19,32.7201,0.0873639
,googlenet_1665,34.7482,0.129597
,googlenet_646,29.978,0.163976
,googlenet_877,34.8591,0.0883661
,googlenet_1164,25.052,0.0477255
,googlenet_1936,34.2671,0.0862707
,googlenet_1355,33.4558,0.0951102
,googlenet_710,33.5924,0.132287
,googlenet_91,30.053,0.179071
,googlenet_1050,29.5691,0.0814375
,googlenet_69,35.6744,0.144744
,googlenet_1404,34.5597,0.0901304
,googlenet_1171,29.0733,0.109606
,googlenet_1903,33.9275,0.076251
,googlenet_558,33.6494,0.116768
,googlenet_1018,33.6371,0.145943
,googlenet_1752,32.7457,0.0773152
,googlenet_1001,33.6021,0.105971
,googlenet_1807,32.2249,0.0835241
,googlenet_557,35.8264,0.128345
,googlenet_423,35.1716,0.13823
,googlenet_809,29.9355,0.112438
,googlenet_126,39.3747,0.128141
,googlenet_1673,36.6908,0.134268
,googlenet_972,33.2979,0.104015
,googlenet_1135,36.0894,0.157892
,googlenet_1998,36.2388,0.0862132
,googlenet_1403,36.673,0.108403
,googlenet_983,35.6269,0.179434
,googlenet_248,35.6888,0.0982091
,googlenet_373,37.1454,0.1325
,googlenet_574,33.965,0.104969
,googlenet_99,28.0493,0.0839335
,googlenet_14,27.8377,0.0895657
,googlenet_1061,27.1486,0.0971871
,googlenet_59,36.7105,0.180548
,googlenet_500,34.8395,0.11883
,googlenet_1964,32.9581,0.140973
,googlenet_1520,25.3592,0.0883059
,googlenet_741,27.2508,0.0736321
,googlenet_561,28.9574,0.0460407
,googlenet_1705,38.596,0.125128
,googlenet_96,38.6972,0.134583
,googlenet_427,38.2589,0.221378
,googlenet_1323,38.6091,0.0981759
,googlenet_1548,34.7086,0.136476
,googlenet_840,35.5064,0.0970479
,googlenet_213,29.2833,0.155415
,googlenet_970,33.0496,0.135315
,googlenet_554,30.7449,0.0793128
,googlenet_1817,29.0099,0.0654967
,googlenet_739,34.0285,0.143713
,googlenet_341,29.4853,0.138673
,googlenet_617,36.6873,0.157363
,googlenet_716,31.8155,0.111265
,googlenet_1678,28.5489,0.0801992
,googlenet_1622,37.142,0.0878679
,googlenet_714,30.4253,0.0821461
,googlenet_1841,30.7022,0.134521
,googlenet_1917,35.2898,0.140011
,googlenet_1663,33.7034,0.115943
,googlenet_517,31.5215,0.089782
,googlenet_187,32.746,0.0692558
,googlenet_899,37.5403,0.134054
,googlenet_58,36.0384,0.215734
,googlenet_884,25.9901,0.0903556
,googlenet_597,34.1515,0.0461228
,googlenet_1310,36.8596,0.100767
,googlenet_1849,29.4307,0.114188
,googlenet_711,31.8441,0.11265
,googlenet_1221,33.9752,0.163768
,googlenet_1599,32.7655,0.103026
,googlenet_831,38.9531,0.270728
,googlenet_1065,33.7507,0.136688
,googlenet_697,30.9381,0.099552
,googlenet_488,28.8096,0.0949652
,googlenet_582,33.0543,0.111
,googlenet_799,31.4709,0.161977
,googlenet_199,31.9253,0.0667586
,googlenet_788,29.1938,0.114973
,googlenet_676,37.1171,0.155258
,googlenet_588,33.9892,0.116838
,googlenet_1142,31.5763,0.0496643
,googlenet_235,34.1108,0.136978
,googlenet_1302,33.6356,0.085053
,googlenet_243,32.6793,0.17285
,googlenet_872,29.3277,0.096792
,googlenet_693,35.313,0.149622
,googlenet_301,35.3643,0.157453
,googlenet_1369,32.8467,0.1114
,googlenet_736,29.0582,0.0928651
,googlenet_1519,33.7108,0.121132
,googlenet_1546,39.2947,0.100065
,googlenet_191,25.8538,0.0577215
,googlenet_1617,34.386,0.121004
,googlenet_713,38.962,0.120795
,googlenet_861,30.4357,0.167412
,googlenet_1225,31.6575,0.208792
,googlenet_1798,43.9871,0.134523
,googlenet_449,32.4077,0.0951786
,googlenet_767,36.5412,0.11273
,googlenet_1991,30.19,0.165965
,googlenet_1147,37.9257,0.771053
,googlenet_1434,34.5933,0.110226
,googlenet_330,33.9606,0.166722
,googlenet_1127,34.2354,0.174185
,googlenet_1621,33.7051,0.0753029
,googlenet_717,24.1612,0.0525318
,googlenet_94,32.4911,0.0863462
,googlenet_1925,29.9366,0.0425025
,googlenet_1784,39.5874,0.129582
,googlenet_873,39.5449,0.151781
,googlenet_1025,32.9841,0.214731
,googlenet_629,26.3724,0.0626868
,googlenet_1080,32.4122,0.0754339
,googlenet_43,33.2937,0.117209
,googlenet_77,31.1208,0.0996559
,googlenet_1958,24.5552,0.119751
,googlenet_434,34.5689,0.142907
,googlenet_607,35.4002,0.131932
,googlenet_1859,33.1093,0.166343
,googlenet_1243,31.7303,0.102674
,googlenet_1594,32.4461,0.107651
,googlenet_1675,28.0193,0.0927751
,googlenet_1124,30.9662,0.103822
,googlenet_233,36.2227,0.1169
,googlenet_1712,30.1146,0.16933
,googlenet_1595,28.9933,0.0823964
,googlenet_88,32.6552,0.103087
,googlenet_1524,25.7965,0.0573015
,googlenet_1427,33.2098,0.0779225
,googlenet_296,30.2597,0.117537
,googlenet_1073,35.587,0.109407
,googlenet_1320,30.2926,0.107113
,googlenet_1517,31.3946,0.0763039
,googlenet_1946,31.9721,0.0503658
,googlenet_875,36.837,0.0802406
,googlenet_1211,38.7265,0.124277
,googlenet_209,28.5361,0.108959
,googlenet_837,35.2832,0.107858
,googlenet_1141,30.1758,0.0442967
,googlenet_1631,32.0095,0.109939
,googlenet_1223,32.8178,0.123592
,googlenet_477,41.352,0.117442
,googlenet_461,31.7259,0.0620833
,googlenet_1020,38.8854,0.124657
,googlenet_1072,36.0485,0.0976442
,googlenet_1361,28.6449,0.0940307
,googlenet_1780,34.8434,0.105278
,googlenet_1810,39.2626,0.507819
,googlenet_1575,33.4834,0.135809
,googlenet_1758,35.251,0.126743
,googlenet_531,32.4866,0.113354
,googlenet_1953,27.8692,0.13617
,googlenet_220,29.2722,0.108266
,googlenet_742,30.2231,0.0894488
,googlenet_1385,30.1852,0.0703373
,googlenet_113,34.299,0.104799
,googlenet_1576,30.7439,0.110633
,googlenet_906,28.3466,0.0901386
,googlenet_1843,41.0473,0.107623
,googlenet_394,36.0973,0.129042
,googlenet_1246,33.8207,0.0555092
,googlenet_171,37.0167,0.0958716
,googlenet_1296,37.566,0.12313
,googlenet_1287,35.1822,0.0912742
,googlenet_1893,39.2478,0.0759385
,googlenet_34,29.5878,0.184712
,googlenet_436,34.9502,0.118551
,googlenet_1848,29.9621,0.108275
,googlenet_1186,39.6846,0.126702
,googlenet_283,30.0027,0.0573285
,googlenet_157,33.7393,0.0992045
,googlenet_356,31.6083,0.126351
,googlenet_1689,27.2983,0.122589
,googlenet_275,30.3188,0.156678
,googlenet_1755,37.4456,0.14222
,googlenet_1410,39.9684,0.0811012
,googlenet_1058,37.2553,0.548358
,googlenet_1999,33.0869,0.124494
,googlenet_442,33.6958,0.0820339
,googlenet_521,31.7263,0.0720235
,googlenet_894,35.3971,0.085678
,googlenet_1538,27.631,0.138043
,googlenet_1503,33.1191,0.0998032
,googlenet_722,28.4203,0.122812
,googlenet_1315,30.0782,0.0589043
,googlenet_1600,36.341,0.0919782
,googlenet_1869,33.4139,0.109848
,googlenet_1605,28.4881,0.116788
,googlenet_368,36.1775,0.13697
,googlenet_1275,29.3961,0.127742
,googlenet_642,36.6936,0.131899
,googlenet_805,38.2453,0.134997
,googlenet_1433,30.0005,0.0851419
,googlenet_1691,36.2566,0.120753
,googlenet_1405,38.2564,0.158546
,googlenet_1732,30.8652,0.101457
,googlenet_1309,30.8387,0.0884472
,googlenet_744,33.3529,0.0588603
,googlenet_458,31.7348,0.117981
,googlenet_1569,30.9092,0.106076
,googlenet_1506,32.8424,0.134331
,googlenet_1398,29.732,0.189806
,googlenet_1581,44.9304,0.152973
,googlenet_289,34.1517,0.0919863
,googlenet_1746,34.1284,0.119951
,googlenet_1864,36.2446,0.11427
,googlenet_749,35.4947,0.0995332
,googlenet_179,32.9531,0.0807509
,googlenet_1892,29.8446,0.085563
,googlenet_1055,26.7572,0.120432
,googlenet_1227,31.7235,0.110658
,googlenet_1924,31.9297,0.120006
,googlenet_140,30.2855,0.156791
,googlenet_1624,34.3236,0.135885
,googlenet_1442,35.7062,0.0655282
,googlenet_1266,33.3439,0.115619
,googlenet_586,38.2327,0.129878
,googlenet_1120,30.8216,0.0564731
,googlenet_1421,38.8369,0.121667
,googlenet_604,32.6366,0.31742
,googlenet_3,28.0438,0.118734
,googlenet_1031,25.9661,0.107966
,googlenet_790,35.2848,0.143368
,googlenet_1529,30.8997,0.14692
,googlenet_1169,28.5351,0.0567978
,googlenet_592,33.6098,0.083109
,googlenet_1049,45.2864,0.205775
,googlenet_285,26.5756,0.106292
,googlenet_783,29.2486,0.110578
,googlenet_1334,30.7073,0.0955126
,googlenet_1978,31.6449,0.0816111
,googlenet_726,37.1195,0.112622
,googlenet_282,32.9152,0.0972757
,googlenet_1490,28.8223,0.599128
,googlenet_1695,30.1062,0.140459
,googlenet_214,33.7015,0.134047
,googlenet_952,29.3747,0.121417
,googlenet_960,26.4367,0.064003
,googlenet_1471,27.0858,0.0960745
,googlenet_1722,33.7224,0.0716585
,googlenet_1701,30.2088,0.107814
,googlenet_228,30.645,0.137751
,googlenet_945,34.9738,0.118848
,googlenet_1501,35.2935,0.131096
,googlenet_1368,31.6127,0.117603
,googlenet_1619,34.6759,0.154185
,googlenet_897,34.6026,0.169898
,googlenet_1436,35.3351,0.0895383
,googlenet_1572,37.8894,0.118119
,googlenet_1446,33.5785,0.160891
,googlenet_653,34.8848,0.0780654
,googlenet_1603,31.3154,0.0815524
,googlenet_1336,35.7721,0.117676
,googlenet_421,37.1564,0.110305
,googlenet_507,34.9877,0.10161
,googlenet_152,33.4669,0.11016
,googlenet_1458,31.0619,0.0865611
,googlenet_1152,29.8688,0.0656159
,googlenet_995,41.8198,0.206837
,googlenet_859,30.5198,0.0998934
,googlenet_1915,30.0889,0.102912
,googlenet_316,33.111,0.123702
,googlenet_1970,37.6124,0.101616
,googlenet_1102,38.7489,0.0556795
,googlenet_813,30.3473,0.0776717
,googlenet_1571,27.7053,0.088564
,googlenet_578,38.7641,0.164794
,googlenet_293,30.2751,0.0876542
,googlenet_691,25.5202,0.0689271
,googlenet_546,32.5054,0.125394
,googlenet_1940,28.5114,0.127795
,googlenet_1406,25.9353,0.0864179
,googlenet_1539,30.9243,0.088987
,googlenet_400,33.9452,0.143743
,googlenet_699,26.7988,0.0849259
,googlenet_833,30.2801,0.103043
,googlenet_1698,29.23,0.107528
,googlenet_1937,42.4092,0.12215
,googlenet_1498,33.0131,0.0532264
,googlenet_1587,35.2048,0.102701
,googlenet_1654,33.5501,0.1017
,googlenet_802,29.2784,0.0882135
,googlenet_751,36.6398,0.192555
,googlenet_1910,33.1517,0.12765
,googlenet_1899,36.8069,0.135405
,googlenet_178,32.94,0.116365
,googlenet_184,28.462,0.103833
,googlenet_1090,31.3257,0.125546
,googlenet_1644,30.0665,0.0657494
,googlenet_469,37.8383,0.167584
,googlenet_1923,36.1348,0.151898
,googlenet_535,38.6087,0.103631
,googlenet_1754,35.0958,0.134558
,googlenet_953,31.6452,0.0852029
,googlenet_671,32.7246,0.166888
,googlenet_1344,31.4866,0.0836238
,googlenet_425,31.7167,0.0871383
,googlenet_1379,29.5351,0.0935481
,googlenet_876,35.2943,0.145529
,googlenet_426,40.9875,0.16141
,googlenet_1332,39.5168,0.0858959
,googlenet_351,33.4909,0.0698503
,googlenet_1283,35.5018,0.104485
,googlenet_1154,28.4272,0.129951
,googlenet_1242,42.366,0.13378
,googlenet_1017,29.2448,0.518763
,googlenet_221,32.2511,0.103603
,googlenet_907,33.3214,0.128895
,googlenet_1814,37.3038,0.129871
,googlenet_1739,38.5822,0.120329
,googlenet_645,34.2261,0.126169
,googlenet_292,32.3843,0.18627
,googlenet_1057,32.9139,0.0469384
,googlenet_89,32.6317,0.132185
,googlenet_705,30.9772,0.121652
,googlenet_1407,29.9735,0.1432
,googlenet_227,26.3966,0.0859072
,googlenet_690,33.7282,0.199024
,googlenet_724,27.6782,0.0966164
,googlenet_1533,42.4715,0.0866921
,googlenet_1467,32.2781,0.102949
,googlenet_843,31.9983,0.119165
,googlenet_1300,33.7699,0.0919694
,googlenet_20,27.4406,0.079674
,googlenet_740,29.5031,0.0434149
,googlenet_680,35.3999,0.155521
,googlenet_704,33.8321,0.112313
,googlenet_885,39.8632,0.0959531
,googlenet_1391,36.9702,0.129805
,googlenet_735,37.9902,0.137952
,googlenet_342,35.2788,0.0697349
,googlenet_1976,33.3135,0.161977
,googlenet_987,38.4726,0.155969
,googlenet_483,30.8332,0.124617
,googlenet_641,28.498,0.0744411
,googlenet_867,33.9456,0.109825
,googlenet_401,36.8237,0.145521
,googlenet_818,30.7637,0.0903198
,googlenet_991,34.4843,0.13701
,googlenet_1604,29.4137,0.150747
,googlenet_97,34.2661,0.138722
,googlenet_1772,30.6601,0.0729622
,googlenet_1021,35.5791,0.0844607
,googlenet_1329,25.4874,0.0568037
,googlenet_982,33.2592,0.107445
,googlenet_979,31.5652,0.155166
,googlenet_1653,26.5081,0.158259
