,mobilenetv1_848,8.57442,0.0493347
,mobilenetv1_453,19.4699,0.119445
,mobilenetv1_1856,12.6559,0.0371451
,mobilenetv1_974,9.1061,0.0712063
,mobilenetv1_882,13.319,0.108114
,mobilenetv1_1257,14.4599,0.186622
,mobilenetv1_294,18.866,0.0682681
,mobilenetv1_948,7.73048,0.0587084
,mobilenetv1_216,6.83104,0.366739
,mobilenetv1_191,17.6367,0.0713502
,mobilenetv1_1383,13.1657,0.0491175
,mobilenetv1_89,16.0023,0.0741367
,mobilenetv1_1332,20.9447,0.0613708
,mobilenetv1_1407,15.5844,0.151072
,mobilenetv1_1512,21.002,0.116335
,mobilenetv1_591,16.9769,0.0541669
,mobilenetv1_1373,8.80751,0.0443232
,mobilenetv1_1789,13.1109,0.0758769
,mobilenetv1_1441,18.05,0.0963704
,mobilenetv1_1610,20.2988,0.118093
,mobilenetv1_378,14.727,0.0906975
,mobilenetv1_685,20.8743,0.0972478
,mobilenetv1_460,14.9043,0.125631
,mobilenetv1_1604,11.827,0.0652947
,mobilenetv1_1572,11.6305,0.116239
,mobilenetv1_143,11.3089,0.0559699
,mobilenetv1_1482,10.5228,0.178956
,mobilenetv1_1834,13.458,0.0893231
,mobilenetv1_1431,13.2177,0.0827069
,mobilenetv1_101,10.0772,0.0507128
,mobilenetv1_1848,15.0409,0.0979754
,mobilenetv1_1914,12.0394,0.0528813
,mobilenetv1_1957,9.60459,0.0369909
,mobilenetv1_557,11.1386,0.0709308
,mobilenetv1_1767,16.5203,0.158596
,mobilenetv1_1887,9.42311,0.0347464
,mobilenetv1_1641,21.582,0.0799462
,mobilenetv1_1898,14.3643,0.0851811
,mobilenetv1_1245,14.82,0.0419223
,mobilenetv1_214,16.7574,0.0797446
,mobilenetv1_710,17.0293,0.0569594
,mobilenetv1_1474,10.309,0.0226252
,mobilenetv1_1504,8.63999,0.0725232
,mobilenetv1_43,13.3033,0.0530577
,mobilenetv1_1660,20.8247,0.051131
,mobilenetv1_1438,11.8429,0.0980598
,mobilenetv1_25,16.8786,0.0751107
,mobilenetv1_1643,12.6967,0.0704516
,mobilenetv1_158,14.9497,0.0710873
,mobilenetv1_691,17.3348,0.0374195
,mobilenetv1_264,19.7862,0.076956
,mobilenetv1_141,14.8439,0.0639111
,mobilenetv1_1837,14.1559,0.0473365
,mobilenetv1_1376,16.8024,0.100526
,mobilenetv1_739,16.2008,0.112811
,mobilenetv1_569,17.1097,0.0802408
,mobilenetv1_608,13.5268,0.0685934
,mobilenetv1_120,10.2725,0.0611357
,mobilenetv1_1974,25.5716,0.0796279
,mobilenetv1_121,14.6402,0.0977202
,mobilenetv1_1922,14.5005,0.0536352
,mobilenetv1_1929,16.4671,0.0965601
,mobilenetv1_56,13.9516,0.0924104
,mobilenetv1_973,21.7055,0.191331
,mobilenetv1_1814,12.3129,0.0454073
,mobilenetv1_126,28.8156,0.124837
,mobilenetv1_1799,17.187,0.0591633
,mobilenetv1_829,10.8726,0.0401222
,mobilenetv1_1553,14.5096,0.0475311
,mobilenetv1_1732,15.2115,0.0743379
,mobilenetv1_317,15.2739,0.152524
,mobilenetv1_501,13.6007,0.0930562
,mobilenetv1_871,16.3204,0.0744693
,mobilenetv1_978,9.50884,0.071599
,mobilenetv1_220,19.183,0.0533328
,mobilenetv1_587,18.6279,0.135615
,mobilenetv1_1588,13.4967,0.0800154
,mobilenetv1_629,21.6062,0.0861904
,mobilenetv1_1216,14.1685,0.079756
,mobilenetv1_1208,15.3378,0.0558623
,mobilenetv1_171,23.4249,0.0687227
,mobilenetv1_1183,22.3415,0.105052
,mobilenetv1_1129,17.4258,0.142495
,mobilenetv1_1226,6.53784,0.0301142
,mobilenetv1_227,13.2008,0.731165
,mobilenetv1_753,19.9504,0.427634
,mobilenetv1_320,15.2069,0.0863182
,mobilenetv1_1801,22.5759,0.108292
,mobilenetv1_1612,9.94111,0.0916251
,mobilenetv1_717,18.7745,0.10956
,mobilenetv1_661,16.3256,0.0851667
,mobilenetv1_1590,16.2683,0.0807099
,mobilenetv1_646,10.7087,0.0540859
,mobilenetv1_561,20.8374,0.764062
,mobilenetv1_817,19.3588,0.0751318
,mobilenetv1_355,18.6554,0.0871088
,mobilenetv1_1417,10.3933,0.157487
,mobilenetv1_26,14.3365,0.0948614
,mobilenetv1_929,12.2312,0.104006
,mobilenetv1_837,9.7975,0.20615
,mobilenetv1_1190,11.1801,0.0416975
,mobilenetv1_180,26.9534,0.0888423
,mobilenetv1_1354,12.4291,0.0535093
,mobilenetv1_274,10.3827,0.0641136
,mobilenetv1_401,16.8301,0.0874957
,mobilenetv1_1760,19.3539,0.116574
,mobilenetv1_1821,16.5557,0.227432
,mobilenetv1_945,14.9879,0.152035
,mobilenetv1_52,12.2418,0.0987003
,mobilenetv1_1892,14.96,0.133787
,mobilenetv1_831,18.5093,0.102256
,mobilenetv1_223,16.7478,0.0357666
,mobilenetv1_995,16.9173,0.12823
,mobilenetv1_1141,11.6864,0.0872549
,mobilenetv1_253,14.8671,0.0441545
,mobilenetv1_1564,12.4836,0.0370797
,mobilenetv1_1409,23.1384,0.172764
,mobilenetv1_1297,11.1521,0.0441044
,mobilenetv1_902,15.8191,0.0862235
,mobilenetv1_1211,15.3991,0.10969
,mobilenetv1_480,10.2587,0.0354827
,mobilenetv1_183,16.8256,0.0590945
,mobilenetv1_1273,21.1932,0.0664874
,mobilenetv1_1981,19.823,0.163394
,mobilenetv1_1782,15.2113,0.169638
,mobilenetv1_1489,16.3763,0.0593936
,mobilenetv1_127,16.139,0.0694464
,mobilenetv1_521,13.6261,0.119134
,mobilenetv1_83,12.6673,0.0444952
,mobilenetv1_1098,11.5126,0.0739975
,mobilenetv1_1113,13.3206,0.115436
,mobilenetv1_616,14.9371,0.0569086
,mobilenetv1_307,24.8021,0.113651
,mobilenetv1_329,19.0137,0.111485
,mobilenetv1_1283,10.8432,0.0516382
,mobilenetv1_1651,16.5254,0.0963023
,mobilenetv1_477,16.6155,0.046376
,mobilenetv1_1206,11.5839,0.169233
,mobilenetv1_1184,12.2548,0.0537248
,mobilenetv1_283,10.529,0.0642531
,mobilenetv1_1529,18.7618,0.133394
,mobilenetv1_1798,22.074,0.152997
,mobilenetv1_128,12.6407,0.0557306
,mobilenetv1_932,8.16938,0.176876
,mobilenetv1_1568,13.7006,0.100528
,mobilenetv1_1513,12.1667,0.0659537
,mobilenetv1_711,25.232,0.152946
,mobilenetv1_470,14.3868,0.12974
,mobilenetv1_1839,17.1359,0.0934857
,mobilenetv1_1131,23.2193,0.149091
,mobilenetv1_1368,9.86794,0.0333201
,mobilenetv1_682,13.9548,0.319487
,mobilenetv1_1475,14.6567,0.188919
,mobilenetv1_1199,19.4202,0.0641602
,mobilenetv1_300,13.8347,0.03915
,mobilenetv1_745,13.9958,0.0674566
,mobilenetv1_1687,10.9097,0.0619262
,mobilenetv1_1954,14.9515,0.123248
,mobilenetv1_627,16.4867,0.0947364
,mobilenetv1_836,15.9509,0.0624667
,mobilenetv1_340,10.3849,0.0571661
,mobilenetv1_790,11.605,0.0739754
,mobilenetv1_533,15.2131,0.148534
,mobilenetv1_357,8.46951,0.0358148
,mobilenetv1_768,14.929,0.149726
,mobilenetv1_384,23.1892,0.124635
,mobilenetv1_1779,16.2341,0.0723317
,mobilenetv1_1094,17.6177,0.0877848
,mobilenetv1_940,18.7016,0.102747
,mobilenetv1_1982,21.1648,0.103915
,mobilenetv1_1910,16.3024,0.113093
,mobilenetv1_1180,9.81246,0.0807927
,mobilenetv1_1086,10.5978,0.0646427
,mobilenetv1_785,16.0933,0.0689886
,mobilenetv1_23,25.4173,0.135636
,mobilenetv1_1677,17.5326,0.192822
,mobilenetv1_1642,16.5977,0.0992142
,mobilenetv1_281,11.5679,0.0723826
,mobilenetv1_1367,11.6374,0.0652055
,mobilenetv1_230,8.97184,0.0395935
,mobilenetv1_1877,15.6257,0.43966
,mobilenetv1_1395,18.9609,0.124896
,mobilenetv1_1591,10.427,0.0241544
,mobilenetv1_1845,14.8942,0.0588378
,mobilenetv1_644,14.2985,0.0674619
,mobilenetv1_1227,11.3453,0.0370981
,mobilenetv1_193,20.7876,0.0922535
,mobilenetv1_617,13.2033,0.188547
,mobilenetv1_341,12.6265,0.0967455
,mobilenetv1_62,13.3274,0.0977693
,mobilenetv1_1711,15.9234,0.0477256
,mobilenetv1_304,15.988,0.253691
,mobilenetv1_1534,15.4364,0.0647356
,mobilenetv1_1434,13.7211,0.111786
,mobilenetv1_1115,13.0861,0.162932
,mobilenetv1_1127,11.504,0.0855802
,mobilenetv1_894,17.3322,0.0727868
,mobilenetv1_1530,12.3396,0.0497792
,mobilenetv1_969,11.987,0.0371041
,mobilenetv1_1178,11.5629,0.0638119
,mobilenetv1_1935,14.1146,0.099415
,mobilenetv1_4,14.1006,0.0873401
,mobilenetv1_580,14.4593,0.0951399
,mobilenetv1_1163,18.6314,0.088377
,mobilenetv1_930,11.6622,0.0613731
,mobilenetv1_1302,19.3022,0.192022
,mobilenetv1_118,13.8274,0.0927131
,mobilenetv1_987,24.3834,0.0835122
,mobilenetv1_1191,13.9419,0.0654612
,mobilenetv1_628,15.9236,0.0811241
,mobilenetv1_1532,14.3054,0.034606
,mobilenetv1_854,17.917,0.0646302
,mobilenetv1_733,15.8019,0.108234
,mobilenetv1_1454,16.1971,0.0522724
,mobilenetv1_1563,16.5753,0.15528
,mobilenetv1_518,18.864,0.102551
,mobilenetv1_1132,17.0539,0.0768479
,mobilenetv1_872,18.9886,0.0703056
,mobilenetv1_1691,19.0948,0.0451773
,mobilenetv1_815,17.5595,0.103906
,mobilenetv1_800,13.4436,0.0830363
,mobilenetv1_1120,14.2796,0.0604193
,mobilenetv1_175,11.7058,0.302195
,mobilenetv1_736,19.7403,0.0828445
,mobilenetv1_933,11.9428,0.0314878
,mobilenetv1_998,15.8951,0.0982736
,mobilenetv1_1750,16.2686,0.107884
,mobilenetv1_522,12.0531,0.0626525
,mobilenetv1_45,13.171,0.0678353
,mobilenetv1_683,16.475,0.123871
,mobilenetv1_1341,16.8971,0.0755593
,mobilenetv1_772,17.1724,0.138754
,mobilenetv1_161,14.6538,0.0740668
,mobilenetv1_11,16.2244,0.105194
,mobilenetv1_610,21.5096,0.161614
,mobilenetv1_651,8.28306,0.0488493
,mobilenetv1_66,11.7453,0.080627
,mobilenetv1_245,15.0926,0.0860718
,mobilenetv1_1605,13.7588,0.0803899
,mobilenetv1_1874,15.6693,1.43482
,mobilenetv1_1494,9.12431,0.0622463
,mobilenetv1_1921,12.8078,0.150626
,mobilenetv1_365,14.654,0.0937344
,mobilenetv1_1112,18.2086,0.0937424
,mobilenetv1_893,14.8344,0.0576886
,mobilenetv1_1285,9.82604,0.0473172
,mobilenetv1_1121,12.3653,0.0792084
,mobilenetv1_949,16.7992,0.105981
,mobilenetv1_989,21.2047,0.151229
,mobilenetv1_1477,12.3061,0.0372893
,mobilenetv1_849,21.0079,0.142641
,mobilenetv1_192,18.2022,0.0664321
,mobilenetv1_554,17.3833,0.121311
,mobilenetv1_1740,19.6366,0.0823085
,mobilenetv1_1828,14.4833,0.176668
,mobilenetv1_914,17.5144,0.125375
,mobilenetv1_1540,15.9865,0.0646745
,mobilenetv1_349,16.3853,0.115992
,mobilenetv1_1859,14.394,0.0394576
,mobilenetv1_783,16.886,0.0513473
,mobilenetv1_1171,13.4999,0.0730523
,mobilenetv1_1162,7.32668,0.0343291
,mobilenetv1_486,15.7258,0.0793162
,mobilenetv1_913,10.4603,0.0584087
,mobilenetv1_506,12.8124,0.0671938
,mobilenetv1_59,25.4033,0.115552
,mobilenetv1_1222,11.1203,0.0723491
,mobilenetv1_961,14.3949,0.0806797
,mobilenetv1_407,18.3076,0.0751564
,mobilenetv1_706,11.6903,0.0685021
,mobilenetv1_827,10.0426,0.0395725
,mobilenetv1_1682,12.4471,0.0928071
,mobilenetv1_735,14.5906,0.0705663
,mobilenetv1_1606,14.9143,0.0607867
,mobilenetv1_517,16.8818,0.105786
,mobilenetv1_761,22.1653,0.0934689
,mobilenetv1_1078,15.9988,0.240607
,mobilenetv1_443,17.3255,0.106908
,mobilenetv1_499,15.5686,0.047608
,mobilenetv1_1263,11.4075,0.027989
,mobilenetv1_427,11.3778,0.0634438
,mobilenetv1_74,12.4117,0.0840309
,mobilenetv1_1355,15.4685,0.830839
,mobilenetv1_1435,16.7803,0.125721
,mobilenetv1_1573,21.9574,0.0960952
,mobilenetv1_1514,9.78599,0.0642519
,mobilenetv1_751,11.2401,0.0769787
,mobilenetv1_1360,17.7176,0.138506
,mobilenetv1_1737,21.7287,0.158128
,mobilenetv1_21,11.0236,0.0350692
,mobilenetv1_1287,13.6474,0.0795352
,mobilenetv1_638,12.0324,0.0509723
,mobilenetv1_864,19.0587,0.0878613
,mobilenetv1_70,18.2156,0.0626472
,mobilenetv1_1680,15.6856,0.0859593
,mobilenetv1_257,20.0917,0.156207
,mobilenetv1_770,14.3531,0.0894058
,mobilenetv1_1020,14.2688,0.103522
,mobilenetv1_1926,24.3525,0.203832
,mobilenetv1_403,13.4676,0.0749679
,mobilenetv1_1240,18.3052,0.0971179
,mobilenetv1_397,21.719,0.0706807
,mobilenetv1_321,15.3004,0.15973
,mobilenetv1_1357,16.6615,0.0779664
,mobilenetv1_1746,28.045,0.155854
,mobilenetv1_1491,20.2929,0.160646
,mobilenetv1_1883,17.1107,0.097403
,mobilenetv1_1316,9.94991,0.0381322
,mobilenetv1_951,11.2585,0.292054
,mobilenetv1_1999,14.5223,0.0543667
,mobilenetv1_207,13.5312,0.107313
,mobilenetv1_1292,13.5191,0.11432
,mobilenetv1_845,22.171,0.121641
,mobilenetv1_474,12.2408,0.056654
,mobilenetv1_538,22.5026,0.106089
,mobilenetv1_446,9.8454,0.0229026
,mobilenetv1_1886,15.1652,0.0743204
,mobilenetv1_1635,19.0591,0.112687
,mobilenetv1_703,17.2461,0.060933
,mobilenetv1_40,11.8468,0.28793
,mobilenetv1_690,21.0299,0.178992
,mobilenetv1_1451,12.4319,0.128622
,mobilenetv1_962,15.5736,0.0932366
,mobilenetv1_1048,13.5895,0.0929642
,mobilenetv1_1804,11.2013,0.0849885
,mobilenetv1_292,11.9362,0.0469013
,mobilenetv1_1790,10.4522,0.0455817
,mobilenetv1_1047,9.26741,0.104171
,mobilenetv1_688,17.1767,0.105135
,mobilenetv1_1069,12.8857,0.0529856
,mobilenetv1_1033,10.389,0.0782987
,mobilenetv1_1204,14.3435,0.0682747
,mobilenetv1_959,13.2171,0.0336708
,mobilenetv1_1057,15.2302,0.0909093
,mobilenetv1_1187,12.4299,0.195653
,mobilenetv1_273,10.1957,0.379574
,mobilenetv1_133,14.1494,0.133613
,mobilenetv1_1235,16.4338,0.111256
,mobilenetv1_1498,17.6558,0.11157
,mobilenetv1_1794,14.7308,0.0800927
,mobilenetv1_793,20.1128,0.0799208
,mobilenetv1_1018,19.5914,0.107909
,mobilenetv1_1215,16.3773,0.13772
,mobilenetv1_1429,11.6211,0.0750449
,mobilenetv1_740,19.6096,0.0718852
,mobilenetv1_680,12.6536,0.0359093
,mobilenetv1_508,9.37024,0.09861
,mobilenetv1_1676,10.9718,0.0520568
,mobilenetv1_298,11.5451,0.0694146
,mobilenetv1_1109,19.0058,0.0701092
,mobilenetv1_1301,20.1182,0.0640472
,mobilenetv1_1795,20.0409,0.101077
,mobilenetv1_1415,12.4231,0.101752
,mobilenetv1_1998,17.9686,0.13615
,mobilenetv1_1305,25.5269,0.119674
,mobilenetv1_1247,16.8483,0.0963139
,mobilenetv1_1088,16.2946,0.046492
,mobilenetv1_396,11.5861,0.0377874
,mobilenetv1_326,11.4343,0.0379505
,mobilenetv1_1788,17.6733,0.0678472
,mobilenetv1_727,17.0734,0.109931
,mobilenetv1_236,10.9165,0.0822465
,mobilenetv1_1392,13.2458,0.0789631
,mobilenetv1_1411,17.6576,0.186362
,mobilenetv1_910,18.8928,0.140852
,mobilenetv1_195,20.9598,0.192778
,mobilenetv1_1784,10.1935,0.0485191
,mobilenetv1_1304,6.85327,0.0221737
,mobilenetv1_1960,20.4905,0.0507166
,mobilenetv1_1688,10.0752,0.0387769
,mobilenetv1_1413,14.6118,0.482637
,mobilenetv1_1334,14.1664,0.129395
,mobilenetv1_1054,19.1236,0.118796
,mobilenetv1_69,15.2945,0.0777722
,mobilenetv1_113,18.4515,0.099657
,mobilenetv1_100,25.1219,0.133231
,mobilenetv1_1464,12.4392,0.143922
,mobilenetv1_1723,13.1658,0.122049
,mobilenetv1_318,14.1162,0.0905478
,mobilenetv1_1701,11.833,0.0701751
,mobilenetv1_1508,12.2481,0.280622
,mobilenetv1_931,16.0799,0.0494594
,mobilenetv1_67,14.09,0.0471154
,mobilenetv1_1276,11.4837,0.0702276
,mobilenetv1_97,19.7587,0.120273
,mobilenetv1_1938,19.2949,0.114064
,mobilenetv1_950,9.65927,0.352888
,mobilenetv1_431,18.1934,0.131346
,mobilenetv1_259,11.3567,0.0684531
,mobilenetv1_1873,15.9137,0.0885355
,mobilenetv1_1479,12.3547,0.064529
,mobilenetv1_636,22.1219,0.0882404
,mobilenetv1_10,12.999,0.05878
,mobilenetv1_684,17.7622,0.116511
,mobilenetv1_263,8.55783,0.0625556
,mobilenetv1_1075,16.517,0.0422738
,mobilenetv1_1321,11.6793,0.0494487
,mobilenetv1_1424,21.0711,0.103328
,mobilenetv1_1338,15.4077,0.0805155
,mobilenetv1_1880,13.9163,0.0596897
,mobilenetv1_5,10.418,0.047526
,mobilenetv1_1864,15.7738,0.0614296
,mobilenetv1_1034,14.8303,0.0439366
,mobilenetv1_377,16.3224,0.047946
,mobilenetv1_1731,19.0448,0.155459
,mobilenetv1_874,16.0504,0.0441262
,mobilenetv1_993,9.64768,0.0341342
,mobilenetv1_1679,16.618,0.0573867
,mobilenetv1_677,14.6959,0.0689148
,mobilenetv1_880,19.0504,0.068916
,mobilenetv1_1295,14.148,0.140192
,mobilenetv1_1001,15.2166,0.0963983
,mobilenetv1_166,14.6454,0.104855
,mobilenetv1_546,19.4641,0.115118
,mobilenetv1_1362,13.5582,0.0986418
,mobilenetv1_967,16.5158,0.0778398
,mobilenetv1_1408,16.7475,0.151208
,mobilenetv1_409,18.9494,0.0715872
,mobilenetv1_1889,14.6986,0.257014
,mobilenetv1_832,17.0646,0.0784581
,mobilenetv1_530,14.4493,0.0666045
,mobilenetv1_1535,13.99,0.0707463
,mobilenetv1_567,13.148,0.0957671
,mobilenetv1_1854,14.6479,0.0461795
,mobilenetv1_1252,22.4534,0.180271
,mobilenetv1_1242,10.2119,0.0754825
,mobilenetv1_754,13.517,0.0771615
,mobilenetv1_1391,16.8333,0.066931
,mobilenetv1_169,20.3888,0.103062
,mobilenetv1_1189,19.1557,0.0954637
,mobilenetv1_1490,18.252,0.183904
,mobilenetv1_1165,24.2731,0.110984
,mobilenetv1_1099,19.2495,0.12328
,mobilenetv1_634,14.6042,0.120345
,mobilenetv1_1467,17.0152,0.0554067
,mobilenetv1_861,12.5036,0.0441535
,mobilenetv1_19,19.9214,0.110887
,mobilenetv1_1017,21.2999,0.12483
,mobilenetv1_285,21.2613,0.110971
,mobilenetv1_1648,11.8199,0.0487975
,mobilenetv1_779,13.2235,0.127323
,mobilenetv1_562,22.9061,0.131187
,mobilenetv1_280,17.7762,0.0626989
,mobilenetv1_1074,16.7209,0.0939748
,mobilenetv1_631,16.3422,0.0699036
,mobilenetv1_633,12.3599,0.0562626
,mobilenetv1_20,14.1345,0.0969723
,mobilenetv1_1314,15.4643,0.0489814
,mobilenetv1_1592,15.9012,0.0958241
,mobilenetv1_1931,16.2543,0.104687
,mobilenetv1_1402,18.8706,0.157599
,mobilenetv1_1333,14.7492,0.117842
,mobilenetv1_890,15.9007,0.0730256
,mobilenetv1_1161,20.3147,0.220612
,mobilenetv1_1051,15.9929,0.0504472
,mobilenetv1_1326,22.9999,0.0780824
,mobilenetv1_176,10.6763,0.079461
,mobilenetv1_665,12.2295,0.0760201
,mobilenetv1_1091,19.5938,0.145707
,mobilenetv1_828,15.793,0.0944425
,mobilenetv1_908,9.88581,0.0355518
,mobilenetv1_1903,19.7046,0.0931658
,mobilenetv1_209,16.5515,0.0914164
,mobilenetv1_1393,18.4758,0.0887694
,mobilenetv1_1013,10.7921,0.064992
,mobilenetv1_635,14.2284,0.058541
,mobilenetv1_244,17.2572,0.0807704
,mobilenetv1_330,9.76212,0.103732
,mobilenetv1_1900,12.145,0.0518395
,mobilenetv1_1126,15.3199,0.18689
,mobilenetv1_1597,14.7896,0.0379266
,mobilenetv1_421,21.5442,0.138717
,mobilenetv1_114,9.42042,0.494059
,mobilenetv1_1073,17.9369,0.191149
,mobilenetv1_1306,16.1516,0.0484389
,mobilenetv1_260,11.9419,0.103867
,mobilenetv1_1544,12.9173,0.040032
,mobilenetv1_104,8.80246,0.174899
,mobilenetv1_1787,23.3806,0.104766
,mobilenetv1_364,26.6253,0.0830539
,mobilenetv1_1106,16.525,0.186318
,mobilenetv1_414,10.386,0.17691
,mobilenetv1_417,17.643,0.100534
,mobilenetv1_1567,16.8364,0.135935
,mobilenetv1_1649,15.7668,0.0640501
,mobilenetv1_371,18.1923,0.0778852
,mobilenetv1_1065,12.2425,0.0410968
,mobilenetv1_1400,13.7018,0.044968
,mobilenetv1_763,16.7172,0.0675904
,mobilenetv1_916,12.0896,0.0494839
,mobilenetv1_1690,10.7013,0.0875619
,mobilenetv1_1060,16.0083,0.0683573
,mobilenetv1_1130,21.0902,0.153578
,mobilenetv1_167,11.8839,0.101178
,mobilenetv1_438,15.9702,0.0511263
,mobilenetv1_399,20.8397,0.145183
,mobilenetv1_1175,10.6934,0.0713418
,mobilenetv1_1842,14.1328,0.121145
,mobilenetv1_270,16.8129,0.0496694
,mobilenetv1_1792,20.4109,0.22223
,mobilenetv1_1920,9.19844,0.0605754
,mobilenetv1_1557,16.4254,0.0502004
,mobilenetv1_708,11.9638,0.0677699
,mobilenetv1_714,14.9639,0.0778137
,mobilenetv1_1124,19.1127,0.13698
,mobilenetv1_1916,21.2563,0.112458
,mobilenetv1_826,17.1018,0.0941817
,mobilenetv1_604,17.7574,0.0655789
,mobilenetv1_729,16.912,0.07099
,mobilenetv1_1488,12.8728,0.053687
,mobilenetv1_1144,10.8774,0.185922
,mobilenetv1_1330,11.8939,0.0471342
,mobilenetv1_941,18.4719,0.07266
,mobilenetv1_1327,15.7141,0.051869
,mobilenetv1_1430,13.855,0.0715509
,mobilenetv1_30,10.7784,0.10004
,mobilenetv1_744,12.8846,0.0337859
,mobilenetv1_1361,14.8942,0.0565784
,mobilenetv1_1228,15.5856,0.0522388
,mobilenetv1_1472,10.6913,0.0484487
,mobilenetv1_464,15.3029,0.461316
,mobilenetv1_851,11.9914,0.0591488
,mobilenetv1_649,9.91088,0.165524
,mobilenetv1_958,22.8311,0.14514
,mobilenetv1_1466,20.0853,0.0956151
,mobilenetv1_917,10.7353,0.0671812
,mobilenetv1_1805,12.1493,0.0666159
,mobilenetv1_534,13.1593,0.211474
,mobilenetv1_570,13.0999,0.130387
,mobilenetv1_87,14.9785,0.0666813
,mobilenetv1_622,15.4562,0.069719
,mobilenetv1_1137,11.7834,0.0577807
,mobilenetv1_379,12.648,0.0807685
,mobilenetv1_1611,19.7691,0.0878217
,mobilenetv1_1386,21.1008,0.146599
,mobilenetv1_1739,15.5514,0.0650261
,mobilenetv1_1721,16.6618,0.0977653
,mobilenetv1_153,12.1711,0.0843533
,mobilenetv1_299,9.37163,0.085887
,mobilenetv1_887,13.0534,0.0802047
,mobilenetv1_85,16.7989,0.115869
,mobilenetv1_1809,12.3195,0.104851
,mobilenetv1_1884,21.5547,0.086212
,mobilenetv1_1387,15.6254,0.175598
,mobilenetv1_1497,12.8571,0.0472479
,mobilenetv1_1100,20.3206,0.713059
,mobilenetv1_1082,17.3828,0.0695727
,mobilenetv1_1182,19.2781,0.125527
,mobilenetv1_455,13.5356,0.0753373
,mobilenetv1_261,7.55432,0.0304078
,mobilenetv1_420,21.0717,0.0890611
,mobilenetv1_1145,15.5764,0.109965
,mobilenetv1_34,12.2719,1.16722
,mobilenetv1_835,14.9869,0.0496618
,mobilenetv1_248,10.8949,0.0343412
,mobilenetv1_1696,11.6851,0.0638807
,mobilenetv1_821,15.6655,0.33319
,mobilenetv1_1615,14.0916,0.0524636
,mobilenetv1_1702,16.0439,0.0605096
,mobilenetv1_1196,18.8135,0.0931504
,mobilenetv1_410,25.8256,0.113003
,mobilenetv1_439,13.1012,0.0741533
,mobilenetv1_222,19.1352,0.121902
,mobilenetv1_988,9.80828,0.0665877
,mobilenetv1_86,17.9711,0.100065
,mobilenetv1_1774,15.7119,0.108222
,mobilenetv1_841,20.0328,0.0678178
,mobilenetv1_624,21.2709,0.0952482
,mobilenetv1_1516,14.927,0.13732
,mobilenetv1_106,10.5828,0.0245203
,mobilenetv1_84,12.7498,0.0746423
,mobilenetv1_1463,12.4391,0.0681156
,mobilenetv1_1029,10.8622,0.0402812
,mobilenetv1_1894,17.2702,0.101807
,mobilenetv1_1844,17.4154,0.140917
,mobilenetv1_459,16.8408,0.0730581
,mobilenetv1_18,23.012,0.0973412
,mobilenetv1_1352,16.1494,0.0654182
,mobilenetv1_738,17.3552,0.0988638
,mobilenetv1_1265,19.7209,0.0638627
,mobilenetv1_693,11.4222,0.0722008
,mobilenetv1_479,12.879,0.0381947
,mobilenetv1_678,12.4924,0.128355
,mobilenetv1_1470,15.6173,0.0614307
,mobilenetv1_211,10.9263,0.0562877
,mobilenetv1_1049,15.3649,0.0676213
,mobilenetv1_363,11.2079,0.243449
,mobilenetv1_473,18.4127,0.0748176
,mobilenetv1_137,14.8457,0.114884
,mobilenetv1_79,15.0197,0.0668397
,mobilenetv1_1293,17.3115,0.0647631
,mobilenetv1_906,16.4959,0.0709779
,mobilenetv1_412,18.3992,0.110985
,mobilenetv1_1826,11.1845,0.0946882
,mobilenetv1_1268,11.6606,0.102229
,mobilenetv1_553,12.3772,0.0872186
,mobilenetv1_483,18.7541,0.0606752
,mobilenetv1_1219,17.1806,0.102458
,mobilenetv1_411,15.7735,0.0856741
,mobilenetv1_136,13.8898,0.0541134
,mobilenetv1_771,18.0862,0.232827
,mobilenetv1_774,15.9623,0.178583
,mobilenetv1_1678,12.809,0.0794173
,mobilenetv1_819,11.1562,0.0496929
,mobilenetv1_1081,15.2522,0.0849487
,mobilenetv1_1089,16.4683,0.115513
,mobilenetv1_618,18.0781,0.118673
,mobilenetv1_527,12.618,0.0443239
,mobilenetv1_1775,20.6599,0.163522
,mobilenetv1_568,26.9169,0.155308
,mobilenetv1_1875,11.9328,0.521938
,mobilenetv1_700,8.77762,0.0692165
,mobilenetv1_846,21.5484,0.134883
,mobilenetv1_781,19.6997,0.129087
,mobilenetv1_621,11.3211,0.226921
,mobilenetv1_1890,19.9542,0.183906
,mobilenetv1_231,18.3904,0.0696886
,mobilenetv1_1168,13.5927,0.0514338
,mobilenetv1_1872,12.1861,0.09039
,mobilenetv1_551,14.2574,0.0649646
,mobilenetv1_1574,12.9562,0.0877471
,mobilenetv1_1669,14.2762,0.0859239
,mobilenetv1_437,22.1965,0.367121
,mobilenetv1_61,12.5201,0.050612
,mobilenetv1_838,17.62,0.44682
,mobilenetv1_658,20.2081,0.139671
,mobilenetv1_881,16.9043,0.144484
,mobilenetv1_1962,11.7536,0.0375188
,mobilenetv1_177,14.2122,0.106559
,mobilenetv1_1336,15.777,0.0495663
,mobilenetv1_1664,15.8695,0.0776634
,mobilenetv1_1694,14.1983,0.0724734
,mobilenetv1_1010,11.1192,0.238008
,mobilenetv1_782,15.2022,0.0636072
,mobilenetv1_1730,13.1779,0.0974281
,mobilenetv1_1865,18.1191,0.0567057
,mobilenetv1_1524,14.1206,0.0614564
,mobilenetv1_525,20.258,0.126581
,mobilenetv1_1693,14.4373,0.141821
,mobilenetv1_1550,11.9699,0.0486583
,mobilenetv1_391,19.7674,0.0520566
,mobilenetv1_1527,19.8926,0.0863326
,mobilenetv1_1059,13.1684,0.098104
,mobilenetv1_1748,22.5212,0.101653
,mobilenetv1_1855,16.0755,0.0741646
,mobilenetv1_1879,15.125,0.119723
,mobilenetv1_574,16.6271,0.115352
,mobilenetv1_1340,15.8537,0.1498
,mobilenetv1_778,14.147,0.0943865
,mobilenetv1_1915,17.6193,0.100682
,mobilenetv1_146,20.9924,0.0997017
,mobilenetv1_935,15.8592,0.165388
,mobilenetv1_1654,14.086,0.05526
,mobilenetv1_1636,19.2538,0.0916657
,mobilenetv1_1861,11.5422,0.0997559
,mobilenetv1_1602,11.0105,0.0905406
,mobilenetv1_461,19.4738,0.0483816
,mobilenetv1_1988,16.634,0.184032
,mobilenetv1_1008,16.4116,0.101403
,mobilenetv1_289,11.419,0.064023
,mobilenetv1_997,12.8585,0.0908144
,mobilenetv1_1945,24.0524,0.0993189
,mobilenetv1_1685,12.1089,0.0613094
,mobilenetv1_697,14.9417,0.0928111
,mobilenetv1_290,20.6373,0.103304
,mobilenetv1_1185,25.1909,0.118199
,mobilenetv1_430,8.19567,0.536935
,mobilenetv1_1655,9.17861,0.0485453
,mobilenetv1_539,21.4913,0.214192
,mobilenetv1_1934,15.704,0.411817
,mobilenetv1_335,9.84893,0.043342
,mobilenetv1_1095,8.53166,0.41022
,mobilenetv1_1461,21.3314,0.116219
,mobilenetv1_1264,11.1449,0.0499086
,mobilenetv1_208,17.8566,0.139095
,mobilenetv1_1993,19.5012,0.0789235
,mobilenetv1_1117,18.4608,0.127985
,mobilenetv1_1579,9.37927,0.0940683
,mobilenetv1_1233,20.9045,0.0969639
,mobilenetv1_630,8.40299,0.0461938
,mobilenetv1_1759,15.2665,0.113943
,mobilenetv1_82,17.3197,0.105533
,mobilenetv1_1207,10.0233,0.252591
,mobilenetv1_797,17.1483,0.123229
,mobilenetv1_1403,21.1989,0.0983964
,mobilenetv1_1087,17.6865,0.0757153
,mobilenetv1_1810,13.7494,0.0477781
,mobilenetv1_1224,10.2771,0.0447276
,mobilenetv1_1232,15.174,0.0575891
,mobilenetv1_1016,19.7158,0.0568809
,mobilenetv1_168,14.9745,0.267929
,mobilenetv1_1366,12.5443,0.04505
,mobilenetv1_475,14.5009,0.117209
,mobilenetv1_966,12.9511,0.0897806
,mobilenetv1_619,14.5767,0.29634
,mobilenetv1_755,16.1074,0.098852
,mobilenetv1_184,16.206,0.0634344
,mobilenetv1_468,16.1769,0.0866367
,mobilenetv1_369,11.9845,0.11314
,mobilenetv1_152,16.6305,0.0948104
,mobilenetv1_233,15.4485,0.0829556
,mobilenetv1_1453,26.4641,0.209616
,mobilenetv1_206,13.6872,0.0575079
,mobilenetv1_1284,15.2882,0.101882
,mobilenetv1_566,15.353,0.0970805
,mobilenetv1_478,14.7154,0.0938865
,mobilenetv1_975,13.8889,0.129764
,mobilenetv1_1122,18.6527,0.105753
,mobilenetv1_1928,16.2029,0.0599422
,mobilenetv1_1518,11.6289,0.0933393
,mobilenetv1_885,11.5478,0.0692877
,mobilenetv1_1282,12.5557,0.059932
,mobilenetv1_1309,16.8665,0.109968
,mobilenetv1_337,12.0149,0.306809
,mobilenetv1_1741,13.0619,0.0900168
,mobilenetv1_149,13.7097,0.0974313
,mobilenetv1_944,19.3486,0.160097
,mobilenetv1_1706,16.3821,0.112351
,mobilenetv1_1551,13.8846,0.158039
,mobilenetv1_1771,16.6926,0.109236
,mobilenetv1_155,15.8947,0.128915
,mobilenetv1_1505,18.4232,0.106683
,mobilenetv1_1092,16.6206,0.147315
,mobilenetv1_131,15.982,0.0833279
,mobilenetv1_737,11.317,0.0604725
,mobilenetv1_614,19.921,0.113107
,mobilenetv1_1457,13.5126,0.0950763
,mobilenetv1_90,16.1835,0.0888883
,mobilenetv1_1764,13.2744,0.0560036
,mobilenetv1_1893,14.0355,0.0348435
,mobilenetv1_1867,5.50411,0.0501114
,mobilenetv1_1487,14.6633,0.123622
,mobilenetv1_1770,23.7729,0.0839335
,mobilenetv1_189,6.42712,0.0433992
,mobilenetv1_1009,10.8365,0.134732
,mobilenetv1_1007,17.8999,0.0868905
,mobilenetv1_296,16.0616,0.388925
,mobilenetv1_1153,11.423,0.0389762
,mobilenetv1_44,16.6691,0.0423163
,mobilenetv1_952,15.5978,0.0890294
,mobilenetv1_1281,16.8358,0.0908938
,mobilenetv1_139,15.6113,0.14481
,mobilenetv1_185,9.66236,0.0764338
,mobilenetv1_734,23.8805,0.115522
,mobilenetv1_256,19.5623,0.113672
,mobilenetv1_970,12.8,0.084205
,mobilenetv1_390,18.2002,0.155476
,mobilenetv1_1686,16.9294,0.0794798
,mobilenetv1_9,11.6304,0.0563619
,mobilenetv1_1755,18.023,0.158337
,mobilenetv1_1699,22.0975,0.123672
,mobilenetv1_327,10.1803,0.0433637
,mobilenetv1_1312,18.2686,0.0885796
,mobilenetv1_1437,21.3147,0.113801
,mobilenetv1_144,16.3335,0.134021
,mobilenetv1_1241,11.7569,0.187423
,mobilenetv1_1629,10.6117,0.0592436
,mobilenetv1_523,21.4276,0.638422
,mobilenetv1_1698,11.8531,0.0415814
,mobilenetv1_1509,10.4251,0.0896076
,mobilenetv1_91,17.048,0.0859037
,mobilenetv1_1038,21.5727,0.0976824
,mobilenetv1_1478,17.0127,0.0764696
,mobilenetv1_1379,19.8514,0.102019
,mobilenetv1_1442,15.7877,0.0756494
,mobilenetv1_1703,14.9261,0.0750968
,mobilenetv1_991,19.1074,0.0936544
,mobilenetv1_1448,12.7969,0.103089
,mobilenetv1_1192,11.2414,0.0434821
,mobilenetv1_675,15.8458,0.06493
,mobilenetv1_1203,14.2036,0.128665
,mobilenetv1_172,17.7293,0.102568
,mobilenetv1_1603,14.2662,0.0738357
,mobilenetv1_1037,20.7961,0.087476
,mobilenetv1_795,12.1422,0.064608
,mobilenetv1_1736,12.6568,0.0475173
,mobilenetv1_867,14.8829,0.0896796
,mobilenetv1_1541,16.9159,0.133244
,mobilenetv1_786,12.1524,0.0351418
,mobilenetv1_1221,13.2616,0.065909
,mobilenetv1_791,16.6992,0.0504676
,mobilenetv1_571,18.3418,0.146388
,mobilenetv1_415,12.3201,0.0910703
,mobilenetv1_1996,19.4172,0.0747932
,mobilenetv1_1432,19.1244,0.0915964
,mobilenetv1_151,16.0238,0.0672394
,mobilenetv1_860,18.2514,0.109695
,mobilenetv1_968,16.6179,0.0686843
,mobilenetv1_186,10.4033,0.0347939
,mobilenetv1_1503,13.4052,0.06912
,mobilenetv1_336,21.797,0.114779
,mobilenetv1_482,12.926,0.565651
,mobilenetv1_1634,17.0574,0.0525707
,mobilenetv1_1882,14.6922,0.296686
,mobilenetv1_312,10.3253,0.0638487
,mobilenetv1_376,27.095,0.102406
,mobilenetv1_135,11.7788,0.0373493
,mobilenetv1_109,14.0749,0.0961354
,mobilenetv1_157,14.4361,0.108575
,mobilenetv1_315,15.9479,0.0587193
,mobilenetv1_777,14.6382,0.564063
,mobilenetv1_1607,15.262,0.140546
,mobilenetv1_1308,15.8753,0.073318
,mobilenetv1_801,12.8151,0.0612727
,mobilenetv1_347,12.0771,0.0316396
,mobilenetv1_715,16.4222,0.0696888
,mobilenetv1_1042,11.8182,0.076761
,mobilenetv1_1727,13.9241,0.127586
,mobilenetv1_511,12.9591,0.789911
,mobilenetv1_1410,18.5299,0.0999796
,mobilenetv1_1683,14.2836,0.18737
,mobilenetv1_422,17.4037,0.0985382
,mobilenetv1_1971,19.5409,0.138793
,mobilenetv1_1486,19.8749,0.093535
,mobilenetv1_582,21.1092,0.0597003
,mobilenetv1_1662,23.7042,0.0835814
,mobilenetv1_589,14.5833,0.0616296
,mobilenetv1_1719,12.5238,0.0686927
,mobilenetv1_1673,18.6606,0.0995424
,mobilenetv1_225,14.7197,0.0973402
,mobilenetv1_165,13.712,0.0854683
,mobilenetv1_712,14.027,0.0628678
,mobilenetv1_1061,18.9172,0.0657862
,mobilenetv1_1471,24.1093,0.110526
,mobilenetv1_650,12.3608,0.0433003
,mobilenetv1_811,16.8075,0.0473182
,mobilenetv1_536,17.1785,0.0850045
,mobilenetv1_1749,21.1719,0.159082
,mobilenetv1_1107,14.7434,0.0379228
,mobilenetv1_1778,13.8126,0.0854313
,mobilenetv1_1370,19.39,0.122269
,mobilenetv1_1621,16.0946,0.0641688
,mobilenetv1_876,13.145,0.103334
,mobilenetv1_448,16.3761,0.0406081
,mobilenetv1_1600,9.16132,0.02636
,mobilenetv1_48,12.9872,0.0435375
,mobilenetv1_1645,15.6548,0.0701431
,mobilenetv1_254,14.7048,0.0647478
,mobilenetv1_502,14.3104,0.0362202
,mobilenetv1_160,15.227,0.0755084
,mobilenetv1_696,13.7603,0.0544901
,mobilenetv1_676,18.5942,0.0664428
,mobilenetv1_1618,12.7569,0.0478877
,mobilenetv1_765,18.2583,0.0615327
,mobilenetv1_723,16.7837,0.0540862
,mobilenetv1_1164,16.0647,0.072361
,mobilenetv1_1456,10.9479,0.101784
,mobilenetv1_1743,13.5193,0.248612
,mobilenetv1_319,13.351,0.0783094
,mobilenetv1_642,15.5729,0.0700144
,mobilenetv1_1722,18.6765,0.0651534
,mobilenetv1_1517,15.702,0.0401787
,mobilenetv1_1728,16.8177,0.167259
,mobilenetv1_1311,11.5225,0.0321575
,mobilenetv1_1663,16.6164,0.139378
,mobilenetv1_116,18.9055,0.0514126
,mobilenetv1_484,14.3708,0.0504628
,mobilenetv1_1277,19.0897,0.14092
,mobilenetv1_726,11.4706,0.0315007
,mobilenetv1_383,17.2359,0.0752335
,mobilenetv1_288,16.5806,0.0938245
,mobilenetv1_730,15.6731,0.0465387
,mobilenetv1_1948,12.7822,0.049412
,mobilenetv1_1987,22.3159,0.137042
,mobilenetv1_748,15.2532,0.0526791
,mobilenetv1_1614,13.5855,0.0655617
,mobilenetv1_1083,15.3863,0.0746861
,mobilenetv1_375,16.6093,0.103395
,mobilenetv1_662,16.1586,0.0590536
,mobilenetv1_50,13.9073,0.0964694
,mobilenetv1_640,17.5328,0.102162
,mobilenetv1_957,8.63579,0.195059
,mobilenetv1_1040,16.928,0.113495
,mobilenetv1_1990,25.7636,0.0988401
,mobilenetv1_1628,15.923,0.0806723
,mobilenetv1_351,20.6554,0.059519
,mobilenetv1_543,14.8534,0.0533488
,mobilenetv1_1825,8.84006,0.0365003
,mobilenetv1_643,12.8081,0.0637876
,mobilenetv1_904,13.3346,0.0921789
,mobilenetv1_465,10.7776,0.0554798
,mobilenetv1_1959,19.0104,0.0942413
,mobilenetv1_1681,13.2119,0.0789257
,mobilenetv1_267,18.9548,0.0962392
,mobilenetv1_1148,13.9973,0.0797062
,mobilenetv1_645,5.72449,0.0256131
,mobilenetv1_1812,7.85762,0.0484112
,mobilenetv1_1961,13.2681,0.0870646
,mobilenetv1_262,12.3858,0.0763175
,mobilenetv1_457,7.76968,0.0689174
,mobilenetv1_1108,9.3888,0.0715233
,mobilenetv1_1956,10.4129,0.0468675
,mobilenetv1_671,15.6268,0.0959367
,mobilenetv1_372,11.8237,0.139037
,mobilenetv1_237,19.7866,0.100738
,mobilenetv1_1525,9.91691,0.0692411
,mobilenetv1_1631,14.3214,0.148606
,mobilenetv1_789,14.4234,0.125909
,mobilenetv1_1004,13.4264,0.0839628
,mobilenetv1_1796,15.9232,0.122258
,mobilenetv1_81,11.8923,0.0758558
,mobilenetv1_866,11.5219,0.0328496
,mobilenetv1_268,24.3098,0.126492
,mobilenetv1_1248,18.489,0.0562324
,mobilenetv1_1835,13.6686,0.0859386
,mobilenetv1_915,14.7786,0.119691
,mobilenetv1_1820,17.0964,0.103646
,mobilenetv1_749,13.626,0.0673948
,mobilenetv1_889,20.5529,0.0952082
,mobilenetv1_344,13.9548,0.0720423
,mobilenetv1_1318,13.9623,0.296513
,mobilenetv1_722,14.0746,0.319154
,mobilenetv1_1147,17.579,0.12473
,mobilenetv1_681,22.852,0.133095
,mobilenetv1_1596,19.2663,0.0977353
,mobilenetv1_1025,18.5721,0.0449987
,mobilenetv1_1885,16.779,0.122163
,mobilenetv1_601,17.3757,0.0911933
,mobilenetv1_926,21.2497,0.144425
,mobilenetv1_1783,14.7535,0.110368
,mobilenetv1_1901,19.7602,0.204971
,mobilenetv1_1851,15.9378,0.0396697
,mobilenetv1_825,16.2617,0.11207
,mobilenetv1_1857,12.399,0.04552
,mobilenetv1_444,14.9824,0.0775205
,mobilenetv1_1891,17.2103,0.0540668
,mobilenetv1_1539,19.029,0.14818
,mobilenetv1_1030,19.3299,0.193805
,mobilenetv1_620,12.1677,0.0709276
,mobilenetv1_878,12.678,0.0356468
,mobilenetv1_918,12.9309,0.0915582
,mobilenetv1_1734,15.2777,0.101883
,mobilenetv1_666,18.5772,0.152617
,mobilenetv1_1128,12.1167,0.0724659
,mobilenetv1_687,17.4029,0.082381
,mobilenetv1_356,18.664,0.114972
,mobilenetv1_924,17.3397,0.814225
,mobilenetv1_1585,14.4872,0.0640744
,mobilenetv1_1862,20.6909,0.175232
,mobilenetv1_1501,16.4961,0.129046
,mobilenetv1_1939,15.3238,0.270934
,mobilenetv1_1396,18.2915,0.0791139
,mobilenetv1_1170,21.1076,0.0753351
,mobilenetv1_879,13.0346,0.0932436
,mobilenetv1_361,18.8855,0.0720557
,mobilenetv1_1426,19.0476,0.0715256
,mobilenetv1_1955,23.026,0.152423
,mobilenetv1_1480,12.6449,0.0582835
,mobilenetv1_1380,14.3314,0.110063
,mobilenetv1_188,19.8808,0.155502
,mobilenetv1_648,13.3194,0.10532
,mobilenetv1_1888,16.9796,0.0965471
,mobilenetv1_1841,9.94334,0.0443802
,mobilenetv1_1146,12.05,0.0485032
,mobilenetv1_164,19.3981,0.0631835
,mobilenetv1_1344,18.442,0.0849744
,mobilenetv1_238,16.9215,0.0620948
,mobilenetv1_481,19.1394,0.0737343
,mobilenetv1_1761,12.7688,0.065444
,mobilenetv1_382,10.6704,0.0932076
,mobilenetv1_1906,10.6785,0.0614163
,mobilenetv1_6,16.1318,0.111635
,mobilenetv1_275,12.0579,0.253177
,mobilenetv1_579,15.3756,1.50736
,mobilenetv1_1253,12.9022,0.100265
,mobilenetv1_724,18.4211,0.137814
,mobilenetv1_625,9.12807,0.054427
,mobilenetv1_1757,14.4749,0.0435342
,mobilenetv1_1594,8.4362,0.0356866
,mobilenetv1_395,16.6244,0.0671017
,mobilenetv1_898,14.8675,0.190394
,mobilenetv1_1138,12.6494,0.0423058
,mobilenetv1_1571,16.7181,0.112941
,mobilenetv1_1895,8.62216,0.0729467
,mobilenetv1_965,13.8385,0.115011
,mobilenetv1_1250,19.2474,0.0797916
,mobilenetv1_1077,21.3088,0.113664
,mobilenetv1_1772,13.7967,0.0767272
,mobilenetv1_147,12.6176,0.10486
,mobilenetv1_669,8.96192,0.211125
,mobilenetv1_750,16.0694,0.0650324
,mobilenetv1_1028,12.304,0.833705
,mobilenetv1_1179,20.6392,0.107063
,mobilenetv1_93,14.2082,0.0501357
,mobilenetv1_840,18.063,0.0614183
,mobilenetv1_512,15.5728,0.173145
,mobilenetv1_1076,11.8943,1.16209
,mobilenetv1_1800,11.359,0.0549457
,mobilenetv1_1416,20.9555,0.0975609
,mobilenetv1_1659,20.7368,0.0544357
,mobilenetv1_1418,11.1885,0.105268
,mobilenetv1_1630,18.9388,0.127891
,mobilenetv1_692,15.2039,0.442786
,mobilenetv1_362,16.5144,0.101326
,mobilenetv1_1536,15.6538,0.0718859
,mobilenetv1_1056,18.7396,0.167518
,mobilenetv1_1212,15.9048,0.0963267
,mobilenetv1_1200,11.4492,0.133068
,mobilenetv1_1390,15.2431,0.0906628
,mobilenetv1_1449,12.9185,0.200534
,mobilenetv1_1675,21.8371,0.126447
,mobilenetv1_1909,17.588,0.101304
,mobilenetv1_1733,11.3161,0.0595068
,mobilenetv1_1543,12.3916,0.0399197
,mobilenetv1_626,20.862,0.128573
,mobilenetv1_1744,10.2553,0.102026
,mobilenetv1_766,20.6746,0.112482
,mobilenetv1_276,18.4116,0.0527704
,mobilenetv1_255,16.4644,0.0563265
,mobilenetv1_1260,15.5468,0.0590842
,mobilenetv1_1230,11.9475,0.113194
,mobilenetv1_1067,18.3837,0.0929273
,mobilenetv1_252,19.0511,0.0946654
,mobilenetv1_1811,12.0604,0.0691879
,mobilenetv1_1924,13.061,0.0544846
,mobilenetv1_599,19.3657,0.0356662
,mobilenetv1_818,12.6162,0.081906
,mobilenetv1_278,17.5275,0.0958751
,mobilenetv1_1348,18.9347,0.075425
,mobilenetv1_1005,16.5463,0.0685758
,mobilenetv1_1420,13.8379,0.0885146
,mobilenetv1_1085,16.2484,0.0831621
,mobilenetv1_1609,13.2337,0.0735202
,mobilenetv1_1927,10.7006,0.0354441
,mobilenetv1_1549,13.7028,0.0879923
,mobilenetv1_64,10.1728,0.0440051
,mobilenetv1_1331,20.1544,0.0617593
,mobilenetv1_663,16.565,0.0838447
,mobilenetv1_1272,15.1674,0.0691877
,mobilenetv1_938,22.5294,0.0938426
,mobilenetv1_1640,10.0493,0.0468413
,mobilenetv1_1452,17.2121,0.0780298
,mobilenetv1_1378,21.8974,0.0929464
,mobilenetv1_7,16.8483,0.0440024
,mobilenetv1_657,25.3702,0.129338
,mobilenetv1_769,24.6926,0.125655
,mobilenetv1_598,15.3009,0.0602288
,mobilenetv1_323,18.7728,0.0692817
,mobilenetv1_124,12.3525,0.0830558
,mobilenetv1_8,10.1569,0.0910497
,mobilenetv1_964,14.086,0.0559977
,mobilenetv1_0,14.4623,0.0915217
,mobilenetv1_594,16.0044,0.160471
,mobilenetv1_1627,12.7075,0.060013
,mobilenetv1_247,21.8578,0.0943689
,mobilenetv1_1223,10.366,0.0932319
,mobilenetv1_217,16.9671,0.135748
,mobilenetv1_332,9.69441,0.0747196
,mobilenetv1_232,17.0619,0.102798
,mobilenetv1_115,14.4868,0.0659756
,mobilenetv1_1249,19.7772,0.132601
,mobilenetv1_325,15.3214,0.049858
,mobilenetv1_1714,8.72578,0.0559268
,mobilenetv1_310,19.0025,0.0589043
,mobilenetv1_297,14.4585,0.105288
,mobilenetv1_1823,15.4579,0.0434962
,mobilenetv1_423,11.0152,0.0644608
,mobilenetv1_1322,18.6395,0.134138
,mobilenetv1_1581,11.2025,0.535576
,mobilenetv1_1371,16.4786,0.0685795
,mobilenetv1_1537,15.4416,0.218777
,mobilenetv1_1446,19.5644,0.166357
,mobilenetv1_1797,17.9692,0.0671012
,mobilenetv1_764,15.0709,0.129177
,mobilenetv1_1652,17.6863,0.104541
,mobilenetv1_1119,16.0647,0.0759006
,mobilenetv1_322,13.8111,0.0927124
,mobilenetv1_1254,11.2034,0.0973478
,mobilenetv1_1186,16.0684,0.0994561
,mobilenetv1_1785,16.4077,0.0573063
,mobilenetv1_293,17.6352,0.215829
,mobilenetv1_575,7.2113,0.0202879
,mobilenetv1_799,13.2685,0.0904412
,mobilenetv1_1950,12.0791,0.0938857
,mobilenetv1_1443,14.5734,0.0438753
,mobilenetv1_1846,16.0894,0.12302
,mobilenetv1_1528,13.8479,0.11595
,mobilenetv1_1256,13.492,0.102846
,mobilenetv1_1869,14.7566,0.0456804
,mobilenetv1_406,7.25439,0.0329165
,mobilenetv1_1847,10.8173,0.0722292
,mobilenetv1_1824,13.8848,0.927721
,mobilenetv1_725,11.0421,0.0618728
,mobilenetv1_442,15.3417,0.713822
,mobilenetv1_659,17.8606,0.197538
,mobilenetv1_1598,10.6657,0.0590964
,mobilenetv1_552,10.2887,0.0531113
,mobilenetv1_416,14.4669,0.0591031
,mobilenetv1_203,14.2941,0.0501609
,mobilenetv1_859,16.4622,0.0574537
,mobilenetv1_170,13.772,0.0883872
,mobilenetv1_301,12.3865,0.0507187
,mobilenetv1_600,14.3461,0.0325384
,mobilenetv1_1946,11.6999,0.0589288
,mobilenetv1_489,13.9199,0.135597
,mobilenetv1_884,19.0212,0.0732105
,mobilenetv1_611,22.9259,0.0940819
,mobilenetv1_1904,14.3037,0.0545991
,mobilenetv1_1231,18.3539,0.118568
,mobilenetv1_68,16.1906,0.121189
,mobilenetv1_485,14.1501,0.0502349
,mobilenetv1_1997,13.1392,0.0340614
,mobilenetv1_331,12.1089,0.0848515
,mobilenetv1_205,17.6181,0.441759
,mobilenetv1_986,17.5049,0.129219
,mobilenetv1_130,17.9797,0.144454
,mobilenetv1_1949,17.0565,0.100156
,mobilenetv1_923,20.8008,0.129605
,mobilenetv1_419,8.54081,0.0422893
,mobilenetv1_747,18.4404,0.167457
,mobilenetv1_1964,15.2516,0.0881505
,mobilenetv1_1966,17.6696,0.0874683
,mobilenetv1_1351,10.2314,0.0345071
,mobilenetv1_921,17.105,0.084032
,mobilenetv1_138,18.0886,0.140531
,mobilenetv1_956,14.0665,0.115353
,mobilenetv1_1930,12.7212,0.0552223
,mobilenetv1_53,17.4784,0.0415871
,mobilenetv1_394,16.5938,0.14913
,mobilenetv1_187,14.5809,0.0582695
,mobilenetv1_122,18.7218,0.123397
,mobilenetv1_1850,15.111,0.0812334
,mobilenetv1_258,20.825,0.129606
,mobilenetv1_1819,8.19535,0.0674939
,mobilenetv1_1114,15.2222,0.0808366
,mobilenetv1_1838,19.44,0.157299
,mobilenetv1_1346,11.9137,0.0491374
,mobilenetv1_1506,15.1646,0.0364118
,mobilenetv1_637,12.7911,0.114382
,mobilenetv1_1104,9.41834,0.0426825
,mobilenetv1_1769,11.5762,0.120646
,mobilenetv1_27,20.6942,0.132326
,mobilenetv1_1817,17.9338,0.167142
,mobilenetv1_990,11.5438,0.0524996
,mobilenetv1_1328,15.9181,0.116153
,mobilenetv1_1583,20.401,0.195522
,mobilenetv1_374,11.0032,0.274122
,mobilenetv1_1374,14.3432,0.0701872
,mobilenetv1_1003,14.5942,0.0847698
,mobilenetv1_1726,11.2407,0.0382793
,mobilenetv1_592,13.9863,0.0763512
,mobilenetv1_1700,24.8158,0.0942919
,mobilenetv1_1377,13.038,0.126226
,mobilenetv1_564,15.8892,0.025704
,mobilenetv1_1793,16.157,0.0748735
,mobilenetv1_213,15.6351,0.116453
,mobilenetv1_303,14.8652,0.0702495
,mobilenetv1_1832,12.699,0.106668
,mobilenetv1_1080,19.1433,0.106262
,mobilenetv1_762,16.6854,0.0865673
,mobilenetv1_360,18.2925,0.186733
,mobilenetv1_1908,21.3284,0.213985
,mobilenetv1_1724,12.6037,0.0335632
,mobilenetv1_1278,13.1085,0.103185
,mobilenetv1_863,8.82005,0.33651
,mobilenetv1_1695,17.0029,0.106805
,mobilenetv1_1142,14.396,0.111085
,mobilenetv1_1937,20.6523,0.0696506
,mobilenetv1_1421,12.4069,0.131
,mobilenetv1_1155,10.3138,0.0256377
,mobilenetv1_277,15.8863,0.139923
,mobilenetv1_1650,16.3734,0.0826548
,mobilenetv1_541,17.1444,0.16427
,mobilenetv1_469,10.5359,0.107393
,mobilenetv1_563,16.5325,0.0772752
,mobilenetv1_352,19.0009,0.074496
,mobilenetv1_1123,14.4999,0.0909282
,mobilenetv1_728,14.137,0.131938
,mobilenetv1_1140,13.3351,0.0337514
,mobilenetv1_334,10.2149,0.0363112
,mobilenetv1_1493,15.225,0.0596619
,mobilenetv1_1896,15.7275,0.067474
,mobilenetv1_33,18.5513,0.0743118
,mobilenetv1_524,13.6383,0.0808396
,mobilenetv1_353,10.6822,0.0279131
,mobilenetv1_804,12.1664,0.118164
,mobilenetv1_451,15.8148,0.097614
,mobilenetv1_1674,17.2282,0.0372289
,mobilenetv1_886,18.7536,0.0616422
,mobilenetv1_1201,12.9484,0.243861
,mobilenetv1_58,19.8687,0.0689323
,mobilenetv1_972,12.8388,0.0436385
,mobilenetv1_528,15.6112,0.0561401
,mobilenetv1_939,18.0187,0.0629259
,mobilenetv1_1339,10.1469,0.0515879
,mobilenetv1_928,17.2244,0.0465953
,mobilenetv1_343,18.3418,0.123602
,mobilenetv1_1807,10.5827,0.0600782
,mobilenetv1_1751,20.4988,0.068049
,mobilenetv1_1829,17.7276,0.217071
,mobilenetv1_709,10.7254,0.0527201
,mobilenetv1_647,13.0106,0.0646701
,mobilenetv1_899,16.7155,0.11711
,mobilenetv1_713,9.68115,0.0667832
,mobilenetv1_869,17.874,0.0874945
,mobilenetv1_1815,15.9633,0.107767
,mobilenetv1_984,9.19741,0.0361863
,mobilenetv1_1646,17.3921,0.0759851
,mobilenetv1_1619,13.7262,0.0377282
,mobilenetv1_1738,14.6258,0.0804794
,mobilenetv1_1041,15.2369,0.108503
,mobilenetv1_1258,15.5547,0.175102
,mobilenetv1_408,11.7683,0.0673509
,mobilenetv1_519,13.0294,0.0678009
,mobilenetv1_1044,18.1762,0.106945
,mobilenetv1_373,13.9335,0.0363862
,mobilenetv1_16,16.3667,0.0627245
,mobilenetv1_311,18.7696,0.0908955
,mobilenetv1_140,8.37621,0.0554782
,mobilenetv1_1000,20.2932,0.0770692
,mobilenetv1_181,16.4079,0.0733716
,mobilenetv1_78,15.0084,0.0629228
,mobilenetv1_719,14.9314,0.0719586
,mobilenetv1_1251,19.8383,0.15377
,mobilenetv1_1006,10.0873,0.103308
,mobilenetv1_31,15.595,0.19764
,mobilenetv1_1046,13.3539,0.0622252
,mobilenetv1_1209,9.71751,0.0391591
,mobilenetv1_1582,18.2828,0.103876
,mobilenetv1_1968,16.1145,0.0650832
,mobilenetv1_393,20.6114,0.114773
,mobilenetv1_1561,14.3788,0.124847
,mobilenetv1_1951,12.9435,0.127663
,mobilenetv1_328,13.9168,0.0620087
,mobilenetv1_1754,11.6646,0.0727394
,mobilenetv1_221,11.1684,0.0863813
,mobilenetv1_46,12.6526,0.042638
,mobilenetv1_1110,15.6478,0.113113
,mobilenetv1_803,9.93626,0.129508
,mobilenetv1_1758,14.3466,0.593105
,mobilenetv1_615,17.5426,0.0831653
,mobilenetv1_132,12.4509,0.0466025
,mobilenetv1_1116,14.908,0.0869476
,mobilenetv1_392,19.0565,0.045746
,mobilenetv1_367,14.5015,0.114101
,mobilenetv1_1608,17.4453,0.0682824
,mobilenetv1_816,12.6293,0.0331389
,mobilenetv1_342,16.0565,0.0849729
,mobilenetv1_1986,15.6259,0.127819
,mobilenetv1_1294,18.1992,0.1124
,mobilenetv1_942,14.0613,0.0595942
,mobilenetv1_1589,14.462,0.0693406
,mobilenetv1_609,21.0277,0.112465
,mobilenetv1_471,18.4332,0.0969856
,mobilenetv1_1709,13.4571,0.0538946
,mobilenetv1_979,17.6166,0.130913
,mobilenetv1_1586,7.73678,0.0749716
,mobilenetv1_1234,16.2246,0.0995341
,mobilenetv1_1157,15.8617,0.0424821
,mobilenetv1_47,14.1135,0.0499169
,mobilenetv1_200,13.7029,0.116123
,mobilenetv1_1024,10.2541,0.0763136
,mobilenetv1_597,20.489,0.121835
,mobilenetv1_1244,12.0852,0.119624
,mobilenetv1_1558,12.9597,0.0433908
,mobilenetv1_1139,14.4287,0.0898536
,mobilenetv1_702,17.7034,0.0381478
,mobilenetv1_1947,11.6031,0.0614469
,mobilenetv1_1022,22.6998,0.159797
,mobilenetv1_668,17.7752,0.077757
,mobilenetv1_903,17.1598,0.0337877
,mobilenetv1_452,13.0548,0.0922305
,mobilenetv1_1261,14.106,0.0724719
,mobilenetv1_1992,15.0226,0.0535604
,mobilenetv1_1422,23.4439,0.0694773
,mobilenetv1_380,11.5222,0.0732629
,mobilenetv1_1713,13.1734,0.0373837
,mobilenetv1_794,16.826,0.0853711
,mobilenetv1_977,20.361,0.134188
,mobilenetv1_1462,22.1997,0.10444
,mobilenetv1_76,20.214,0.157754
,mobilenetv1_1745,20.0659,0.10909
,mobilenetv1_266,19.2075,0.0872038
,mobilenetv1_1274,15.5288,0.189303
,mobilenetv1_560,11.6767,0.0547452
,mobilenetv1_29,12.3579,0.0418918
,mobilenetv1_51,11.727,0.0536789
,mobilenetv1_1363,14.957,0.0635395
,mobilenetv1_1319,13.2375,0.21858
,mobilenetv1_607,15.3786,0.105986
,mobilenetv1_1023,13.6108,0.0860015
,mobilenetv1_1925,13.5516,0.0992155
,mobilenetv1_445,10.8159,0.092029
,mobilenetv1_1102,22.2321,0.121516
,mobilenetv1_1546,18.4351,0.103579
,mobilenetv1_1638,11.2122,0.108168
,mobilenetv1_1174,12.7717,0.0455612
,mobilenetv1_822,12.0779,0.035773
,mobilenetv1_265,20.4257,0.0990953
,mobilenetv1_513,15.0466,0.0844164
,mobilenetv1_458,14.0215,0.0511147
,mobilenetv1_1712,20.9877,0.108955
,mobilenetv1_487,12.4475,0.080498
,mobilenetv1_284,16.3942,0.0877384
,mobilenetv1_418,14.6075,0.0474248
,mobilenetv1_1595,12.9899,0.096005
,mobilenetv1_1976,11.1398,0.111179
,mobilenetv1_1822,13.4262,0.0435845
,mobilenetv1_226,10.0603,0.0911322
,mobilenetv1_1381,12.2701,0.0377587
,mobilenetv1_1991,15.0126,0.0771707
,mobilenetv1_199,20.8521,0.220056
,mobilenetv1_581,16.7748,0.0888189
,mobilenetv1_1562,14.7351,0.0622827
,mobilenetv1_243,16.2208,0.101402
,mobilenetv1_196,18.5417,0.0988949
,mobilenetv1_1090,17.7878,0.127529
,mobilenetv1_1125,14.4971,0.147872
,mobilenetv1_1994,11.1241,0.0382076
,mobilenetv1_573,10.1761,0.0717568
,mobilenetv1_1436,16.0124,0.0373396
,mobilenetv1_314,10.3436,0.0479592
,mobilenetv1_447,16.8887,0.0525513
,mobilenetv1_1970,13.7998,0.115172
,mobilenetv1_912,18.6646,0.107612
,mobilenetv1_1093,19.7342,0.124437
,mobilenetv1_689,20.2302,0.0922926
,mobilenetv1_891,13.0866,0.0359804
,mobilenetv1_1720,13.5822,0.09545
,mobilenetv1_234,23.243,0.108063
,mobilenetv1_1521,16.9752,0.0903209
,mobilenetv1_515,14.9774,0.0569274
,mobilenetv1_954,21.1155,0.0814903
,mobilenetv1_1647,17.771,0.21001
,mobilenetv1_1459,12.0858,0.07475
,mobilenetv1_385,9.43165,0.0351242
,mobilenetv1_572,12.1666,0.0756641
,mobilenetv1_1666,13.3056,0.0947705
,mobilenetv1_1668,14.1606,0.0386548
,mobilenetv1_159,12.1628,0.0628757
,mobilenetv1_370,10.9921,0.0850226
,mobilenetv1_316,13.7372,0.0664602
,mobilenetv1_704,14.3983,0.0409258
,mobilenetv1_228,18.02,0.187662
,mobilenetv1_500,12.9244,0.09797
,mobilenetv1_1194,12.7646,0.159048
,mobilenetv1_366,14.2012,0.111276
,mobilenetv1_77,14.3676,0.0385788
,mobilenetv1_333,13.5302,0.047311
,mobilenetv1_623,19.1775,0.0541666
,mobilenetv1_1195,17.1144,0.0977159
,mobilenetv1_507,19.2252,0.0644245
,mobilenetv1_1637,14.086,0.0814183
,mobilenetv1_1350,12.8802,0.214041
,mobilenetv1_955,10.3777,0.0727597
,mobilenetv1_179,13.2788,0.0571044
,mobilenetv1_433,15.9843,0.0762343
,mobilenetv1_129,13.7419,0.0597548
,mobilenetv1_269,16.6794,0.134791
,mobilenetv1_1045,13.6226,0.0793737
,mobilenetv1_1658,17.201,0.0869008
,mobilenetv1_111,14.0829,0.0661213
,mobilenetv1_757,19.9059,0.165456
,mobilenetv1_510,22.1504,0.130155
,mobilenetv1_1940,15.8255,0.0545222
,mobilenetv1_346,16.4925,0.0612334
,mobilenetv1_716,14.2274,0.0970944
,mobilenetv1_802,21.3126,0.122994
,mobilenetv1_1975,10.6514,0.0366472
,mobilenetv1_509,18.9965,0.0833163
,mobilenetv1_1405,22.1276,0.115312
,mobilenetv1_585,16.8928,0.124587
,mobilenetv1_1566,11.9109,0.06768
,mobilenetv1_824,13.5253,0.100092
,mobilenetv1_1963,11.9265,0.13077
,mobilenetv1_937,22.4829,0.106628
,mobilenetv1_1995,19.181,0.130424
,mobilenetv1_1412,22.5067,0.152419
,mobilenetv1_679,12.4253,0.719436
,mobilenetv1_1398,11.9135,0.0897621
,mobilenetv1_1689,10.4784,0.0509591
,mobilenetv1_900,9.29789,0.0621524
,mobilenetv1_547,12.6373,0.0625973
,mobilenetv1_1623,20.458,0.0860284
,mobilenetv1_612,17.5215,0.0527322
,mobilenetv1_1632,11.8337,0.546686
,mobilenetv1_1154,22.1092,0.083716
,mobilenetv1_590,18.7247,0.0778191
,mobilenetv1_670,14.7588,0.0436567
,mobilenetv1_1096,13.0043,0.081373
,mobilenetv1_60,20.3299,0.115054
,mobilenetv1_295,15.3269,0.100374
,mobilenetv1_731,20.5117,0.10306
,mobilenetv1_1394,13.101,0.129767
,mobilenetv1_1584,16.6904,0.0422019
,mobilenetv1_595,14.012,0.177694
,mobilenetv1_1455,18.6789,0.116149
,mobilenetv1_1469,14.8636,0.0909899
,mobilenetv1_212,16.652,0.065682
,mobilenetv1_843,18.6151,0.116974
,mobilenetv1_540,13.8369,0.103097
,mobilenetv1_239,17.2085,0.0742234
,mobilenetv1_190,19.2961,0.0873024
,mobilenetv1_1601,19.9679,0.116792
,mobilenetv1_699,12.8171,0.385604
,mobilenetv1_741,14.0121,0.100123
,mobilenetv1_1296,10.3226,0.0741168
,mobilenetv1_1353,15.0025,0.119407
,mobilenetv1_224,14.3087,0.0710343
,mobilenetv1_953,14.4388,0.0513905
,mobilenetv1_1485,11.4356,0.538758
,mobilenetv1_1554,18.051,0.146742
,mobilenetv1_983,11.8815,0.0908129
,mobilenetv1_1860,15.1587,0.107737
,mobilenetv1_1753,14.8554,0.0724615
,mobilenetv1_279,14.5482,0.0656618
,mobilenetv1_814,17.9166,0.0708747
,mobilenetv1_55,18.9186,0.0808866
,mobilenetv1_1831,22.2145,0.0866404
,mobilenetv1_1827,12.9549,0.0369344
,mobilenetv1_798,13.0258,0.254777
,mobilenetv1_672,7.88884,0.0453699
,mobilenetv1_694,20.4735,0.0663522
,mobilenetv1_39,14.2648,0.033852
,mobilenetv1_57,17.3849,0.0775073
,mobilenetv1_1058,11.6959,0.0362649
,mobilenetv1_125,14.4129,0.461071
,mobilenetv1_1565,13.5162,0.410776
,mobilenetv1_1899,21.2219,0.0863468
,mobilenetv1_1843,20.6859,0.0354078
,mobilenetv1_49,21.8696,0.142888
,mobilenetv1_578,16.2013,0.094332
,mobilenetv1_1768,12.9296,0.105153
,mobilenetv1_1135,18.544,0.0769283
,mobilenetv1_603,23.5529,0.0673422
,mobilenetv1_246,16.5684,0.0949923
,mobilenetv1_550,17.0038,0.060188
,mobilenetv1_242,8.11984,0.0368312
,mobilenetv1_1149,15.2748,0.068525
,mobilenetv1_1973,17.3315,0.148907
,mobilenetv1_752,17.9535,0.0768516
,mobilenetv1_674,16.9509,0.0772206
,mobilenetv1_1531,17.7949,0.0760556
,mobilenetv1_1715,14.5128,0.0650356
,mobilenetv1_441,20.1336,0.134377
,mobilenetv1_1269,20.3818,0.223396
,mobilenetv1_142,16.78,0.101064
,mobilenetv1_971,13.4674,0.0973269
,mobilenetv1_1173,18.1449,0.0865039
,mobilenetv1_1399,9.06099,0.110536
,mobilenetv1_516,14.6018,0.0809743
,mobilenetv1_1358,15.4597,0.048491
,mobilenetv1_583,11.1542,0.0495643
,mobilenetv1_306,16.2575,0.0832204
,mobilenetv1_1205,17.0913,0.192091
,mobilenetv1_1969,15.5293,0.0897155
,mobilenetv1_1766,22.1318,0.218872
,mobilenetv1_1670,19.5052,0.0399475
,mobilenetv1_1419,10.0171,0.071627
,mobilenetv1_1965,17.5507,0.0934897
,mobilenetv1_201,14.8871,0.113216
,mobilenetv1_467,14.942,0.076325
,mobilenetv1_1337,19.4998,0.19063
,mobilenetv1_1871,8.79081,0.0526011
,mobilenetv1_1151,15.6461,0.0836009
,mobilenetv1_565,8.38715,0.333675
,mobilenetv1_529,10.9917,0.09014
,mobilenetv1_1866,13.2263,0.0502146
,mobilenetv1_148,16.911,0.0931791
,mobilenetv1_505,7.73206,0.1548
,mobilenetv1_514,12.8562,0.0568982
,mobilenetv1_632,13.0295,0.0659078
,mobilenetv1_345,11.2206,0.0304936
,mobilenetv1_425,18.4491,0.119413
,mobilenetv1_1011,14.2092,0.164369
,mobilenetv1_1705,13.5594,0.103167
,mobilenetv1_1052,10.086,0.219028
,mobilenetv1_1063,21.9463,0.139458
,mobilenetv1_1303,14.3562,0.0653732
,mobilenetv1_812,22.5782,0.120876
,mobilenetv1_241,14.1519,0.0908745
,mobilenetv1_1220,16.8652,0.129597
,mobilenetv1_1858,18.7214,0.0802065
,mobilenetv1_584,19.7996,0.117218
,mobilenetv1_1617,18.5724,0.0658767
,mobilenetv1_994,18.5997,0.101238
,mobilenetv1_1101,13.5832,0.112006
,mobilenetv1_250,19.586,0.0880338
,mobilenetv1_862,9.69638,0.056865
,mobilenetv1_28,15.9155,0.0773024
,mobilenetv1_1496,8.77949,0.0230187
,mobilenetv1_853,15.5928,0.0624109
,mobilenetv1_466,18.6664,0.145359
,mobilenetv1_1055,15.8829,0.130747
,mobilenetv1_1661,13.589,0.0548773
,mobilenetv1_424,13.6436,0.0824842
,mobilenetv1_405,12.798,0.157965
,mobilenetv1_1905,22.391,0.0587263
,mobilenetv1_1160,20.6028,0.0856222
,mobilenetv1_1290,14.4571,0.0506163
,mobilenetv1_1397,17.4419,0.0833286
,mobilenetv1_1510,16.5639,0.0601398
,mobilenetv1_760,15.1855,0.0339532
,mobilenetv1_1958,17.5744,0.128704
,mobilenetv1_1039,15.7538,0.597901
,mobilenetv1_1765,11.3443,0.0828771
,mobilenetv1_721,16.2026,0.0484279
,mobilenetv1_1555,13.102,0.105278
,mobilenetv1_1053,11.917,0.0685525
,mobilenetv1_586,15.1153,0.07848
,mobilenetv1_1382,13.6245,0.0753608
,mobilenetv1_652,16.3197,0.0876991
,mobilenetv1_65,18.6069,0.0729916
,mobilenetv1_271,20.5199,0.107888
,mobilenetv1_1587,14.8558,0.0581843
,mobilenetv1_767,16.1507,0.0557502
,mobilenetv1_450,20.7746,0.192011
,mobilenetv1_1243,13.2349,0.0989373
,mobilenetv1_1776,17.2203,0.117651
,mobilenetv1_982,12.2354,0.0990538
,mobilenetv1_432,11.2133,0.0281524
,mobilenetv1_123,13.8706,0.0574256
,mobilenetv1_449,16.752,0.102156
,mobilenetv1_606,13.003,0.0803017
,mobilenetv1_1425,13.8693,0.06359
,mobilenetv1_544,16.7907,0.114335
,mobilenetv1_1447,13.9908,0.0530272
,mobilenetv1_873,19.9385,0.108224
,mobilenetv1_537,13.8869,0.0786079
,mobilenetv1_545,12.6065,0.071702
,mobilenetv1_134,18.4987,0.0769533
,mobilenetv1_808,17.6559,0.13379
,mobilenetv1_834,24.5942,0.0990586
,mobilenetv1_72,12.686,0.0803352
,mobilenetv1_1445,9.78723,0.919455
,mobilenetv1_742,11.5737,0.0378496
,mobilenetv1_440,18.1856,0.120821
,mobilenetv1_1071,15.656,0.0916113
,mobilenetv1_287,17.9862,0.129674
,mobilenetv1_1307,14.8372,0.027783
,mobilenetv1_1218,15.0607,0.0341385
,mobilenetv1_1325,17.2072,0.0543377
,mobilenetv1_436,15.3799,0.0439422
,mobilenetv1_174,12.5423,0.109862
,mobilenetv1_1522,12.5817,0.110938
,mobilenetv1_701,15.2753,0.0351223
,mobilenetv1_1560,13.3361,0.458457
,mobilenetv1_358,15.6789,0.068836
,mobilenetv1_639,15.197,0.106823
,mobilenetv1_1072,13.9763,0.121891
,mobilenetv1_1066,14.7271,0.0499514
,mobilenetv1_905,21.4159,0.116945
,mobilenetv1_1427,14.1856,0.0862406
,mobilenetv1_1291,9.44917,0.0613553
,mobilenetv1_1633,12.1587,0.265071
,mobilenetv1_202,15.0373,0.0582902
,mobilenetv1_404,16.3476,0.0392484
,mobilenetv1_504,12.2581,0.0834724
,mobilenetv1_54,15.0523,0.0943597
,mobilenetv1_788,20.3572,0.0782756
,mobilenetv1_1444,11.0276,0.0780173
,mobilenetv1_1777,14.7895,0.062007
,mobilenetv1_490,11.7793,0.092561
,mobilenetv1_1300,13.3499,0.306078
,mobilenetv1_602,21.4691,0.0991764
,mobilenetv1_1236,14.3082,0.221157
,mobilenetv1_1902,10.0622,0.211186
,mobilenetv1_1978,16.6603,0.11594
,mobilenetv1_354,15.2723,0.0631104
,mobilenetv1_870,14.3519,0.0564744
,mobilenetv1_163,18.5468,0.116284
,mobilenetv1_1450,12.5382,0.0408176
,mobilenetv1_1473,14.9113,0.128216
,mobilenetv1_1111,19.4274,0.111206
,mobilenetv1_1852,13.4713,0.114104
,mobilenetv1_1500,16.0582,0.0653758
,mobilenetv1_1193,13.7153,0.0823734
,mobilenetv1_1385,22.3023,0.115504
,mobilenetv1_807,19.8732,0.0845646
,mobilenetv1_705,19.48,0.0581903
,mobilenetv1_17,18.3385,0.0725865
,mobilenetv1_194,12.2484,0.0482025
,mobilenetv1_1923,13.1263,0.15676
,mobilenetv1_388,11.4023,0.0655394
,mobilenetv1_1027,14.6834,0.0616107
,mobilenetv1_542,17.0767,0.076863
,mobilenetv1_1989,17.434,0.0932994
,mobilenetv1_520,15.2924,0.113781
,mobilenetv1_1620,13.8928,0.456157
,mobilenetv1_1,12.9065,0.115327
,mobilenetv1_387,14.0217,0.0501134
,mobilenetv1_1259,12.4269,0.100053
,mobilenetv1_1310,15.0902,0.0814614
,mobilenetv1_1167,14.4281,0.110207
,mobilenetv1_792,11.6511,0.0581158
,mobilenetv1_796,14.4194,0.0900383
,mobilenetv1_96,13.3953,0.081221
,mobilenetv1_496,14.3726,0.0428463
,mobilenetv1_249,14.897,0.115319
,mobilenetv1_1389,17.0946,0.121174
,mobilenetv1_1275,16.3197,0.114267
,mobilenetv1_1032,21.9037,0.138736
,mobilenetv1_198,14.26,0.0434038
,mobilenetv1_1816,15.1859,0.0730703
,mobilenetv1_1335,12.9536,0.0401607
,mobilenetv1_718,14.0176,0.0830256
,mobilenetv1_895,18.9685,0.109429
,mobilenetv1_1576,8.77069,0.267457
,mobilenetv1_588,14.4713,0.0738476
,mobilenetv1_493,14.3501,0.111447
,mobilenetv1_963,15.7382,0.0657967
,mobilenetv1_1507,11.6624,0.040712
,mobilenetv1_235,15.0616,0.22185
,mobilenetv1_976,11.0321,0.171904
,mobilenetv1_1213,9.58212,0.0799041
,mobilenetv1_1780,10.7896,0.101747
,mobilenetv1_1384,15.202,0.0719452
,mobilenetv1_1406,22.1622,0.100889
,mobilenetv1_386,15.9527,0.110147
,mobilenetv1_63,14.1516,0.065259
,mobilenetv1_1320,18.5923,0.0977995
,mobilenetv1_850,14.588,0.0974855
,mobilenetv1_877,12.3905,0.0378949
,mobilenetv1_381,23.1239,0.178843
,mobilenetv1_992,17.8654,0.087449
,mobilenetv1_653,13.4744,0.0636716
,mobilenetv1_593,17.0114,0.19724
,mobilenetv1_823,14.0797,0.0805025
,mobilenetv1_667,16.099,0.0490623
,mobilenetv1_1707,13.0837,0.0420499
,mobilenetv1_3,10.0595,0.144632
,mobilenetv1_1323,9.76993,0.0252981
,mobilenetv1_1481,16.4535,0.166512
,mobilenetv1_1103,11.5461,0.0503471
,mobilenetv1_1941,19.383,0.0954982
,mobilenetv1_1375,16.5303,0.105018
,mobilenetv1_1718,11.7291,0.0554656
,mobilenetv1_1622,13.3026,0.151326
,mobilenetv1_1626,13.5696,0.326791
,mobilenetv1_1932,18.9827,0.0837766
,mobilenetv1_1118,21.9073,0.272914
,mobilenetv1_784,12.9801,0.0605453
,mobilenetv1_313,10.5947,0.0638372
,mobilenetv1_215,15.2119,0.042958
,mobilenetv1_1229,19.2527,0.070553
,mobilenetv1_548,15.547,0.0830141
,mobilenetv1_429,11.0748,0.0658612
,mobilenetv1_1580,14.7612,0.0766987
,mobilenetv1_981,16.6546,0.0611719
,mobilenetv1_1519,8.15635,0.0465656
,mobilenetv1_204,14.867,0.0718988
,mobilenetv1_707,12.8455,0.033864
,mobilenetv1_1773,15.0114,0.0782162
,mobilenetv1_1849,18.171,0.100095
,mobilenetv1_1813,15.4006,0.100567
,mobilenetv1_494,15.2341,0.092309
,mobilenetv1_1499,12.8526,0.0508379
,mobilenetv1_1329,14.0752,0.0544999
,mobilenetv1_497,17.6488,0.0815433
,mobilenetv1_855,18.8639,0.0815555
,mobilenetv1_1526,16.4677,0.0836273
,mobilenetv1_1979,15.9623,0.0941459
,mobilenetv1_1210,16.7639,0.138489
,mobilenetv1_856,15.2419,0.113242
,mobilenetv1_911,16.0841,0.0569696
,mobilenetv1_402,21.6019,0.0750835
,mobilenetv1_695,18.518,0.0712273
,mobilenetv1_1752,12.4244,0.0970054
,mobilenetv1_1868,17.9583,0.0941955
,mobilenetv1_173,13.9606,0.0328903
,mobilenetv1_1202,11.6029,0.0744679
,mobilenetv1_1267,14.9539,0.332255
,mobilenetv1_1657,23.0851,0.113379
,mobilenetv1_1036,14.3693,0.143214
,mobilenetv1_1433,15.1063,0.796216
,mobilenetv1_555,15.3408,0.0418763
,mobilenetv1_1559,15.2744,0.775048
,mobilenetv1_1593,10.2497,0.0499366
,mobilenetv1_99,17.4063,0.0838983
,mobilenetv1_1062,13.7418,0.0658371
,mobilenetv1_1556,15.7677,0.123973
,mobilenetv1_1349,10.5765,0.336393
,mobilenetv1_1936,19.9955,0.121794
,mobilenetv1_1671,10.4332,0.0432738
,mobilenetv1_1070,18.3331,0.0811399
,mobilenetv1_1298,11.7978,0.10011
,mobilenetv1_503,11.03,0.0434241
,mobilenetv1_1188,16.498,0.0661054
,mobilenetv1_272,19.82,0.107292
,mobilenetv1_909,21.8316,0.118236
,mobilenetv1_1266,19.4124,0.0650125
,mobilenetv1_1575,14.4944,0.100826
,mobilenetv1_901,14.3147,0.105363
,mobilenetv1_865,14.8798,0.100479
,mobilenetv1_1917,16.506,0.0779649
,mobilenetv1_302,13.2111,0.161861
,mobilenetv1_1791,21.518,0.0812154
,mobilenetv1_758,15.8697,0.10114
,mobilenetv1_549,15.0438,0.132293
,mobilenetv1_1547,12.695,0.0843609
,mobilenetv1_1781,19.6566,0.0699469
,mobilenetv1_229,16.1322,0.630624
,mobilenetv1_37,21.9292,0.0889812
,mobilenetv1_1068,11.7691,0.207066
,mobilenetv1_1343,12.218,0.0806819
,mobilenetv1_368,10.33,0.0487697
,mobilenetv1_1985,20.7614,0.0688807
,mobilenetv1_820,12.7648,0.0692214
,mobilenetv1_1599,21.1275,0.0906006
,mobilenetv1_943,16.5254,0.106143
,mobilenetv1_1156,20.3599,0.0555126
,mobilenetv1_1217,15.6288,0.105312
,mobilenetv1_210,15.3285,0.12502
,mobilenetv1_145,16.2544,0.140975
,mobilenetv1_996,16.7124,0.946728
,mobilenetv1_24,13.6776,0.0594053
,mobilenetv1_577,16.6659,0.0548449
,mobilenetv1_1747,15.2846,0.0764693
,mobilenetv1_98,21.9592,0.134286
,mobilenetv1_389,14.7745,0.04095
,mobilenetv1_1897,18.5719,0.080219
,mobilenetv1_1324,13.9753,0.0844009
,mobilenetv1_1672,16.8336,0.163262
,mobilenetv1_1911,11.1192,0.0540333
,mobilenetv1_1465,18.7404,0.0943194
,mobilenetv1_1552,14.8388,0.0940728
,mobilenetv1_1523,14.4338,0.0818042
,mobilenetv1_1717,18.6592,0.17826
,mobilenetv1_806,21.4938,0.202452
,mobilenetv1_1616,11.7017,0.0502796
,mobilenetv1_1983,12.3672,0.0833651
,mobilenetv1_103,15.2569,0.0800416
,mobilenetv1_1952,14.4424,0.117453
,mobilenetv1_605,17.4288,0.0791424
,mobilenetv1_1404,11.6687,0.0556835
,mobilenetv1_1356,15.3613,0.0970489
,mobilenetv1_892,9.46028,0.0748362
,mobilenetv1_660,18.6613,0.0870547
,mobilenetv1_35,13.9215,0.101843
,mobilenetv1_1863,19.9998,0.114275
,mobilenetv1_1756,16.8566,0.158247
,mobilenetv1_1484,13.396,0.0667319
,mobilenetv1_1735,14.0787,0.15481
,mobilenetv1_1152,13.8773,0.0549938
,mobilenetv1_41,14.0709,0.0401765
,mobilenetv1_1064,14.8181,0.0769897
,mobilenetv1_1980,10.8127,0.0306422
,mobilenetv1_218,19.3098,0.1194
,mobilenetv1_1802,16.6427,0.0932406
,mobilenetv1_156,11.7015,0.0819532
,mobilenetv1_1012,13.9446,0.153055
,mobilenetv1_428,18.0185,0.122529
,mobilenetv1_654,17.2126,0.124816
,mobilenetv1_472,17.0377,0.0755928
,mobilenetv1_1289,14.3,0.384224
,mobilenetv1_1476,16.6688,0.0863098
,mobilenetv1_1288,15.1425,0.16402
,mobilenetv1_80,18.0806,0.119296
,mobilenetv1_1786,11.3546,0.0759879
,mobilenetv1_960,11.7418,0.0384203
,mobilenetv1_1246,13.4392,0.341888
,mobilenetv1_286,17.2003,0.056434
,mobilenetv1_1984,11.9711,0.0573553
,mobilenetv1_1944,19.7014,0.0941144
,mobilenetv1_1299,17.5256,0.145889
,mobilenetv1_759,13.5519,0.0666995
,mobilenetv1_36,12.2241,0.375032
,mobilenetv1_1853,15.6073,0.0775315
,mobilenetv1_1197,11.8766,0.169767
,mobilenetv1_839,23.7437,0.45127
,mobilenetv1_105,21.6967,0.0974341
,mobilenetv1_1342,20.8922,0.117059
,mobilenetv1_1569,12.3234,0.129307
,mobilenetv1_1912,12.8987,0.0656591
,mobilenetv1_1542,12.8244,0.0753425
,mobilenetv1_463,23.3244,0.080075
,mobilenetv1_1803,22.326,0.12182
,mobilenetv1_897,21.1955,0.064352
,mobilenetv1_875,12.4127,0.111248
,mobilenetv1_1710,13.3012,0.0321176
,mobilenetv1_922,13.4423,0.119035
,mobilenetv1_1369,17.1737,0.0816132
,mobilenetv1_559,11.5215,0.0349444
,mobilenetv1_1972,12.8138,0.0725819
,mobilenetv1_426,12.0182,0.0559134
,mobilenetv1_339,13.8611,0.0988037
,mobilenetv1_810,11.6306,0.092757
,mobilenetv1_309,16.822,0.0676365
,mobilenetv1_251,9.81902,0.0431754
,mobilenetv1_1704,16.2072,0.14422
,mobilenetv1_92,22.3558,0.19345
,mobilenetv1_1578,7.6605,0.0567767
,mobilenetv1_150,12.0772,0.0827997
,mobilenetv1_1002,17.1229,0.108082
,mobilenetv1_1255,13.7003,0.130635
,mobilenetv1_350,10.7628,0.0786285
,mobilenetv1_1176,22.6717,0.142753
,mobilenetv1_556,12.4581,0.0323091
,mobilenetv1_108,16.8547,0.0842581
,mobilenetv1_1520,18.7131,0.06816
,mobilenetv1_1345,17.4243,0.0630613
,mobilenetv1_1015,13.2152,0.0839687
,mobilenetv1_1105,12.0094,0.0628197
,mobilenetv1_462,15.5629,0.0863765
,mobilenetv1_1833,15.6863,0.0589939
,mobilenetv1_1388,12.888,0.0405892
,mobilenetv1_1725,15.567,0.0983185
,mobilenetv1_75,20.2591,0.0656931
,mobilenetv1_1084,10.5876,0.0709232
,mobilenetv1_1280,12.5248,0.485585
,mobilenetv1_1423,15.3721,0.0908038
,mobilenetv1_1943,13.3697,0.0981938
,mobilenetv1_1365,14.659,0.178617
,mobilenetv1_805,17.6331,0.17967
,mobilenetv1_1836,16.9398,0.0686824
,mobilenetv1_1214,17.9184,0.0596386
,mobilenetv1_1035,15.6597,0.153613
,mobilenetv1_532,15.8542,0.0664366
,mobilenetv1_1019,12.1141,0.102113
,mobilenetv1_102,19.8567,0.0686537
,mobilenetv1_809,18.4724,0.303242
,mobilenetv1_1169,11.8111,0.0383265
,mobilenetv1_1133,13.3828,0.0852263
,mobilenetv1_1159,14.4612,0.139306
,mobilenetv1_1239,15.8705,0.0605153
,mobilenetv1_1692,13.5165,0.0554823
,mobilenetv1_1511,15.2555,0.129881
,mobilenetv1_1286,9.75535,0.30716
,mobilenetv1_117,20.3546,0.0722416
,mobilenetv1_1953,24.8606,0.103073
,mobilenetv1_698,9.42652,0.0639901
,mobilenetv1_94,18.5955,0.0967115
,mobilenetv1_491,20.403,0.093494
,mobilenetv1_88,14.5163,0.0591115
,mobilenetv1_282,13.0048,0.112435
,mobilenetv1_1492,19.073,0.103062
,mobilenetv1_1313,14.3314,0.0752803
,mobilenetv1_907,15.7994,0.080443
,mobilenetv1_1502,21.1023,0.118021
,mobilenetv1_888,20.6587,0.0886365
,mobilenetv1_1918,11.3674,0.106399
,mobilenetv1_720,15.8911,0.110964
,mobilenetv1_1050,10.7603,0.0869161
,mobilenetv1_780,10.3993,0.0557502
,mobilenetv1_1364,15.1016,0.0436508
,mobilenetv1_1031,15.0037,0.0927876
,mobilenetv1_162,22.417,0.0979762
,mobilenetv1_435,11.483,0.0757423
,mobilenetv1_1483,16.0188,0.115481
,mobilenetv1_1079,12.4916,0.130552
,mobilenetv1_95,8.4813,0.0800931
,mobilenetv1_1026,14.0371,0.0991859
,mobilenetv1_787,15.0039,0.0438162
,mobilenetv1_1919,15.7967,0.0594476
,mobilenetv1_1977,14.5829,0.140729
,mobilenetv1_107,17.0242,0.15083
,mobilenetv1_673,15.5939,0.113782
,mobilenetv1_495,15.8944,0.0807245
,mobilenetv1_1913,14.358,0.0571235
,mobilenetv1_1653,13.9566,0.168423
,mobilenetv1_1933,18.8369,0.0569701
,mobilenetv1_883,20.37,0.181981
,mobilenetv1_178,15.0654,0.0877496
,mobilenetv1_219,14.9662,0.120101
,mobilenetv1_1644,17.9158,0.111675
,mobilenetv1_1876,22.9926,0.069979
,mobilenetv1_498,15.2114,0.0520829
,mobilenetv1_852,19.2777,0.189669
,mobilenetv1_576,13.9414,0.192814
,mobilenetv1_756,15.4354,0.0842393
,mobilenetv1_842,15.6084,0.081476
,mobilenetv1_305,12.0735,1.02552
,mobilenetv1_197,19.5509,0.103891
,mobilenetv1_641,14.3846,0.0458335
,mobilenetv1_1198,17.0836,0.214958
,mobilenetv1_830,14.0051,0.0512175
,mobilenetv1_1533,19.7542,0.0922357
,mobilenetv1_1625,10.9572,0.0359661
,mobilenetv1_1762,14.7732,0.0627254
,mobilenetv1_1656,11.4929,0.0797383
,mobilenetv1_535,22.4051,0.111739
,mobilenetv1_1172,15.2144,0.0777663
,mobilenetv1_154,17.0029,0.0997955
,mobilenetv1_1134,17.6034,0.0506202
,mobilenetv1_833,13.57,0.0563689
,mobilenetv1_1460,7.64895,0.0845303
,mobilenetv1_1667,17.9137,0.0529412
,mobilenetv1_1538,13.4623,0.107203
,mobilenetv1_1907,12.6128,0.0602386
,mobilenetv1_22,11.1539,1.02712
,mobilenetv1_38,11.7984,0.0811077
,mobilenetv1_1401,8.22693,0.0268422
,mobilenetv1_920,13.6214,0.0466248
,mobilenetv1_1440,10.9133,0.22783
,mobilenetv1_773,12.8795,0.0584712
,mobilenetv1_1097,12.619,0.0493243
,mobilenetv1_1439,17.2156,0.132104
,mobilenetv1_985,18.3648,0.121071
,mobilenetv1_1181,17.4967,0.0731926
,mobilenetv1_1708,22.5309,0.098818
,mobilenetv1_1548,17.3186,0.0800906
,mobilenetv1_42,20.6192,0.187019
,mobilenetv1_492,17.2583,0.0788721
,mobilenetv1_1262,18.6903,0.0389159
,mobilenetv1_1143,21.536,0.10564
,mobilenetv1_1271,11.8042,0.0677509
,mobilenetv1_732,17.3125,0.129188
,mobilenetv1_664,9.26196,0.0898841
,mobilenetv1_1763,15.1208,0.0616214
,mobilenetv1_456,22.3961,0.10747
,mobilenetv1_1225,15.1376,0.114095
,mobilenetv1_776,13.4222,0.0729804
,mobilenetv1_182,15.2637,0.097929
,mobilenetv1_1818,8.43749,0.0601023
,mobilenetv1_896,11.7169,0.0465391
,mobilenetv1_558,17.9558,0.0987062
,mobilenetv1_1315,11.1303,0.0751104
,mobilenetv1_1881,19.1767,0.0908676
,mobilenetv1_1428,19.6244,0.150396
,mobilenetv1_1697,15.4757,0.0757647
,mobilenetv1_1515,14.9048,0.0577655
,mobilenetv1_112,17.7544,0.133366
,mobilenetv1_1317,15.7067,0.0708002
,mobilenetv1_488,18.4684,0.0625714
,mobilenetv1_613,19.7084,0.176479
,mobilenetv1_348,14.4253,0.0985002
,mobilenetv1_240,15.569,0.116492
,mobilenetv1_1136,15.2334,0.171256
,mobilenetv1_1014,18.6858,0.0679115
,mobilenetv1_1359,12.444,0.122125
,mobilenetv1_526,14.5627,0.0499947
,mobilenetv1_1545,13.804,0.0704434
,mobilenetv1_1870,17.096,0.0682221
,mobilenetv1_291,16.3383,0.0728332
,mobilenetv1_531,15.7443,0.102327
,mobilenetv1_1624,9.95322,0.0452868
,mobilenetv1_813,11.2173,0.0643891
,mobilenetv1_434,12.885,0.0586455
,mobilenetv1_1742,18.2742,0.0903051
,mobilenetv1_1270,15.9289,0.0546261
,mobilenetv1_743,23.6918,0.127036
,mobilenetv1_476,11.973,0.023772
,mobilenetv1_308,16.3656,0.0989572
,mobilenetv1_1150,22.358,0.0997862
,mobilenetv1_359,15.392,0.0810459
,mobilenetv1_858,11.6134,0.282875
,mobilenetv1_844,8.37333,0.0907638
,mobilenetv1_1577,14.1857,0.156628
,mobilenetv1_1166,10.4284,0.070314
,mobilenetv1_1158,13.0467,0.0692234
,mobilenetv1_1468,13.219,0.0365158
,mobilenetv1_338,14.9259,0.0600396
,mobilenetv1_947,10.0461,0.105235
,mobilenetv1_1665,9.70487,0.0500269
,mobilenetv1_71,17.7528,0.0872918
,mobilenetv1_1830,13.1971,0.0437766
,mobilenetv1_1347,11.3099,0.136747
,mobilenetv1_1043,14.5972,0.0546898
,mobilenetv1_919,15.9663,0.0940874
,mobilenetv1_1570,12.0523,0.0442824
,mobilenetv1_656,12.5486,0.096559
,mobilenetv1_413,22.4057,0.0479486
,mobilenetv1_927,14.2363,0.0971653
,mobilenetv1_1942,16.7024,0.059809
,mobilenetv1_1021,15.7356,0.0862828
,mobilenetv1_1177,15.5553,0.090902
,mobilenetv1_1808,12.7391,0.100901
,mobilenetv1_934,18.307,0.0907894
,mobilenetv1_1613,14.1735,0.0775081
,mobilenetv1_1237,14.3292,0.0811876
,mobilenetv1_1458,17.926,0.0903516
,mobilenetv1_655,17.9713,0.111389
,mobilenetv1_775,15.3775,0.155393
,mobilenetv1_1495,19.7906,0.0639349
,mobilenetv1_1729,16.6248,0.0995631
,mobilenetv1_1414,15.5209,0.0722769
,mobilenetv1_110,9.76915,0.043727
,mobilenetv1_1279,15.7525,0.100156
,mobilenetv1_1967,16.7365,0.0515315
,mobilenetv1_2,12.2383,0.0727731
,mobilenetv1_925,10.8469,0.169488
,mobilenetv1_400,19.8891,0.146455
,mobilenetv1_946,16.4005,0.0652697
,mobilenetv1_73,18.3258,0.0864575
,mobilenetv1_324,18.9769,0.346211
,mobilenetv1_1806,15.937,0.0566112
,mobilenetv1_868,15.3872,0.0809198
,mobilenetv1_1716,17.4201,0.0872531
,mobilenetv1_980,16.2853,0.122222
,mobilenetv1_1372,16.8819,0.0468434
,mobilenetv1_119,24.1185,0.198885
,mobilenetv1_1238,10.7545,0.147461
,mobilenetv1_936,21.051,0.0814708
,mobilenetv1_1840,11.5295,0.0816124
,mobilenetv1_398,9.62733,0.270297
,mobilenetv1_686,16.7976,0.0584015
,mobilenetv1_1639,6.23856,0.0325153
,mobilenetv1_746,17.4414,0.112099
,mobilenetv1_857,16.6973,0.0361781
,mobilenetv1_32,10.0124,0.166001
,mobilenetv1_847,11.902,0.0912118
,mobilenetv1_454,8.17246,0.0550653
,mobilenetv1_596,9.38403,0.040906
,mobilenetv1_1878,13.5211,0.107442
,mobilenetv1_1684,11.6199,0.0306096
,mobilenetv1_999,15.1505,0.138952
