,proxylessnas_314,19.8332,0.0478465
,proxylessnas_1321,23.1943,0.208858
,proxylessnas_1177,24.371,0.147026
,proxylessnas_1148,12.9457,0.031123
,proxylessnas_243,19.0061,0.031149
,proxylessnas_151,20.3374,0.081729
,proxylessnas_1534,22.1833,0.0684178
,proxylessnas_1676,19.5666,0.0885731
,proxylessnas_1695,22.2531,0.154584
,proxylessnas_331,17.7537,0.0200621
,proxylessnas_623,12.4627,0.268429
,proxylessnas_1422,19.551,0.131887
,proxylessnas_1063,14.1537,0.0502869
,proxylessnas_587,13.5926,0.0350125
,proxylessnas_1834,20.5637,0.529077
,proxylessnas_1448,24.1187,0.12207
,proxylessnas_1230,19.0704,0.046683
,proxylessnas_1489,23.2592,0.109341
,proxylessnas_360,20.2634,0.0781362
,proxylessnas_986,18.7588,0.121015
,proxylessnas_1109,15.7634,0.176441
,proxylessnas_1811,19.5845,0.156857
,proxylessnas_41,26.557,0.12494
,proxylessnas_123,19.8189,1.48789
,proxylessnas_1749,26.1938,0.0552796
,proxylessnas_72,24.6725,0.0506766
,proxylessnas_236,16.0355,0.138053
,proxylessnas_1478,30.0436,0.0815482
,proxylessnas_689,18.8863,0.0577015
,proxylessnas_1801,18.2498,0.043725
,proxylessnas_1940,21.055,0.164323
,proxylessnas_34,22.4438,0.164041
,proxylessnas_1266,14.0333,0.310787
,proxylessnas_1736,13.8198,0.464242
,proxylessnas_1576,25.3381,0.0453967
,proxylessnas_747,16.6006,0.0932408
,proxylessnas_959,19.9508,0.133962
,proxylessnas_1624,19.3681,1.64814
,proxylessnas_1653,15.1627,0.027242
,proxylessnas_1933,24.2218,0.455088
,proxylessnas_593,21.8203,0.149905
,proxylessnas_179,23.3213,0.0433173
,proxylessnas_971,15.9899,0.13459
,proxylessnas_379,19.0842,0.908538
,proxylessnas_1773,22.7813,0.0571705
,proxylessnas_1945,20.3939,0.17869
,proxylessnas_549,19.9978,0.0329761
,proxylessnas_643,16.1501,0.121936
,proxylessnas_1962,22.7523,0.0918071
,proxylessnas_887,25.9049,0.181636
,proxylessnas_1770,15.8568,0.0484425
,proxylessnas_1362,16.697,0.0500283
,proxylessnas_1795,17.4715,0.126155
,proxylessnas_1673,29.1823,0.0777665
,proxylessnas_1553,22.1644,0.0942929
,proxylessnas_1322,16.8557,0.0532125
,proxylessnas_96,16.4017,0.0172302
,proxylessnas_956,18.5819,0.118294
,proxylessnas_804,20.3035,0.124547
,proxylessnas_1452,22.8677,0.0657626
,proxylessnas_916,12.045,0.021642
,proxylessnas_540,21.0353,0.155361
,proxylessnas_1623,27.0793,0.0880505
,proxylessnas_624,25.029,0.0328635
,proxylessnas_1363,17.8864,0.411152
,proxylessnas_815,18.2077,0.112231
,proxylessnas_807,17.3746,0.0446609
,proxylessnas_161,20.3884,0.22146
,proxylessnas_121,22.842,0.0855921
,proxylessnas_1732,11.7884,1.90445
,proxylessnas_1784,20.2869,0.0571955
,proxylessnas_997,26.0661,0.0479211
,proxylessnas_499,21.4642,0.091145
,proxylessnas_1064,17.5274,0.098129
,proxylessnas_1455,14.5191,0.0459261
,proxylessnas_1625,14.8586,0.143784
,proxylessnas_1238,22.9929,0.0949126
,proxylessnas_468,27.0776,0.165089
,proxylessnas_917,19.1696,0.0433349
,proxylessnas_675,17.9924,0.178758
,proxylessnas_844,12.5079,0.0761842
,proxylessnas_491,14.7232,0.638193
,proxylessnas_1427,13.8948,0.0214486
,proxylessnas_573,24.8164,0.135957
,proxylessnas_1989,12.8214,0.068892
,proxylessnas_392,16.0282,0.101956
,proxylessnas_159,23.2959,0.0498064
,proxylessnas_1105,23.3168,0.103975
,proxylessnas_45,17.3062,0.0378658
,proxylessnas_1612,18.5621,0.12949
,proxylessnas_851,14.0509,0.0352096
,proxylessnas_218,19.7074,0.0173284
,proxylessnas_1527,22.847,0.107688
,proxylessnas_463,13.5416,0.41541
,proxylessnas_75,25.5799,0.0743219
,proxylessnas_436,19.6514,0.373415
,proxylessnas_552,19.7063,0.114331
,proxylessnas_69,14.1258,0.0442192
,proxylessnas_1307,20.0211,0.0562397
,proxylessnas_884,25.5512,0.339306
,proxylessnas_772,14.6279,0.0359698
,proxylessnas_563,20.2963,0.0425942
,proxylessnas_1352,23.3363,0.100463
,proxylessnas_1944,26.4516,0.324544
,proxylessnas_188,12.8909,0.0478268
,proxylessnas_444,19.3082,0.0384488
,proxylessnas_604,19.7936,0.0987219
,proxylessnas_1714,23.552,0.102714
,proxylessnas_830,14.2797,1.57915
,proxylessnas_144,20.5136,0.175772
,proxylessnas_867,21.0998,0.066941
,proxylessnas_369,26.9164,0.233144
,proxylessnas_1738,21.3904,0.0405162
,proxylessnas_1315,19.9776,0.0403287
,proxylessnas_891,18.6189,0.0989952
,proxylessnas_942,27.9302,0.168445
,proxylessnas_124,22.6938,0.0903281
,proxylessnas_128,26.8799,0.102833
,proxylessnas_1889,15.9952,0.0785161
,proxylessnas_1737,24.5302,0.372559
,proxylessnas_1914,22.529,0.036427
,proxylessnas_978,25.935,0.0641485
,proxylessnas_127,20.3448,0.0682491
,proxylessnas_1276,13.6962,0.0467101
,proxylessnas_377,21.5766,0.159186
,proxylessnas_1267,17.7748,0.0383873
,proxylessnas_696,20.5479,0.0835514
,proxylessnas_1805,17.1538,0.264818
,proxylessnas_472,20.7739,0.13032
,proxylessnas_1285,20.4948,0.146118
,proxylessnas_361,22.0492,0.541303
,proxylessnas_633,21.3183,0.222004
,proxylessnas_575,21.1164,0.129247
,proxylessnas_952,13.785,0.017784
,proxylessnas_762,15.0858,0.0592866
,proxylessnas_1846,18.0305,0.136823
,proxylessnas_1537,18.52,0.0772172
,proxylessnas_795,17.2496,0.100581
,proxylessnas_957,21.9025,0.049
,proxylessnas_1169,20.5532,0.0641589
,proxylessnas_1607,25.4904,0.207273
,proxylessnas_1613,15.455,0.0379731
,proxylessnas_1170,21.9359,0.167761
,proxylessnas_1691,25.9409,0.100684
,proxylessnas_995,29.6876,0.152795
,proxylessnas_860,22.4876,0.0660926
,proxylessnas_1385,17.9786,0.101501
,proxylessnas_1103,11.4713,0.0207922
,proxylessnas_1436,14.3531,0.820416
,proxylessnas_647,18.2314,0.0300465
,proxylessnas_1156,22.6423,0.0879382
,proxylessnas_1662,18.6851,0.19786
,proxylessnas_1910,22.4201,0.109147
,proxylessnas_578,9.09223,0.0354641
,proxylessnas_1769,20.5935,0.216659
,proxylessnas_1836,23.7476,0.0966146
,proxylessnas_1507,20.6587,0.192161
,proxylessnas_429,15.7617,1.14333
,proxylessnas_536,30.3785,0.162682
,proxylessnas_394,15.8207,0.0423293
,proxylessnas_178,28.5276,0.121401
,proxylessnas_627,17.7053,0.0414786
,proxylessnas_1890,29.123,0.181177
,proxylessnas_60,26.8837,0.200092
,proxylessnas_129,21.166,0.0401607
,proxylessnas_21,15.6641,0.0389186
,proxylessnas_886,17.0367,0.0443975
,proxylessnas_1133,16.4556,0.0669629
,proxylessnas_671,17.0354,0.18636
,proxylessnas_1810,13.8467,0.508194
,proxylessnas_1132,9.6595,0.830656
,proxylessnas_553,18.3738,0.155124
,proxylessnas_421,13.9523,0.581232
,proxylessnas_1845,11.0103,1.65065
,proxylessnas_1413,21.0069,0.178645
,proxylessnas_598,17.5337,0.0763841
,proxylessnas_1633,16.0721,0.0518705
,proxylessnas_1043,28.8756,0.335808
,proxylessnas_59,22.462,0.0323093
,proxylessnas_905,24.6507,0.160929
,proxylessnas_1584,20.9374,0.111417
,proxylessnas_1196,22.9614,0.0779458
,proxylessnas_453,22.9399,0.0332866
,proxylessnas_339,15.0933,0.0323435
,proxylessnas_1199,19.3013,0.0736568
,proxylessnas_1409,21.2924,0.0566598
,proxylessnas_1097,13.338,0.0520489
,proxylessnas_1898,21.7354,0.0410548
,proxylessnas_1318,16.4754,0.0876872
,proxylessnas_940,21.4921,0.15909
,proxylessnas_511,14.9654,0.393907
,proxylessnas_538,24.5185,0.120491
,proxylessnas_947,15.9731,0.0729374
,proxylessnas_965,13.7835,0.129104
,proxylessnas_1999,24.3737,0.147036
,proxylessnas_789,22.8877,0.0607171
,proxylessnas_823,17.3378,0.0424489
,proxylessnas_114,20.6598,0.0828678
,proxylessnas_366,24.7078,0.13636
,proxylessnas_1386,13.9111,0.0912047
,proxylessnas_1296,31.6939,0.273434
,proxylessnas_714,24.5905,0.133823
,proxylessnas_811,18.0063,0.0582815
,proxylessnas_1248,23.2705,0.304971
,proxylessnas_1071,18.4646,0.0557372
,proxylessnas_1867,21.8579,0.394351
,proxylessnas_439,27.8577,0.0460898
,proxylessnas_150,16.5157,0.0811726
,proxylessnas_1557,16.4872,0.059545
,proxylessnas_1960,24.2153,0.0766078
,proxylessnas_984,17.6203,0.0296631
,proxylessnas_678,21.8391,0.0280743
,proxylessnas_568,13.5094,0.046409
,proxylessnas_338,15.8751,0.0264397
,proxylessnas_661,28.8965,0.0865579
,proxylessnas_1935,14.7023,0.0487811
,proxylessnas_1631,19.2757,0.0854501
,proxylessnas_1734,11.2967,0.015723
,proxylessnas_1329,14.007,0.0498819
,proxylessnas_230,8.22373,0.417695
,proxylessnas_1689,16.0352,0.0238975
,proxylessnas_692,19.546,0.978902
,proxylessnas_467,22.0283,0.125123
,proxylessnas_238,14.5644,0.0362757
,proxylessnas_347,21.8457,0.100232
,proxylessnas_1591,22.6181,0.0541817
,proxylessnas_1433,20.6215,0.0549184
,proxylessnas_1249,18.4624,0.678567
,proxylessnas_1244,21.9916,0.0584647
,proxylessnas_138,9.39574,1.24776
,proxylessnas_285,20.9437,0.0930263
,proxylessnas_1323,14.8539,0.028958
,proxylessnas_484,25.0456,0.0876402
,proxylessnas_767,15.0887,0.609456
,proxylessnas_1788,34.172,0.192553
,proxylessnas_4,18.5277,0.0618506
,proxylessnas_88,19.7584,0.0428919
,proxylessnas_1277,17.8485,0.0416052
,proxylessnas_464,11.8016,0.326671
,proxylessnas_1084,28.3907,0.178484
,proxylessnas_617,20.676,0.0765394
,proxylessnas_777,20.266,0.0408492
,proxylessnas_1502,20.6604,0.131278
,proxylessnas_1618,20.4308,0.196037
,proxylessnas_1221,22.107,0.0441427
,proxylessnas_1140,27.2052,0.0824462
,proxylessnas_1172,15.6811,0.0471666
,proxylessnas_1341,20.4715,0.0468796
,proxylessnas_638,22.0852,0.0560991
,proxylessnas_414,15.0844,0.0586817
,proxylessnas_1054,13.8555,0.0152969
,proxylessnas_713,20.903,0.025247
,proxylessnas_147,21.3748,0.0826773
,proxylessnas_837,16.789,0.0809415
,proxylessnas_529,12.7847,0.104891
,proxylessnas_1822,35.6388,0.199034
,proxylessnas_1000,13.9637,0.0287955
,proxylessnas_397,17.829,0.114056
,proxylessnas_590,11.2815,0.749277
,proxylessnas_1772,12.9441,0.0167953
,proxylessnas_634,14.5889,0.0213114
,proxylessnas_217,18.8523,0.27465
,proxylessnas_1594,10.1463,0.02726
,proxylessnas_1731,16.6049,0.388587
,proxylessnas_233,23.8073,0.165626
,proxylessnas_1872,15.3295,0.754255
,proxylessnas_407,28.8388,0.139803
,proxylessnas_1449,16.0045,0.101375
,proxylessnas_18,13.1566,0.024627
,proxylessnas_1685,17.7382,0.0541224
,proxylessnas_545,16.3875,0.404734
,proxylessnas_1681,19.6238,0.0920847
,proxylessnas_875,27.8293,0.0550553
,proxylessnas_707,28.0443,0.338428
,proxylessnas_589,31.9583,0.156245
,proxylessnas_202,17.0643,0.0493253
,proxylessnas_1457,17.27,0.137473
,proxylessnas_1510,14.6602,0.0606929
,proxylessnas_344,24.5632,0.0659782
,proxylessnas_935,16.8336,0.0240383
,proxylessnas_639,23.0773,0.102919
,proxylessnas_528,28.465,0.0566592
,proxylessnas_203,27.063,0.0681049
,proxylessnas_1402,27.8169,0.110268
,proxylessnas_248,20.5795,0.124614
,proxylessnas_1115,17.679,0.0999236
,proxylessnas_141,28.6893,0.137855
,proxylessnas_1669,22.9696,0.0655761
,proxylessnas_924,17.4998,0.0454932
,proxylessnas_524,20.0722,0.075897
,proxylessnas_15,15.106,0.107492
,proxylessnas_107,15.8098,0.0239045
,proxylessnas_210,21.654,0.0956166
,proxylessnas_1517,18.8275,0.0581059
,proxylessnas_964,17.8617,0.0249745
,proxylessnas_1995,19.1202,0.753348
,proxylessnas_521,14.3051,0.0364082
,proxylessnas_1405,15.3933,0.0820841
,proxylessnas_1800,19.312,0.0537244
,proxylessnas_1214,20.2502,0.0217374
,proxylessnas_1124,22.5993,0.45213
,proxylessnas_1149,16.8872,0.13591
,proxylessnas_282,18.7165,0.0451595
,proxylessnas_292,20.9516,0.0331386
,proxylessnas_1059,17.4379,0.114472
,proxylessnas_1327,21.2163,0.115595
,proxylessnas_712,15.5717,0.060818
,proxylessnas_1257,22.9125,0.118574
,proxylessnas_425,34.3284,0.265486
,proxylessnas_1414,13.255,0.043332
,proxylessnas_165,19.4659,0.027844
,proxylessnas_1372,30.9952,0.103422
,proxylessnas_86,21.2536,0.0824236
,proxylessnas_257,26.2772,0.114876
,proxylessnas_1151,30.6086,0.0709805
,proxylessnas_1524,26.9029,0.107219
,proxylessnas_1499,16.0098,0.0295656
,proxylessnas_1955,24.8398,0.0624296
,proxylessnas_1275,20.6777,0.037138
,proxylessnas_1716,18.3697,0.828504
,proxylessnas_1226,20.5805,0.33438
,proxylessnas_116,19.3819,0.0709213
,proxylessnas_1018,24.3732,0.359097
,proxylessnas_266,21.8715,0.443827
,proxylessnas_1265,23.4922,0.147191
,proxylessnas_1435,16.301,0.0186475
,proxylessnas_27,22.7631,0.12692
,proxylessnas_1861,14.5796,0.0535537
,proxylessnas_1665,13.1668,0.0326438
,proxylessnas_171,28.8767,0.106652
,proxylessnas_1947,15.5517,0.0330715
,proxylessnas_93,18.4691,0.167785
,proxylessnas_386,17.8504,0.0443467
,proxylessnas_656,15.0068,0.0833322
,proxylessnas_97,21.6515,0.0254028
,proxylessnas_1108,20.2948,0.104409
,proxylessnas_1295,25.4587,0.0887639
,proxylessnas_1821,30.9736,0.0943902
,proxylessnas_1333,13.4354,0.0964979
,proxylessnas_1134,28.4775,0.149148
,proxylessnas_533,14.3564,0.431269
,proxylessnas_1049,25.9182,0.079966
,proxylessnas_897,21.6846,0.0314508
,proxylessnas_1699,15.8728,0.0856891
,proxylessnas_0,13.4226,0.375086
,proxylessnas_840,28.7989,0.109118
,proxylessnas_502,11.685,0.207951
,proxylessnas_889,29.2253,0.161108
,proxylessnas_1849,21.5131,0.168967
,proxylessnas_376,24.2756,0.0394269
,proxylessnas_1353,19.5493,0.194732
,proxylessnas_1550,17.5096,0.0448779
,proxylessnas_1522,16.3334,0.870227
,proxylessnas_1851,12.8899,0.0522322
,proxylessnas_214,21.1085,0.0813732
,proxylessnas_68,31.8483,0.164439
,proxylessnas_1899,21.5496,0.0300561
,proxylessnas_999,17.4465,0.0659713
,proxylessnas_1600,22.8071,0.1953
,proxylessnas_1622,22.6599,0.0972681
,proxylessnas_1565,24.6898,0.247578
,proxylessnas_1735,13.5403,0.123604
,proxylessnas_1160,24.0474,0.0566873
,proxylessnas_208,26.648,0.0821815
,proxylessnas_1535,24.4684,0.132252
,proxylessnas_1992,17.6617,0.0427488
,proxylessnas_447,14.2132,0.124529
,proxylessnas_672,15.0877,0.0535428
,proxylessnas_318,10.2617,0.844016
,proxylessnas_130,22.9794,0.28304
,proxylessnas_716,19.7322,0.0274506
,proxylessnas_1552,26.4566,0.112062
,proxylessnas_736,11.1571,0.0227911
,proxylessnas_1997,24.7462,0.278576
,proxylessnas_786,15.5284,0.0395422
,proxylessnas_156,20.4395,0.0375528
,proxylessnas_310,19.7391,0.0232774
,proxylessnas_1783,24.7807,0.121794
,proxylessnas_1192,22.4101,0.120652
,proxylessnas_597,29.4848,0.180768
,proxylessnas_1289,16.4585,0.0201436
,proxylessnas_1574,19.4091,0.0906939
,proxylessnas_725,20.8077,0.0517655
,proxylessnas_1201,21.537,0.166727
,proxylessnas_91,15.1137,0.0257433
,proxylessnas_1218,23.4027,0.0595036
,proxylessnas_1829,20.16,0.0727524
,proxylessnas_555,19.2444,0.114301
,proxylessnas_610,22.0487,0.166097
,proxylessnas_525,28.2211,0.146486
,proxylessnas_1721,17.8344,0.0451831
,proxylessnas_1542,16.4588,0.695956
,proxylessnas_1314,21.0664,0.139413
,proxylessnas_622,14.2186,0.11763
,proxylessnas_370,22.6324,0.0742725
,proxylessnas_946,23.6015,0.105432
,proxylessnas_1984,21.4128,0.147538
,proxylessnas_1492,15.4706,0.0468043
,proxylessnas_260,21.2671,0.106298
,proxylessnas_1174,25.88,0.0461372
,proxylessnas_1330,29.0395,0.295832
,proxylessnas_55,16.2449,1.38892
,proxylessnas_497,21.7047,0.0755518
,proxylessnas_794,13.899,0.0583401
,proxylessnas_1155,14.232,0.183051
,proxylessnas_1802,15.3508,0.0200389
,proxylessnas_1107,22.7382,0.0499914
,proxylessnas_1835,19.4885,0.142974
,proxylessnas_1065,18.7791,0.120741
,proxylessnas_94,11.1183,0.0757288
,proxylessnas_1998,16.5676,0.0269189
,proxylessnas_320,12.531,0.0345296
,proxylessnas_686,18.9197,0.0612934
,proxylessnas_1696,24.4326,0.0805602
,proxylessnas_809,19.606,0.163076
,proxylessnas_1204,16.4197,0.0697414
,proxylessnas_877,16.7363,0.101083
,proxylessnas_1203,22.0507,0.74032
,proxylessnas_1496,16.2368,0.0648067
,proxylessnas_1839,29.8639,0.0960869
,proxylessnas_16,20.1517,0.0576016
,proxylessnas_1011,20.163,0.0647862
,proxylessnas_973,21.4866,0.10033
,proxylessnas_1943,21.7068,0.0775323
,proxylessnas_1058,22.7225,0.150253
,proxylessnas_432,16.9203,0.0951729
,proxylessnas_1921,22.7692,0.0501088
,proxylessnas_423,14.9485,0.054601
,proxylessnas_289,10.0362,0.0210436
,proxylessnas_941,20.0295,0.0983598
,proxylessnas_1005,24.8231,0.237913
,proxylessnas_28,18.2021,0.145642
,proxylessnas_972,20.2299,0.186524
,proxylessnas_197,25.1693,0.492545
,proxylessnas_1854,22.1013,0.320901
,proxylessnas_1873,18.4083,0.0844544
,proxylessnas_728,22.0731,0.120378
,proxylessnas_1013,20.7577,0.126281
,proxylessnas_727,16.7469,0.114291
,proxylessnas_1355,18.5209,0.10758
,proxylessnas_983,24.7965,0.041122
,proxylessnas_1751,22.8199,0.0292868
,proxylessnas_1217,22.0357,0.0864708
,proxylessnas_1259,29.0132,0.180041
,proxylessnas_82,22.4138,0.0734164
,proxylessnas_743,21.561,0.0426771
,proxylessnas_1306,21.3633,0.105138
,proxylessnas_1536,16.4266,0.0738692
,proxylessnas_1121,16.2899,0.0822378
,proxylessnas_1709,19.8421,0.0576464
,proxylessnas_1766,16.4888,0.0740704
,proxylessnas_842,23.7142,0.106235
,proxylessnas_362,21.9922,0.0498615
,proxylessnas_690,22.1777,0.043949
,proxylessnas_1456,21.0075,0.173388
,proxylessnas_355,22.0581,0.107615
,proxylessnas_327,28.0826,0.156689
,proxylessnas_1072,12.425,0.0442854
,proxylessnas_1629,25.1767,0.176579
,proxylessnas_1017,27.635,0.181422
,proxylessnas_720,17.3177,0.0339081
,proxylessnas_827,26.8322,0.0817633
,proxylessnas_1041,19.6345,0.0452125
,proxylessnas_222,20.1861,0.148038
,proxylessnas_381,18.3645,0.120203
,proxylessnas_1305,31.784,0.372389
,proxylessnas_9,23.7533,0.119949
,proxylessnas_1077,12.8904,0.0324986
,proxylessnas_1752,22.2812,0.128706
,proxylessnas_309,21.872,0.0766088
,proxylessnas_61,13.0627,0.185336
,proxylessnas_300,22.9724,0.10254
,proxylessnas_520,18.7058,0.119089
,proxylessnas_1337,27.9508,0.20147
,proxylessnas_1560,29.6934,0.102951
,proxylessnas_192,14.0167,0.0937492
,proxylessnas_557,14.821,0.0639346
,proxylessnas_518,11.0312,0.100176
,proxylessnas_758,15.0419,0.0552802
,proxylessnas_1509,21.1952,0.0403324
,proxylessnas_1794,19.9945,0.0748827
,proxylessnas_1023,16.565,0.046775
,proxylessnas_1706,16.7643,0.881503
,proxylessnas_301,24.0542,0.319042
,proxylessnas_1859,15.1339,0.0302371
,proxylessnas_1648,24.6023,0.157536
,proxylessnas_1268,14.0346,0.0440725
,proxylessnas_929,15.4488,0.0682462
,proxylessnas_1183,18.4963,0.167844
,proxylessnas_126,15.3908,0.0514004
,proxylessnas_1075,20.3119,0.0390449
,proxylessnas_1391,12.7988,0.333841
,proxylessnas_1473,21.3659,0.150232
,proxylessnas_1469,18.4232,0.29151
,proxylessnas_1281,20.7764,0.0863328
,proxylessnas_1862,16.0397,0.0828244
,proxylessnas_773,17.8088,0.0484646
,proxylessnas_1205,19.7384,0.0336005
,proxylessnas_49,16.8903,0.92879
,proxylessnas_1990,9.09968,0.409841
,proxylessnas_1926,16.009,0.0339388
,proxylessnas_1020,24.6766,0.0690091
,proxylessnas_757,16.8666,0.123977
,proxylessnas_1378,16.7852,0.0819862
,proxylessnas_724,13.4115,0.0279404
,proxylessnas_1213,27.3054,0.110785
,proxylessnas_1743,19.58,0.084341
,proxylessnas_1074,16.8395,0.0453157
,proxylessnas_1979,18.0153,0.129782
,proxylessnas_1787,16.8992,0.0784858
,proxylessnas_6,10.1434,0.81095
,proxylessnas_501,27.1109,0.203279
,proxylessnas_1234,21.3915,0.113043
,proxylessnas_1977,19.7798,0.133308
,proxylessnas_441,24.915,0.0635439
,proxylessnas_187,19.6949,0.428024
,proxylessnas_670,18.2364,0.0893502
,proxylessnas_1351,17.7151,0.0923658
,proxylessnas_1603,26.8764,0.109276
,proxylessnas_1302,11.181,0.791722
,proxylessnas_1187,24.8054,0.095289
,proxylessnas_85,19.0323,0.237812
,proxylessnas_1702,29.2094,0.114935
,proxylessnas_1408,18.2283,0.0138803
,proxylessnas_1303,26.4948,0.0379438
,proxylessnas_699,25.3802,0.349995
,proxylessnas_1748,21.0942,0.0890253
,proxylessnas_599,10.8691,0.039498
,proxylessnas_375,21.7916,0.14823
,proxylessnas_1884,24.0178,0.249022
,proxylessnas_427,22.526,1.4717
,proxylessnas_1756,17.6076,0.0245801
,proxylessnas_1280,25.5156,0.0462054
,proxylessnas_546,33.9355,0.153084
,proxylessnas_359,26.175,0.0495008
,proxylessnas_1319,20.3876,0.0542701
,proxylessnas_1453,11.4277,0.0267223
,proxylessnas_765,21.7414,0.149448
,proxylessnas_1118,12.6283,0.0301428
,proxylessnas_1390,25.8404,0.218022
,proxylessnas_1828,24.7828,0.316013
,proxylessnas_1009,21.6843,0.103998
,proxylessnas_1529,16.4833,0.141938
,proxylessnas_1687,22.0101,0.0490028
,proxylessnas_1659,18.35,0.127424
,proxylessnas_1171,22.5899,0.11148
,proxylessnas_644,13.2897,0.014786
,proxylessnas_1554,27.053,0.099285
,proxylessnas_774,23.4013,0.0695398
,proxylessnas_1870,21.4707,0.0365967
,proxylessnas_163,16.9976,0.106184
,proxylessnas_276,32.6575,0.154699
,proxylessnas_216,19.6192,0.0881082
,proxylessnas_854,19.7669,0.152622
,proxylessnas_299,11.7608,0.0532577
,proxylessnas_268,30.9264,0.083867
,proxylessnas_1350,19.7647,0.113267
,proxylessnas_449,23.2992,0.303892
,proxylessnas_928,23.587,0.0649906
,proxylessnas_561,15.758,0.0555691
,proxylessnas_411,15.2963,0.0229308
,proxylessnas_601,19.7248,0.0875097
,proxylessnas_1956,25.3259,0.0592994
,proxylessnas_135,12.883,1.14943
,proxylessnas_1640,24.0736,0.0626413
,proxylessnas_1242,23.1608,0.0325366
,proxylessnas_981,21.6656,0.0937521
,proxylessnas_258,21.091,0.285625
,proxylessnas_1301,26.6602,0.115472
,proxylessnas_677,19.1486,0.226437
,proxylessnas_477,33.234,0.113477
,proxylessnas_1051,20.5301,0.137128
,proxylessnas_1344,18.0517,0.167758
,proxylessnas_1497,19.2971,0.0231781
,proxylessnas_384,15.8965,0.0722773
,proxylessnas_22,19.3516,0.197236
,proxylessnas_1765,23.8268,0.057791
,proxylessnas_1475,28.8707,0.0484277
,proxylessnas_1137,14.9821,0.0504694
,proxylessnas_1961,17.2563,0.0890368
,proxylessnas_1087,22.8935,0.083411
,proxylessnas_1117,26.01,0.0712727
,proxylessnas_293,28.5779,0.0669247
,proxylessnas_205,15.8209,0.0347262
,proxylessnas_1139,13.2435,0.0201778
,proxylessnas_1316,16.3554,0.0350476
,proxylessnas_1076,21.6856,0.054878
,proxylessnas_1913,17.9312,0.154283
,proxylessnas_1099,22.3113,0.141909
,proxylessnas_431,24.0822,0.0482444
,proxylessnas_337,26.6057,0.096339
,proxylessnas_1091,12.1527,0.125851
,proxylessnas_145,22.2389,0.112456
,proxylessnas_319,19.335,0.114517
,proxylessnas_1096,17.6125,0.148715
,proxylessnas_1808,21.2993,0.0538841
,proxylessnas_11,11.965,1.13785
,proxylessnas_558,20.768,0.119951
,proxylessnas_1190,18.2633,0.36759
,proxylessnas_224,17.9843,0.0855509
,proxylessnas_1831,20.4655,0.20993
,proxylessnas_1293,15.6315,0.660274
,proxylessnas_1007,15.5321,0.112572
,proxylessnas_822,9.31956,0.167152
,proxylessnas_562,17.2615,0.0781566
,proxylessnas_805,18.3015,0.0203304
,proxylessnas_907,30.6303,0.375302
,proxylessnas_1688,13.7301,0.0688111
,proxylessnas_1220,27.5407,0.146972
,proxylessnas_1718,23.9249,0.128944
,proxylessnas_1250,17.8376,0.0912559
,proxylessnas_1035,11.0601,0.0157652
,proxylessnas_1025,22.4694,0.723778
,proxylessnas_1232,23.7533,0.100251
,proxylessnas_653,18.7507,0.162486
,proxylessnas_1399,31.851,0.191194
,proxylessnas_162,20.7333,0.0579712
,proxylessnas_1912,20.9724,0.049717
,proxylessnas_1104,21.8146,0.0686164
,proxylessnas_881,19.9815,0.0595641
,proxylessnas_901,23.6896,0.189861
,proxylessnas_1930,16.386,0.0574994
,proxylessnas_648,20.3161,0.129479
,proxylessnas_1182,15.8621,0.0225945
,proxylessnas_832,15.2273,0.266118
,proxylessnas_1332,12.7594,0.0585575
,proxylessnas_667,24.0686,0.0444067
,proxylessnas_185,28.6567,0.0879482
,proxylessnas_1400,26.4918,0.225997
,proxylessnas_111,20.6339,0.205933
,proxylessnas_1376,17.7463,0.185125
,proxylessnas_1066,15.568,0.187442
,proxylessnas_802,20.066,0.040624
,proxylessnas_535,19.4298,0.148849
,proxylessnas_723,15.8543,0.275939
,proxylessnas_1903,9.80417,0.366523
,proxylessnas_470,15.6199,0.0509352
,proxylessnas_352,18.63,0.260503
,proxylessnas_415,24.2411,0.0834803
,proxylessnas_1410,16.0355,0.0292339
,proxylessnas_1500,20.2881,0.160717
,proxylessnas_1608,17.9445,0.0631192
,proxylessnas_847,28.8225,0.273613
,proxylessnas_572,24.3781,0.159551
,proxylessnas_189,19.747,0.977756
,proxylessnas_914,10.6185,0.087827
,proxylessnas_1273,20.8263,0.132323
,proxylessnas_269,27.0251,0.138698
,proxylessnas_1360,13.0245,0.0581817
,proxylessnas_1973,18.445,0.0367528
,proxylessnas_782,16.3413,0.0559735
,proxylessnas_1136,12.8249,0.281706
,proxylessnas_1895,21.3711,0.0455477
,proxylessnas_577,19.8521,0.121413
,proxylessnas_1661,19.2794,0.0453113
,proxylessnas_1596,17.7491,0.116412
,proxylessnas_898,25.6399,0.149273
,proxylessnas_324,18.7109,0.0906048
,proxylessnas_240,24.8459,0.0839561
,proxylessnas_206,18.2198,0.302436
,proxylessnas_1491,11.7596,0.0957792
,proxylessnas_1638,24.2165,0.0688881
,proxylessnas_451,17.1797,0.0771436
,proxylessnas_1949,12.5938,0.0997787
,proxylessnas_311,20.1679,0.125135
,proxylessnas_1245,22.291,0.0948515
,proxylessnas_1416,26.8765,0.188554
,proxylessnas_160,20.0899,0.108969
,proxylessnas_742,35.7073,0.147944
,proxylessnas_1907,30.036,0.368507
,proxylessnas_1026,19.5556,0.187924
,proxylessnas_1526,21.3819,0.0356323
,proxylessnas_365,17.3245,0.159414
,proxylessnas_1520,16.4693,1.21055
,proxylessnas_346,16.1343,0.0563881
,proxylessnas_1033,26.0403,0.176989
,proxylessnas_480,22.2381,0.0698175
,proxylessnas_1838,21.4522,0.165929
,proxylessnas_308,17.256,0.027219
,proxylessnas_1745,16.1329,0.0221368
,proxylessnas_1083,20.5294,0.0952022
,proxylessnas_1733,29.9273,0.198129
,proxylessnas_1037,16.5575,0.108342
,proxylessnas_452,12.6406,0.0393274
,proxylessnas_290,17.0456,0.169695
,proxylessnas_770,18.5617,0.127504
,proxylessnas_594,13.6035,0.0422807
,proxylessnas_583,16.3183,0.0272469
,proxylessnas_223,26.7252,0.149644
,proxylessnas_1288,19.6401,0.0589774
,proxylessnas_810,33.4485,0.130247
,proxylessnas_1847,16.602,0.137781
,proxylessnas_1776,18.6844,0.0804905
,proxylessnas_1262,29.7869,0.76385
,proxylessnas_1024,24.4802,0.189776
,proxylessnas_1754,13.499,0.0399208
,proxylessnas_112,12.5185,0.0213238
,proxylessnas_980,21.178,0.1491
,proxylessnas_899,23.5418,0.0801406
,proxylessnas_307,14.0229,0.146257
,proxylessnas_931,18.2898,0.0688509
,proxylessnas_1154,12.623,0.0352638
,proxylessnas_1856,16.528,0.133264
,proxylessnas_1016,17.7263,0.110023
,proxylessnas_1004,25.4236,0.155798
,proxylessnas_1567,26.8504,0.0777518
,proxylessnas_1760,18.0968,0.0573245
,proxylessnas_1394,20.2015,0.0489638
,proxylessnas_1840,14.4411,0.0978789
,proxylessnas_845,11.5538,1.0525
,proxylessnas_858,18.6965,0.0663838
,proxylessnas_1579,14.8651,0.0347648
,proxylessnas_5,15.4911,0.0557404
,proxylessnas_43,10.8335,0.0237963
,proxylessnas_1578,16.9939,0.0467944
,proxylessnas_985,18.1772,0.0608495
,proxylessnas_1704,18.0496,0.0530529
,proxylessnas_1088,14.1611,0.0360105
,proxylessnas_1806,22.8317,0.0996702
,proxylessnas_673,20.0449,0.150939
,proxylessnas_201,29.0557,0.143913
,proxylessnas_1744,23.7346,0.393023
,proxylessnas_35,19.0438,0.0256442
,proxylessnas_53,18.5475,0.0376151
,proxylessnas_399,15.4108,0.0340484
,proxylessnas_462,15.1983,1.96228
,proxylessnas_294,27.8636,0.064925
,proxylessnas_841,24.8895,0.0615389
,proxylessnas_1209,13.1715,0.0477699
,proxylessnas_1304,19.2551,0.0333328
,proxylessnas_1693,20.8832,0.0591979
,proxylessnas_1844,16.093,0.0960334
,proxylessnas_184,24.4225,0.0626596
,proxylessnas_1886,23.5689,0.108706
,proxylessnas_1501,15.6496,0.121195
,proxylessnas_1920,14.4716,0.0327763
,proxylessnas_1571,13.3928,0.0517788
,proxylessnas_693,18.7015,0.03803
,proxylessnas_579,34.2861,0.118923
,proxylessnas_1180,31.9762,0.111896
,proxylessnas_457,13.3675,0.0251795
,proxylessnas_10,19.8379,0.129072
,proxylessnas_1258,15.2499,1.06547
,proxylessnas_326,12.8175,0.0309987
,proxylessnas_142,16.1874,0.0696105
,proxylessnas_1120,14.1385,0.55356
,proxylessnas_998,19.1423,0.149343
,proxylessnas_1928,15.6446,0.123524
,proxylessnas_1595,25.5194,0.218902
,proxylessnas_1820,21.7562,0.127389
,proxylessnas_1420,20.0545,0.100913
,proxylessnas_1713,16.9657,0.0886709
,proxylessnas_250,13.2693,0.0321057
,proxylessnas_1611,16.3634,0.0346666
,proxylessnas_1412,17.4895,0.0438573
,proxylessnas_1178,31.4707,0.147075
,proxylessnas_1001,18.648,0.0859832
,proxylessnas_146,12.8314,0.110175
,proxylessnas_1284,14.4117,0.0445035
,proxylessnas_1176,26.8166,0.15962
,proxylessnas_1670,22.3215,0.135763
,proxylessnas_26,18.4981,0.0310017
,proxylessnas_109,21.0204,0.0468101
,proxylessnas_483,14.6809,0.136633
,proxylessnas_679,16.3796,0.0386088
,proxylessnas_896,26.6294,0.308185
,proxylessnas_1936,14.0217,0.117003
,proxylessnas_25,29.4951,0.0743859
,proxylessnas_1597,18.7389,0.117975
,proxylessnas_704,12.8854,0.0285692
,proxylessnas_199,21.9991,0.0479962
,proxylessnas_1198,34.0115,0.258754
,proxylessnas_892,18.4299,0.0384363
,proxylessnas_1832,17.5377,0.0391074
,proxylessnas_137,26.6523,1.12338
,proxylessnas_1950,33.4012,0.313097
,proxylessnas_1403,21.0175,0.0481103
,proxylessnas_1628,15.4313,0.138891
,proxylessnas_249,26.4531,0.142112
,proxylessnas_410,19.347,0.155471
,proxylessnas_1924,20.858,0.0782716
,proxylessnas_697,20.0091,0.0353056
,proxylessnas_264,30.287,0.14344
,proxylessnas_1186,24.5763,0.101487
,proxylessnas_1336,26.3164,0.172898
,proxylessnas_662,17.1391,0.0501571
,proxylessnas_1445,20.0523,0.0437426
,proxylessnas_616,24.1312,0.0780411
,proxylessnas_1519,20.3632,0.0901436
,proxylessnas_918,16.6651,0.0714572
,proxylessnas_925,21.0496,0.0410005
,proxylessnas_857,13.2004,0.0559566
,proxylessnas_446,8.72146,0.283079
,proxylessnas_368,16.5796,0.0399276
,proxylessnas_1406,12.6252,0.606117
,proxylessnas_1324,12.6653,0.0196549
,proxylessnas_1968,14.0387,0.0164988
,proxylessnas_1367,19.9407,0.117832
,proxylessnas_849,16.8156,0.0418639
,proxylessnas_219,15.0714,0.0719171
,proxylessnas_1876,21.7691,0.081504
,proxylessnas_275,13.1015,0.346947
,proxylessnas_1081,24.7187,0.0990595
,proxylessnas_1780,22.2113,0.0719443
,proxylessnas_1274,31.7224,0.155839
,proxylessnas_934,18.2674,0.11633
,proxylessnas_609,10.3654,0.0268623
,proxylessnas_1286,14.0742,0.450672
,proxylessnas_1440,13.0125,0.0649743
,proxylessnas_1621,14.7701,0.262089
,proxylessnas_1260,17.1015,0.132931
,proxylessnas_1532,11.5053,0.0362338
,proxylessnas_645,13.1068,0.0257621
,proxylessnas_1927,13.4492,0.0493103
,proxylessnas_769,32.3104,0.116334
,proxylessnas_493,21.6568,0.0473839
,proxylessnas_211,17.9678,0.0920606
,proxylessnas_356,12.1127,0.0419617
,proxylessnas_1598,16.4442,0.0901217
,proxylessnas_1684,18.2525,0.10345
,proxylessnas_547,20.0656,0.478208
,proxylessnas_1768,27.5981,0.145523
,proxylessnas_1551,25.5562,0.313264
,proxylessnas_927,27.3195,0.0992088
,proxylessnas_737,16.57,0.12689
,proxylessnas_746,26.9286,0.122628
,proxylessnas_434,14.1284,0.655458
,proxylessnas_1042,22.0173,0.127938
,proxylessnas_710,23.285,0.0733645
,proxylessnas_1138,26.6312,0.147574
,proxylessnas_532,11.8133,0.0880312
,proxylessnas_741,32.3998,0.142448
,proxylessnas_620,10.4053,0.964695
,proxylessnas_1555,18.3588,0.0360375
,proxylessnas_1200,17.4799,0.131677
,proxylessnas_1079,24.8341,0.0563644
,proxylessnas_766,19.3976,0.0921382
,proxylessnas_1957,20.5734,0.0460852
,proxylessnas_1816,14.4208,0.0306663
,proxylessnas_1300,23.1981,0.508665
,proxylessnas_1251,20.3747,0.173212
,proxylessnas_1432,17.5041,0.0911367
,proxylessnas_1415,25.392,0.054898
,proxylessnas_798,11.5465,0.0344691
,proxylessnas_183,19.6772,0.0478346
,proxylessnas_1462,20.9041,0.0839417
,proxylessnas_1219,22.6945,0.0837335
,proxylessnas_424,14.0066,0.134387
,proxylessnas_539,17.0045,0.0800166
,proxylessnas_1494,19.4748,0.114463
,proxylessnas_242,22.2192,0.19028
,proxylessnas_422,20.0508,0.152206
,proxylessnas_1474,24.0017,0.0650873
,proxylessnas_1650,15.2354,0.507073
,proxylessnas_1726,20.5342,0.175062
,proxylessnas_1561,12.4198,1.11428
,proxylessnas_576,21.4377,0.109905
,proxylessnas_1540,26.1422,0.0607321
,proxylessnas_1651,17.4385,0.0486196
,proxylessnas_776,25.3219,0.0804459
,proxylessnas_1592,13.7904,0.0336436
,proxylessnas_1135,19.5413,0.111337
,proxylessnas_1383,15.2359,0.221708
,proxylessnas_1683,14.321,0.0909374
,proxylessnas_8,14.1071,0.0284194
,proxylessnas_731,13.0949,0.027117
,proxylessnas_1855,12.8886,0.0302937
,proxylessnas_1485,27.0822,0.132547
,proxylessnas_62,27.1802,0.117093
,proxylessnas_1443,7.94371,0.0535628
,proxylessnas_719,25.4709,0.116425
,proxylessnas_688,15.461,0.164281
,proxylessnas_987,26.2638,0.327
,proxylessnas_383,23.7672,0.143769
,proxylessnas_348,23.2704,0.109815
,proxylessnas_1671,20.4867,0.0790206
,proxylessnas_1225,19.793,0.0232252
,proxylessnas_611,18.2449,0.0480752
,proxylessnas_1817,22.7799,0.111379
,proxylessnas_705,15.2712,0.0928486
,proxylessnas_1916,24.9992,0.166167
,proxylessnas_336,12.434,0.0277115
,proxylessnas_1616,17.8611,0.0915976
,proxylessnas_1254,15.9685,0.0220142
,proxylessnas_1375,26.2071,0.0524452
,proxylessnas_908,12.469,0.0506432
,proxylessnas_1508,30.0908,0.145059
,proxylessnas_1407,16.5558,0.0718322
,proxylessnas_251,26.9728,0.063972
,proxylessnas_963,23.3106,0.051753
,proxylessnas_51,17.6395,0.0907151
,proxylessnas_12,21.2516,0.0255882
,proxylessnas_1047,17.1434,0.0242636
,proxylessnas_315,15.048,0.0661139
,proxylessnas_977,13.7644,0.0310673
,proxylessnas_1125,10.9794,0.0787666
,proxylessnas_1185,13.4082,0.0274245
,proxylessnas_119,21.0671,0.260529
,proxylessnas_404,13.3731,0.0540371
,proxylessnas_1664,15.5003,0.110181
,proxylessnas_1645,25.7852,0.24956
,proxylessnas_1021,18.3693,0.224854
,proxylessnas_1758,13.6097,0.0221432
,proxylessnas_1764,26.0863,0.781356
,proxylessnas_544,17.2643,0.136912
,proxylessnas_1472,18.1994,0.128672
,proxylessnas_1056,26.3924,0.0535831
,proxylessnas_1165,10.1171,0.0152693
,proxylessnas_409,13.332,0.0993535
,proxylessnas_1982,18.4302,0.0573417
,proxylessnas_1657,10.2015,0.821052
,proxylessnas_330,14.8619,0.0608115
,proxylessnas_1755,13.846,0.0904133
,proxylessnas_234,15.6754,0.0379379
,proxylessnas_909,22.0337,0.0359099
,proxylessnas_1825,28.1879,0.165363
,proxylessnas_496,24.3198,0.183781
,proxylessnas_797,10.1315,0.424652
,proxylessnas_1356,15.238,0.0434975
,proxylessnas_164,26.5508,0.112079
,proxylessnas_659,23.3024,0.098841
,proxylessnas_1915,26.8128,0.249362
,proxylessnas_288,20.8475,0.196419
,proxylessnas_818,18.5055,0.310747
,proxylessnas_530,22.2976,0.067264
,proxylessnas_1299,16.6402,0.0729145
,proxylessnas_1575,16.4086,0.0352735
,proxylessnas_1095,17.2776,0.0875584
,proxylessnas_655,12.6047,0.0233721
,proxylessnas_57,21.7139,0.139677
,proxylessnas_1434,17.9282,0.0319482
,proxylessnas_1122,22.4273,0.404498
,proxylessnas_888,26.0327,0.152984
,proxylessnas_1110,18.8656,0.0965689
,proxylessnas_1779,15.8306,0.116867
,proxylessnas_1573,11.1002,0.0528704
,proxylessnas_1757,19.886,0.0597886
,proxylessnas_46,24.0123,0.136422
,proxylessnas_1609,16.5945,0.0658311
,proxylessnas_195,14.1489,0.0722253
,proxylessnas_761,17.6394,0.0574281
,proxylessnas_419,15.041,0.0955571
,proxylessnas_570,23.6785,0.161149
,proxylessnas_1894,15.3419,0.0441238
,proxylessnas_1727,20.1005,0.133929
,proxylessnas_1922,14.7876,0.131046
,proxylessnas_101,17.5483,0.0579888
,proxylessnas_1246,14.5359,0.148928
,proxylessnas_1381,26.0571,0.066349
,proxylessnas_334,26.1144,0.129732
,proxylessnas_1101,19.3396,0.106293
,proxylessnas_1541,17.6544,0.0221321
,proxylessnas_838,12.1424,0.266155
,proxylessnas_785,20.7276,0.106446
,proxylessnas_42,18.5657,0.131021
,proxylessnas_1781,13.4668,0.15864
,proxylessnas_1918,23.9859,0.176657
,proxylessnas_949,25.2887,0.0997519
,proxylessnas_1493,24.3529,0.0555525
,proxylessnas_721,17.6047,0.743736
,proxylessnas_1175,22.5795,0.12997
,proxylessnas_1675,16.9706,0.156898
,proxylessnas_1396,14.5681,0.0609297
,proxylessnas_779,18.2816,0.0888019
,proxylessnas_306,21.9393,0.146493
,proxylessnas_40,18.6953,0.0611308
,proxylessnas_1451,17.7653,0.0724066
,proxylessnas_504,20.8949,0.0600631
,proxylessnas_1617,11.2566,0.246011
,proxylessnas_66,24.1657,0.289121
,proxylessnas_304,34.8927,0.117062
,proxylessnas_1082,12.5516,0.0455796
,proxylessnas_1975,20.5936,0.0754732
,proxylessnas_1796,17.9307,0.0400596
,proxylessnas_1969,15.6624,0.103156
,proxylessnas_871,16.8794,0.0138816
,proxylessnas_1145,20.1727,0.0898573
,proxylessnas_279,14.0065,0.0238166
,proxylessnas_450,18.6574,0.0493463
,proxylessnas_1237,20.3029,0.122038
,proxylessnas_1658,20.5696,0.109067
,proxylessnas_1031,24.5733,0.165406
,proxylessnas_676,17.2858,0.247067
,proxylessnas_569,19.4618,0.0570093
,proxylessnas_1701,20.5247,0.257906
,proxylessnas_317,15.4888,0.0942461
,proxylessnas_1465,21.9046,0.163026
,proxylessnas_323,15.27,0.0201637
,proxylessnas_1142,16.0928,0.0686542
,proxylessnas_1270,23.7088,0.0839824
,proxylessnas_1700,16.3392,0.0366063
,proxylessnas_1570,24.4678,0.0469937
,proxylessnas_1197,14.6064,0.284012
,proxylessnas_1271,12.0073,0.0321262
,proxylessnas_1241,16.8232,0.0948925
,proxylessnas_277,18.5867,0.137338
,proxylessnas_333,24.4572,0.0855825
,proxylessnas_1896,17.7767,0.0377452
,proxylessnas_1642,14.3667,0.0296876
,proxylessnas_80,21.0512,0.142897
,proxylessnas_1991,26.2974,0.222634
,proxylessnas_1559,13.2011,0.0327484
,proxylessnas_1498,21.7349,0.0562157
,proxylessnas_1495,27.5589,0.194937
,proxylessnas_1753,14.9206,0.0718933
,proxylessnas_400,13.9433,0.0428871
,proxylessnas_602,20.441,0.0414634
,proxylessnas_498,16.8831,1.27104
,proxylessnas_1826,17.7111,0.0645803
,proxylessnas_1614,19.4281,0.108234
,proxylessnas_1606,20.5886,0.0493992
,proxylessnas_1874,14.9804,0.238605
,proxylessnas_1866,15.6171,0.0656018
,proxylessnas_278,14.6051,0.0237959
,proxylessnas_297,18.3431,0.902329
,proxylessnas_682,17.1128,0.064099
,proxylessnas_1792,14.0204,0.781458
,proxylessnas_1167,17.64,0.0310168
,proxylessnas_1060,24.0975,0.0919794
,proxylessnas_221,23.0844,0.154053
,proxylessnas_291,12.0981,0.71904
,proxylessnas_1252,16.8078,0.037349
,proxylessnas_1430,20.625,0.139807
,proxylessnas_1981,16.9044,0.0765586
,proxylessnas_1191,20.4456,0.0270297
,proxylessnas_461,11.8237,0.567466
,proxylessnas_1239,17.9923,0.0407751
,proxylessnas_1948,34.3758,0.229398
,proxylessnas_1923,25.7592,0.196419
,proxylessnas_1446,30.2823,0.169752
,proxylessnas_459,18.4623,0.124499
,proxylessnas_33,26.0635,0.0435477
,proxylessnas_351,25.0067,0.387508
,proxylessnas_1044,14.9837,0.0597455
,proxylessnas_664,21.775,0.152646
,proxylessnas_1774,25.8065,0.254765
,proxylessnas_1223,22.1858,0.020088
,proxylessnas_1865,20.731,0.200147
,proxylessnas_1398,16.9312,0.152513
,proxylessnas_1161,23.5877,0.0283908
,proxylessnas_729,15.53,0.0275781
,proxylessnas_608,19.2254,0.0737085
,proxylessnas_1712,31.5483,0.303396
,proxylessnas_1841,10.7273,0.0176687
,proxylessnas_1256,19.1033,0.0416438
,proxylessnas_1711,11.2234,0.0381004
,proxylessnas_1173,19.3948,0.042023
,proxylessnas_1437,21.1981,0.0440234
,proxylessnas_1983,15.9751,0.0802553
,proxylessnas_2,18.939,0.0811352
,proxylessnas_970,13.0291,0.0267562
,proxylessnas_100,17.5642,0.0894743
,proxylessnas_254,24.8031,0.0683812
,proxylessnas_428,18.3115,0.167554
,proxylessnas_1130,26.3416,0.265943
,proxylessnas_20,12.7407,0.624932
,proxylessnas_1349,22.0724,0.142184
,proxylessnas_267,13.6021,0.0306504
,proxylessnas_684,26.1251,0.0854487
,proxylessnas_975,25.6002,0.147065
,proxylessnas_681,26.7363,0.396234
,proxylessnas_1994,15.7059,0.0295865
,proxylessnas_1310,27.2597,0.119595
,proxylessnas_1558,11.7154,0.0359509
,proxylessnas_915,17.2016,0.111613
,proxylessnas_1986,19.2471,1.66536
,proxylessnas_321,15.3047,0.085384
,proxylessnas_1587,14.105,0.0762929
,proxylessnas_722,10.9706,0.0174189
,proxylessnas_646,22.0077,0.0340187
,proxylessnas_1470,17.1907,0.0428915
,proxylessnas_231,14.517,0.0867093
,proxylessnas_340,15.5474,0.0403111
,proxylessnas_83,20.0298,0.0482214
,proxylessnas_1791,17.5712,0.0843009
,proxylessnas_1425,20.2413,0.0751649
,proxylessnas_176,11.9156,0.038499
,proxylessnas_1506,16.5728,0.0474102
,proxylessnas_1503,26.845,0.217859
,proxylessnas_209,19.5288,0.0573999
,proxylessnas_1159,16.9495,0.0143004
,proxylessnas_1207,22.7896,0.544773
,proxylessnas_408,23.1131,0.0763468
,proxylessnas_850,20.3358,0.0357064
,proxylessnas_1343,15.168,0.0755611
,proxylessnas_1162,24.8621,0.125447
,proxylessnas_516,18.1547,0.173717
,proxylessnas_1963,23.0693,0.0904211
,proxylessnas_812,15.9471,0.0164638
,proxylessnas_154,22.0265,0.0477639
,proxylessnas_372,16.9044,0.0402424
,proxylessnas_1019,25.353,0.128767
,proxylessnas_1086,17.0442,0.0478326
,proxylessnas_1523,15.8519,0.437876
,proxylessnas_1568,15.1818,0.0335381
,proxylessnas_1967,24.218,0.0703285
,proxylessnas_166,18.2483,0.0691777
,proxylessnas_1580,18.2418,1.70849
,proxylessnas_1667,11.6701,0.0369249
,proxylessnas_668,20.1336,0.0982108
,proxylessnas_1382,20.8515,0.137604
,proxylessnas_717,16.0303,0.0629711
,proxylessnas_280,21.742,0.115427
,proxylessnas_778,18.8004,0.0339994
,proxylessnas_882,27.7064,0.11184
,proxylessnas_1869,12.0178,0.0261777
,proxylessnas_991,14.7771,0.0772827
,proxylessnas_784,20.1526,0.0632674
,proxylessnas_1421,20.7332,0.0588851
,proxylessnas_1887,20.9877,0.080952
,proxylessnas_1123,22.5605,0.108005
,proxylessnas_1450,16.3955,0.0453235
,proxylessnas_74,16.9555,0.0721975
,proxylessnas_1703,22.4199,0.84712
,proxylessnas_1842,12.0315,0.224826
,proxylessnas_261,15.4716,0.0925138
,proxylessnas_1530,16.5407,0.0591009
,proxylessnas_651,22.3308,0.281711
,proxylessnas_256,14.3762,0.133895
,proxylessnas_1129,15.2539,0.59334
,proxylessnas_1919,27.0484,0.244894
,proxylessnas_1952,16.1697,0.0420556
,proxylessnas_979,14.9655,0.040551
,proxylessnas_1477,16.0203,0.0796565
,proxylessnas_454,22.5462,0.103896
,proxylessnas_1279,14.6392,0.0884134
,proxylessnas_630,24.3877,0.0550515
,proxylessnas_796,18.1794,0.078219
,proxylessnas_1929,16.6886,0.0778993
,proxylessnas_674,18.1841,0.878592
,proxylessnas_1113,30.5927,0.0572266
,proxylessnas_843,11.8015,0.0318883
,proxylessnas_531,15.4149,0.145145
,proxylessnas_1521,22.8843,0.178326
,proxylessnas_1694,17.2036,0.0656482
,proxylessnas_1786,17.3283,0.0974451
,proxylessnas_316,11.2711,0.40931
,proxylessnas_271,19.6762,0.102718
,proxylessnas_443,21.3327,0.136848
,proxylessnas_1797,19.0873,0.192394
,proxylessnas_1397,14.0088,1.30136
,proxylessnas_1556,17.0122,0.0379032
,proxylessnas_976,18.6571,0.0894344
,proxylessnas_1531,20.1292,0.126775
,proxylessnas_739,24.5353,0.261739
,proxylessnas_1380,21.3462,0.705677
,proxylessnas_1,21.5724,0.0416553
,proxylessnas_967,19.4468,0.307435
,proxylessnas_1002,24.0654,0.224971
,proxylessnas_1459,20.6468,0.178224
,proxylessnas_680,20.3618,0.0694031
,proxylessnas_1512,13.3554,0.034585
,proxylessnas_700,25.3761,0.443988
,proxylessnas_1978,19.4543,0.0551704
,proxylessnas_989,27.0031,0.12073
,proxylessnas_1858,25.4858,0.140751
,proxylessnas_1993,23.3986,0.0835816
,proxylessnas_1393,12.118,0.022646
,proxylessnas_263,17.3557,0.0454606
,proxylessnas_612,16.9323,0.0328855
,proxylessnas_1589,10.286,0.0256286
,proxylessnas_1442,13.3697,0.0300905
,proxylessnas_873,24.5792,0.0738361
,proxylessnas_958,30.1869,0.279479
,proxylessnas_1215,17.601,0.0521038
,proxylessnas_177,15.3065,0.0859346
,proxylessnas_430,13.0294,0.148564
,proxylessnas_1837,21.5618,1.81768
,proxylessnas_1236,16.1485,0.0785521
,proxylessnas_435,20.7702,0.0588586
,proxylessnas_1528,16.3551,0.021983
,proxylessnas_1417,18.3187,0.0550939
,proxylessnas_868,12.908,0.375164
,proxylessnas_787,16.7353,0.0361525
,proxylessnas_607,13.1582,0.052429
,proxylessnas_402,20.5166,0.0720348
,proxylessnas_237,10.9758,0.0568226
,proxylessnas_1958,13.6674,0.16539
,proxylessnas_992,20.5507,0.137681
,proxylessnas_73,19.1994,0.0762938
,proxylessnas_1292,19.4309,0.0329445
,proxylessnas_996,16.0586,0.0397819
,proxylessnas_473,26.4387,0.16346
,proxylessnas_1546,22.2722,0.112732
,proxylessnas_584,19.451,0.399793
,proxylessnas_1012,24.4247,0.0469864
,proxylessnas_564,28.2118,0.0797593
,proxylessnas_1116,17.4572,0.105674
,proxylessnas_1222,12.3585,0.018744
,proxylessnas_492,21.9846,0.0850746
,proxylessnas_1334,14.9212,0.035753
,proxylessnas_1881,20.9858,0.269005
,proxylessnas_373,18.6792,0.0894574
,proxylessnas_71,8.68172,0.301894
,proxylessnas_1812,19.8693,0.133535
,proxylessnas_735,27.999,0.197348
,proxylessnas_523,19.2928,0.09696
,proxylessnas_814,29.0451,0.0861416
,proxylessnas_1093,16.766,0.104986
,proxylessnas_487,18.83,0.0834504
,proxylessnas_1227,26.114,0.185363
,proxylessnas_1098,26.1897,0.147542
,proxylessnas_1487,24.1673,0.309869
,proxylessnas_1897,21.8345,0.105502
,proxylessnas_1073,25.3157,0.474318
,proxylessnas_1028,17.253,0.139751
,proxylessnas_1892,20.797,0.0464065
,proxylessnas_1900,14.2477,0.0555299
,proxylessnas_1722,22.4398,0.244473
,proxylessnas_1569,29.2364,0.16557
,proxylessnas_38,22.6917,0.859779
,proxylessnas_1634,20.1315,0.29925
,proxylessnas_800,17.1169,0.0269811
,proxylessnas_1308,15.0119,0.0703825
,proxylessnas_760,21.9495,0.385896
,proxylessnas_227,12.6439,0.160038
,proxylessnas_103,23.2617,0.142921
,proxylessnas_1767,19.2177,0.0522997
,proxylessnas_771,23.3361,0.0824909
,proxylessnas_1231,23.4294,0.0433063
,proxylessnas_1647,17.4913,0.12188
,proxylessnas_1339,21.1689,0.16884
,proxylessnas_1364,24.1628,0.150434
,proxylessnas_490,22.0253,0.0526669
,proxylessnas_968,18.801,0.118616
,proxylessnas_835,15.6487,0.674332
,proxylessnas_1157,18.584,0.562221
,proxylessnas_831,18.4849,0.0184042
,proxylessnas_1317,23.5294,0.296059
,proxylessnas_1048,22.4082,0.0378631
,proxylessnas_1563,15.8835,0.115185
,proxylessnas_683,20.6558,0.0412115
,proxylessnas_1189,10.1178,0.0377229
,proxylessnas_1179,12.3989,0.583858
,proxylessnas_614,18.0887,0.0173512
,proxylessnas_506,15.4352,0.0354226
,proxylessnas_1112,17.5302,0.073428
,proxylessnas_475,17.3536,0.0642892
,proxylessnas_14,24.1906,0.0350298
,proxylessnas_650,16.1626,0.0214263
,proxylessnas_930,33.7704,0.185991
,proxylessnas_1868,30.5052,0.138558
,proxylessnas_933,23.5618,0.0772881
,proxylessnas_534,15.2446,0.0706264
,proxylessnas_181,14.1008,0.0293631
,proxylessnas_1707,16.9962,0.243929
,proxylessnas_1827,9.87348,0.547771
,proxylessnas_885,17.702,0.0277129
,proxylessnas_1549,20.9582,0.0998247
,proxylessnas_283,15.4672,0.121088
,proxylessnas_799,24.4402,0.125336
,proxylessnas_1338,19.6514,0.0375831
,proxylessnas_1759,25.1542,0.0820537
,proxylessnas_1080,16.2456,0.0436838
,proxylessnas_938,26.5042,0.0741373
,proxylessnas_200,22.3993,0.162004
,proxylessnas_1740,24.622,0.0752117
,proxylessnas_1429,19.0125,0.116398
,proxylessnas_1348,23.3002,0.163921
,proxylessnas_387,18.3541,0.092601
,proxylessnas_1298,8.41193,0.421495
,proxylessnas_1247,23.4433,0.0476359
,proxylessnas_191,23.3624,0.192536
,proxylessnas_685,16.7588,0.117057
,proxylessnas_1439,16.9961,0.159434
,proxylessnas_637,19.5728,0.0308077
,proxylessnas_168,21.946,0.18467
,proxylessnas_1045,23.1815,0.0707622
,proxylessnas_510,15.7732,0.0303992
,proxylessnas_149,11.7246,0.0308381
,proxylessnas_1235,22.0454,0.145958
,proxylessnas_878,21.6055,0.140712
,proxylessnas_660,21.049,0.0878806
,proxylessnas_913,24.323,0.173565
,proxylessnas_120,26.0228,0.0592004
,proxylessnas_412,15.1056,0.797868
,proxylessnas_1119,27.2414,0.127015
,proxylessnas_652,22.4729,0.0622374
,proxylessnas_955,17.4792,0.101151
,proxylessnas_1278,11.5708,0.0469875
,proxylessnas_1966,18.6716,0.0729581
,proxylessnas_1282,17.1247,0.0517906
,proxylessnas_753,14.0384,0.0405619
,proxylessnas_182,15.2544,0.0572606
,proxylessnas_1050,21.9816,0.101257
,proxylessnas_559,11.4977,0.0330639
,proxylessnas_1039,21.3593,0.0908633
,proxylessnas_342,25.2256,0.16672
,proxylessnas_507,22.9935,0.136105
,proxylessnas_1615,13.7687,0.279474
,proxylessnas_345,14.9917,0.1665
,proxylessnas_833,22.1802,0.603046
,proxylessnas_1008,19.4049,0.138934
,proxylessnas_1311,18.797,0.0256973
,proxylessnas_302,21.3072,0.0451883
,proxylessnas_1335,22.6437,0.0819109
,proxylessnas_54,20.6043,0.0895051
,proxylessnas_1686,22.0703,0.294482
,proxylessnas_1228,17.9964,0.281733
,proxylessnas_733,22.4954,0.301622
,proxylessnas_960,12.6702,0.173789
,proxylessnas_1778,27.5567,0.16966
,proxylessnas_398,11.8075,0.0136828
,proxylessnas_1389,22.4441,0.113019
,proxylessnas_1411,29.0745,0.102593
,proxylessnas_1938,15.0224,0.916602
,proxylessnas_527,13.2086,0.0314198
,proxylessnas_876,26.0572,0.0438953
,proxylessnas_1763,15.226,0.036111
,proxylessnas_1564,24.6078,0.239506
,proxylessnas_1672,14.7051,0.155696
,proxylessnas_65,18.7663,0.0419636
,proxylessnas_966,17.9802,0.0417165
,proxylessnas_157,21.5797,0.252668
,proxylessnas_937,25.4502,0.0948625
,proxylessnas_329,15.687,0.0817773
,proxylessnas_1875,15.525,0.0357926
,proxylessnas_950,25.6156,0.387707
,proxylessnas_1078,19.4464,0.0976338
,proxylessnas_904,22.6766,0.0568985
,proxylessnas_1216,16.0773,0.122851
,proxylessnas_1905,17.8054,0.160399
,proxylessnas_393,21.4889,0.076093
,proxylessnas_117,21.048,0.0328163
,proxylessnas_1725,18.1956,0.113056
,proxylessnas_1461,23.0726,0.0807528
,proxylessnas_1168,17.3755,0.54707
,proxylessnas_503,15.7399,0.0947918
,proxylessnas_903,17.2543,0.0580888
,proxylessnas_273,16.925,0.175732
,proxylessnas_220,14.5553,0.0325816
,proxylessnas_848,21.0437,0.0336461
,proxylessnas_1046,16.4531,0.048575
,proxylessnas_1880,17.9404,0.035688
,proxylessnas_90,17.8264,0.139053
,proxylessnas_433,16.2405,0.0163505
,proxylessnas_1698,18.2454,0.0712005
,proxylessnas_39,19.3776,0.0820004
,proxylessnas_212,26.0989,0.356091
,proxylessnas_99,25.9387,0.122796
,proxylessnas_788,19.2372,0.983372
,proxylessnas_1974,13.9489,0.0312829
,proxylessnas_389,16.2203,0.118044
,proxylessnas_606,21.316,0.138501
,proxylessnas_1428,18.3257,0.0906493
,proxylessnas_580,25.2533,0.0677322
,proxylessnas_253,20.8794,0.0905032
,proxylessnas_1505,15.5088,0.075396
,proxylessnas_808,17.2678,0.0662971
,proxylessnas_752,19.1191,0.203773
,proxylessnas_1809,12.8002,0.0332103
,proxylessnas_1705,18.4718,0.0471426
,proxylessnas_1368,17.2058,0.0388652
,proxylessnas_413,14.5306,0.0270042
,proxylessnas_226,10.059,0.566118
,proxylessnas_1891,12.4412,0.367228
,proxylessnas_806,13.6335,0.361157
,proxylessnas_284,39.7189,0.0927827
,proxylessnas_1102,22.9292,0.0742944
,proxylessnas_505,12.0376,0.0255496
,proxylessnas_349,22.0286,0.0952576
,proxylessnas_1290,24.1483,0.0370811
,proxylessnas_1655,16.7168,0.130076
,proxylessnas_922,23.5651,0.130288
,proxylessnas_1085,20.7657,0.0612116
,proxylessnas_152,13.3507,0.471584
,proxylessnas_175,11.976,0.0258793
,proxylessnas_1194,24.6879,0.131047
,proxylessnas_1030,16.3762,0.063681
,proxylessnas_1511,19.5415,0.0291911
,proxylessnas_1370,18.899,0.113644
,proxylessnas_305,17.8141,0.239563
,proxylessnas_1467,14.4304,0.0304805
,proxylessnas_106,20.0328,0.0487933
,proxylessnas_281,19.499,0.160382
,proxylessnas_943,25.4593,0.0640355
,proxylessnas_1723,13.0396,0.0184137
,proxylessnas_1392,17.2689,0.0256139
,proxylessnas_567,14.1442,0.444137
,proxylessnas_92,18.8597,0.0867857
,proxylessnas_1419,15.449,0.0894639
,proxylessnas_343,15.6375,0.143648
,proxylessnas_953,17.8436,0.486646
,proxylessnas_437,19.4813,0.170966
,proxylessnas_615,25.0533,0.408438
,proxylessnas_296,30.4751,0.164465
,proxylessnas_133,17.1628,0.0726254
,proxylessnas_1619,21.4405,0.0558338
,proxylessnas_245,14.9418,0.824794
,proxylessnas_380,26.4872,0.234805
,proxylessnas_1663,20.6572,0.106587
,proxylessnas_1147,16.0868,0.0290965
,proxylessnas_1466,21.6723,0.252696
,proxylessnas_621,9.33091,0.356093
,proxylessnas_1632,12.7815,0.0657999
,proxylessnas_1482,29.0089,0.192147
,proxylessnas_1739,19.1777,0.121317
,proxylessnas_1202,24.5657,0.0506497
,proxylessnas_232,21.9932,0.0818319
,proxylessnas_1384,21.1343,0.143245
,proxylessnas_262,15.0753,0.0336939
,proxylessnas_115,27.3142,0.109522
,proxylessnas_1195,20.4187,0.0376292
,proxylessnas_1853,14.5656,0.0748101
,proxylessnas_1070,18.6044,0.0730478
,proxylessnas_1401,12.4251,0.0959612
,proxylessnas_286,25.2007,0.190643
,proxylessnas_861,11.9685,0.0239026
,proxylessnas_1901,34.6567,0.0972257
,proxylessnas_396,12.222,0.523779
,proxylessnas_944,22.7225,0.0735418
,proxylessnas_836,17.5842,0.0426526
,proxylessnas_1184,16.8912,0.0497297
,proxylessnas_1003,39.9326,0.123037
,proxylessnas_1649,26.1758,0.0609114
,proxylessnas_1762,14.9997,0.169164
,proxylessnas_1882,19.203,0.072347
,proxylessnas_626,14.1787,0.0832774
,proxylessnas_180,35.5213,0.0380086
,proxylessnas_509,18.0391,0.0966954
,proxylessnas_1850,19.8417,0.294102
,proxylessnas_1917,32.0618,0.136118
,proxylessnas_1652,12.8494,0.0321005
,proxylessnas_1548,20.983,0.127505
,proxylessnas_1325,18.977,0.104845
,proxylessnas_47,21.0321,0.0827066
,proxylessnas_252,12.6841,0.0256765
,proxylessnas_1985,21.9076,0.0718212
,proxylessnas_1682,15.3042,0.0481089
,proxylessnas_172,13.6949,0.0314894
,proxylessnas_1863,15.5661,0.0748108
,proxylessnas_1590,12.537,1.24009
,proxylessnas_1454,25.3363,0.091599
,proxylessnas_1484,20.2996,0.0546458
,proxylessnas_63,13.6717,0.129914
,proxylessnas_1720,22.8564,0.0631034
,proxylessnas_781,20.6651,0.273683
,proxylessnas_750,23.293,0.0377534
,proxylessnas_1014,25.6588,0.124658
,proxylessnas_1931,26.7945,0.116144
,proxylessnas_1366,17.5736,0.112001
,proxylessnas_900,10.9937,0.0355628
,proxylessnas_585,22.0962,0.161071
,proxylessnas_225,14.2267,0.101049
,proxylessnas_357,24.0281,0.116655
,proxylessnas_274,20.9862,0.111062
,proxylessnas_1654,12.4244,0.0403098
,proxylessnas_173,21.7391,0.0590641
,proxylessnas_1692,17.8219,0.0575896
,proxylessnas_939,26.5093,0.0782372
,proxylessnas_48,16.9138,0.0479633
,proxylessnas_1481,19.6325,0.115343
,proxylessnas_1426,21.728,0.0559147
,proxylessnas_1877,16.2949,0.57457
,proxylessnas_1741,18.888,0.107687
,proxylessnas_1424,25.521,0.167728
,proxylessnas_1715,18.0442,0.0361591
,proxylessnas_1243,13.4716,0.0947641
,proxylessnas_190,28.1153,0.168176
,proxylessnas_79,24.3088,0.0511685
,proxylessnas_110,21.2395,0.174678
,proxylessnas_78,26.3428,0.105207
,proxylessnas_298,16.3027,0.0818012
,proxylessnas_550,14.1396,0.0906097
,proxylessnas_481,19.1492,0.0542108
,proxylessnas_1471,13.8965,0.0499425
,proxylessnas_1255,22.1271,0.17489
,proxylessnas_367,16.4224,0.0545839
,proxylessnas_1583,24.1745,0.183156
,proxylessnas_954,26.1375,1.06703
,proxylessnas_403,19.8223,0.0354366
,proxylessnas_259,20.456,0.101729
,proxylessnas_1143,12.7449,0.343725
,proxylessnas_1331,20.9923,0.036806
,proxylessnas_1464,25.9469,0.195722
,proxylessnas_1864,19.5651,0.0904196
,proxylessnas_1562,13.2586,0.0972247
,proxylessnas_312,21.9111,0.134138
,proxylessnas_1750,15.555,0.111976
,proxylessnas_1980,18.8076,0.08469
,proxylessnas_1068,18.1148,0.0399456
,proxylessnas_1152,18.1047,0.127383
,proxylessnas_328,22.7221,0.113202
,proxylessnas_595,12.271,0.0311685
,proxylessnas_50,35.1362,0.127124
,proxylessnas_1976,19.6818,0.373211
,proxylessnas_803,13.0839,0.469635
,proxylessnas_1283,17.2301,0.0382457
,proxylessnas_478,18.3453,0.363582
,proxylessnas_870,20.0746,0.060418
,proxylessnas_23,16.8414,0.0249684
,proxylessnas_1022,23.2536,0.11304
,proxylessnas_1848,23.8256,0.0490415
,proxylessnas_1729,15.0447,0.0754598
,proxylessnas_574,16.0908,0.0509214
,proxylessnas_148,25.2737,0.418741
,proxylessnas_358,12.2158,0.732663
,proxylessnas_515,13.6509,0.0354684
,proxylessnas_1627,19.1658,0.0571978
,proxylessnas_122,18.4905,0.0629674
,proxylessnas_1807,12.8143,0.0462163
,proxylessnas_488,21.7649,1.04948
,proxylessnas_649,11.6624,0.047187
,proxylessnas_170,20.3459,0.0367456
,proxylessnas_1605,15.2844,0.14022
,proxylessnas_265,20.9407,0.0702843
,proxylessnas_1538,25.2039,0.0983198
,proxylessnas_890,21.7913,0.120181
,proxylessnas_1697,16.0976,0.208199
,proxylessnas_1710,21.0844,0.110216
,proxylessnas_1261,16.6102,0.0307362
,proxylessnas_1939,16.1076,0.0860724
,proxylessnas_24,17.885,0.0868141
,proxylessnas_350,20.1708,0.0572172
,proxylessnas_1111,11.7935,0.134257
,proxylessnas_1224,22.5831,0.0741208
,proxylessnas_1114,14.3677,0.0313803
,proxylessnas_1777,20.8635,0.0736596
,proxylessnas_596,27.5428,0.113442
,proxylessnas_926,33.0131,0.373576
,proxylessnas_1514,28.4825,0.0947983
,proxylessnas_703,14.6859,0.0318712
,proxylessnas_730,12.6959,0.0327354
,proxylessnas_335,13.2864,0.0292887
,proxylessnas_1181,28.0374,0.358022
,proxylessnas_374,24.9851,0.161388
,proxylessnas_89,21.262,0.14272
,proxylessnas_869,23.0451,0.0744945
,proxylessnas_923,12.598,0.282609
,proxylessnas_560,18.1807,0.152335
,proxylessnas_702,22.0618,0.148742
,proxylessnas_140,16.4548,0.0495135
,proxylessnas_1987,18.8329,0.24999
,proxylessnas_1483,16.6801,0.107827
,proxylessnas_1959,16.033,0.027223
,proxylessnas_95,20.4424,0.33605
,proxylessnas_829,19.554,0.298949
,proxylessnas_1996,22.6439,0.120131
,proxylessnas_872,20.3201,0.153948
,proxylessnas_1188,24.6215,0.0569247
,proxylessnas_1925,13.2982,0.0194805
,proxylessnas_1150,18.1936,0.246822
,proxylessnas_1830,19.8713,0.126455
,proxylessnas_1746,23.1755,0.293404
,proxylessnas_1547,22.6921,0.0661096
,proxylessnas_751,17.4767,0.0664796
,proxylessnas_856,18.9175,0.234554
,proxylessnas_632,25.0202,0.341496
,proxylessnas_1785,16.7657,0.0452585
,proxylessnas_1545,21.8512,0.128052
,proxylessnas_1690,22.0679,0.197669
,proxylessnas_828,17.9376,0.0885733
,proxylessnas_1620,15.0681,0.0610522
,proxylessnas_1036,24.7452,0.0596998
,proxylessnas_418,14.2735,0.143654
,proxylessnas_920,25.5415,0.154331
,proxylessnas_1431,16.8876,0.175415
,proxylessnas_1798,16.4306,0.0213119
,proxylessnas_303,18.6142,0.038018
,proxylessnas_665,12.3219,0.0143965
,proxylessnas_1533,16.8219,0.113615
,proxylessnas_1240,13.2113,0.0755951
,proxylessnas_1233,23.2812,0.0714394
,proxylessnas_1951,16.88,1.46633
,proxylessnas_295,20.7581,0.715977
,proxylessnas_883,18.4381,0.141958
,proxylessnas_1610,23.9119,0.0825469
,proxylessnas_1100,19.0976,0.0194676
,proxylessnas_701,24.2634,0.129716
,proxylessnas_618,19.6841,0.0957483
,proxylessnas_1813,24.8183,0.0524293
,proxylessnas_108,13.6555,0.133507
,proxylessnas_1911,16.2613,0.0844512
,proxylessnas_895,16.4045,0.0768055
,proxylessnas_1934,15.8718,0.0613626
,proxylessnas_1342,22.5641,0.104486
,proxylessnas_820,23.5282,0.085278
,proxylessnas_1032,18.7774,0.567331
,proxylessnas_395,24.0243,0.108258
,proxylessnas_1387,17.1623,0.143767
,proxylessnas_1646,22.8082,0.126895
,proxylessnas_1860,19.9873,0.147796
,proxylessnas_821,21.362,0.906665
,proxylessnas_1480,18.2937,0.154579
,proxylessnas_1644,23.1724,0.100555
,proxylessnas_745,12.3646,0.0434686
,proxylessnas_537,11.9169,0.296985
,proxylessnas_1347,12.9122,0.0499424
,proxylessnas_640,22.4929,0.0441396
,proxylessnas_1069,26.7071,0.0615878
,proxylessnas_495,20.5913,0.0950521
,proxylessnas_880,14.7694,0.0242004
,proxylessnas_613,18.703,0.0400691
,proxylessnas_1373,21.9521,0.0509117
,proxylessnas_1513,23.4998,0.0942607
,proxylessnas_1441,18.504,0.109754
,proxylessnas_635,17.0511,0.0252859
,proxylessnas_1206,21.1193,0.0800541
,proxylessnas_486,16.9292,0.0504259
,proxylessnas_64,18.9357,0.341777
,proxylessnas_863,19.3491,0.115912
,proxylessnas_1680,29.0602,0.328995
,proxylessnas_636,10.903,0.435058
,proxylessnas_31,27.0985,0.198116
,proxylessnas_1146,19.4844,0.126688
,proxylessnas_1291,30.437,0.212192
,proxylessnas_70,35.0111,0.0718033
,proxylessnas_694,22.9087,0.156543
,proxylessnas_1636,16.2529,0.0392624
,proxylessnas_1423,26.4454,0.0362714
,proxylessnas_541,24.1077,0.0504735
,proxylessnas_1516,21.115,0.146868
,proxylessnas_936,21.3113,0.139601
,proxylessnas_1639,19.4798,0.281991
,proxylessnas_566,23.5831,0.137503
,proxylessnas_1593,18.4125,0.581389
,proxylessnas_862,25.5681,0.0862971
,proxylessnas_1888,14.0236,0.0520047
,proxylessnas_390,20.9522,0.0572894
,proxylessnas_526,25.5471,0.0983863
,proxylessnas_813,16.1675,0.0641109
,proxylessnas_1965,22.7455,0.103985
,proxylessnas_420,11.5634,0.0235755
,proxylessnas_1053,21.5314,0.16559
,proxylessnas_1127,23.1521,0.0999849
,proxylessnas_19,33.3276,0.28282
,proxylessnas_1857,26.281,0.103941
,proxylessnas_1602,17.0678,0.954923
,proxylessnas_1090,13.8936,0.0384552
,proxylessnas_3,14.2887,0.288289
,proxylessnas_902,27.9733,0.0474494
,proxylessnas_1371,14.3193,0.971007
,proxylessnas_513,24.5525,0.122354
,proxylessnas_641,18.8301,0.791493
,proxylessnas_512,18.9682,0.16364
,proxylessnas_1824,16.5093,0.047459
,proxylessnas_1488,18.4114,0.0361075
,proxylessnas_36,23.7135,0.267839
,proxylessnas_471,24.4645,0.116782
,proxylessnas_1141,28.6847,0.0779262
,proxylessnas_445,22.309,1.24616
,proxylessnas_1581,23.1346,0.353735
,proxylessnas_198,19.1824,0.0525664
,proxylessnas_229,23.1892,0.0640366
,proxylessnas_642,18.6038,0.0404393
,proxylessnas_1518,21.2701,0.147029
,proxylessnas_228,26.7484,0.191466
,proxylessnas_1468,18.8976,0.0332171
,proxylessnas_67,26.2819,0.535817
,proxylessnas_1357,14.8285,0.016062
,proxylessnas_382,17.4428,0.0631679
,proxylessnas_748,22.2743,0.0665528
,proxylessnas_426,20.7775,0.0830227
,proxylessnas_605,21.42,0.0937761
,proxylessnas_1309,17.942,0.0604975
,proxylessnas_740,16.1065,0.0376477
,proxylessnas_479,17.6314,0.159055
,proxylessnas_586,23.7633,0.114037
,proxylessnas_1883,27.3681,0.331826
,proxylessnas_1476,15.5245,0.0968514
,proxylessnas_1906,25.2476,0.104017
,proxylessnas_17,26.5571,0.0953701
,proxylessnas_1843,16.2666,0.103666
,proxylessnas_879,17.1423,0.0390641
,proxylessnas_388,22.5683,0.944339
,proxylessnas_77,20.6151,0.170909
,proxylessnas_494,22.43,0.0768
,proxylessnas_600,25.492,0.105021
,proxylessnas_1212,17.8688,0.120294
,proxylessnas_542,15.9374,0.062542
,proxylessnas_1937,18.0175,0.117328
,proxylessnas_332,16.4418,0.0820157
,proxylessnas_364,23.3508,0.117377
,proxylessnas_353,10.161,0.0275175
,proxylessnas_1312,24.401,0.157292
,proxylessnas_755,25.1876,0.129312
,proxylessnas_1447,28.9616,0.0530558
,proxylessnas_619,20.865,0.104242
,proxylessnas_1833,11.0516,0.0221162
,proxylessnas_169,11.8378,0.0721284
,proxylessnas_1572,17.7889,0.109212
,proxylessnas_448,19.7956,0.0992763
,proxylessnas_354,18.5194,0.055625
,proxylessnas_1006,29.2141,0.138555
,proxylessnas_581,29.1181,0.10266
,proxylessnas_654,25.2022,0.172283
,proxylessnas_1034,25.6848,0.152335
,proxylessnas_1365,10.0566,0.772811
,proxylessnas_514,23.5066,0.124443
,proxylessnas_658,16.9309,0.0584409
,proxylessnas_591,17.0683,0.0355423
,proxylessnas_1953,19.1621,0.0880989
,proxylessnas_993,23.4876,0.140651
,proxylessnas_715,30.7759,0.403306
,proxylessnas_744,20.6573,0.0776327
,proxylessnas_1089,22.1962,0.0990165
,proxylessnas_1418,16.9031,0.0343881
,proxylessnas_1131,24.3736,0.208031
,proxylessnas_603,20.3083,0.129471
,proxylessnas_1941,18.871,0.114198
,proxylessnas_780,13.9535,0.0332477
,proxylessnas_1515,21.5722,0.0691608
,proxylessnas_1027,21.452,0.0664261
,proxylessnas_756,13.5049,0.0479779
,proxylessnas_1144,22.2457,0.198457
,proxylessnas_7,18.3536,0.0653903
,proxylessnas_582,10.6207,0.056173
,proxylessnas_489,30.0894,0.11141
,proxylessnas_455,12.3767,0.0324765
,proxylessnas_1164,11.743,0.497209
,proxylessnas_974,18.7755,0.0700972
,proxylessnas_469,19.8933,0.0276908
,proxylessnas_1269,17.9953,0.100629
,proxylessnas_1799,16.2246,0.698943
,proxylessnas_1094,25.8383,0.0460207
,proxylessnas_948,21.1065,0.0304898
,proxylessnas_1210,17.7154,0.109789
,proxylessnas_458,30.221,0.379322
,proxylessnas_754,16.9702,0.126134
,proxylessnas_826,19.5559,0.041665
,proxylessnas_1586,18.2835,0.646679
,proxylessnas_669,16.4779,0.0276165
,proxylessnas_1790,19.9693,0.117501
,proxylessnas_1818,19.3621,0.114131
,proxylessnas_98,23.2182,0.103273
,proxylessnas_1543,17.5766,0.0342043
,proxylessnas_1871,22.4199,0.200656
,proxylessnas_1904,23.0713,0.0263297
,proxylessnas_768,13.9127,1.09947
,proxylessnas_1678,21.8978,1.26097
,proxylessnas_834,23.2982,0.0984666
,proxylessnas_1803,20.3646,0.0963201
,proxylessnas_556,17.7226,0.0391
,proxylessnas_1326,18.3818,0.0675557
,proxylessnas_816,17.5569,0.10498
,proxylessnas_1908,15.776,0.0602882
,proxylessnas_1358,16.5042,0.107539
,proxylessnas_1328,27.0771,0.178153
,proxylessnas_1369,28.1827,0.116786
,proxylessnas_456,21.5055,0.0513656
,proxylessnas_270,33.239,0.205254
,proxylessnas_709,18.3443,0.0179544
,proxylessnas_866,25.8771,0.100015
,proxylessnas_385,28.3317,0.395712
,proxylessnas_44,18.6217,0.0837525
,proxylessnas_134,30.4105,0.101494
,proxylessnas_969,24.1044,0.40697
,proxylessnas_1444,26.2012,0.154115
,proxylessnas_508,16.5804,0.0344155
,proxylessnas_1656,18.4681,0.170737
,proxylessnas_1040,21.6037,0.0549836
,proxylessnas_543,13.5191,0.026215
,proxylessnas_460,24.5995,0.0567575
,proxylessnas_1660,19.0888,0.122601
,proxylessnas_1761,29.7936,0.147793
,proxylessnas_1320,13.3748,0.690108
,proxylessnas_1902,16.3327,0.0345452
,proxylessnas_1092,12.6539,0.0133029
,proxylessnas_988,20.4627,0.388753
,proxylessnas_846,21.3191,0.172671
,proxylessnas_1229,15.7923,0.0771571
,proxylessnas_961,20.3609,0.0872788
,proxylessnas_105,28.3723,0.189116
,proxylessnas_628,10.2,0.27255
,proxylessnas_476,27.9034,0.215942
,proxylessnas_30,21.0533,0.0637342
,proxylessnas_56,13.7933,0.166523
,proxylessnas_466,19.3967,0.125277
,proxylessnas_1166,23.1132,0.0345703
,proxylessnas_255,29.321,0.281821
,proxylessnas_790,14.5443,0.0485911
,proxylessnas_855,11.7212,0.0405769
,proxylessnas_1879,24.5548,0.123393
,proxylessnas_853,20.6964,0.966086
,proxylessnas_1730,15.7615,0.813937
,proxylessnas_1909,8.29456,0.584687
,proxylessnas_500,28.1047,0.141709
,proxylessnas_1354,28.1402,0.272022
,proxylessnas_1566,19.1863,1.2592
,proxylessnas_1395,14.0243,0.0987419
,proxylessnas_1724,20.359,0.0885745
,proxylessnas_391,22.3483,0.0725081
,proxylessnas_167,16.5069,0.101789
,proxylessnas_852,16.8656,0.0481413
,proxylessnas_287,12.4671,0.0221887
,proxylessnas_239,19.2423,0.102518
,proxylessnas_322,18.4868,0.113762
,proxylessnas_865,19.5316,0.0240675
,proxylessnas_698,16.0515,0.0418885
,proxylessnas_1719,23.4056,0.0619411
,proxylessnas_1972,38.6877,0.382582
,proxylessnas_125,16.011,0.055688
,proxylessnas_763,19.5398,0.0738977
,proxylessnas_1106,17.5697,0.07761
,proxylessnas_706,28.9675,0.153186
,proxylessnas_1163,16.9026,0.0346026
,proxylessnas_1544,20.1385,0.129291
,proxylessnas_417,16.2787,0.0872488
,proxylessnas_764,10.9996,0.0777227
,proxylessnas_793,18.3832,0.0749615
,proxylessnas_817,19.5082,0.126025
,proxylessnas_910,20.523,0.292903
,proxylessnas_29,21.2881,0.0583663
,proxylessnas_81,12.6864,0.119124
,proxylessnas_738,17.4005,0.0991878
,proxylessnas_571,28.935,0.324704
,proxylessnas_158,16.245,0.0388406
,proxylessnas_1814,25.0107,0.179655
,proxylessnas_517,34.2178,0.04546
,proxylessnas_32,15.9548,0.0492092
,proxylessnas_1666,17.0666,0.135321
,proxylessnas_1599,15.4956,0.700082
,proxylessnas_982,17.067,0.458526
,proxylessnas_726,14.5631,0.0138654
,proxylessnas_1062,18.7481,0.0442234
,proxylessnas_1885,23.7699,0.123712
,proxylessnas_1345,16.3545,0.261209
,proxylessnas_13,15.5074,0.0203693
,proxylessnas_663,13.4179,0.62583
,proxylessnas_945,12.2377,0.0189913
,proxylessnas_1946,20.737,0.0427785
,proxylessnas_732,14.591,0.155799
,proxylessnas_1728,18.6381,0.0518177
,proxylessnas_1823,15.1792,0.0676036
,proxylessnas_1193,13.0479,0.0420844
,proxylessnas_1377,29.4476,0.102361
,proxylessnas_378,18.4759,0.0573336
,proxylessnas_213,22.4692,0.187259
,proxylessnas_1404,17.063,0.176841
,proxylessnas_363,19.3237,0.0529363
,proxylessnas_1504,19.909,0.127464
,proxylessnas_1677,16.6657,0.0416425
,proxylessnas_657,9.79055,0.22643
,proxylessnas_313,21.6713,0.0473855
,proxylessnas_143,23.0897,0.111516
,proxylessnas_1153,18.2879,0.0150073
,proxylessnas_1525,24.9467,0.107913
,proxylessnas_196,10.938,1.91566
,proxylessnas_1374,22.1859,0.88919
,proxylessnas_711,14.7017,0.0762914
,proxylessnas_1264,26.0067,0.16862
,proxylessnas_962,24.3898,0.168455
,proxylessnas_139,13.1707,0.536923
,proxylessnas_1635,25.8347,0.259508
,proxylessnas_519,32.332,0.0568063
,proxylessnas_1674,11.8377,0.0175133
,proxylessnas_465,21.4813,0.125109
,proxylessnas_1789,16.4057,0.142182
,proxylessnas_438,21.9662,0.121767
,proxylessnas_207,22.8942,0.121349
,proxylessnas_666,19.3741,0.0672119
,proxylessnas_1668,22.8226,0.0904144
,proxylessnas_1641,15.4144,0.590227
,proxylessnas_132,12.709,0.0550778
,proxylessnas_440,15.8379,1.37917
,proxylessnas_1539,23.5195,0.0741704
,proxylessnas_1458,15.5221,0.097049
,proxylessnas_1211,25.1609,0.0417417
,proxylessnas_235,18.2983,0.10899
,proxylessnas_58,18.0161,0.990642
,proxylessnas_759,22.7724,0.0304538
,proxylessnas_1582,16.4054,0.0906873
,proxylessnas_824,18.2151,0.122798
,proxylessnas_1942,25.9958,0.0475634
,proxylessnas_1038,15.4629,0.10722
,proxylessnas_859,11.2265,0.169641
,proxylessnas_1679,26.2917,0.0964762
,proxylessnas_416,19.1223,0.0648344
,proxylessnas_1158,20.3002,0.0746226
,proxylessnas_1782,14.4966,0.0387255
,proxylessnas_136,19.996,0.0386928
,proxylessnas_341,20.1827,0.0772463
,proxylessnas_551,12.4707,0.0458706
,proxylessnas_1388,17.0637,0.0584318
,proxylessnas_401,22.7025,0.0823866
,proxylessnas_819,13.5021,0.511499
,proxylessnas_1361,19.7411,0.0988539
,proxylessnas_1954,21.3893,0.108524
,proxylessnas_37,13.512,0.531079
,proxylessnas_718,11.0695,0.193783
,proxylessnas_247,17.807,0.147159
,proxylessnas_241,11.5016,0.0361898
,proxylessnas_1029,19.0088,0.0910445
,proxylessnas_1126,14.9717,0.0416385
,proxylessnas_1057,16.0903,0.287386
,proxylessnas_951,13.7888,0.238153
,proxylessnas_749,16.0777,0.0248678
,proxylessnas_1577,16.1354,0.0611303
,proxylessnas_994,15.27,0.0781903
,proxylessnas_1717,15.885,0.138187
,proxylessnas_155,14.1917,1.88235
,proxylessnas_1463,18.01,0.0372288
,proxylessnas_104,25.2379,0.134486
,proxylessnas_1588,15.5892,0.0375108
,proxylessnas_1052,12.9409,0.444184
,proxylessnas_1775,25.5134,0.0703864
,proxylessnas_990,27.3196,0.307694
,proxylessnas_325,16.2313,0.0393072
,proxylessnas_801,14.6367,0.153539
,proxylessnas_775,14.0471,0.350981
,proxylessnas_102,20.6981,0.106767
,proxylessnas_1971,17.3269,0.0781194
,proxylessnas_1630,20.2062,0.188945
,proxylessnas_1932,15.4649,0.0460116
,proxylessnas_1771,17.2181,0.0348031
,proxylessnas_204,27.009,0.160329
,proxylessnas_1272,11.4258,0.327016
,proxylessnas_52,20.0638,0.0584251
,proxylessnas_919,19.4007,0.0439407
,proxylessnas_1819,22.393,0.213043
,proxylessnas_894,26.3835,0.0535653
,proxylessnas_1486,23.1156,0.0913102
,proxylessnas_874,15.839,0.0248317
,proxylessnas_631,17.5114,0.150409
,proxylessnas_912,27.5725,0.127182
,proxylessnas_1893,31.6723,0.275136
,proxylessnas_1438,31.1092,0.111519
,proxylessnas_153,20.8448,0.0392856
,proxylessnas_1208,18.3701,0.0293076
,proxylessnas_565,15.7233,0.0640838
,proxylessnas_592,20.5811,0.0562834
,proxylessnas_1294,22.8117,0.0310719
,proxylessnas_1263,16.9442,0.0294829
,proxylessnas_695,13.1137,0.038365
,proxylessnas_186,28.4537,0.140258
,proxylessnas_864,24.7472,0.208231
,proxylessnas_76,20.8676,0.0913461
,proxylessnas_1297,20.8292,0.0365923
,proxylessnas_1055,19.1805,0.0932451
,proxylessnas_783,21.767,0.057185
,proxylessnas_1379,14.7953,0.0564767
,proxylessnas_272,25.5161,0.14918
,proxylessnas_1970,24.9968,0.109144
,proxylessnas_691,15.853,0.0771561
,proxylessnas_1643,15.0789,0.119249
,proxylessnas_554,19.7492,0.0349367
,proxylessnas_1359,19.9721,0.139371
,proxylessnas_1015,16.4212,0.0653483
,proxylessnas_734,25.7261,0.138321
,proxylessnas_1346,22.2963,0.195285
,proxylessnas_839,22.7504,0.0509747
,proxylessnas_906,16.4881,0.0462287
,proxylessnas_792,29.5564,0.0659952
,proxylessnas_215,17.4751,0.0243768
,proxylessnas_113,13.7032,0.0657346
,proxylessnas_1793,16.4571,0.0421973
,proxylessnas_1253,27.4516,0.0989029
,proxylessnas_1460,17.7421,0.0363011
,proxylessnas_1340,22.4723,0.133558
,proxylessnas_522,10.6252,0.0139202
,proxylessnas_1878,14.5019,0.0398098
,proxylessnas_131,21.9408,0.104968
,proxylessnas_482,21.7103,0.110353
,proxylessnas_625,23.4877,0.268863
,proxylessnas_911,15.2447,0.232903
,proxylessnas_1626,12.1243,0.738495
,proxylessnas_1061,22.4751,1.02973
,proxylessnas_1585,17.7937,0.0576503
,proxylessnas_932,23.2205,0.0791666
,proxylessnas_1287,19.5731,0.437609
,proxylessnas_588,18.6279,0.23447
,proxylessnas_1479,12.9528,0.079864
,proxylessnas_893,14.971,0.0625353
,proxylessnas_921,12.3716,0.0542496
,proxylessnas_1128,19.3946,0.0959041
,proxylessnas_1010,25.4922,0.064039
,proxylessnas_1601,24.1244,0.047165
,proxylessnas_84,15.2044,0.280286
,proxylessnas_194,20.0773,0.130979
,proxylessnas_193,14.9625,0.0481374
,proxylessnas_474,23.3366,0.0641268
,proxylessnas_629,22.7723,0.0655894
,proxylessnas_1988,16.0506,1.39293
,proxylessnas_1804,13.1169,0.0205155
,proxylessnas_825,17.8618,0.0863536
,proxylessnas_1313,12.9403,0.0355056
,proxylessnas_1637,23.1311,0.0660165
,proxylessnas_1964,30.0541,0.0705383
,proxylessnas_1815,24.4854,0.130478
,proxylessnas_687,14.2976,0.0594197
,proxylessnas_1490,33.5451,0.0733371
,proxylessnas_1067,11.9224,0.033852
,proxylessnas_87,29.155,0.401877
,proxylessnas_174,18.1711,0.0202777
,proxylessnas_371,30.0746,0.141373
,proxylessnas_708,17.3547,0.369471
,proxylessnas_1708,10.6429,0.512865
,proxylessnas_791,16.6453,0.0482544
,proxylessnas_1604,13.382,0.14214
,proxylessnas_1747,22.5373,0.136982
,proxylessnas_485,13.2759,0.0470931
,proxylessnas_406,25.5392,0.0804455
,proxylessnas_118,17.9706,0.486702
,proxylessnas_548,21.4299,0.092698
,proxylessnas_1852,15.3008,0.118217
,proxylessnas_244,22.5907,0.0651171
,proxylessnas_246,23.0984,0.0541095
,proxylessnas_405,22.7926,0.0777655
,proxylessnas_442,18.3735,0.0309398
,proxylessnas_1742,18.3891,0.361481
