0,resnet18_500,30.615276399999996,0.029632151885948428
0,resnet18_502,138.371395,0.05127495888517124
0,resnet18_503,102.90569099999999,0.35202095565689717
0,resnet18_504,81.414972,0.05151270491262907
0,resnet18_505,110.479694,0.27464606131809605
0,resnet18_506,50.8088393,0.03719752013749918
0,resnet18_507,22.890290499999995,0.045182704774050834
0,resnet18_508,79.1659545,0.05057056814971081
0,resnet18_509,67.467064,0.12298097625216632
0,resnet18_510,44.47720850000001,0.03726190260022223
0,resnet18_511,92.626289,0.28058381896049694
0,resnet18_512,44.887226500000004,0.041425949253663996
0,resnet18_513,60.4280249,0.04420471896636788
0,resnet18_514,82.54581700000003,0.26694876210816076
0,resnet18_515,34.7086369,0.05592081257532766
0,resnet18_516,99.98864579999999,0.27411869727012056
0,resnet18_517,60.662484,0.14352627988643268
0,resnet18_518,127.2874163,0.26315998811681873
0,resnet18_519,74.67439300000002,0.10952679671794478
0,resnet18_520,46.45545619999999,0.03356392925963332
0,resnet18_521,53.395524200000004,0.11192384213925152
0,resnet18_522,53.1595471,0.034916748053110507
0,resnet18_523,38.20240170000001,0.0254615495391679
0,resnet18_524,50.331482400000006,0.03834280066175647
0,resnet18_525,51.31122140000001,0.030306378630327462
0,resnet18_526,86.15194500000001,0.15409667796832838
0,resnet18_527,69.98504799999999,0.05007997556114818
0,resnet18_528,127.91079200000001,0.0696312001383539
0,resnet18_529,45.7550339,0.05378878133867157
0,resnet18_530,100.56224500000002,0.29084901975796734
0,resnet18_531,96.812249,0.058559949026228665
0,resnet18_532,127.98451800000001,1.2997430294809225
0,resnet18_533,48.27450509999999,0.028417565892968823
0,resnet18_534,61.8761612,0.047920517206609
0,resnet18_535,76.35589499999999,0.06223740518954256
0,resnet18_536,84.60582520000001,0.05665474629044541
0,resnet18_537,42.5263168,0.03480880727496993
0,resnet18_538,59.47698959999999,0.15745018337596847
0,resnet18_539,38.6367557,0.028582498394652517
0,resnet18_540,95.8196974,0.055805712435995754
0,resnet18_541,72.61478500000001,0.19711383260023113
0,resnet18_542,182.86390099999997,0.38621768067304785
0,resnet18_543,79.59924129999999,0.03990803428857904
0,resnet18_544,62.65800510000001,0.04211001208166889
0,resnet18_545,59.1382306,0.044057094358400536
0,resnet18_546,98.04640999999997,0.1950410281065656
0,resnet18_547,104.431309,0.2916469401416161
0,resnet18_548,71.46233000000001,0.04327366150041154
0,resnet18_549,86.676968,0.05186112123781838
0,resnet18_550,23.794980999999993,0.02997096406912531
0,resnet18_551,52.487945100000005,0.03727849674557336
0,resnet18_552,113.63641050000001,0.06718137705648625
0,resnet18_553,49.662276000000006,0.0393018914253589
0,resnet18_554,82.66287299999999,0.04196695214715264
0,resnet18_555,40.3845823,0.031629927047044114
0,resnet18_556,123.959393,0.055656711753793005
0,resnet18_557,34.402674,0.025793645158654413
0,resnet18_558,65.30178000000001,0.06579564365199264
0,resnet18_559,120.868596,1.3632835371097152
0,resnet18_560,159.41939200000002,0.3031964043026495
0,resnet18_561,41.2244169,0.14031349941120308
0,resnet18_562,73.98641690000001,0.03985924695585776
0,resnet18_563,32.1212973,0.025323748441520133
0,resnet18_564,71.80809299999999,0.23442446279700968
0,resnet18_565,47.9853783,0.05403275288041838
0,resnet18_566,60.303775,0.04057197525305105
0,resnet18_567,83.59288089999998,0.06593401603364363
0,resnet18_568,161.950302,1.399594751041121
0,resnet18_569,92.504178,0.05208177348108118
0,resnet18_570,50.9854406,0.09745484654397031
0,resnet18_571,63.9824528,0.05067202936677825
0,resnet18_572,81.412587,0.207210706784359
0,resnet18_573,39.47287590000001,0.04018078634384863
0,resnet18_574,24.3755994,0.06138222581384847
0,resnet18_575,33.004555999999994,0.03269720525166579
0,resnet18_576,30.88618090000001,0.02872116042049313
0,resnet18_577,69.89696529999999,0.03869361601434336
0,resnet18_578,43.51659790000001,0.0397529138200057
0,resnet18_579,54.479784900000006,0.2283722074222217
0,resnet18_580,54.609192600000014,0.03729135029724796
0,resnet18_581,57.4761498,0.030865941738913806
0,resnet18_582,60.303685900000005,0.260640416418179
0,resnet18_583,34.7611,0.029175455506457816
0,resnet18_584,89.081094,0.05276853540399508
0,resnet18_585,59.4160735,0.03958308927202742
0,resnet18_586,65.12751630000001,0.03579639264443209
0,resnet18_587,39.27659440000001,0.034880092182066044
0,resnet18_588,41.9393873,0.02734119622875715
0,resnet18_589,71.341909,0.31902116542992287
0,resnet18_590,43.0401299,0.06743367756147624
0,resnet18_591,112.834958,0.059809622845816375
0,resnet18_592,65.5024628,0.15657519342245738
0,resnet18_593,72.83089869999999,0.06343574059482823
0,resnet18_594,88.92034600000001,0.06028491741635709
0,resnet18_595,54.54634200000001,0.04042289393086931
0,resnet18_596,46.1017939,0.05683345351492457
0,resnet18_597,52.624607499999996,0.033252972025214315
0,resnet18_598,26.762300800000002,0.01776912806265502
0,resnet18_599,55.1830967,0.05075489235857729
0,resnet18_600,34.31303830000001,0.06462503801700557
0,resnet18_601,63.777886300000006,0.11946637192956434
0,resnet18_602,69.9029688,0.24266667886595925
0,resnet18_603,94.727385,0.04844089879312212
0,resnet18_604,107.92955219999999,0.2883279933559517
0,resnet18_605,71.1669739,0.2916283526360309
0,resnet18_606,70.4376727,0.2872295956240099
0,resnet18_607,98.43584399999999,0.06148342359299069
0,resnet18_608,76.63787640000001,0.24583750829682952
0,resnet18_609,53.433276799999994,0.04399478228842416
0,resnet18_610,73.12915089999998,0.06116835422416725
0,resnet18_611,113.86894699999999,0.22714547677314112
0,resnet18_612,69.24917500000001,0.045018590133492194
0,resnet18_613,88.76663700000002,0.8093213267356657
0,resnet18_614,69.6612828,0.04191250766492267
0,resnet18_615,93.96505489999998,0.9715024043203169
0,resnet18_616,41.119630900000004,0.033857477247832564
0,resnet18_617,20.4810267,0.02492167181662472
0,resnet18_618,83.4065097,0.04326214337706653
0,resnet18_619,107.5693195,0.0745282738217214
0,resnet18_620,38.1039382,0.036615386181255136
0,resnet18_621,37.1537278,0.023039724523423673
0,resnet18_622,58.45292059999999,0.04880836885177094
0,resnet18_623,50.6674088,0.17984773117114042
0,resnet18_624,79.607688,0.05903460524355186
0,resnet18_625,94.4653101,0.18077934404030815
0,resnet18_626,68.331066,0.03342974669175584
0,resnet18_627,110.63671830000001,0.9787186364240291
0,resnet18_628,68.99566099999998,0.13525180455173527
0,resnet18_629,65.9357353,0.07268784603568083
0,resnet18_630,141.439924,0.3216811258113315
0,resnet18_631,45.1948816,0.034342942190780636
0,resnet18_632,108.9316585,1.306867484417471
0,resnet18_633,76.78456999999997,0.044352142645517144
0,resnet18_634,96.86250739999998,0.05828170953142801
0,resnet18_635,60.993084100000004,0.055308584787076884
0,resnet18_636,87.06137830000002,0.29641347265709683
0,resnet18_637,76.79094199999999,0.24811490557149646
0,resnet18_638,68.820052,0.049381460967997656
0,resnet18_639,116.8369273,1.3800500892779428
0,resnet18_640,35.2809783,0.0456346746791494
0,resnet18_641,39.575834099999994,0.022243552069632674
0,resnet18_642,74.07038150000001,0.11095080904453786
0,resnet18_643,142.524853,0.07037215791085219
0,resnet18_644,74.2743961,0.13557546089484812
0,resnet18_645,69.7821085,0.04877758298705047
0,resnet18_646,79.5833813,0.05453953424219801
0,resnet18_647,58.1235882,0.04267070286447482
0,resnet18_648,105.78820899999997,0.05207538712258221
0,resnet18_649,70.8161231,0.20728874736388586
0,resnet18_650,54.264685899999996,0.26126159237606517
0,resnet18_651,55.6351595,0.10479147288388113
0,resnet18_652,113.67816239999999,0.06070485363858284
0,resnet18_653,37.5923299,0.025585733340895235
0,resnet18_654,178.89985900000002,0.3653894664503261
0,resnet18_655,96.52039400000001,0.2683635391094956
0,resnet18_656,45.65145820000001,0.020954907673130633
0,resnet18_657,34.35328399999999,0.026798731011081742
0,resnet18_658,123.44116299999999,0.18224610870609037
0,resnet18_659,51.774201999999995,0.03533462210403533
0,resnet18_660,110.35888700000001,0.19447610133766488
0,resnet18_661,87.36934699999999,0.050161747199448534
0,resnet18_662,52.6174644,0.07580471304181975
0,resnet18_663,20.0926911,0.03465940715720579
0,resnet18_664,81.28210310000001,0.28411645334386015
0,resnet18_665,50.94731910000001,0.06398647379406784
0,resnet18_666,55.90887060000001,0.04563856097994052
0,resnet18_667,54.1574628,0.0348291616989169
0,resnet18_668,124.2754847,0.20888885359658615
0,resnet34_500,73.97920749999999,0.03823718145755117
0,resnet34_501,178.81045100000006,0.3304106147378651
0,resnet34_502,69.6651899,0.07703131530506388
0,resnet34_503,87.4081599,0.07929430127505296
0,resnet34_504,92.71250429999998,0.16969148571749795
0,resnet34_505,214.86364600000005,0.06761238070397702
0,resnet34_506,248.42093899999998,1.3689124138732554
0,resnet34_507,258.7736193,1.6717122253547774
0,resnet34_508,142.46416899999997,0.06111299251228908
0,resnet34_509,199.02571200000006,0.05802935449583253
0,resnet34_510,93.76816760000003,0.08036102855327552
0,resnet34_511,59.91342370000001,0.08080247018997914
0,resnet34_512,213.68715899999998,0.43801077993959303
0,resnet34_513,126.76772120000003,0.28566749234775984
0,resnet34_514,161.959833,1.3575506719876096
0,resnet34_515,163.36564799999994,0.0678958719298608
0,resnet34_516,119.75496930000003,0.19866966466715724
0,resnet34_517,79.88527839999999,0.08720853413433002
0,resnet34_518,134.32495310000004,0.15544783927026584
0,resnet34_519,129.71103779999996,0.06598052393896206
0,resnet34_520,190.81464370000003,0.4022407641805075
0,resnet34_521,99.88057780000001,0.09494085668361801
0,resnet34_522,153.402902,0.0590269866219215
0,resnet34_523,162.95166299999997,0.5010125046628267
0,resnet34_524,216.15168900000003,1.346657006091038
0,resnet34_525,243.06690589999997,0.10414780468085477
0,resnet34_526,173.2958691,0.06080102352505437
0,resnet34_527,138.627354,0.08191757873346965
0,resnet34_528,62.86541220000002,0.05983414088340298
0,resnet34_529,239.38786100000004,0.7180525106678851
0,resnet34_530,171.17872370000003,0.516216854268466
0,resnet34_531,286.40455200000014,0.575862144110103
0,resnet34_532,62.4306119,0.034532350325775486
0,resnet34_533,115.72611780000003,0.04853413691468098
0,resnet34_534,161.10667999999995,0.39188140395216986
0,resnet34_535,164.88296800000003,0.051378731409871314
0,resnet34_536,81.80257340000001,0.05425552211553585
0,resnet34_537,74.35081929999997,0.05926109694063468
0,resnet34_538,102.88702999999997,0.047553639677471594
0,resnet34_539,143.24768619999998,0.5136675552625443
0,resnet34_540,138.24495299999998,0.06559305719502789
0,resnet34_541,166.01543399999997,0.3296704228527088
0,resnet34_542,201.71785969999996,1.9786758388290726
0,resnet34_543,77.62305860000001,0.28235379204833827
0,resnet34_544,106.2831954,0.0521747267347499
0,resnet34_545,169.31159710000003,1.0117647711113633
0,resnet34_546,219.39585900000006,0.07781115576952446
0,resnet34_547,60.7823811,0.08809681094285417
0,resnet34_548,163.07835300000002,0.316342323643786
0,resnet34_549,145.46827800000003,0.49211826743791925
0,resnet34_550,155.4752393,0.08416002429998902
0,resnet34_551,137.6857341,0.06403667415660967
0,resnet34_552,163.286772,0.0887973736623719
0,resnet34_553,196.38980400000003,0.5087183374012689
0,resnet34_554,77.85040479999999,0.0581049589553199
0,resnet34_555,192.61933799999997,0.06732877455683638
0,resnet34_556,141.43987539999998,0.5064030896822289
0,resnet34_557,74.83425519999999,0.041080301719540926
0,resnet34_558,144.746929,0.09008192686432336
0,resnet34_559,158.7720375,0.0937978998434738
0,resnet34_560,79.01644040000002,0.04148827527377345
0,resnet34_561,159.22267619999997,0.544646481384234
0,resnet34_562,46.258452,0.03155640528392437
0,resnet34_563,167.0250797,0.06215105651393863
0,resnet34_564,73.14170320000001,0.03993063994220143
0,resnet34_565,154.77717720000004,0.049963166453233336
0,resnet34_566,49.96161120000001,0.044936428927595966
0,resnet34_567,183.47618099999997,0.2892624035329019
0,resnet34_568,108.67326949999998,0.06558411655743318
0,resnet34_569,55.839153599999975,0.03610455893052018
0,resnet34_570,136.94626569999997,0.08245419049841245
0,resnet34_571,262.20424,0.08363794131664476
0,resnet34_572,194.97799599999996,0.07575839990393804
0,resnet34_573,152.53582820000003,0.08531540870096446
0,resnet34_574,184.55392600000002,0.09777313459905053
0,resnet34_575,208.24373889999998,1.1910629928277905
0,resnet34_576,178.03156400000003,0.16420117498804263
0,resnet34_577,171.23379000000006,0.340207773978197
0,resnet34_578,119.76705499999997,0.1057456656190319
0,resnet34_579,185.7300907,0.07710495275169034
0,resnet34_580,66.2678901,0.037854366568263915
0,resnet34_581,66.93721609999999,0.052412481105903845
0,resnet34_582,91.4750176,0.33528671672528576
0,resnet34_583,184.6661165,0.09077296190903315
0,resnet34_584,59.688048499999994,0.0824218663741964
0,resnet34_585,121.74369710000003,0.061258364032227466
0,resnet34_586,224.01278799999997,0.07810513429203868
0,resnet34_587,108.75509850000002,0.08348539324530367
0,resnet34_588,194.08082999999996,0.5198339310899086
0,resnet34_589,54.51244219999998,0.05471028619630755
0,resnet34_590,109.69247830000002,0.06831773728713794
0,resnet34_591,101.2043016,0.08192883303014901
0,resnet34_592,263.475941,1.670699941678054
0,resnet34_593,142.91710160000002,0.06912326968757046
0,resnet34_594,140.32241299999998,0.25525672908445685
0,resnet34_595,85.32653710000001,0.06059908080707278
0,resnet34_596,254.03989099999995,1.425944235783124
0,resnet34_597,101.17526689999997,0.04372785326194881
0,resnet34_598,142.801255,0.05531348800630639
0,resnet34_599,131.8487673,0.09147507860746623
0,resnet34_600,52.50406029999999,0.034134192569017265
0,resnet34_601,125.18760130000003,0.0706337204908794
0,resnet34_602,157.39837699999998,0.07025101908642611
0,resnet34_603,109.12660269999998,0.07417397806891039
0,resnet34_604,84.82773530000001,0.03454963029818005
0,resnet34_605,109.46761480000002,0.059537109798502005
0,resnet34_606,157.2090344,0.06206508031867435
0,resnet34_607,105.84134239999999,0.0778484573551416
0,resnet34_608,82.23491880000002,0.05392975940831333
0,resnet34_609,110.16550299999996,0.05540017821775306
0,resnet34_610,174.53620569999998,0.05630479777804707
0,resnet34_611,167.106588,0.34819682275253183
0,resnet34_612,129.24801799999997,0.5643426355195255
0,resnet34_613,60.09036569999998,0.03530152181421431
0,resnet34_614,134.12088130000004,0.05362272434082121
0,resnet34_615,217.99669089999998,1.8485574582912394
0,resnet34_616,129.629384,0.05168180590336038
0,resnet34_617,112.74245540000001,0.08950008288934932
0,resnet34_618,249.71365500000002,0.5832376729211445
0,resnet34_619,153.42337200000003,0.04700487700196969
0,resnet34_620,142.5738529,0.5287256270616797
0,resnet34_621,290.411155,0.5533560863697478
0,resnet34_622,127.3859276,0.06047249967009117
0,resnet34_623,213.285133,0.08826625605303455
0,resnet34_624,96.38896460000001,0.06649050744840843
0,resnet34_625,159.1072354,1.3441514700096029
0,resnet34_626,154.761977,0.2509884175439062
0,resnet34_627,208.1926971,0.619196310440901
0,resnet34_628,104.9103755,0.0776076205857093
0,resnet34_629,116.657587,0.05111373302368475
0,resnet34_630,232.04600100000002,0.4770447320088413
0,resnet34_631,78.43762210000001,0.04260272266187457
0,resnet34_632,99.55761899999999,0.04528840199964151
0,resnet34_633,120.37432400000002,0.20876738836790384
0,resnet34_634,62.87481240000001,0.056139976409216044
0,resnet34_635,83.74705890000001,0.06751294384579011
0,resnet34_636,147.66953329999998,0.05933441321368064
0,resnet34_637,173.00666909999998,0.0709015234049833
0,resnet34_638,70.5721864,0.035430729448281184
0,resnet34_639,137.82721429999998,0.34269559650714365
0,resnet34_640,42.980358599999995,0.08712958192768262
0,resnet34_641,165.4189489,0.06258811968675046
0,resnet34_642,146.6616318,0.12856983606705463
0,resnet34_643,81.32366019999999,0.047735957894659675
0,resnet34_644,119.20944200000001,0.04435249037185767
0,resnet34_645,172.9409241,0.07967323203452147
0,resnet34_646,111.85763239999999,0.338501240049012
0,resnet34_647,75.84258459999998,0.11544738121244964
0,resnet34_648,241.07729300000003,0.23494935062400904
0,resnet34_649,182.44216089999998,0.9074207903458456
0,resnet34_650,88.36156319999998,0.05225574276893926
0,resnet34_651,63.77357979999999,0.039347655721888794
0,resnet34_652,132.2035552,0.32184752713839204
0,resnet34_653,151.69635199999996,0.059900027068508915
0,resnet34_654,74.30374239999999,0.03534621048236153
0,resnet34_655,80.48633169999995,0.04006682346674346
0,resnet34_656,190.40592190000004,0.06443596284675662
0,resnet34_657,179.1478743,0.07397826085006864
0,resnet34_658,72.57852319999999,0.10503993664182548
0,resnet34_659,150.15676000000002,0.05085717520731559
0,resnet34_660,136.25904830000002,0.0918666131598281
0,resnet34_661,174.24745500000003,0.05335176554927588
0,resnet34_662,137.3652355,0.06934151618013555
0,resnet34_663,172.97502900000003,0.5127113485176911
0,resnet34_664,204.72195999999997,1.275199160558522
0,resnet34_665,103.55096429999999,0.07185176597740883
0,resnet34_666,122.07983440000001,0.28679972615209065
0,resnet34_667,111.0211865,0.06994426850293212
0,resnet34_668,230.84444900000005,0.15445184308474078
0,resnet50_500,62.019639000000005,0.16231653153771924
0,resnet50_501,45.094415000000005,0.2662430095219362
0,resnet50_502,20.898119790000003,0.04908121134244941
0,resnet50_503,33.23351,0.14243247947681087
0,resnet50_504,14.034758100000001,0.02463924535921991
0,resnet50_505,23.683894500000015,0.08227940938565254
0,resnet50_506,24.2385418,0.0740089384836611
0,resnet50_507,36.894286099999995,0.08322409272505864
0,resnet50_508,28.0182833,0.12551930326198804
0,resnet50_509,43.491994300000016,0.10033515342062331
0,resnet50_510,49.89702700000001,0.24801045901018662
0,resnet50_511,32.384969999999996,0.0651236653590066
0,resnet50_512,27.9712734,0.048021343016083434
0,resnet50_513,46.867201599999994,0.13753290589682682
0,resnet50_514,26.46834107999999,0.19772114368402702
0,resnet50_515,43.0849981,0.09915134396648122
0,resnet50_516,20.492254099999993,0.03288221215628068
0,resnet50_517,30.871377999999996,0.07191418617677439
0,resnet50_518,33.3746547,0.09057908933637976
0,resnet50_519,38.17434809999998,0.27027867396410615
0,resnet50_520,19.6430725,0.051441221198223745
0,resnet50_521,37.127549200000004,0.08476426400472123
0,resnet50_522,49.067853899999996,0.20305360556089974
0,resnet50_523,39.9285045,0.13516900613864186
0,resnet50_524,58.973154300000004,0.2860967179424511
0,resnet50_525,29.533083699999985,0.0590863742656364
0,resnet50_526,50.22245710000001,0.11756296765859015
0,resnet50_527,29.155598000000005,0.0638500043191298
0,resnet50_528,40.98835669999999,0.15598659704873022
0,resnet50_529,40.8788691,0.30509697642754546
0,resnet50_530,40.117235,0.07211058776874013
0,resnet50_531,18.999209300000008,0.06219899842413094
0,resnet50_532,28.9767361,0.05704825695962809
0,resnet50_533,25.344569040000003,0.14541185812118415
0,resnet50_534,20.670589599999996,0.040436647552735315
0,resnet50_535,23.464904100000002,0.042169517873848726
0,resnet50_536,40.29044689999999,0.06151164517444893
0,resnet50_537,23.226175,0.05485621316818197
0,resnet50_538,16.388300000000005,0.10329972711620498
0,resnet50_539,17.953537200000003,0.025006840912773602
0,resnet50_540,34.3282385,0.08609186128791174
0,resnet50_541,19.501264700000004,0.04364790162684885
0,resnet50_542,37.54851359999999,0.08749730956446133
0,resnet50_543,11.023763180000003,0.033630839156542226
0,resnet50_544,22.2532916,0.06704774046345338
0,resnet50_545,74.8458636,0.20109753159290233
0,resnet50_546,14.281092600000001,0.05684149099277116
0,resnet50_547,38.93411670000001,0.2775107484912323
0,resnet50_548,20.851240600000004,0.04961380731400453
0,resnet50_549,20.737165400000006,0.07510578706696144
0,resnet50_550,27.585555100000004,0.054359626124159156
0,resnet50_551,22.478400299999997,0.051569645957703775
0,resnet50_552,28.397436699999993,0.09741115276593086
0,resnet50_553,23.92062240000001,0.055960851561339224
0,resnet50_554,13.400684600000002,0.04121431660906449
0,resnet50_555,38.8835263,0.09604167008658414
0,resnet50_556,37.873540299999995,0.12410917072752378
0,resnet50_557,27.212165500000005,0.03937842290954546
0,resnet50_558,20.19599865,0.04497564722397493
0,resnet50_559,22.9582072,0.0680911967527359
0,resnet50_560,39.16647309999999,0.223289933082175
0,resnet50_561,24.6245849,0.07192535436101345
0,resnet50_562,33.043617999999995,0.0646993717530895
0,resnet50_563,23.560907900000004,0.036863343024262925
0,resnet50_564,31.9402707,0.08386042768936738
0,resnet50_565,30.924850699999997,0.05824979226571982
0,resnet50_566,16.618118799999998,0.0640860245775512
0,resnet50_567,18.691877100000006,0.05024558753865516
0,resnet50_568,39.2129676,0.09898515979195266
0,resnet50_569,28.9408696,0.09486064590396157
0,resnet50_570,34.283635700000005,0.0832094253917022
0,resnet50_571,17.1482311,0.033693704771574816
0,resnet50_572,27.500421300000006,0.05958044370252482
0,resnet50_573,40.90445089999999,0.3523754642286807
0,resnet50_574,33.7488802,0.06382154639428879
0,resnet50_575,23.545209000000003,0.055857608545078714
0,resnet50_576,36.09764739999999,0.1131261846775963
0,resnet50_577,27.866943499999994,0.10080333392268824
0,resnet50_578,46.593925,0.09955583355291071
0,resnet50_579,24.736729199999996,0.20394793635632333
0,resnet50_580,41.480166100000005,0.2697848632563033
0,resnet50_581,42.8601923,0.2778833194005297
0,resnet50_582,41.580893399999994,0.20981174729225235
0,resnet50_583,64.71033840000001,0.28745253435169715
0,resnet50_584,35.20957879999999,0.1510782557870739
0,resnet50_585,28.990652599999997,0.06366787456299458
0,resnet50_586,32.924769999999995,0.11814428300293796
0,resnet50_587,10.479972240000002,0.019575806717812626
0,resnet50_588,29.242215600000012,0.09168642158560153
0,resnet50_589,18.243099199999993,0.044390224354343616
0,resnet50_590,37.4216682,0.12499747944018105
0,resnet50_591,25.9120182,0.22852488291384848
0,resnet50_592,24.47549980000001,0.04028659623845405
0,resnet50_593,34.0485517,0.07818396960625107
0,resnet50_594,38.418969100000005,0.33030960589737024
0,resnet50_595,13.8463937,0.023730230543947222
0,resnet50_596,26.390905999999994,0.08464263078352759
0,resnet50_597,32.9124161,0.06150505405052845
0,resnet50_598,19.6887481,0.03867461862185983
0,resnet50_599,25.017789399999998,0.049704235772645475
0,resnet50_600,24.0513678,0.09118105685806871
0,resnet50_601,48.66985100000001,0.08762870342690601
0,resnet50_602,36.19558059999999,0.23679030760851527
0,resnet50_603,44.94828270000001,0.26668901646734167
0,resnet50_604,41.41070539999998,0.0683562241742295
0,resnet50_605,25.635246,0.09493969166653832
0,resnet50_606,35.05841129999999,0.12800107548852419
0,resnet50_607,13.5046203,0.035831829146154626
0,resnet50_608,21.60707159999999,0.029652930234232055
0,resnet50_609,31.084675999999995,0.08034004934512867
0,resnet50_610,68.1951021,0.32201482036044404
0,resnet50_611,24.73962708,0.03641576086768633
0,resnet50_612,19.602968730000004,0.05112757041993677
0,resnet50_613,47.848397999999996,0.11477948095981255
0,resnet50_614,41.0048723,0.08375494926158182
0,resnet50_615,49.420967899999994,0.12459026481116814
0,resnet50_616,35.600033399999994,0.34363124152477487
0,resnet50_617,17.051010799999997,0.0789426012805769
0,resnet50_618,27.869111080000003,0.12894472043048186
0,resnet50_619,32.24162600000001,0.061477793858165125
0,resnet50_620,21.887551500000008,0.04572746102871857
0,resnet50_621,54.3142776,0.22439995337164936
0,resnet50_622,24.2834162,0.0617152111258702
0,resnet50_623,24.797480100000005,0.06389690282666972
0,resnet50_624,12.579276159999996,0.03164882781497435
0,resnet50_625,22.1953553,0.04962854642465427
0,resnet50_626,41.58901499999999,0.17808127774178528
0,resnet50_627,42.250691999999994,0.3436032809289108
0,resnet50_628,24.15867669999999,0.17495273115939416
0,resnet50_629,31.589514,0.07238636675095433
0,resnet50_630,39.19284230000001,0.09858023069434463
0,resnet50_631,36.3079087,0.09799755732095664
0,resnet50_632,45.63321799999999,0.2844899712669144
0,resnet50_633,25.209706100000005,0.05570960415555875
0,resnet50_634,35.13312040000001,0.06238897817634846
0,resnet50_635,15.598706899999998,0.036101572483803024
0,resnet50_636,31.406879999999997,0.21925320905611326
0,resnet50_637,44.141880300000004,0.12145469605617325
0,resnet50_638,26.2732001,0.15426634711590279
0,resnet50_639,15.949841300000005,0.05676386767142725
0,resnet50_640,21.973635799999997,0.03306077913403919
0,resnet50_641,60.4923599,0.11557492584302259
0,resnet50_642,26.77187579,0.08886479849162227
0,resnet50_643,27.677687299999995,0.06624478841569059
0,resnet50_644,11.8629768,0.036247172380768425
0,resnet50_645,28.649067300000002,0.08376814588760072
0,resnet50_646,28.971247999999996,0.06367907279520149
0,resnet50_647,52.4078564,0.1156257343826733
0,resnet50_648,32.730788000000004,0.052470159792595096
0,resnet50_649,29.038886300000005,0.06661652223654928
0,resnet50_650,31.762197999999998,0.06563676823849356
0,resnet50_651,35.636833599999996,0.06508723900221731
0,resnet50_652,32.142611900000006,0.08884008882808138
0,resnet50_653,44.603087499999994,0.22990512115525938
0,resnet50_654,38.160132899999994,0.25387254888339983
0,resnet50_655,26.484182600000008,0.10291353079925447
0,resnet50_656,48.4195134,0.09384797194266341
0,resnet50_657,34.55094800000001,0.07449161139376893
0,resnet50_658,24.1251937,0.1137119438302306
0,resnet50_659,33.30649100000001,0.1705804039005754
0,resnet50_660,40.28802270999999,0.24372228044639266
0,resnet50_661,34.349357399999995,0.10761518729189534
0,resnet50_662,26.969708200000003,0.06771254096186381
0,resnet50_663,32.8037159,0.06788891146049028
0,resnet50_664,29.792123999999998,0.04365346379605365
0,resnet50_665,22.7069553,0.08090779813981232
0,resnet50_666,42.813225400000015,0.19117769143593694
0,resnet50_667,30.346313999999992,0.05714045981286755
0,resnet50_668,34.5401991,0.2924651565165494
0,resnet50_361,42.4164,0.316767
0,resnet18_336,103.297,0.0505362
0,resnet34_199,199.239,1.72859
0,resnet50_370,20.0256,0.0643027
0,resnet34_258,181.577,0.469976
0,resnet18_400,85.2591,0.0448105
0,resnet34_476,116.785,0.0808089
0,resnet50_497,36.0218,0.0980313
0,resnet50_205,28.3606,0.223924
0,resnet18_304,52.0677,0.0527835
0,resnet18_309,74.8039,0.075356
0,resnet50_365,24.0897,0.0866151
0,resnet34_480,158.485,0.382572
0,resnet18_351,47.1646,0.0823912
0,resnet50_488,21.4803,0.0812635
0,resnet34_387,175.446,0.222067
0,resnet50_180,30.1513,0.0709379
0,resnet50_298,37.8239,0.119148
0,resnet50_186,30.5008,0.0668737
0,resnet18_181,63.9355,0.0435805
0,resnet18_143,74.0124,0.0853624
0,resnet50_444,26.0751,0.0554276
0,resnet34_215,88.0756,0.0741882
0,resnet18_489,69.2972,0.104534
0,resnet50_134,25.417,0.0792886
0,resnet18_491,88.1903,0.218192
0,resnet18_397,80.8017,0.0736515
0,resnet18_83,60.3688,0.26567
0,resnet50_355,75.8895,0.355052
0,resnet50_3,21.0784,0.0427902
0,resnet34_334,141.569,0.288872
0,resnet50_83,41.7645,0.180167
0,resnet18_78,69.9847,0.0687148
0,resnet34_229,201.706,0.100702
0,resnet18_461,43.5062,0.0244032
0,resnet34_436,99.8884,0.160853
0,resnet50_169,34.6294,0.2839
0,resnet50_359,36.6063,0.0952228
0,resnet50_337,48.3009,0.347645
0,resnet34_292,157.43,0.0670654
0,resnet34_87,224.016,0.156775
0,resnet50_117,35.7238,0.311079
0,resnet34_219,126.989,0.366769
0,resnet18_282,56.7233,0.0451955
0,resnet50_155,38.3711,0.287963
0,resnet34_404,66.2863,0.0292133
0,resnet50_230,43.981,0.341944
0,resnet50_393,32.7149,0.0783089
0,resnet34_32,286.367,0.572651
0,resnet50_136,15.731,0.0297117
0,resnet18_448,99.4686,0.0682713
0,resnet18_360,108.016,1.24779
0,resnet50_148,52.5612,0.15587
0,resnet34_29,62.8935,0.0868935
0,resnet50_472,41.2313,0.262599
0,resnet18_320,111.044,0.0624013
0,resnet50_28,29.3486,0.126833
0,resnet34_136,83.7598,0.153102
0,resnet50_188,69.1864,0.240712
0,resnet34_58,74.8784,0.0648175
0,resnet34_198,240.322,0.650308
0,resnet34_62,159.202,0.473497
0,resnet34_485,48.9111,0.0299368
0,resnet34_394,126.109,0.040712
0,resnet18_219,81.1875,0.0638348
0,resnet50_397,34.1354,0.119116
0,resnet50_122,54.5487,0.237038
0,resnet18_137,87.2468,0.32238
0,resnet18_4,102.777,0.367609
0,resnet18_312,48.9429,0.042145
0,resnet50_21,19.7193,0.0706909
0,resnet50_271,21.5848,0.087169
0,resnet50_233,27.991,0.123662
0,resnet34_160,150.238,0.0918609
0,resnet18_381,77.6976,0.0830431
0,resnet34_276,91.1429,0.170298
0,resnet34_112,167.195,0.358
0,resnet50_275,44.1342,0.179482
0,resnet50_202,44.8877,0.224266
0,resnet34_202,178.773,0.123613
0,resnet50_493,37.5562,0.153726
0,resnet34_368,66.684,0.0595312
0,resnet50_92,26.0091,0.194466
0,resnet18_41,95.9384,0.0472276
0,resnet18_284,48.1175,0.0657901
0,resnet34_159,72.5919,0.0986072
0,resnet34_107,157.177,0.0844692
0,resnet34_147,111.829,0.360443
0,resnet50_168,30.5778,1.5395
0,resnet18_339,78.0186,0.190741
0,resnet50_214,50.1512,0.286725
0,resnet18_264,67.9209,0.153072
0,resnet50_387,26.2301,0.0566138
0,resnet18_295,113.23,0.125056
0,resnet34_257,210.002,0.511839
0,resnet18_98,52.6869,0.063436
0,resnet34_397,76.5988,0.0868781
0,resnet34_238,180.672,0.100364
0,resnet18_244,59.6695,0.0244986
0,resnet50_360,34.1539,0.105049
0,resnet18_392,61.9551,0.0829056
0,resnet18_22,53.4171,0.111783
0,resnet50_167,42.9145,0.177163
0,resnet34_119,249.763,0.579045
0,resnet34_317,156.708,0.072726
0,resnet34_411,64.5211,0.0791771
0,resnet34_442,119.338,0.0825009
0,resnet18_68,83.727,0.0932932
0,resnet34_288,239.189,1.52788
0,resnet34_36,165.022,0.0665058
0,resnet50_56,39.0991,0.0682192
0,resnet34_495,56.6403,0.0875876
0,resnet18_268,47.0975,0.0707734
0,resnet34_384,114.467,0.112069
0,resnet50_63,33.2526,0.115129
0,resnet34_93,263.208,1.429
0,resnet50_194,45.1795,0.0604612
0,resnet34_243,61.2246,0.0634767
0,resnet50_385,19.6373,0.0451961
0,resnet34_429,95.4764,0.0880017
0,resnet34_108,105.929,0.0589922
0,resnet34_70,55.8943,0.0521217
0,resnet50_131,39.292,0.104726
0,resnet18_480,37.3125,0.0446044
0,resnet50_70,29.1594,0.144375
0,resnet18_39,59.4206,0.139123
0,resnet34_150,182.43,1.11576
0,resnet18_308,44.9218,0.0608115
0,resnet18_165,81.3078,0.0413899
0,resnet18_265,58.4983,0.0488616
0,resnet50_405,28.5604,0.164371
0,resnet50_61,39.2851,0.176394
0,resnet34_124,213.21,0.14284
0,resnet34_467,97.255,0.0792711
0,resnet50_302,37.6642,0.170512
0,resnet50_299,56.4649,0.175441
0,resnet18_267,41.2721,0.0284909
0,resnet18_321,70.055,0.0563898
0,resnet34_304,186.117,0.0814628
0,resnet50_495,28.6163,0.0779831
0,resnet34_194,137.994,0.112903
0,resnet50_327,25.0944,0.152818
0,resnet50_126,22.3562,0.0982183
0,resnet18_333,77.3919,0.0545376
0,resnet34_21,191.077,0.402398
0,resnet50_250,46.7302,0.157369
0,resnet50_321,37.1436,0.0902243
0,resnet34_263,201.489,0.449581
0,resnet18_278,56.139,0.175935
0,resnet50_297,26.7925,0.0540425
0,resnet50_123,24.407,0.0809644
0,resnet34_55,77.899,0.143476
0,resnet18_194,81.4664,0.0764252
0,resnet50_270,13.7828,0.040503
0,resnet18_425,73.4531,0.0921696
0,resnet18_380,82.2632,0.303631
0,resnet50_295,22.8155,0.0508385
0,resnet50_139,26.5475,0.234115
0,resnet34_69,108.677,0.0650156
0,resnet18_463,40.2424,0.0179034
0,resnet34_461,92.0381,0.154578
0,resnet34_310,89.5221,0.0464793
0,resnet18_396,94.6532,0.05937
0,resnet18_61,159.612,0.324417
0,resnet50_175,40.6336,0.214595
0,resnet34_148,75.8787,0.136502
0,resnet18_297,73.4566,0.0712708
0,resnet18_2,41.7933,0.0334829
0,resnet18_26,51.3151,0.0421551
0,resnet50_171,21.596,0.0346291
0,resnet18_174,90.1346,0.0553988
0,resnet50_249,29.6246,0.0983354
0,resnet18_70,92.6003,0.0653482
0,resnet18_19,127.052,0.425797
0,resnet50_23,49.3674,0.229803
0,resnet50_340,27.2639,0.0686512
0,resnet34_302,162.098,0.686345
0,resnet18_240,110.834,0.303812
0,resnet18_457,30.8288,0.0437302
0,resnet18_117,41.1743,0.0337733
0,resnet34_452,133.925,0.356616
0,resnet18_105,107.915,0.344031
0,resnet18_87,65.1667,0.0792941
0,resnet34_35,161.149,0.378991
0,resnet50_96,13.9712,0.0291554
0,resnet18_325,45.9938,0.0355138
0,resnet34_372,122.655,0.0787686
0,resnet50_419,17.3636,0.442539
0,resnet18_402,58.2463,0.0328499
0,resnet50_280,36.5453,0.262235
0,resnet18_493,54.7705,0.0778443
0,resnet34_143,146.667,0.0571726
0,resnet50_364,26.2262,0.057787
0,resnet34_327,204.083,0.543998
0,resnet50_198,19.4415,0.0453424
0,resnet34_6,214.951,0.114583
0,resnet18_364,111.504,0.107246
0,resnet50_218,33.5564,0.115048
0,resnet34_378,174.983,0.16211
0,resnet34_236,155.693,0.299466
0,resnet18_34,48.3486,0.0518671
0,resnet18_359,108.089,0.438424
0,resnet50_258,46.1701,0.136165
0,resnet18_99,26.7871,0.0131934
0,resnet34_388,140.237,0.0738098
0,resnet18_445,46.3111,0.263183
0,resnet34_471,123.77,0.237422
0,resnet50_433,27.9254,0.109036
0,resnet18_27,86.1305,0.0890362
0,resnet34_344,138.381,0.140114
0,resnet18_303,33.3674,0.0679203
0,resnet50_418,32.5897,0.0857435
0,resnet34_17,119.68,0.200463
0,resnet18_81,54.7335,0.0268271
0,resnet50_0,90.0381,0.354586
0,resnet50_72,17.4688,1.0421
0,resnet18_202,54.7327,0.135606
0,resnet34_433,127.316,0.0738734
0,resnet18_106,71.1177,0.295883
0,resnet50_7,24.4021,0.0951665
0,resnet18_59,65.308,0.0769623
0,resnet18_496,58.4931,0.0352205
0,resnet18_211,79.8815,0.16008
0,resnet34_173,72.2297,0.0669491
0,resnet34_441,123.933,0.0434113
0,resnet18_478,64.0258,0.185271
0,resnet18_234,125.835,0.0646307
0,resnet50_486,38.4894,0.0844299
0,resnet50_403,17.5505,0.0452534
0,resnet34_233,80.2159,0.106904
0,resnet50_470,32.1088,0.449805
0,resnet34_251,69.2216,0.0951979
0,resnet50_429,21.2752,0.0655711
0,resnet18_112,113.942,0.214267
0,resnet18_330,59.1463,0.0727568
0,resnet34_60,158.771,0.126385
0,resnet50_406,52.6824,0.365522
0,resnet50_135,35.219,0.0546943
0,resnet50_449,37.3856,0.0880834
0,resnet50_22,37.2772,0.209115
0,resnet18_156,96.5821,0.192353
0,resnet34_343,61.414,0.0891484
0,resnet34_307,87.4158,0.234783
0,resnet50_150,29.1673,0.0516345
0,resnet34_486,170.768,0.134738
0,resnet18_80,54.6481,0.234393
0,resnet18_177,101.832,0.0882037
0,resnet18_409,35.8933,0.0324694
0,resnet50_491,17.612,0.0302664
0,resnet50_379,44.3778,0.206129
0,resnet50_399,36.7686,0.101854
0,resnet50_79,46.7426,0.141175
0,resnet34_340,127.995,0.333724
0,resnet18_67,60.4277,0.0762441
0,resnet18_48,104.515,0.289383
0,resnet50_382,46.941,0.228913
0,resnet34_275,237.882,0.10385
0,resnet18_205,65.2353,0.0767958
0,resnet50_189,19.7978,0.0735424
0,resnet18_166,51.0116,0.101311
0,resnet18_383,74.489,0.0729106
0,resnet34_75,184.579,0.0799917
0,resnet18_292,81.8876,0.0434815
0,resnet18_172,41.5464,0.0457776
0,resnet18_100,55.2177,0.0685751
0,resnet18_74,39.504,0.0474172
0,resnet34_153,132.207,0.323686
0,resnet18_43,183.051,0.296721
0,resnet50_43,37.7761,0.103997
0,resnet50_448,9.7048,0.427604
0,resnet18_293,89.0094,0.069849
0,resnet50_75,33.9046,0.0989199
0,resnet50_38,23.3547,0.0775469
0,resnet50_152,35.871,0.0803527
0,resnet34_447,220.702,0.578699
0,resnet18_247,111.951,0.122949
0,resnet50_430,31.8431,0.193617
0,resnet34_249,166.153,0.104369
0,resnet50_314,28.5482,0.105261
0,resnet34_226,181.541,1.54577
0,resnet34_94,142.954,0.0635176
0,resnet34_497,100.824,0.123342
0,resnet50_41,34.5979,0.151222
0,resnet50_289,43.8077,0.274818
0,resnet34_240,162.15,0.0404292
0,resnet18_255,43.8235,0.104164
0,resnet34_44,77.787,0.277739
0,resnet18_348,79.8276,0.0906478
0,resnet50_31,40.3984,0.130684
0,resnet18_273,133.597,0.285732
0,resnet18_222,47.6184,0.0401047
0,resnet50_201,25.5108,1.23536
0,resnet50_322,44.2789,0.382394
0,resnet34_39,102.924,0.109167
0,resnet18_153,113.763,0.0871469
0,resnet18_17,100.019,0.310845
0,resnet50_244,28.6921,0.0283378
0,resnet18_450,50.766,0.113377
0,resnet18_490,40.868,0.0340294
0,resnet34_228,57.8937,0.200509
0,resnet50_60,23.0678,0.151292
0,resnet50_284,63.9345,0.332358
0,resnet34_90,54.5408,0.120486
0,resnet50_89,29.4979,0.0556811
0,resnet34_193,174.849,1.35699
0,resnet18_88,39.3375,0.101944
0,resnet34_431,129.602,0.0635737
0,resnet18_218,56.1274,0.0347949
0,resnet50_388,28.6075,0.125823
0,resnet18_220,38.8229,0.0529837
0,resnet34_227,154.36,0.293672
0,resnet18_216,72.5966,0.085013
0,resnet34_256,147.896,0.319745
0,resnet50_78,28.1083,0.0942601
0,resnet34_277,161.165,0.327259
0,resnet34_357,105.879,0.0915729
0,resnet34_475,211.981,0.119343
0,resnet50_427,26.8664,0.899669
0,resnet18_391,107.3,0.0496253
0,resnet50_404,27.3237,0.11731
0,resnet50_104,45.0891,0.218902
0,resnet34_235,107.951,0.0561584
0,resnet18_315,52.4272,0.122874
0,resnet34_253,112.685,0.094052
0,resnet18_91,43.1359,0.0810954
0,resnet34_494,133.073,0.325472
0,resnet50_499,36.2129,0.0740541
0,resnet34_252,108.779,0.0712748
0,resnet50_443,56.3023,0.251159
0,resnet34_487,140.269,0.253354
0,resnet34_255,77.3427,0.102605
0,resnet18_13,44.8638,0.0287208
0,resnet50_44,11.7949,0.432288
0,resnet18_468,79.1883,0.119936
0,resnet50_484,50.0365,0.150229
0,resnet34_457,141.246,0.126662
0,resnet50_325,26.228,0.148856
0,resnet34_129,105.15,0.110259
0,resnet34_54,196.511,0.508421
0,resnet18_31,100.514,0.144574
0,resnet18_192,31.0752,0.0666969
0,resnet18_58,34.4479,0.0317736
0,resnet50_412,32.6401,0.0956167
0,resnet34_410,96.1593,0.0493373
0,resnet34_466,173.144,0.0806676
0,resnet18_408,81.2303,0.122726
0,resnet18_466,65.2796,0.153511
0,resnet50_107,35.189,0.157115
0,resnet34_19,134.524,0.205325
0,resnet34_220,128.631,0.0936934
0,resnet34_71,136.998,0.113827
0,resnet34_158,179.132,0.0761684
0,resnet18_413,49.7979,0.193116
0,resnet18_79,43.5688,0.0613341
0,resnet18_144,142.637,0.0727729
0,resnet34_270,93.8942,0.091323
0,resnet50_456,63.3986,0.235153
0,resnet50_241,36.5514,0.201607
0,resnet34_493,103.441,0.225531
0,resnet50_114,48.0915,0.186223
0,resnet18_25,50.3926,0.0358134
0,resnet50_485,46.4255,0.111465
0,resnet34_113,129.297,0.537544
0,resnet50_277,26.3775,0.0665073
0,resnet18_326,60.1263,0.155164
0,resnet34_455,97.6326,0.139487
0,resnet18_121,38.1755,0.0545209
0,resnet18_427,47.4015,0.0832854
0,resnet18_162,87.4289,0.0784551
0,resnet18_368,83.0259,0.165461
0,resnet18_127,68.4083,0.0663274
0,resnet50_366,31.73,0.0640741
0,resnet34_23,153.443,0.103225
0,resnet50_14,47.0034,0.0940069
0,resnet18_394,47.6566,0.0655746
0,resnet34_402,121.881,0.14095
0,resnet34_413,105.44,0.0409306
0,resnet50_408,33.7495,0.0858345
0,resnet18_277,123.415,1.48933
0,resnet50_341,20.8231,0.0995661
0,resnet34_336,96.8944,0.103827
0,resnet50_207,23.8754,0.0291534
0,resnet18_171,78.2243,0.163493
0,resnet34_373,145.288,0.062461
0,resnet18_142,39.6228,0.0254089
0,resnet34_200,127.063,0.117159
0,resnet18_356,93.9584,0.0465081
0,resnet34_293,160.315,0.0615034
0,resnet18_75,24.3646,0.0283647
0,resnet18_276,43.1836,0.0355591
0,resnet50_479,36.5878,0.13666
0,resnet18_434,73.0679,0.0504657
0,resnet34_296,172.328,0.155188
0,resnet34_335,107.63,0.0558944
0,resnet50_106,25.785,0.113366
0,resnet50_268,34.5626,0.0872976
0,resnet34_250,97.8152,0.291702
0,resnet34_101,52.5823,0.0776707
0,resnet18_498,39.8925,0.0864968
0,resnet18_299,106.036,0.303278
0,resnet50_215,24.4789,0.0439651
0,resnet18_296,107.663,0.286609
0,resnet34_98,101.269,0.0776511
0,resnet34_221,137.566,0.265086
0,resnet50_369,26.3801,0.0700369
0,resnet34_459,58.0078,0.0306432
0,resnet50_15,26.6399,0.197721
0,resnet18_173,147.659,1.44406
0,resnet18_97,46.2735,0.0917455
0,resnet18_238,85.9052,0.27497
0,resnet34_416,150.566,0.0746071
0,resnet50_437,27.1021,0.0825466
0,resnet18_488,32.6641,0.0186161
0,resnet50_204,41.4618,0.255545
0,resnet50_195,47.3177,0.144349
0,resnet34_325,172.93,0.30172
0,resnet34_472,114.408,0.0857678
0,resnet34_135,62.9166,0.0465599
0,resnet50_120,32.417,0.056521
0,resnet18_323,54.5952,0.0391602
0,resnet18_151,54.3371,0.250467
0,resnet50_93,24.5598,0.0444343
0,resnet18_38,42.5944,0.0466825
0,resnet50_99,19.8111,0.160431
0,resnet50_67,16.6521,0.0330635
0,resnet18_302,64.8398,0.275635
0,resnet34_247,93.5791,0.0876294
0,resnet18_163,52.7598,0.0267626
0,resnet34_260,173.478,0.33717
0,resnet34_165,204.376,1.00801
0,resnet50_157,48.6365,0.114482
0,resnet34_278,209.398,0.0987283
0,resnet50_457,22.8137,0.0426218
0,resnet34_426,137.818,0.0742598
0,resnet50_228,30.4833,0.117581
0,resnet18_179,123.627,0.235127
0,resnet18_201,95.0951,0.074983
0,resnet50_156,26.5529,0.0801101
0,resnet18_257,64.5159,0.0514587
0,resnet34_167,122.13,0.0663111
0,resnet18_484,47.1121,0.0375624
0,resnet50_59,20.3412,0.0414681
0,resnet34_371,89.5433,0.117496
0,resnet50_177,30.3782,0.118508
0,resnet34_341,135.01,0.428712
0,resnet18_130,66.0275,0.0914598
0,resnet18_139,68.9021,0.0695994
0,resnet50_438,18.1139,0.064506
0,resnet18_28,70.0426,0.0884637
0,resnet18_183,50.1232,0.0735819
0,resnet18_71,51.0367,0.0941484
0,resnet18_314,108.503,1.2408
0,resnet50_200,31.1586,0.170043
0,resnet18_447,59.2175,0.0897384
0,resnet50_274,48.8246,0.204809
0,resnet50_368,27.075,0.0815065
0,resnet18_230,80.7213,0.319311
0,resnet34_337,152.158,0.0749475
0,resnet18_411,88.2488,0.130672
0,resnet34_79,119.822,0.120847
0,resnet50_6,23.8645,0.0631787
0,resnet34_424,106.86,0.0923055
0,resnet34_53,163.248,0.090242
0,resnet50_227,17.4934,0.0878845
0,resnet34_295,146.695,0.091316
0,resnet34_460,104.884,0.0693557
0,resnet34_311,122.764,0.185439
0,resnet34_362,197.686,0.0709988
0,resnet34_374,143.155,0.0640643
0,resnet50_374,13.5537,0.0551696
0,resnet50_182,16.3148,2.04929
0,resnet50_255,55.6754,0.467921
0,resnet18_147,79.6254,0.0627234
0,resnet50_307,29.0625,0.121069
0,resnet34_406,65.9156,0.0998994
0,resnet18_118,20.4981,0.0268553
0,resnet50_398,28.8711,0.224554
0,resnet50_475,43.1363,0.218981
0,resnet50_428,15.8539,0.0897046
0,resnet18_120,107.631,0.0817072
0,resnet50_285,18.8469,0.0455566
0,resnet34_84,184.71,0.123173
0,resnet18_311,37.5317,0.0318193
0,resnet18_460,74.7121,0.0654546
0,resnet50_221,20.529,0.21254
0,resnet50_377,31.9066,0.0344435
0,resnet50_386,46.2507,0.203737
0,resnet18_399,102.023,0.0618113
0,resnet50_301,34.8719,0.127243
0,resnet50_25,59.2868,0.325552
0,resnet34_191,147.514,0.123061
0,resnet18_169,124.344,0.0665823
0,resnet18_185,84.4482,0.0462419
0,resnet18_123,58.5437,0.0996402
0,resnet34_208,215.237,0.101619
0,resnet18_262,69.3704,0.0805858
0,resnet18_148,58.1478,0.0306944
0,resnet50_231,27.5857,0.136405
0,resnet50_90,18.3485,0.0455409
0,resnet18_495,121.899,0.106124
0,resnet50_166,22.8543,0.133604
0,resnet18_469,128.774,0.268222
0,resnet18_454,72.7647,0.0558295
0,resnet18_188,58.3221,0.0841147
0,resnet50_8,37.2251,0.0808609
0,resnet18_212,88.3949,0.133696
0,resnet18_471,50.6149,0.0402789
0,resnet34_409,208.89,0.113208
0,resnet18_279,44.0631,0.118177
0,resnet34_189,199.237,0.16883
0,resnet18_467,65.5213,0.048603
0,resnet50_417,13.331,0.0387183
0,resnet34_268,97.8167,0.0489126
0,resnet18_361,61.3603,0.0314661
0,resnet34_361,99.007,0.138684
0,resnet50_324,25.856,0.0584639
0,resnet50_30,40.7315,0.260322
0,resnet50_184,24.105,0.0456053
0,resnet18_155,179.03,0.373162
0,resnet18_107,70.4381,0.258746
0,resnet34_349,186.701,0.0825511
0,resnet18_76,33.0164,0.0350025
0,resnet18_494,69.3851,0.049602
0,resnet34_41,138.253,0.106863
0,resnet18_110,53.462,0.0750727
0,resnet50_279,27.8463,0.49155
0,resnet18_62,41.3181,0.146795
0,resnet50_220,30.8217,0.0612793
0,resnet34_365,104.537,0.239712
0,resnet34_376,183.467,0.114066
0,resnet50_121,22.1214,0.0531823
0,resnet18_215,67.7088,0.316483
0,resnet34_5,92.8843,0.220059
0,resnet34_333,128.507,0.0842694
0,resnet18_269,30.6876,0.0155186
0,resnet50_196,37.4843,0.0487781
0,resnet50_291,22.8976,0.0712946
0,resnet50_144,27.8423,0.100551
0,resnet18_328,61.2845,0.0409461
0,resnet50_84,65.0312,0.31673
0,resnet34_319,197.244,0.138619
0,resnet18_261,53.7124,0.0713543
0,resnet34_399,151.241,0.0591391
0,resnet50_176,26.244,0.0522822
0,resnet18_354,134.338,1.31708
0,resnet18_472,72.794,0.0583314
0,resnet18_111,73.1559,0.11368
0,resnet18_207,128.118,0.12906
0,resnet18_158,34.3848,0.0300926
0,resnet34_323,216.09,0.309002
0,resnet34_89,194.106,0.440857
0,resnet18_492,35.6929,0.0382816
0,resnet50_409,33.1562,0.141188
0,resnet34_483,277.103,0.0864465
0,resnet50_311,25.6637,0.0994912
0,resnet18_86,59.5298,0.0334633
0,resnet34_77,178.146,0.202566
0,resnet50_496,40.9391,0.114519
0,resnet18_462,54.0748,0.0760334
0,resnet34_122,290.335,0.493226
0,resnet18_256,31.8994,0.0466312
0,resnet50_463,36.8202,0.0479355
0,resnet50_174,11.4047,1.71895
0,resnet34_175,118.302,0.100528
0,resnet34_31,171.315,0.43673
0,resnet50_29,41.2039,0.184472
0,resnet34_177,189.608,0.0979173
0,resnet34_299,65.4691,0.0872023
0,resnet34_13,214.034,0.661175
0,resnet18_474,107.926,0.134807
0,resnet34_104,109.13,0.12395
0,resnet50_347,37.4863,0.0639584
0,resnet34_453,182.526,0.0823418
0,resnet18_432,77.3474,0.26365
0,resnet18_294,88.2098,0.0579595
0,resnet34_140,137.844,0.302363
0,resnet34_216,227.907,0.0892961
0,resnet34_184,133.37,0.442373
0,resnet18_241,80.3795,0.195135
0,resnet50_178,33.0176,0.0878911
0,resnet34_137,147.759,0.0705989
0,resnet34_313,182.051,0.498866
0,resnet18_451,34.7531,0.0347728
0,resnet18_355,74.8356,0.245888
0,resnet50_209,27.2352,0.205058
0,resnet18_239,107.899,0.35349
0,resnet18_104,94.7643,0.0668268
0,resnet34_489,155.973,0.821871
0,resnet50_426,41.6099,0.0695641
0,resnet50_474,22.8029,0.0699733
0,resnet50_371,63.7496,0.348324
0,resnet18_332,65.5303,0.0681123
0,resnet18_497,34.2593,0.0624764
0,resnet50_372,25.8075,0.478589
0,resnet50_313,37.581,0.0709486
0,resnet18_251,46.8373,0.0421789
0,resnet34_197,226.386,1.56879
0,resnet34_430,142.079,0.0667299
0,resnet18_306,73.8218,0.0429093
0,resnet50_336,27.2325,0.0872068
0,resnet34_435,163.099,0.518925
0,resnet34_491,191.974,0.565091
0,resnet50_468,25.7041,0.0972269
0,resnet50_451,43.3483,0.158679
0,resnet18_3,138.255,0.0771445
0,resnet18_124,50.709,0.179899
0,resnet34_395,170.216,0.582898
0,resnet50_125,12.71,0.0294456
0,resnet34_65,73.2795,0.0613026
0,resnet18_334,26.8789,0.019013
0,resnet18_386,112.279,0.248732
0,resnet34_64,166.994,0.0822672
0,resnet18_210,95.395,0.283982
0,resnet18_200,77.5344,0.0665394
0,resnet18_93,65.5535,0.121453
0,resnet50_373,33.1641,0.169582
0,resnet18_449,39.0728,0.0564883
0,resnet34_423,91.6719,0.07277
0,resnet50_242,51.4973,0.200477
0,resnet18_182,55.2343,0.0719451
0,resnet18_252,76.2206,0.0483485
0,resnet18_149,105.922,0.0838297
0,resnet50_217,34.2246,0.189933
0,resnet18_191,67.7859,0.11659
0,resnet34_446,151.965,0.273974
0,resnet18_395,44.3803,0.0470168
0,resnet34_100,131.903,0.118742
0,resnet34_12,59.7299,0.067555
0,resnet18_423,77.7784,0.0654732
0,resnet34_146,172.86,0.133146
0,resnet50_119,28.0017,0.148583
0,resnet18_246,120.364,0.0667249
0,resnet50_101,24.3294,0.10248
0,resnet50_191,66.8284,0.549867
0,resnet50_415,29.7103,0.0958467
0,resnet50_410,29.7636,0.478748
0,resnet50_461,15.2019,0.072126
0,resnet50_333,39.1075,0.0960338
0,resnet18_387,99.3051,0.373471
0,resnet50_19,33.6035,0.135819
0,resnet18_470,79.611,0.127312
0,resnet34_254,216.09,0.086893
0,resnet34_488,67.5557,0.122047
0,resnet18_254,60.8834,0.0480858
0,resnet34_152,63.8375,0.0611684
0,resnet18_190,71.2656,0.0693211
0,resnet34_363,175.011,0.113578
0,resnet18_441,45.3037,0.0454605
0,resnet34_86,121.753,0.104746
0,resnet50_112,24.9122,0.03202
0,resnet50_69,39.4669,0.0892442
0,resnet18_176,31.6128,0.0530996
0,resnet50_273,57.8219,0.504472
0,resnet50_389,21.5369,0.0578159
0,resnet50_319,32.8373,0.06511
0,resnet34_342,131.566,0.0991748
0,resnet50_55,13.5724,0.0582294
0,resnet34_201,188.159,0.104058
0,resnet34_154,151.722,0.0682688
0,resnet50_480,37.0482,0.103121
0,resnet34_171,118.045,0.261825
0,resnet18_274,105.992,0.236489
0,resnet50_35,20.7647,0.046577
0,resnet18_382,33.7286,0.0167896
0,resnet18_249,110.617,0.0708403
0,resnet34_438,176.234,1.49318
0,resnet18_229,74.6929,0.0802762
0,resnet34_412,93.2492,0.145659
0,resnet34_222,145.751,0.296945
0,resnet50_296,54.2378,0.338548
0,resnet50_113,19.811,0.0457567
0,resnet50_66,31.1101,0.0592715
0,resnet18_464,61.0034,0.0447828
0,resnet50_110,31.2349,0.164942
0,resnet50_465,23.1018,0.0509422
0,resnet34_209,92.3452,0.0448283
0,resnet34_499,226.408,0.408401
0,resnet34_217,102.51,0.0482068
0,resnet50_111,68.3666,0.404398
0,resnet18_307,54.5724,0.0957541
0,resnet34_468,93.7925,0.0448478
0,resnet18_196,68.6111,0.251426
0,resnet50_127,41.7908,0.181566
0,resnet18_453,58.2083,0.0827614
0,resnet18_370,116.297,0.376502
0,resnet18_214,66.3682,0.0526518
0,resnet34_454,134.996,0.342115
0,resnet50_293,50.1341,0.165097
0,resnet34_151,88.3668,0.0599065
0,resnet34_34,115.733,0.0819954
0,resnet50_216,40.0543,0.195017
0,resnet50_269,45.6121,0.161932
0,resnet18_405,86.2531,0.0702561
0,resnet18_329,79.8708,0.063555
0,resnet18_485,129.574,0.999825
0,resnet50_145,11.9632,0.0462149
0,resnet18_242,96.0131,0.895818
0,resnet50_40,18.0665,0.0309084
0,resnet50_149,32.9296,0.0677622
0,resnet34_498,93.3476,0.135232
0,resnet50_251,30.2156,0.0674208
0,resnet18_322,79.4654,0.282321
0,resnet18_30,45.7218,0.0922669
0,resnet50_181,27.9066,0.0947671
0,resnet18_442,126.048,0.307699
0,resnet34_370,129.259,0.118119
0,resnet34_474,188.669,0.077578
0,resnet50_1,62.4159,0.277963
0,resnet34_367,126.134,0.0947396
0,resnet18_69,162.273,1.33496
0,resnet50_498,36.7871,0.240939
0,resnet18_482,108.268,0.0851384
0,resnet50_222,49.1196,0.283232
0,resnet34_261,133.467,0.103358
0,resnet50_253,23.8361,0.075547
0,resnet18_164,20.1454,0.0360626
0,resnet34_180,146.875,0.458371
0,resnet34_290,127.328,0.0729592
0,resnet34_280,124.694,0.297425
0,resnet34_169,230.808,0.0861462
0,resnet18_133,108.993,1.15914
0,resnet50_466,27.28,0.0895801
0,resnet50_396,45.006,0.0910754
0,resnet50_147,29.1414,0.572628
0,resnet18_114,88.7774,0.912846
0,resnet34_186,143.204,0.0569489
0,resnet50_259,53.513,0.0699085
0,resnet34_450,118.038,0.0857175
0,resnet50_57,38.1183,0.231052
0,resnet50_146,28.8088,0.129568
0,resnet50_328,12.8812,0.032882
0,resnet50_98,33.0766,0.129265
0,resnet50_394,54.5997,0.301559
0,resnet50_2,45.0381,0.374082
0,resnet18_260,51.0424,0.0696124
0,resnet34_97,254.295,1.34864
0,resnet34_329,71.3586,0.104478
0,resnet34_463,56.7449,0.125448
0,resnet50_58,27.3891,0.130273
0,resnet34_118,112.873,0.118578
0,resnet50_211,30.1026,0.082406
0,resnet34_432,87.5777,0.179054
0,resnet18_7,50.9756,0.0934953
0,resnet34_445,225.795,0.0939051
0,resnet34_161,136.24,0.147055
0,resnet18_109,76.6124,0.200632
0,resnet18_95,89.0802,0.0608691
0,resnet34_1,74.0807,0.105868
0,resnet18_217,39.6225,0.0248066
0,resnet18_363,52.1565,0.0245714
0,resnet18_357,153.992,0.111456
0,resnet34_174,177.037,0.294933
0,resnet34_57,141.548,0.47864
0,resnet34_392,122.451,0.0682074
0,resnet34_59,144.8,0.101201
0,resnet18_85,89.1043,0.0738897
0,resnet18_404,114.471,0.0549087
0,resnet18_353,97.6794,0.0560231
0,resnet18_271,32.4422,0.0291194
0,resnet34_178,100.381,0.0984417
0,resnet34_358,162.901,1.39244
0,resnet50_272,17.9491,0.0460431
0,resnet50_323,40.657,0.287862
0,resnet34_490,165.01,0.35635
0,resnet34_456,90.6852,0.0794225
0,resnet34_49,163.046,0.287024
0,resnet18_206,68.0335,0.0507412
0,resnet50_489,33.8988,0.151581
0,resnet50_260,23.8278,0.0787797
0,resnet18_346,47.0392,0.0391266
0,resnet34_187,72.7179,0.0915714
0,resnet18_358,92.7607,0.041466
0,resnet50_142,60.8042,0.236216
0,resnet18_337,47.9459,0.0709115
0,resnet50_414,20.6766,0.25158
0,resnet34_348,110.08,0.323509
0,resnet18_101,34.306,0.0497819
0,resnet34_390,107.131,0.0706946
0,resnet50_286,29.2948,0.0329927
0,resnet18_338,92.2058,0.234231
0,resnet50_141,22.0725,0.101552
0,resnet34_271,103.995,0.128475
0,resnet34_2,178.864,0.16635
0,resnet18_60,121.417,1.21974
0,resnet34_369,120.181,0.0920575
0,resnet18_57,124.058,0.0773186
0,resnet34_203,92.0636,0.209797
0,resnet18_327,89.5824,0.0714372
0,resnet34_170,115.29,0.0561531
0,resnet50_94,34.246,0.0850916
0,resnet50_234,33.0059,0.0498562
0,resnet50_108,13.6015,0.0415512
0,resnet34_312,280.06,0.510458
0,resnet34_157,190.356,0.093184
0,resnet34_138,172.965,0.114023
0,resnet50_459,30.0856,0.0898315
0,resnet50_208,21.1076,0.0895384
0,resnet34_10,199.163,0.108477
0,resnet18_51,23.8537,0.0371106
0,resnet50_24,40.1301,0.125135
0,resnet34_303,117.065,0.0727933
0,resnet18_5,81.3437,0.0725447
0,resnet18_415,75.3912,0.0604583
0,resnet18_228,33.3674,0.0226767
0,resnet34_46,169.377,0.993569
0,resnet34_465,115.704,0.105739
0,resnet34_33,62.5244,0.0831339
0,resnet18_259,124.403,0.299355
0,resnet34_114,60.1211,0.0806213
0,resnet18_232,51.2547,0.0547786
0,resnet50_5,14.123,0.0299485
0,resnet18_141,35.3503,0.0984821
0,resnet18_23,53.1799,0.0533479
0,resnet18_8,22.9009,0.0626191
0,resnet34_95,140.488,0.249875
0,resnet18_318,106.46,0.389741
0,resnet34_449,123.432,0.461825
0,resnet34_408,53.9034,0.166796
0,resnet34_190,82.5589,0.0722958
0,resnet50_158,34.7526,0.0592937
0,resnet50_473,14.971,0.599586
0,resnet50_252,37.8108,0.118954
0,resnet18_168,54.2021,0.0515232
0,resnet18_347,39.1435,0.0413466
0,resnet18_63,74.0719,0.0686352
0,resnet50_105,41.6655,0.158481
0,resnet18_350,75.3394,0.0795194
0,resnet34_244,118.46,0.0480173
0,resnet50_332,42.1677,0.179795
0,resnet18_243,77.715,0.0644674
0,resnet50_17,20.6827,0.0285227
0,resnet18_443,71.2969,0.0565344
0,resnet50_490,7.32055,0.096162
0,resnet50_483,33.0397,0.0791461
0,resnet18_446,109.502,0.0912882
0,resnet50_185,41.6702,0.368123
0,resnet18_340,116.12,0.160038
0,resnet18_89,41.9771,0.0542144
0,resnet34_123,127.441,0.0735562
0,resnet18_197,79.6283,0.105316
0,resnet34_282,136.29,0.0571486
0,resnet18_375,120.965,0.924227
0,resnet18_367,69.8821,0.0582092
0,resnet18_248,42.8408,0.0616669
0,resnet50_367,30.9097,0.173123
0,resnet34_188,207.701,1.24512
0,resnet50_400,26.5515,0.0642455
0,resnet50_179,15.8291,0.0392251
0,resnet34_353,149.302,0.102752
0,resnet18_15,82.5382,0.277235
0,resnet34_91,109.83,0.0732035
0,resnet34_105,84.9302,0.0403403
0,resnet50_335,30.3936,0.0958073
0,resnet34_111,174.51,0.0998887
0,resnet34_314,143.644,0.0673302
0,resnet50_47,14.3685,0.056967
0,resnet18_366,155.693,1.48997
0,resnet34_162,174.233,0.0916208
0,resnet34_403,97.8477,0.074691
0,resnet50_435,13.207,0.0691167
0,resnet18_266,51.6858,0.0463732
0,resnet50_12,32.5463,0.0891937
0,resnet18_37,84.7635,0.0794702
0,resnet34_400,162.544,0.0956783
0,resnet34_185,133.757,0.427354
0,resnet18_305,42.7393,0.0215877
0,resnet34_414,202.446,0.0935693
0,resnet18_290,49.4735,0.0486382
0,resnet34_259,91.5829,0.085802
0,resnet18_473,54.7245,0.116545
0,resnet50_450,38.8963,0.288053
0,resnet18_115,69.6958,0.0441415
0,resnet34_22,99.9076,0.0845471
0,resnet34_320,116.535,0.075261
0,resnet34_176,147.57,0.134699
0,resnet50_34,25.4458,0.130501
0,resnet18_430,39.2943,0.0344063
0,resnet50_294,33.3882,0.238047
0,resnet50_439,42.4722,0.421825
0,resnet18_33,128.04,1.29456
0,resnet50_239,49.3258,0.218798
0,resnet18_0,35.8303,0.0446101
0,resnet50_87,33.0307,0.109702
0,resnet18_90,71.2642,0.454672
0,resnet34_386,182.734,0.0978082
0,resnet34_231,122.208,0.0555979
0,resnet50_375,25.564,0.0626204
0,resnet50_247,47.209,0.14999
0,resnet50_118,17.2518,0.0812024
0,resnet50_138,44.3253,0.145292
0,resnet50_262,23.5512,0.0809449
0,resnet50_276,48.1559,0.110331
0,resnet34_298,79.5055,0.0987498
0,resnet34_478,179.519,1.60426
0,resnet34_149,241.031,0.249272
0,resnet50_170,30.4719,0.0863747
0,resnet34_218,194.489,0.368428
0,resnet34_458,170.731,0.351251
0,resnet18_108,98.554,0.0929294
0,resnet18_487,26.0826,0.0504715
0,resnet34_305,145.912,0.0963994
0,resnet34_78,171.192,0.324379
0,resnet34_9,142.569,0.150853
0,resnet34_396,81.4927,0.067578
0,resnet34_45,106.32,0.0760846
0,resnet18_390,66.9835,0.0544607
0,resnet18_237,63.8158,0.0505105
0,resnet34_92,101.271,0.159723
0,resnet18_204,61.5874,0.0732116
0,resnet18_344,50.6969,0.0455464
0,resnet34_398,63.6726,0.105373
0,resnet34_196,110.306,0.186276
0,resnet50_478,35.576,0.0774582
0,resnet18_341,66.1454,0.0281261
0,resnet50_256,23.692,0.0746685
0,resnet50_42,19.5952,0.0442789
0,resnet34_242,163.827,0.130955
0,resnet34_359,151.65,0.0770357
0,resnet34_40,143.352,0.481169
0,resnet18_53,113.703,0.0844049
0,resnet50_281,18.7041,0.0495326
0,resnet50_183,22.8767,0.039169
0,resnet34_61,79.0879,0.112886
0,resnet50_160,33.3566,0.109767
0,resnet18_167,56.0147,0.0967096
0,resnet18_150,70.8383,0.152187
0,resnet18_374,32.4305,0.0406815
0,resnet18_20,74.6442,0.0747159
0,resnet34_42,166.095,0.396149
0,resnet18_458,79.4169,0.0915071
0,resnet50_320,33.9068,0.113904
0,resnet34_83,91.4314,0.292405
0,resnet34_316,64.5306,0.0796169
0,resnet50_345,30.184,0.0604756
0,resnet34_281,155.137,0.0758066
0,resnet34_324,142.516,0.0927806
0,resnet50_68,18.8551,0.0470613
0,resnet18_291,57.7837,0.0705533
0,resnet18_134,76.858,0.0598303
0,resnet50_80,25.0027,0.232167
0,resnet18_420,57.5602,0.045973
0,resnet50_305,33.554,0.0796072
0,resnet34_99,142.882,0.0862423
0,resnet50_425,48.2723,0.334124
0,resnet18_157,45.6855,0.0352095
0,resnet34_421,82.9066,0.066534
0,resnet34_183,205.283,0.137546
0,resnet34_0,68.9926,0.0722491
0,resnet50_32,19.1563,0.0584431
0,resnet18_235,124.584,0.0966552
0,resnet18_199,44.7894,0.0585744
0,resnet34_16,163.341,0.116137
0,resnet34_7,248.153,1.22023
0,resnet50_381,42.2117,0.152041
0,resnet50_492,16.6545,0.0481407
0,resnet34_130,116.678,0.0773983
0,resnet34_352,116.622,0.17935
0,resnet18_195,97.0583,0.435924
0,resnet34_56,192.751,0.113789
0,resnet50_64,23.6382,0.0913758
0,resnet50_9,28.0702,0.0890363
0,resnet34_80,185.808,0.125406
0,resnet34_265,108.848,0.138583
0,resnet34_11,93.9218,0.147578
0,resnet18_1,30.6885,0.024559
0,resnet18_456,119.013,0.0733879
0,resnet18_281,108.991,0.0557479
0,resnet50_445,38.9397,0.202325
0,resnet50_74,41.1058,0.320955
0,resnet50_219,27.5383,0.1105
0,resnet34_470,115.157,0.293205
0,resnet18_140,117.238,1.36913
0,resnet50_338,21.502,0.106019
0,resnet50_49,20.9366,0.169642
0,resnet50_76,23.7192,0.0511416
0,resnet18_377,83.5317,0.0436138
0,resnet18_384,65.0421,0.0961062
0,resnet18_476,70.7526,0.0521153
0,resnet18_116,94.2138,0.824693
0,resnet50_240,51.8029,0.338827
0,resnet18_455,57.1908,0.0556567
0,resnet50_357,28.2783,0.078122
0,resnet34_262,145.153,0.0533872
0,resnet18_417,93.7896,0.0663075
0,resnet50_462,26.9376,0.0753987
0,resnet18_145,74.3333,0.131736
0,resnet50_151,31.9235,0.055613
0,resnet50_441,33.3532,0.0859725
0,resnet34_360,118.388,0.081681
0,resnet18_73,81.4257,0.338669
0,resnet18_410,111.705,1.03627
0,resnet34_377,181.079,0.19851
0,resnet50_407,33.0604,0.102413
0,resnet50_424,19.5426,0.0622855
0,resnet50_154,44.8426,0.289625
0,resnet18_319,54.1379,0.0529939
0,resnet50_115,41.2468,0.0602902
0,resnet50_306,37.3365,0.15718
0,resnet34_272,243.877,0.33008
0,resnet18_376,78.3889,0.934404
0,resnet34_128,208.374,0.582547
0,resnet50_33,29.1389,0.0731029
0,resnet34_331,132.151,0.0963826
0,resnet34_484,138.656,0.0514051
0,resnet34_74,152.637,0.097016
0,resnet18_16,34.8135,0.223005
0,resnet34_195,146.421,0.133735
0,resnet18_135,96.9154,0.0741621
0,resnet34_126,159.599,1.37976
0,resnet50_190,17.9499,0.0660804
0,resnet18_32,96.8519,0.0638256
0,resnet50_143,26.8986,0.639073
0,resnet18_221,65.6266,0.0402069
0,resnet34_393,89.3204,0.155157
0,resnet34_339,128.264,0.301871
0,resnet18_416,98.8339,0.0698434
0,resnet34_234,329.5,0.291233
0,resnet50_18,31.0107,0.0573769
0,resnet50_248,37.2872,0.0854951
0,resnet34_88,108.76,0.144492
0,resnet18_84,34.8264,0.0356984
0,resnet18_426,44.2112,0.0716118
0,resnet18_253,41.6103,0.0251488
0,resnet34_479,142.554,1.39496
0,resnet34_286,75.9507,0.179414
0,resnet50_392,61.4558,0.498398
0,resnet50_339,17.8498,0.0351083
0,resnet50_383,33.6984,0.145806
0,resnet34_326,159.161,0.121005
0,resnet50_431,40.5134,0.946624
0,resnet50_116,49.2869,0.402448
0,resnet18_345,168.481,0.0944481
0,resnet18_272,58.4577,0.033848
0,resnet34_345,144.357,0.0550198
0,resnet50_267,51.691,0.305879
0,resnet34_444,149.661,0.109718
0,resnet34_131,231.88,0.371457
0,resnet50_411,35.3282,0.158711
0,resnet34_164,172.992,0.564318
0,resnet50_128,42.5526,0.347758
0,resnet50_36,23.6048,0.0335923
0,resnet50_81,41.8113,0.418615
0,resnet18_483,97.4896,0.0741524
0,resnet18_103,70.0438,0.215938
0,resnet18_369,60.8715,0.0393184
0,resnet18_180,70.0122,0.0706677
0,resnet18_170,30.0626,0.0473711
0,resnet18_331,137.526,1.3759
0,resnet50_378,24.5738,0.117794
0,resnet34_63,46.3009,0.0221649
0,resnet50_86,29.1732,0.0507791
0,resnet34_462,283.232,0.153592
0,resnet18_146,69.888,0.0629495
0,resnet18_412,59.4616,0.068821
0,resnet18_372,37.6346,0.0279809
0,resnet18_159,123.601,0.260767
0,resnet50_282,41.571,0.31094
0,resnet18_459,131.335,1.13988
0,resnet50_132,36.5768,0.116869
0,resnet50_344,11.5149,0.137514
0,resnet18_10,67.5575,0.167476
0,resnet50_140,16.1018,0.0521396
0,resnet34_285,49.5773,0.155845
0,resnet34_212,188.095,0.336
0,resnet34_134,120.497,0.252088
0,resnet18_378,44.8022,0.0560383
0,resnet34_132,78.5344,0.0574394
0,resnet34_24,162.865,0.465951
0,resnet34_405,96.6995,0.080483
0,resnet34_419,235.977,0.52508
0,resnet50_421,19.4028,0.0379713
0,resnet34_482,143.849,0.100283
0,resnet18_226,61.504,0.0508851
0,resnet18_352,102.271,0.0583867
0,resnet34_81,66.3691,0.0499151
0,resnet50_13,28.1481,0.0529566
0,resnet50_261,13.3038,0.0455466
0,resnet50_162,34.5534,0.0723106
0,resnet18_270,90.1099,0.325581
0,resnet50_77,36.3591,0.13763
0,resnet18_481,93.7785,0.206656
0,resnet18_6,110.493,0.297852
0,resnet18_285,74.4498,0.0602673
0,resnet50_390,25.2177,0.197079
0,resnet50_266,65.225,0.212812
0,resnet18_9,79.1208,0.073554
0,resnet18_275,87.8402,0.0711384
0,resnet18_14,60.3424,0.0341493
0,resnet18_324,93.5864,0.0939093
0,resnet18_365,96.3574,0.0867315
0,resnet18_11,44.509,0.0281044
0,resnet18_65,71.8009,0.159906
0,resnet34_415,55.2879,0.0670961
0,resnet34_172,179.251,0.152487
0,resnet34_297,82.4638,0.321088
0,resnet50_213,20.8748,0.0542552
0,resnet34_43,202.177,2.02035
0,resnet34_166,103.692,0.0788161
0,resnet18_343,38.979,0.0895423
0,resnet34_232,118.242,0.113554
0,resnet18_250,48.0362,0.0271691
0,resnet34_110,110.176,0.0401849
0,resnet34_266,76.0114,0.117168
0,resnet34_120,153.46,0.061827
0,resnet50_164,33.0086,0.0653925
0,resnet34_322,178.821,0.105945
0,resnet18_21,46.4443,0.034211
0,resnet18_313,27.2825,0.0569219
0,resnet18_465,36.3013,0.0308833
0,resnet18_187,160.398,0.393257
0,resnet50_452,48.0727,0.291405
0,resnet34_308,146.54,0.100069
0,resnet50_50,20.8184,0.0785878
0,resnet34_139,70.6566,0.0421005
0,resnet50_309,30.8372,0.100638
0,resnet50_330,24.6321,0.070081
0,resnet18_385,77.7007,0.26988
0,resnet34_156,80.5568,0.100304
0,resnet50_130,31.8013,0.090256
0,resnet18_371,63.622,0.0785669
0,resnet18_119,83.4763,0.0478172
0,resnet18_289,42.9573,0.0462404
0,resnet18_342,40.0684,0.020724
0,resnet34_116,217.959,1.84877
0,resnet18_126,94.588,0.193582
0,resnet34_375,169.714,0.162698
0,resnet50_236,40.8826,0.122811
0,resnet50_310,48.8699,0.452097
0,resnet50_363,19.0094,0.0274322
0,resnet50_354,47.2195,0.140166
0,resnet18_154,37.6225,0.0187819
0,resnet34_225,157.209,0.361652
0,resnet34_417,80.1083,0.0968413
0,resnet50_26,29.6931,0.0592773
0,resnet50_212,37.1636,0.195861
0,resnet50_476,52.6449,0.348507
0,resnet50_432,13.3677,0.0959093
0,resnet18_184,38.4764,0.0415418
0,resnet18_49,71.5527,0.0683829
0,resnet50_45,22.3668,0.105241
0,resnet34_364,223.873,0.106205
0,resnet50_348,43.283,0.196473
0,resnet18_499,71.2083,0.0230442
0,resnet50_469,39.8076,0.169897
0,resnet34_76,208.076,1.33756
0,resnet34_291,112.291,0.090544
0,resnet50_434,42.5427,0.246825
0,resnet34_223,244.768,1.54621
0,resnet34_383,57.1357,0.039939
0,resnet18_263,120.503,0.317471
0,resnet18_436,45.7158,0.0223192
0,resnet18_435,48.4422,0.0506298
0,resnet50_229,24.9752,0.0965023
0,resnet34_283,88.3544,0.249168
0,resnet34_439,66.0096,0.0512456
0,resnet34_354,243.564,0.106495
0,resnet34_451,100.809,0.110184
0,resnet18_18,60.7354,0.145065
0,resnet50_238,54.9495,0.13605
0,resnet18_92,112.891,0.0768035
0,resnet34_18,79.9583,0.111162
0,resnet34_145,119.225,0.0497421
0,resnet34_267,157.634,0.575766
0,resnet18_161,110.463,0.223211
0,resnet18_286,78.5431,0.0861729
0,resnet18_50,86.7674,0.0848418
0,resnet34_443,241.889,1.02203
0,resnet50_161,40.1766,0.221823
0,resnet18_122,37.2074,0.058312
0,resnet34_321,56.3647,0.0921151
0,resnet18_403,78.6234,0.0447976
0,resnet18_54,49.6807,0.0570829
0,resnet34_309,227.319,0.76244
0,resnet50_245,28.2096,0.0563992
0,resnet50_265,40.8367,0.130756
0,resnet50_447,38.0146,0.130018
0,resnet50_85,35.4558,0.267099
0,resnet50_10,43.7894,0.090916
0,resnet34_315,153.6,0.34047
0,resnet34_141,42.9964,0.0619564
0,resnet18_287,65.1847,0.0811209
0,resnet34_328,50.22,0.140378
0,resnet50_223,19.2301,0.0916534
0,resnet34_391,123.286,0.0708975
0,resnet50_477,35.152,0.0946857
0,resnet18_280,36.9527,0.0327513
0,resnet18_431,25.3306,0.031582
0,resnet34_428,163.954,0.0606642
0,resnet18_136,60.9821,0.101688
0,resnet50_487,20.2643,0.0587335
0,resnet18_12,92.745,0.306102
0,resnet34_407,166.532,0.116905
0,resnet34_318,118.509,0.0941095
0,resnet18_56,40.457,0.0384746
0,resnet50_73,27.7623,0.0581354
0,resnet50_458,58.8223,0.206257
0,resnet50_353,49.5686,0.294501
0,resnet34_163,137.463,0.0773912
0,resnet18_52,52.4744,0.0357603
0,resnet50_187,11.6436,0.0486163
0,resnet18_388,85.0969,0.0594529
0,resnet34_102,125.285,0.120801
0,resnet34_230,117.01,0.052085
0,resnet18_393,84.3495,0.104498
0,resnet18_203,62.0412,0.0641772
0,resnet34_381,194.629,0.211599
0,resnet18_45,62.6746,0.030448
0,resnet34_279,248.632,0.526341
0,resnet50_308,32.7275,0.250864
0,resnet18_288,67.6446,0.066148
0,resnet50_206,57.3459,0.319745
0,resnet34_350,118.645,0.122168
0,resnet34_379,106.782,0.125707
0,resnet34_127,154.812,0.0892349
0,resnet50_203,22.8381,0.0937087
0,resnet18_94,72.937,0.098408
0,resnet34_106,109.699,0.119005
0,resnet50_362,37.6714,0.182183
0,resnet18_138,76.7911,0.189339
0,resnet18_452,63.7562,0.0511645
0,resnet34_346,110.577,0.09612
0,resnet50_401,42.5634,0.125912
0,resnet34_425,96.6143,0.0585446
0,resnet34_389,136.106,0.264687
0,resnet18_429,99.7789,0.0685702
0,resnet18_132,45.2186,0.0540419
0,resnet18_223,109.046,0.326933
0,resnet18_227,53.0674,0.130241
0,resnet18_258,90.6861,0.229007
0,resnet34_125,96.4041,0.0647924
0,resnet50_257,40.7496,0.125296
0,resnet34_418,76.497,0.042639
0,resnet34_284,103.076,0.0719275
0,resnet34_287,97.7371,0.269822
0,resnet34_427,121.712,0.0804458
0,resnet18_213,101.648,0.101058
0,resnet18_189,85.7927,0.0365864
0,resnet50_460,43.4719,0.203592
0,resnet50_413,26.1539,0.0899823
0,resnet50_331,19.9007,0.0273763
0,resnet34_155,74.3644,0.0994254
0,resnet18_29,127.907,0.0889852
0,resnet50_423,17.266,0.0562352
0,resnet34_144,81.3625,0.0908682
0,resnet34_248,97.2897,0.0674049
0,resnet18_440,77.1149,0.040197
0,resnet50_91,37.71,0.0923504
0,resnet34_440,103.663,0.0810164
0,resnet18_178,51.6504,0.0285205
0,resnet50_232,32.5306,0.0880039
0,resnet34_28,138.777,0.190707
0,resnet50_283,29.6362,0.130911
0,resnet18_486,60.008,0.0480889
0,resnet34_109,82.2169,0.0586913
0,resnet34_473,134.372,0.0612384
0,resnet18_44,79.6249,0.0771638
0,resnet50_82,43.1133,0.379821
0,resnet18_438,44.7062,0.0622557
0,resnet50_300,26.9826,0.346727
0,resnet34_492,140.135,0.110326
0,resnet50_416,39.3435,0.0801347
0,resnet50_342,40.7721,0.124797
0,resnet18_113,69.3699,0.0315735
0,resnet34_269,122.638,0.0597001
0,resnet34_181,152.145,0.0809147
0,resnet34_355,128.037,0.0781147
0,resnet34_246,126.765,0.0824121
0,resnet18_301,49.653,0.0581987
0,resnet50_395,37.0789,0.170825
0,resnet50_20,38.2891,0.276448
0,resnet18_421,111.634,0.0630311
0,resnet50_482,52.031,0.0876678
0,resnet34_213,103.323,0.0553141
0,resnet50_51,27.7478,0.0645417
0,resnet50_224,26.5512,0.0668848
0,resnet34_241,157.809,0.125086
0,resnet50_481,21.4589,0.0928599
0,resnet34_68,183.476,0.316158
0,resnet34_294,196.202,1.33287
0,resnet34_14,126.747,0.257813
0,resnet34_37,81.8381,0.0947174
0,resnet50_53,28.5747,0.0782016
0,resnet34_437,60.0011,0.132196
0,resnet34_50,145.302,0.568246
0,resnet50_95,38.5701,0.421689
0,resnet18_283,30.4805,0.0260333
0,resnet50_48,39.1622,0.238269
0,resnet18_444,114.488,1.50708
0,resnet50_52,22.5787,0.0418903
0,resnet34_27,173.281,0.0962887
0,resnet18_77,30.9604,0.0526479
0,resnet18_422,88.5745,0.0945825
0,resnet34_26,243.114,0.110218
0,resnet18_398,55.0724,0.0221635
0,resnet50_454,38.748,0.29013
0,resnet34_306,94.6354,0.103534
0,resnet34_434,110.001,0.0710132
0,resnet50_440,24.2591,0.176935
0,resnet50_71,34.5017,0.110465
0,resnet34_239,187.606,0.0984174
0,resnet18_198,74.0156,0.0743104
0,resnet50_420,50.4255,0.249797
0,resnet50_312,18.7203,0.0562713
0,resnet18_96,54.5478,0.0804299
0,resnet34_67,49.9729,0.0411955
0,resnet50_226,19.3236,0.0810041
0,resnet18_300,68.6163,0.0449768
0,resnet34_52,137.778,0.0763688
0,resnet34_289,49.4628,0.0819397
0,resnet50_129,24.3756,0.279035
0,resnet18_245,100.615,0.0805376
0,resnet34_15,161.997,1.24389
0,resnet18_46,59.307,0.0934468
0,resnet18_373,35.7424,0.0153466
0,resnet18_47,98.2047,0.191497
0,resnet50_210,18.4635,0.0621197
0,resnet34_481,115.338,0.140981
0,resnet50_103,36.3383,0.266066
0,resnet50_351,21.1594,0.0673203
0,resnet18_475,60.9281,0.0482603
0,resnet18_418,44.5546,0.0413475
0,resnet18_128,110.904,0.926449
0,resnet34_8,259.525,1.39029
0,resnet50_292,30.2905,0.373176
0,resnet18_64,32.1848,0.0281994
0,resnet50_446,23.0905,0.0636473
0,resnet50_46,75.1835,0.236596
0,resnet34_85,59.7232,0.166395
0,resnet50_192,17.7682,0.405202
0,resnet18_479,47.5909,0.0638711
0,resnet18_233,67.9524,0.0530874
0,resnet34_401,133.446,0.0686189
0,resnet34_448,284.372,2.45428
0,resnet50_304,23.4732,0.0583045
0,resnet34_117,129.696,0.0461887
0,resnet50_165,30.0485,0.0392084
0,resnet18_224,104.483,0.989668
0,resnet50_11,50.1599,0.312568
0,resnet18_310,59.4059,0.0745934
0,resnet34_206,147.782,0.0880324
0,resnet18_42,72.6265,0.0439711
0,resnet50_159,24.3308,0.0517968
0,resnet50_422,22.2863,0.38542
0,resnet50_246,16.8461,0.082224
0,resnet18_66,48.0388,0.0793868
0,resnet34_66,154.867,0.0955502
0,resnet18_72,64.0092,0.0932303
0,resnet50_346,39.1093,0.130242
0,resnet34_245,55.4818,0.0341238
0,resnet34_211,56.8182,0.106878
0,resnet18_389,88.0613,0.25193
0,resnet18_414,76.7775,0.0514848
0,resnet50_225,19.7261,0.155746
0,resnet34_420,76.214,0.150223
0,resnet18_125,79.7169,0.0595166
0,resnet50_358,35.2759,0.119509
0,resnet50_16,43.2375,0.124886
0,resnet50_334,20.8255,0.05351
0,resnet50_288,28.2238,0.106472
0,resnet50_124,25.0753,0.0904423
0,resnet50_263,17.3794,0.398984
0,resnet34_464,105.466,0.0508108
0,resnet50_352,46.831,0.117374
0,resnet18_433,113.922,0.323779
0,resnet34_96,85.3476,0.121211
0,resnet18_175,115.411,0.22937
0,resnet34_4,87.5151,0.0744459
0,resnet50_193,52.8233,0.359053
0,resnet34_274,120.591,0.296719
0,resnet34_214,220.953,2.06455
0,resnet50_97,26.6147,0.0820342
0,resnet18_102,63.7553,0.173531
0,resnet18_406,50.9872,0.0530749
0,resnet34_192,119.331,0.26655
0,resnet34_182,168.963,0.119147
0,resnet50_62,24.9508,0.679663
0,resnet50_173,29.2039,0.0764682
0,resnet18_35,61.8961,0.107422
0,resnet50_39,16.4311,0.0981312
0,resnet34_224,51.304,0.0352517
0,resnet50_303,57.3648,0.251649
0,resnet50_287,35.8593,0.27327
0,resnet34_205,104.026,0.0991644
0,resnet50_163,27.1324,0.157016
0,resnet18_407,54.4958,0.0688987
0,resnet50_464,36.1311,0.0948477
0,resnet50_436,37.3841,0.102513
0,resnet18_298,108.032,0.050811
0,resnet50_153,32.4168,0.140295
0,resnet18_316,94.5111,0.0815107
0,resnet18_160,51.801,0.044941
0,resnet50_88,10.7725,0.276877
0,resnet50_455,49.6552,0.269008
0,resnet50_467,34.6287,0.145729
0,resnet50_442,23.5433,0.0670323
0,resnet18_419,66.6095,0.0709816
0,resnet34_210,54.7834,0.114418
0,resnet18_428,76.5278,0.10508
0,resnet34_273,101.977,0.0528845
0,resnet18_362,25.2094,0.0773858
0,resnet50_343,37.5331,0.0895509
0,resnet50_453,16.1307,0.0448218
0,resnet34_469,132.147,0.0572193
0,resnet34_332,261.231,0.0894831
0,resnet50_199,48.0958,0.167905
0,resnet50_264,15.4975,0.0398591
0,resnet34_103,157.435,0.0673241
0,resnet50_4,33.3693,0.0846265
0,resnet18_437,84.8002,0.325082
0,resnet50_318,26.9853,0.0338703
0,resnet50_254,18.349,0.059135
0,resnet18_424,53.1808,0.0392226
0,resnet18_208,59.5539,0.0596855
0,resnet18_129,68.9954,0.149374
0,resnet18_349,110.534,0.890237
0,resnet50_100,25.135,0.0866665
0,resnet50_27,50.5212,0.107908
0,resnet50_197,18.5292,0.0327855
0,resnet34_330,142.458,0.0699954
0,resnet18_131,141.639,0.128564
0,resnet50_102,48.9805,0.0938313
0,resnet34_496,58.532,0.0926639
0,resnet50_37,40.6114,0.0537391
0,resnet34_121,142.609,0.462177
0,resnet50_494,33.3566,0.120313
0,resnet34_72,262.153,0.145485
0,resnet34_51,155.466,0.0766359
0,resnet50_54,24.1096,0.0536129
0,resnet50_350,34.153,0.0883502
0,resnet50_384,25.1826,0.0830771
0,resnet50_65,32.1699,0.11304
0,resnet18_82,57.5266,0.0494427
0,resnet50_471,21.0889,0.075481
0,resnet34_301,57.2308,0.0433386
0,resnet34_179,149.98,0.0757983
0,resnet50_290,28.3124,0.0643606
0,resnet50_380,53.168,0.362457
0,resnet18_477,42.7994,0.06049
0,resnet34_204,188.526,0.0647736
0,resnet34_30,239.286,0.786026
0,resnet50_237,21.1239,0.0739752
0,resnet18_401,84.2976,0.0801832
0,resnet34_25,216.14,1.29171
0,resnet50_316,71.8732,0.376605
0,resnet50_109,21.7452,0.0613843
0,resnet34_20,129.658,0.0573784
0,resnet34_477,140.712,0.194179
0,resnet50_356,24.9581,0.0487753
0,resnet34_237,100.142,0.0658705
0,resnet34_168,111.081,0.0868613
0,resnet34_351,84.9008,0.195036
0,resnet50_376,29.9337,0.104902
0,resnet34_338,139.096,0.0686142
0,resnet34_380,70.1588,0.0678141
0,resnet18_225,78.6283,0.745692
0,resnet50_133,45.72,0.312378
0,resnet18_40,38.623,0.0325127
0,resnet34_73,195.0,0.116948
0,resnet50_243,19.4268,0.0365399
0,resnet50_326,36.8714,0.144243
0,resnet34_115,134.128,0.132623
0,resnet50_172,20.1063,0.126312
0,resnet34_207,142.947,0.424216
0,resnet50_315,30.1363,0.066051
0,resnet50_278,27.8662,0.109075
0,resnet50_317,51.56,0.196536
0,resnet18_193,69.5776,0.0662166
0,resnet34_82,67.0893,0.0665628
0,resnet34_38,74.4483,0.0830037
0,resnet18_55,82.7994,0.0791482
0,resnet18_317,64.3427,0.178839
0,resnet34_300,141.756,0.302792
0,resnet34_133,99.68,0.134355
0,resnet18_186,62.7816,0.253617
0,resnet34_347,158.959,1.84489
0,resnet34_3,69.6408,0.0583351
0,resnet18_231,60.8411,0.154241
0,resnet18_379,103.313,0.350915
0,resnet50_235,41.1453,0.154148
0,resnet18_335,112.473,0.893577
0,resnet34_385,178.853,1.51907
0,resnet34_356,105.466,0.121217
0,resnet34_47,219.415,0.132202
0,resnet50_329,19.7533,0.0432481
0,resnet18_236,54.6631,0.0662141
0,resnet34_264,72.0492,0.0420363
0,resnet50_402,36.2233,0.125018
0,resnet50_137,31.5322,0.274075
0,resnet50_349,42.4013,0.30945
0,resnet18_209,29.478,0.0232554
0,resnet50_391,24.1685,0.0522544
0,resnet18_24,38.2162,0.0402924
0,resnet34_142,165.453,0.107404
0,resnet34_382,130.672,0.220046
0,resnet34_366,140.247,0.0914754
0,resnet18_36,76.3907,0.0602194
0,resnet18_439,67.1326,0.0532148
0,resnet18_152,55.762,0.0964383
0,resnet34_48,60.943,0.0948665
0,resnet34_422,195.723,0.474711
