,vgg11_436,435.236,0.427162
,vgg13_268,256.309,0.5654819999999999
,vgg19_230,1064.35,0.5790270000000001
,vgg16_103,729.184,0.8872959999999999
,vgg16_143,480.712,0.539343
,vgg11_365,308.678,0.380122
,vgg16_135,500.848,0.238766
,vgg13_369,289.953,0.246187
,vgg13_174,337.221,0.500833
,vgg13_194,250.864,0.188939
,vgg19_24,528.72,0.377058
,vgg16_213,458.775,0.81971
,vgg19_486,533.506,1.00026
,vgg16_450,310.248,0.188495
,vgg13_334,382.581,0.320369
,vgg16_206,416.742,0.25029
,vgg19_296,785.685,0.397624
,vgg19_439,676.687,0.857023
,vgg19_463,510.427,0.734525
,vgg16_124,457.904,0.25769699999999995
,vgg16_485,699.592,1.4973299999999998
,vgg11_25,176.257,0.14194600000000002
,vgg19_391,480.964,0.268357
,vgg16_170,265.282,0.228393
,vgg13_489,242.593,0.164464
,vgg16_160,639.7719999999998,0.496679
,vgg16_67,310.153,0.247039
,vgg13_338,89.6426,0.13508199999999998
,vgg11_490,53.0553,0.033304400000000005
,vgg13_483,151.254,0.0853581
,vgg11_349,152.826,0.310229
,vgg11_383,111.864,0.109686
,vgg16_461,350.00199999999984,0.5522729999999999
,vgg11_14,119.369,0.170217
,vgg19_95,306.267,0.284569
,vgg16_236,454.287,0.343437
,vgg11_384,409.439,0.25715
,vgg19_210,657.52,0.6463439999999999
,vgg13_95,436.661,0.745436
,vgg19_293,596.497,0.920529
,vgg11_175,193.058,0.166594
,vgg16_141,567.222,0.8534459999999999
,vgg19_401,812.6060000000001,0.43652
,vgg11_497,213.547,0.12623299999999998
,vgg16_5,549.255,0.514336
,vgg13_453,367.92800000000005,1.17362
,vgg19_369,764.847,0.593741
,vgg16_424,711.4810000000001,0.591074
,vgg19_273,1057.77,0.667114
,vgg11_221,140.114,0.274395
,vgg19_27,201.576,0.102815
,vgg11_371,72.0267,0.181513
,vgg11_327,95.84,0.218266
,vgg19_71,371.907,0.219861
,vgg19_270,528.235,0.372011
,vgg16_253,418.6,0.169432
,vgg11_188,203.779,0.128748
,vgg16_10,177.405,0.426163
,vgg19_399,644.043,0.876617
,vgg13_116,245.188,0.147896
,vgg11_101,459.765,1.06285
,vgg19_16,257.701,0.272075
,vgg19_435,762.8969999999997,0.488826
,vgg13_469,418.515,0.5261239999999999
,vgg13_61,337.36300000000006,0.209614
,vgg16_477,556.297,0.271856
,vgg16_264,445.442,0.276189
,vgg11_99,178.425,0.13721
,vgg16_240,485.185,0.50362
,vgg11_28,114.604,0.154852
,vgg13_425,110.502,0.243999
,vgg11_286,197.819,1.03625
,vgg11_17,123.089,0.143836
,vgg19_402,511.56,0.710591
,vgg13_290,551.332,0.234382
,vgg19_493,856.057,0.653931
,vgg11_211,420.345,0.602909
,vgg13_378,589.8530000000002,1.07112
,vgg11_340,461.633,0.704499
,vgg11_65,201.403,0.206075
,vgg19_180,447.021,0.445738
,vgg11_225,123.335,0.08969289999999999
,vgg11_460,41.522,0.0380952
,vgg13_411,561.423,0.819207
,vgg13_269,364.327,0.326251
,vgg13_380,329.341,0.241992
,vgg11_486,457.6,0.6407470000000001
,vgg13_344,196.635,0.6990729999999999
,vgg16_172,577.4159999999998,0.332794
,vgg11_499,672.67,0.34262
,vgg13_419,158.172,0.35381
,vgg11_477,230.502,0.309263
,vgg16_416,821.135,2.70358
,vgg13_420,148.116,0.08525260000000001
,vgg11_316,208.001,0.198598
,vgg16_114,406.511,0.371603
,vgg13_321,232.717,0.135218
,vgg11_421,119.109,0.207262
,vgg19_498,214.428,0.221424
,vgg11_366,340.505,1.28635
,vgg16_74,807.795,1.2573
,vgg13_371,283.013,0.193016
,vgg11_287,152.247,0.575509
,vgg16_454,514.215,0.06160980000000001
,vgg16_182,360.13800000000015,0.143533
,vgg13_131,528.323,0.303686
,vgg19_347,1070.84,1.00303
,vgg16_186,426.616,1.06934
,vgg16_26,453.042,0.247954
,vgg11_385,143.05200000000005,0.07232910000000001
,vgg11_50,297.583,0.0905757
,vgg11_450,291.78,0.348845
,vgg13_386,594.169,0.18008
,vgg11_310,257.978,0.502052
,vgg11_239,88.2416,0.180715
,vgg19_81,469.698,0.334901
,vgg19_253,443.853,0.211041
,vgg19_407,632.984,0.6666920000000001
,vgg11_95,189.192,0.384537
,vgg19_214,614.064,0.342233
,vgg13_64,560.5930000000002,1.36913
,vgg11_367,298.712,0.0978446
,vgg13_432,601.675,0.323912
,vgg11_141,133.406,0.14116800000000002
,vgg16_209,235.477,0.0988015
,vgg13_56,358.831,0.155585
,vgg11_206,173.11700000000005,1.28583
,vgg13_480,189.15,0.0939374
,vgg13_187,472.621,0.270785
,vgg19_207,910.661,0.207548
,vgg13_277,279.163,0.0959113
,vgg13_436,145.827,0.0759207
,vgg16_418,821.539,0.399561
,vgg11_162,34.8529,0.117399
,vgg19_444,549.9490000000002,0.482648
,vgg13_434,423.464,0.12937
,vgg11_1,344.807,0.188499
,vgg13_212,444.077,0.4258770000000001
,vgg16_296,479.934,0.267627
,vgg19_496,675.058,0.270038
,vgg13_82,168.97,0.648261
,vgg16_308,511.883,0.338338
,vgg19_120,852.873,0.955561
,vgg16_43,330.515,0.788391
,vgg19_66,548.808,1.19941
,vgg16_121,227.681,0.186336
,vgg11_398,319.876,0.206974
,vgg16_347,454.773,0.226721
,vgg19_152,767.203,0.363443
,vgg16_448,1159.49,1.1888
,vgg13_390,320.318,0.35275300000000004
,vgg16_446,337.097,0.367638
,vgg11_38,151.514,0.317176
,vgg16_398,388.423,0.262934
,vgg19_390,732.448,0.345122
,vgg11_123,312.927,0.526821
,vgg11_83,124.05,0.0546592
,vgg16_313,156.55700000000004,0.104125
,vgg16_79,475.507,0.232971
,vgg13_373,119.747,0.0751398
,vgg11_358,534.748,0.349437
,vgg19_394,479.288,0.286024
,vgg16_431,321.726,0.21158
,vgg11_249,213.991,0.866735
,vgg11_311,54.111,0.0550693
,vgg16_331,236.336,0.380771
,vgg11_411,388.706,1.07306
,vgg11_426,213.435,0.134274
,vgg13_495,338.3,0.326855
,vgg16_306,176.63299999999995,0.0831002
,vgg16_316,1028.37,2.02494
,vgg19_418,772.5930000000003,0.67429
,vgg13_214,279.021,0.148751
,vgg11_56,307.936,0.246591
,vgg19_330,550.1080000000002,0.333229
,vgg11_282,217.577,1.54121
,vgg19_166,442.574,0.280749
,vgg19_387,766.865,0.543754
,vgg19_107,600.375,1.23386
,vgg11_400,165.304,0.166496
,vgg13_199,212.978,0.146608
,vgg11_246,136.308,0.31106500000000004
,vgg16_328,490.097,0.507486
,vgg13_294,169.697,0.264473
,vgg19_447,249.83,0.126621
,vgg16_223,267.051,0.177773
,vgg16_175,418.424,0.150093
,vgg16_129,475.167,0.258666
,vgg11_370,87.6035,0.059158900000000014
,vgg16_458,441.841,0.260767
,vgg19_252,945.294,0.576695
,vgg16_225,340.94199999999995,0.17114400000000002
,vgg19_21,425.019,1.70172
,vgg13_333,181.085,0.112443
,vgg13_100,645.703,0.188086
,vgg16_14,847.967,0.8325520000000001
,vgg19_359,625.989,0.372736
,vgg13_92,466.564,0.15581099999999998
,vgg16_25,467.268,0.5525260000000001
,vgg19_326,608.234,0.993995
,vgg16_244,994.536,0.0636201
,vgg11_217,109.85,0.0493253
,vgg16_349,233.393,0.644115
,vgg19_281,484.925,0.5166609999999999
,vgg11_18,207.898,0.131435
,vgg11_378,344.647,0.115392
,vgg13_192,284.061,0.141075
,vgg16_16,810.806,0.414152
,vgg11_475,450.026,0.464422
,vgg16_474,311.959,0.284487
,vgg16_148,465.709,0.221389
,vgg19_241,706.207,0.562496
,vgg16_167,133.594,0.240132
,vgg11_81,293.115,0.481853
,vgg11_124,474.842,0.396959
,vgg19_305,585.94,0.7521869999999999
,vgg16_367,413.397,1.61282
,vgg13_127,525.52,0.413035
,vgg13_279,216.143,1.26217
,vgg13_358,372.83,0.517001
,vgg11_405,146.812,0.085592
,vgg13_330,441.867,0.316832
,vgg11_255,42.1572,0.118537
,vgg11_298,143.81,0.139507
,vgg16_138,653.247,0.344956
,vgg13_222,480.537,0.236383
,vgg19_453,610.2819999999998,0.477024
,vgg19_45,844.175,0.782586
,vgg11_181,277.237,0.135647
,vgg11_49,86.8927,0.295514
,vgg19_47,788.977,0.5101939999999999
,vgg19_275,453.456,0.5212319999999999
,vgg16_403,1019.45,3.2770300000000003
,vgg19_196,603.92,0.228098
,vgg13_177,314.535,0.159374
,vgg19_113,681.387,0.675074
,vgg11_71,87.3977,0.053004
,vgg16_283,601.664,1.5143799999999998
,vgg19_233,542.896,0.777362
,vgg16_32,557.643,0.5166189999999999
,vgg11_331,190.153,0.267825
,vgg11_325,260.03700000000003,0.200378
,vgg16_293,211.87,0.188569
,vgg13_410,641.477,0.307182
,vgg16_230,335.492,0.191928
,vgg19_313,391.371,0.274501
,vgg16_168,398.073,0.71901
,vgg11_452,89.7244,0.08566280000000001
,vgg16_109,507.214,1.05286
,vgg19_310,545.529,0.548959
,vgg11_494,242.663,0.232984
,vgg16_460,524.644,0.861618
,vgg13_91,202.251,0.270222
,vgg11_102,204.93400000000003,0.186211
,vgg19_117,350.759,0.490417
,vgg13_229,398.30800000000005,0.340443
,vgg13_15,426.815,0.5583600000000001
,vgg11_122,132.589,0.0365077
,vgg16_183,274.61400000000003,1.20222
,vgg13_337,199.239,0.115754
,vgg19_48,381.551,0.403421
,vgg13_379,229.082,0.717262
,vgg11_129,214.126,0.797218
,vgg11_309,231.038,0.152401
,vgg11_24,385.411,0.200527
,vgg16_174,466.4,0.359648
,vgg16_176,527.183,0.215345
,vgg16_235,239.673,0.259323
,vgg11_315,363.36300000000006,0.194532
,vgg16_277,591.862,0.8455809999999999
,vgg11_320,281.223,0.436018
,vgg11_149,113.752,0.12542799999999998
,vgg11_337,228.431,0.100279
,vgg16_357,900.546,0.7052689999999999
,vgg13_142,576.592,0.8061550000000001
,vgg11_39,63.9617,0.0514543
,vgg11_176,507.603,1.02181
,vgg16_272,349.216,1.28915
,vgg11_127,311.837,0.644942
,vgg19_478,311.937,0.414693
,vgg13_52,356.831,0.276012
,vgg16_340,474.11800000000005,0.989759
,vgg13_137,500.793,0.946307
,vgg16_443,213.08,0.208334
,vgg19_175,544.121,0.7207180000000001
,vgg19_298,432.909,0.588378
,vgg19_3,557.9630000000002,0.16939
,vgg19_111,779.296,0.769492
,vgg11_151,200.496,0.14516600000000002
,vgg11_323,312.72,0.633012
,vgg16_82,516.519,0.276951
,vgg19_139,167.817,0.154617
,vgg16_363,558.847,0.245101
,vgg16_4,192.713,0.146084
,vgg16_21,198.499,0.109646
,vgg19_183,591.918,0.54602
,vgg13_384,338.954,0.479913
,vgg13_427,384.384,0.233613
,vgg13_94,65.7166,0.503132
,vgg19_380,778.675,1.57515
,vgg13_21,502.09,1.28844
,vgg16_468,356.334,0.524786
,vgg16_189,797.762,0.8940819999999999
,vgg16_476,397.464,0.244615
,vgg13_226,162.44299999999996,0.124025
,vgg19_147,918.59,0.8364450000000001
,vgg16_266,448.01,0.374154
,vgg13_155,402.621,0.377271
,vgg11_51,410.407,0.430009
,vgg16_245,532.448,0.59322
,vgg11_21,469.927,1.55842
,vgg16_475,266.992,0.193096
,vgg11_11,150.546,0.112545
,vgg19_285,726.12,0.505699
,vgg11_171,111.154,0.0875881
,vgg11_271,107.128,0.0653823
,vgg13_472,421.95,0.727126
,vgg11_203,251.834,0.74469
,vgg11_419,144.438,0.571918
,vgg16_258,927.294,0.511192
,vgg19_181,323.858,0.785832
,vgg19_110,588.058,0.586309
,vgg11_493,165.024,0.0924189
,vgg19_432,776.242,1.19331
,vgg16_190,370.041,0.13880499999999998
,vgg19_373,580.0169999999998,1.38509
,vgg16_318,274.997,0.386118
,vgg13_313,497.003,0.423594
,vgg19_87,921.734,0.405843
,vgg11_147,75.8883,0.0632176
,vgg13_396,491.958,0.184645
,vgg16_335,307.136,0.394204
,vgg19_242,1005.76,0.31024
,vgg11_459,231.643,0.249631
,vgg11_190,115.883,0.951841
,vgg19_376,322.611,0.248484
,vgg19_9,570.302,1.27079
,vgg16_243,355.087,0.28688
,vgg11_488,107.675,0.0849068
,vgg11_428,174.05200000000005,1.39869
,vgg19_36,333.249,0.407872
,vgg13_135,290.267,0.278702
,vgg19_324,512.313,0.285569
,vgg13_149,175.96599999999995,0.127583
,vgg16_333,356.01300000000015,0.465229
,vgg11_387,279.027,0.293971
,vgg11_109,212.469,0.215975
,vgg16_107,674.06,0.25874899999999995
,vgg13_49,308.175,0.818531
,vgg11_318,20.0622,0.0262779
,vgg16_290,518.474,0.463367
,vgg19_60,969.359,1.78239
,vgg11_73,129.02700000000002,0.0906633
,vgg11_306,415.858,0.172004
,vgg19_149,512.274,0.661518
,vgg19_482,601.88,0.687995
,vgg11_422,182.631,0.534634
,vgg16_70,478.338,0.204513
,vgg13_24,182.299,0.26365
,vgg13_299,531.087,0.421722
,vgg11_326,127.871,0.126025
,vgg16_211,363.362,0.348744
,vgg11_395,91.0385,0.178566
,vgg16_276,1053.74,1.66559
,vgg11_165,262.473,0.167943
,vgg11_290,166.985,0.0780826
,vgg13_448,149.015,0.136285
,vgg11_391,479.42800000000005,0.250722
,vgg11_79,280.904,0.40147
,vgg16_484,337.011,0.07630210000000001
,vgg13_217,518.741,1.05548
,vgg13_161,247.607,0.111181
,vgg19_128,820.7280000000003,0.8125600000000001
,vgg19_229,510.125,0.7595029999999999
,vgg19_77,647.0319999999998,0.365174
,vgg16_442,569.307,0.508757
,vgg11_5,184.822,0.117884
,vgg16_482,253.529,0.116175
,vgg19_172,685.847,0.392803
,vgg19_191,343.1790000000001,0.206284
,vgg11_215,193.243,0.135981
,vgg16_483,576.055,0.26485
,vgg16_493,518.65,0.2341030000000001
,vgg16_311,410.58,0.247937
,vgg13_238,298.992,0.766748
,vgg16_177,711.21,0.6161479999999999
,vgg13_280,234.445,0.175751
,vgg16_269,232.01,0.276111
,vgg19_386,550.4580000000002,0.5398350000000001
,vgg11_374,120.453,0.186956
,vgg11_423,97.8521,0.20422
,vgg19_46,496.242,0.655529
,vgg11_330,313.768,0.163993
,vgg19_69,395.719,0.694362
,vgg13_235,701.951,0.73607
,vgg13_305,632.404,1.81941
,vgg19_84,662.623,0.535349
,vgg13_48,277.012,0.12559
,vgg13_462,587.8240000000002,0.859867
,vgg11_84,141.531,0.0658683
,vgg16_154,589.905,1.27059
,vgg16_364,391.713,0.541828
,vgg19_410,702.725,0.636312
,vgg19_289,262.016,0.222939
,vgg13_210,275.022,0.216165
,vgg16_62,486.026,0.7387859999999999
,vgg19_10,829.4739999999997,1.5498
,vgg13_357,231.98,1.02144
,vgg16_435,823.8589999999997,0.352035
,vgg13_493,254.352,1.36581
,vgg19_156,671.814,0.411265
,vgg16_119,425.55800000000005,0.73058
,vgg16_187,497.658,0.4168560000000001
,vgg16_457,265.021,1.20557
,vgg11_59,317.2920000000001,0.827333
,vgg19_368,543.276,1.68837
,vgg16_274,352.492,0.358861
,vgg13_216,435.106,0.270535
,vgg16_163,755.904,0.379316
,vgg11_229,345.101,0.172153
,vgg16_87,507.525,0.338425
,vgg19_400,732.908,0.778746
,vgg13_176,231.151,0.29083400000000004
,vgg11_100,138.615,0.0531398
,vgg13_209,100.12,0.0632925
,vgg16_386,312.895,0.41958
,vgg16_233,287.659,0.288319
,vgg13_343,170.067,0.071435
,vgg11_412,219.867,0.17858800000000002
,vgg16_317,533.178,0.191632
,vgg13_431,102.841,0.0978202
,vgg11_68,97.0226,0.425771
,vgg19_228,789.627,1.66377
,vgg16_465,684.7819999999998,1.49751
,vgg13_215,565.582,0.262547
,vgg16_133,243.257,0.164049
,vgg19_171,508.828,0.808772
,vgg11_260,447.647,0.416353
,vgg13_105,261.963,0.220131
,vgg13_188,257.165,0.277888
,vgg19_433,620.592,1.30683
,vgg11_252,370.811,0.385189
,vgg16_153,147.588,0.103526
,vgg11_43,79.9252,0.0751932
,vgg19_76,294.372,0.4966930000000001
,vgg13_466,134.251,0.130991
,vgg16_273,306.936,0.289289
,vgg16_379,713.321,0.522879
,vgg13_359,207.331,0.155598
,vgg13_461,225.676,0.155576
,vgg11_82,265.639,0.228719
,vgg13_111,240.425,0.113308
,vgg11_291,81.8884,0.110768
,vgg13_211,366.773,0.367545
,vgg16_8,543.471,1.03431
,vgg16_344,290.149,1.05685
,vgg19_388,536.101,0.580032
,vgg13_143,231.49,0.7657079999999999
,vgg11_372,344.261,0.113798
,vgg13_123,288.631,0.376593
,vgg16_385,390.13,1.61122
,vgg19_356,591.4730000000002,1.05729
,vgg16_438,809.182,0.5729810000000001
,vgg19_451,749.7919999999997,1.44295
,vgg13_19,346.255,0.32005700000000004
,vgg13_381,174.894,0.12927
,vgg11_348,367.092,0.267385
,vgg19_130,316.006,0.195081
,vgg13_293,124.711,0.345077
,vgg11_346,163.821,0.0897492
,vgg11_321,336.959,0.378538
,vgg13_485,253.455,0.238209
,vgg13_8,499.074,0.452035
,vgg19_304,265.824,0.156137
,vgg19_59,1058.18,1.33881
,vgg13_191,203.31,0.539092
,vgg13_475,268.04900000000004,0.149329
,vgg13_4,171.899,0.347574
,vgg13_430,221.435,0.243058
,vgg13_78,767.309,1.34748
,vgg11_148,253.793,0.451779
,vgg19_476,348.455,0.286114
,vgg19_332,888.685,0.971801
,vgg19_200,600.886,0.212611
,vgg11_27,109.454,0.0944242
,vgg13_22,116.285,0.123751
,vgg19_213,650.436,0.277847
,vgg13_96,297.756,0.243441
,vgg16_231,608.27,0.410672
,vgg16_432,255.431,0.143832
,vgg19_279,372.431,0.366991
,vgg11_213,398.096,0.990912
,vgg19_411,382.957,0.17261700000000002
,vgg11_443,91.0545,0.0830802
,vgg11_314,96.7865,0.0818627
,vgg11_216,170.737,0.19675
,vgg11_308,89.8867,0.110497
,vgg13_353,134.0,0.108138
,vgg19_345,549.0369999999998,0.819029
,vgg19_329,701.393,0.432204
,vgg16_80,569.692,0.29822
,vgg11_360,148.21,0.890949
,vgg19_225,714.25,0.384281
,vgg19_429,373.907,0.280724
,vgg16_246,320.256,0.442161
,vgg13_154,228.387,0.0931133
,vgg11_232,233.21,0.277483
,vgg16_91,133.78,0.0905964
,vgg19_300,599.5880000000002,0.89997
,vgg16_118,566.4259999999998,0.159356
,vgg16_212,117.437,0.0964147
,vgg13_148,560.945,0.79459
,vgg16_393,728.6080000000003,0.6953199999999999
,vgg16_287,513.597,0.456224
,vgg11_430,353.62,1.07761
,vgg11_26,142.80700000000004,0.178251
,vgg19_127,847.888,0.450995
,vgg13_491,504.832,0.194213
,vgg11_243,876.301,2.03236
,vgg11_193,191.888,0.7782899999999999
,vgg19_99,476.884,0.166302
,vgg19_277,551.433,2.07965
,vgg13_266,305.551,0.7262890000000001
,vgg11_317,172.977,0.262827
,vgg11_489,344.314,0.40848
,vgg19_442,499.751,1.42546
,vgg19_118,478.575,0.828917
,vgg11_389,307.813,0.35298
,vgg19_90,344.11300000000006,0.375448
,vgg11_265,222.517,0.197972
,vgg19_144,983.281,1.06464
,vgg13_417,383.496,0.241055
,vgg19_247,432.901,0.399528
,vgg19_177,507.299,0.183245
,vgg16_173,977.679,1.08117
,vgg19_497,702.1030000000003,0.502026
,vgg11_91,318.452,0.242422
,vgg11_156,89.9859,0.028369400000000006
,vgg13_460,756.8960000000003,0.485137
,vgg19_246,533.089,0.523574
,vgg19_343,347.00300000000016,0.262498
,vgg11_67,106.185,0.35167600000000004
,vgg13_393,336.01,0.16556300000000002
,vgg13_103,422.283,0.4884439999999999
,vgg11_40,139.8,0.13583299999999998
,vgg11_432,146.845,0.484296
,vgg11_284,232.625,0.690397
,vgg13_228,145.446,0.0485079
,vgg16_356,428.357,0.42121
,vgg19_114,587.868,0.195174
,vgg13_391,702.671,0.5765
,vgg11_469,82.7676,0.0564813
,vgg19_278,469.256,0.7691439999999999
,vgg16_36,257.132,0.494875
,vgg19_198,965.096,1.56496
,vgg11_125,162.342,0.07360030000000001
,vgg19_327,575.073,1.15146
,vgg13_70,290.656,0.572343
,vgg11_472,161.012,0.238861
,vgg19_88,825.43,0.7991590000000001
,vgg11_29,112.794,0.0830328
,vgg13_471,489.755,1.54365
,vgg11_442,87.8407,0.093206
,vgg13_474,616.256,0.425828
,vgg13_457,188.342,0.119016
,vgg16_375,343.435,0.21617
,vgg11_153,375.896,0.22597
,vgg13_134,557.021,0.286774
,vgg16_248,557.388,0.372032
,vgg19_7,488.892,0.972965
,vgg19_470,545.714,0.516583
,vgg19_480,577.104,0.950466
,vgg11_184,50.6131,0.0290709
,vgg13_207,753.327,0.455561
,vgg13_106,328.75699999999995,0.108913
,vgg13_247,301.623,0.210337
,vgg13_400,265.4,0.577476
,vgg16_427,227.638,0.153245
,vgg13_119,393.532,0.482783
,vgg11_381,113.837,0.326934
,vgg16_391,396.046,0.474285
,vgg13_281,503.397,0.359949
,vgg16_439,468.008,0.2508
,vgg11_209,101.362,0.210917
,vgg11_58,138.278,0.107368
,vgg13_308,164.794,0.239454
,vgg16_429,413.372,0.13714400000000002
,vgg11_295,74.9433,0.0721741
,vgg19_263,745.653,0.358486
,vgg19_437,635.692,0.489378
,vgg16_470,177.21900000000005,0.16331099999999998
,vgg11_4,49.8848,0.09893
,vgg19_73,666.003,1.95802
,vgg19_74,812.793,1.15901
,vgg13_449,677.586,0.537079
,vgg11_495,308.5,0.32779400000000003
,vgg13_295,274.421,0.156495
,vgg19_317,385.87,0.638124
,vgg13_120,124.381,0.0796635
,vgg19_397,531.806,0.339633
,vgg11_313,145.846,0.157691
,vgg13_336,385.274,1.61845
,vgg13_84,514.558,0.332291
,vgg19_353,902.634,4.5619
,vgg11_60,110.892,0.282561
,vgg16_486,359.153,1.47822
,vgg11_438,288.958,0.230765
,vgg11_345,82.4937,0.0577308
,vgg16_434,430.907,1.0508
,vgg19_209,641.905,1.85803
,vgg19_78,342.576,0.914781
,vgg11_117,129.159,0.684176
,vgg19_280,320.261,0.643777
,vgg13_97,479.658,0.260386
,vgg16_15,481.007,0.561936
,vgg19_179,578.482,0.37213
,vgg19_440,699.949,0.17033099999999998
,vgg16_47,256.54900000000004,0.228214
,vgg11_6,71.5313,0.06420740000000001
,vgg11_380,134.243,0.124834
,vgg13_347,131.675,0.222705
,vgg19_425,330.666,0.993661
,vgg11_397,102.754,0.0436398
,vgg13_7,156.97799999999995,0.306014
,vgg16_63,766.4910000000001,0.454442
,vgg19_290,598.597,0.353846
,vgg11_207,169.924,0.12828499999999998
,vgg13_325,212.679,1.41418
,vgg19_288,988.131,0.305681
,vgg19_153,1105.62,0.977106
,vgg16_146,671.258,1.20006
,vgg16_370,368.385,0.121495
,vgg19_322,154.981,0.346554
,vgg16_275,445.963,0.255365
,vgg19_31,670.6310000000002,1.22482
,vgg16_322,375.22,0.545696
,vgg11_297,265.091,0.280306
,vgg19_161,718.921,0.342549
,vgg16_72,301.513,0.762502
,vgg11_425,305.795,0.15246600000000002
,vgg16_42,785.0219999999997,1.31381
,vgg19_82,784.961,1.06772
,vgg19_335,621.536,3.1297
,vgg16_59,463.854,0.0771092
,vgg19_331,687.069,0.663934
,vgg16_348,554.7,0.333599
,vgg19_243,862.872,0.923232
,vgg19_412,781.5169999999997,1.50243
,vgg13_473,383.973,0.8463219999999999
,vgg19_292,593.344,1.02341
,vgg13_141,325.756,1.61287
,vgg13_182,654.18,1.14979
,vgg13_323,428.717,0.763763
,vgg19_489,817.6669999999997,0.5675819999999999
,vgg11_468,237.644,0.22459
,vgg19_197,359.028,0.13660999999999998
,vgg16_164,289.3,0.184915
,vgg13_446,218.776,0.117438
,vgg19_475,165.78,0.648521
,vgg13_162,270.869,0.255258
,vgg13_71,223.981,0.127769
,vgg16_495,485.606,0.279925
,vgg11_45,275.903,0.453182
,vgg19_299,570.635,0.381652
,vgg19_405,407.912,0.578626
,vgg16_238,688.336,0.560325
,vgg16_355,598.023,0.5980949999999999
,vgg16_57,356.031,0.243022
,vgg11_139,233.356,0.636112
,vgg11_199,186.225,0.380262
,vgg16_312,296.875,0.56795
,vgg16_374,217.171,0.125219
,vgg19_315,1185.2,0.797793
,vgg19_157,902.303,0.6583439999999999
,vgg11_126,167.456,0.120541
,vgg13_43,195.451,0.363365
,vgg19_65,480.093,0.562117
,vgg16_420,349.673,0.393922
,vgg19_219,490.049,0.643049
,vgg11_8,257.051,0.569174
,vgg13_319,115.006,0.0605061
,vgg19_341,427.039,0.241044
,vgg19_448,829.408,0.45475
,vgg13_412,543.436,0.648139
,vgg13_496,376.131,0.218158
,vgg19_232,696.567,1.90868
,vgg19_100,416.56,0.363594
,vgg16_196,271.053,0.39012
,vgg13_206,467.15,0.126992
,vgg16_413,350.68,0.186926
,vgg13_361,180.243,0.328754
,vgg19_287,256.431,0.452046
,vgg16_407,427.125,0.867079
,vgg16_267,610.256,0.382717
,vgg16_402,655.633,1.90197
,vgg16_319,470.265,1.32006
,vgg13_372,330.917,0.13881500000000002
,vgg13_109,384.865,0.257992
,vgg11_274,247.303,0.27193
,vgg11_382,95.9975,0.0777375
,vgg13_490,225.697,0.137185
,vgg19_338,371.885,0.513109
,vgg13_256,392.464,0.595482
,vgg11_420,284.564,1.11416
,vgg16_218,192.685,0.07991310000000001
,vgg11_491,122.773,0.128143
,vgg13_75,119.591,0.06862339999999999
,vgg13_113,142.122,0.182139
,vgg13_164,276.558,0.433969
,vgg16_279,552.84,0.514595
,vgg16_409,252.888,0.37645
,vgg19_75,707.279,0.680129
,vgg13_198,275.961,0.193382
,vgg11_307,211.576,0.109926
,vgg16_373,234.187,0.170183
,vgg16_352,765.7560000000003,1.07636
,vgg16_472,523.065,0.462466
,vgg13_482,233.933,0.6749149999999999
,vgg19_417,527.534,0.422816
,vgg16_165,474.6,0.244345
,vgg19_52,629.039,0.359556
,vgg11_283,428.566,0.318811
,vgg13_225,88.0435,0.13943699999999998
,vgg19_350,629.612,0.247578
,vgg11_424,172.102,0.245735
,vgg16_69,949.707,0.969311
,vgg19_244,333.367,0.427543
,vgg11_254,165.023,0.358635
,vgg16_428,320.129,0.202578
,vgg13_14,498.177,0.191564
,vgg16_90,898.5419999999997,0.712173
,vgg13_282,80.3247,0.055073300000000006
,vgg13_60,422.662,0.34899
,vgg19_185,583.012,0.654898
,vgg13_492,549.5980000000002,0.405815
,vgg16_351,346.18800000000016,0.645667
,vgg19_426,682.453,2.06815
,vgg19_34,576.007,0.630844
,vgg19_360,233.785,0.185414
,vgg16_228,626.003,0.609267
,vgg11_440,42.0513,0.0426788
,vgg19_208,386.258,0.128442
,vgg13_183,406.76,0.482555
,vgg13_50,161.516,0.141308
,vgg19_294,511.386,0.463297
,vgg19_131,239.728,0.112926
,vgg19_39,703.694,0.816297
,vgg19_492,397.961,0.463888
,vgg13_421,406.633,0.508602
,vgg19_382,618.194,0.692368
,vgg11_376,390.654,0.439712
,vgg11_294,73.1664,0.535587
,vgg19_186,424.27,0.579378
,vgg11_44,253.595,0.148404
,vgg16_9,396.266,0.180156
,vgg19_22,341.846,0.16301
,vgg16_488,464.107,0.323204
,vgg11_98,83.6732,0.050028300000000005
,vgg11_353,264.935,0.318295
,vgg11_226,186.966,0.0876686
,vgg19_222,647.956,0.773618
,vgg19_392,407.705,0.552848
,vgg13_302,342.3,0.618214
,vgg19_189,474.997,0.334888
,vgg13_13,613.693,0.72473
,vgg11_328,137.536,0.107101
,vgg16_390,556.184,1.79847
,vgg16_171,379.545,0.586832
,vgg11_305,158.362,0.102742
,vgg11_103,369.98,0.798575
,vgg19_491,810.3530000000003,0.8270139999999999
,vgg13_169,312.163,0.27307
,vgg16_498,569.215,0.450574
,vgg11_414,534.942,0.8366020000000001
,vgg11_93,96.2521,0.4304270000000001
,vgg16_342,344.754,0.26506
,vgg13_179,372.009,0.286712
,vgg16_30,611.628,1.20747
,vgg19_133,417.379,1.09049
,vgg11_269,438.132,0.238144
,vgg13_399,267.694,0.294268
,vgg13_401,210.457,0.18115
,vgg16_469,476.532,1.40224
,vgg19_372,595.305,0.76041
,vgg11_47,42.0621,0.0362077
,vgg16_17,249.78,0.175975
,vgg11_244,105.723,0.0458899
,vgg16_48,222.272,0.176816
,vgg13_170,128.099,0.110919
,vgg16_227,429.869,0.329151
,vgg16_257,349.542,0.20844
,vgg16_222,429.981,0.306768
,vgg11_304,226.39,0.336386
,vgg11_106,338.939,0.740553
,vgg11_158,466.754,1.17334
,vgg16_284,722.706,0.982885
,vgg16_11,592.9590000000002,0.12598199999999998
,vgg16_463,499.66,0.227562
,vgg16_371,461.395,0.465105
,vgg11_429,100.228,0.317223
,vgg19_266,418.663,0.127583
,vgg13_405,391.794,0.229607
,vgg11_485,307.736,0.323901
,vgg13_451,236.611,0.119998
,vgg11_12,157.408,0.0438008
,vgg16_0,204.398,0.0916852
,vgg16_399,431.236,0.152852
,vgg13_130,118.601,0.0538721
,vgg16_3,259.956,0.16738
,vgg19_371,319.343,0.163823
,vgg11_441,32.9893,0.0304587
,vgg19_12,769.6489999999999,1.01773
,vgg16_125,800.607,0.16634000000000002
,vgg13_241,392.154,0.242404
,vgg16_31,389.354,0.546188
,vgg11_386,221.874,0.138094
,vgg16_116,265.86,0.141674
,vgg16_33,427.644,0.328079
,vgg13_340,170.21400000000003,0.599513
,vgg11_427,140.71,0.15531199999999998
,vgg11_9,188.982,0.108733
,vgg16_181,617.327,0.270364
,vgg13_261,536.444,0.314471
,vgg16_105,914.976,1.0511700000000002
,vgg19_28,983.241,0.969881
,vgg19_223,400.508,0.405229
,vgg13_245,438.907,0.626974
,vgg19_83,629.6619999999998,0.490997
,vgg16_459,697.086,0.759526
,vgg11_169,619.0840000000002,0.603449
,vgg13_150,209.874,0.179457
,vgg19_484,343.56,0.771534
,vgg13_477,547.129,0.757369
,vgg11_85,182.606,0.14271
,vgg19_389,624.741,0.685075
,vgg13_68,631.436,0.402136
,vgg16_400,423.002,0.217453
,vgg16_84,432.965,0.629567
,vgg13_0,146.08700000000005,0.0395927
,vgg13_252,109.744,0.0631005
,vgg13_426,342.9890000000001,0.122985
,vgg16_487,354.9,1.0248
,vgg19_86,604.809,0.338713
,vgg11_451,268.763,0.35430100000000003
,vgg13_167,269.759,0.249707
,vgg16_255,427.782,0.201595
,vgg13_346,278.437,1.24296
,vgg16_234,311.637,0.385167
,vgg16_449,489.798,0.392939
,vgg13_110,791.8789999999997,0.6283810000000001
,vgg13_101,313.283,1.3205
,vgg16_120,389.475,0.25256
,vgg11_302,213.024,0.383665
,vgg11_336,223.2,0.150402
,vgg19_33,579.8430000000002,0.759768
,vgg11_22,67.4704,0.0983482
,vgg13_304,286.221,0.0872806
,vgg13_306,348.86400000000015,0.148647
,vgg13_267,300.116,0.202577
,vgg11_143,235.591,0.184845
,vgg13_478,363.47,1.02651
,vgg11_155,543.788,0.7537050000000001
,vgg11_278,194.728,0.0928409
,vgg13_392,123.521,0.08324169999999999
,vgg19_67,919.164,0.651699
,vgg16_96,199.848,0.13022999999999998
,vgg11_435,185.241,0.0755488
,vgg11_157,154.80700000000004,0.103145
,vgg13_144,238.709,0.250239
,vgg16_358,384.973,0.474629
,vgg13_317,331.028,0.26405300000000004
,vgg19_13,1277.89,1.2532299999999998
,vgg19_231,582.63,0.248903
,vgg16_422,218.091,0.121799
,vgg16_280,493.375,0.44464
,vgg11_136,81.4106,0.0660686
,vgg19_20,658.952,0.8565950000000001
,vgg16_259,286.685,0.198302
,vgg19_284,921.726,0.0765457
,vgg16_430,408.798,0.498469
,vgg11_259,439.696,0.335187
,vgg13_450,389.516,0.503845
,vgg19_436,457.301,0.361676
,vgg19_160,495.606,0.8171729999999999
,vgg16_157,331.666,0.366401
,vgg11_20,287.411,0.208895
,vgg13_423,1054.93,1.03204
,vgg13_403,447.901,0.624599
,vgg19_422,547.635,0.6140100000000001
,vgg16_265,649.386,0.5515439999999999
,vgg11_63,58.9361,0.0410705
,vgg11_90,84.8522,0.0638727
,vgg16_220,652.133,0.453997
,vgg13_158,178.583,0.203628
,vgg16_131,547.347,0.490717
,vgg16_19,276.682,0.10976500000000004
,vgg16_323,586.516,1.64488
,vgg16_161,505.709,0.293034
,vgg13_37,482.953,0.26808000000000004
,vgg19_201,610.539,1.1691200000000002
,vgg11_379,105.526,0.465394
,vgg11_89,179.174,0.113401
,vgg11_192,173.947,0.20695700000000009
,vgg11_137,93.9193,0.07406
,vgg11_140,168.22400000000005,0.17956
,vgg16_426,416.504,0.181358
,vgg16_270,533.648,0.30585500000000004
,vgg19_274,310.7920000000001,0.162704
,vgg11_444,194.103,0.418113
,vgg11_135,368.936,0.23423
,vgg19_362,500.74800000000016,1.09268
,vgg16_76,644.159,1.18477
,vgg13_351,449.094,0.368636
,vgg19_291,361.111,0.16369
,vgg16_380,497.77,0.436342
,vgg11_458,77.0491,0.0550546
,vgg11_332,182.487,0.308181
,vgg16_324,554.635,0.292585
,vgg19_140,426.807,0.700986
,vgg13_51,353.524,0.210331
,vgg16_53,588.319,0.285752
,vgg16_303,220.132,0.177323
,vgg16_408,541.7180000000002,0.754979
,vgg16_327,277.191,1.40666
,vgg13_292,132.32,0.910757
,vgg19_354,810.387,1.36576
,vgg13_42,485.526,0.782159
,vgg19_124,268.023,1.12951
,vgg19_483,366.385,0.25826
,vgg19_456,482.681,0.306684
,vgg16_326,321.965,0.204717
,vgg16_404,462.27,0.677956
,vgg19_464,270.283,0.139375
,vgg13_356,346.921,0.6135520000000001
,vgg19_248,389.096,0.457944
,vgg13_26,291.971,0.126086
,vgg19_260,625.862,0.469571
,vgg13_157,330.3540000000001,0.707316
,vgg11_78,165.047,0.117417
,vgg16_156,374.306,0.172994
,vgg13_350,303.095,1.01497
,vgg11_439,199.591,0.116817
,vgg16_127,137.033,0.720604
,vgg13_348,244.275,1.15494
,vgg16_115,682.372,0.5119060000000001
,vgg13_244,237.018,0.538115
,vgg11_454,439.059,0.415268
,vgg11_409,435.742,2.18872
,vgg11_404,60.53100000000001,0.154588
,vgg11_261,295.998,0.16464
,vgg13_447,422.104,0.304332
,vgg13_98,323.279,0.269237
,vgg16_452,312.128,0.161855
,vgg13_440,446.797,0.6123069999999999
,vgg11_241,301.3520000000001,0.21516
,vgg13_89,309.665,0.118952
,vgg16_294,219.965,1.30722
,vgg11_121,502.455,0.700284
,vgg11_66,375.601,0.986619
,vgg19_132,436.376,0.348124
,vgg11_449,244.016,0.486664
,vgg19_176,329.146,0.261826
,vgg19_499,659.738,0.296866
,vgg16_39,500.218,0.30024
,vgg16_300,377.444,0.423645
,vgg11_390,31.5741,0.0384958
,vgg13_286,196.082,0.157042
,vgg19_68,631.255,0.363681
,vgg13_345,591.436,0.434113
,vgg19_337,836.163,1.2543799999999998
,vgg11_364,112.596,0.33561
,vgg11_273,159.746,0.06854489999999999
,vgg19_357,347.389,0.213327
,vgg19_474,618.543,1.19899
,vgg13_429,644.1419999999998,0.279144
,vgg11_16,106.784,0.0666879
,vgg19_363,721.1389999999999,0.421926
,vgg11_498,73.03,0.183201
,vgg13_263,451.09,0.295574
,vgg11_201,282.055,0.106881
,vgg13_31,580.377,0.493337
,vgg19_6,234.662,0.338699
,vgg19_19,923.821,0.355607
,vgg16_81,561.487,0.07124630000000001
,vgg19_385,463.014,0.269922
,vgg11_189,86.4226,0.544157
,vgg19_276,436.239,0.277277
,vgg16_85,359.934,0.192481
,vgg13_366,324.876,0.7714989999999999
,vgg19_150,140.715,0.0664414
,vgg11_492,528.734,0.515111
,vgg13_388,323.1620000000001,0.135961
,vgg16_251,848.94,1.3597
,vgg19_51,393.335,0.22935100000000005
,vgg13_108,306.408,0.442591
,vgg16_151,346.079,0.24095
,vgg11_352,60.19300000000001,0.216991
,vgg19_226,581.424,0.489709
,vgg16_83,569.784,0.707294
,vgg16_142,452.724,0.239273
,vgg11_111,121.047,0.14777300000000002
,vgg11_272,192.187,0.699276
,vgg19_105,383.176,0.260486
,vgg11_37,527.008,1.43518
,vgg13_301,521.618,0.5339689999999999
,vgg13_309,204.208,0.52279
,vgg19_239,1074.67,0.640123
,vgg13_132,804.171,0.811091
,vgg16_144,688.803,0.504538
,vgg19_349,501.022,0.32245
,vgg13_259,61.0406,0.180294
,vgg11_407,96.0902,0.114511
,vgg19_220,470.311,0.301504
,vgg13_395,255.944,0.263741
,vgg11_408,66.3985,0.107082
,vgg19_352,517.3530000000002,0.5026390000000001
,vgg19_101,260.068,0.357047
,vgg16_155,425.261,0.39227
,vgg13_315,553.258,0.215706
,vgg11_2,191.983,0.15532
,vgg16_292,476.218,0.684368
,vgg19_126,759.613,0.317827
,vgg13_459,413.579,0.335296
,vgg13_494,416.95,0.36315
,vgg16_38,455.501,0.385441
,vgg11_224,341.658,0.40146
,vgg13_355,202.939,0.613829
,vgg11_3,157.509,0.130104
,vgg11_202,409.16,0.626293
,vgg19_254,333.855,0.223642
,vgg16_215,364.659,0.425445
,vgg16_395,505.964,0.597312
,vgg13_221,358.951,0.494822
,vgg19_438,575.261,0.850439
,vgg19_56,1013.08,1.37902
,vgg19_495,711.1610000000003,0.292434
,vgg13_364,432.51,0.503033
,vgg13_498,142.582,0.0699997
,vgg19_467,571.521,0.32815
,vgg19_366,504.674,0.4179640000000001
,vgg19_70,930.562,1.6776799999999998
,vgg11_356,111.985,0.0532372
,vgg19_490,556.638,0.367971
,vgg11_104,267.18,0.256758
,vgg19_396,371.55,0.194983
,vgg19_91,489.125,0.282236
,vgg16_437,306.648,0.442482
,vgg13_248,252.576,0.320353
,vgg19_138,615.059,0.586032
,vgg16_40,277.65,0.152777
,vgg19_18,334.907,0.192118
,vgg16_29,374.038,0.321067
,vgg13_28,313.766,0.274073
,vgg16_252,429.523,0.17902
,vgg16_201,158.388,0.141263
,vgg13_59,154.91899999999995,0.13813599999999998
,vgg16_353,513.678,0.363312
,vgg16_137,584.243,0.771093
,vgg16_368,826.076,0.165074
,vgg13_443,449.617,1.51641
,vgg11_406,100.62,0.370637
,vgg19_37,435.903,0.215801
,vgg19_159,647.8919999999998,1.0929799999999998
,vgg19_23,650.985,0.182862
,vgg19_256,658.557,0.303323
,vgg16_304,420.768,0.261273
,vgg11_118,185.663,0.955095
,vgg11_75,223.436,0.240021
,vgg13_463,435.59,1.4174
,vgg16_140,362.814,0.30230100000000004
,vgg19_190,578.065,0.258558
,vgg11_476,212.251,0.2195030000000001
,vgg11_312,129.16899999999998,0.08789630000000001
,vgg19_146,830.222,0.513045
,vgg19_235,218.824,0.271785
,vgg16_68,502.44,0.461876
,vgg13_424,463.88,1.23706
,vgg11_276,259.496,0.7721680000000001
,vgg19_409,819.3939999999999,0.725696
,vgg19_434,410.963,0.629791
,vgg19_494,761.6460000000003,1.46946
,vgg13_18,374.721,0.260635
,vgg19_309,929.969,0.29030500000000004
,vgg13_63,334.201,0.19852
,vgg16_281,478.905,0.6252
,vgg16_381,340.1090000000001,0.490946
,vgg13_354,358.965,0.181652
,vgg16_104,190.999,0.12976500000000002
,vgg13_339,158.547,0.12002
,vgg13_291,137.024,0.744522
,vgg11_263,277.288,1.27055
,vgg13_246,263.626,0.207959
,vgg11_132,597.156,1.0428
,vgg13_99,223.196,0.31861300000000004
,vgg11_64,186.561,0.28714
,vgg19_479,536.942,0.434248
,vgg16_44,382.284,0.327895
,vgg11_236,242.952,0.461499
,vgg13_414,221.61,0.225237
,vgg19_173,338.356,0.213429
,vgg13_80,131.515,0.103311
,vgg13_408,611.122,0.420313
,vgg16_464,206.13,0.16902
,vgg16_387,294.815,0.35135
,vgg11_277,332.475,0.401955
,vgg19_257,785.08,0.5203220000000001
,vgg13_314,607.245,0.430878
,vgg13_202,855.7130000000003,0.440012
,vgg13_223,189.517,0.0906701
,vgg13_418,141.23,0.6375310000000001
,vgg16_126,166.454,0.157655
,vgg11_463,206.298,0.240402
,vgg19_35,388.352,0.280049
,vgg16_249,468.796,0.31919899999999995
,vgg11_401,334.583,0.213173
,vgg16_208,306.093,0.422313
,vgg16_241,650.255,0.31992
,vgg13_487,302.07,0.371729
,vgg13_257,278.068,0.12386400000000004
,vgg11_410,214.4,0.128081
,vgg19_5,314.932,1.26871
,vgg13_156,412.912,0.348825
,vgg16_376,146.02200000000005,0.151147
,vgg16_101,776.96,0.506238
,vgg13_385,476.03,0.329932
,vgg13_318,232.421,0.724659
,vgg16_451,508.109,0.339327
,vgg16_471,491.725,1.22006
,vgg19_471,413.8,0.24749
,vgg19_261,748.2,0.882123
,vgg19_15,417.419,0.240191
,vgg16_185,326.785,0.360524
,vgg13_32,291.84,0.116282
,vgg19_182,367.736,0.423832
,vgg16_436,376.193,0.5298619999999999
,vgg16_179,623.75,0.623246
,vgg11_351,107.89,0.0582861
,vgg16_117,750.9760000000001,1.15564
,vgg19_321,1070.78,1.96877
,vgg19_85,632.592,1.04302
,vgg11_471,214.579,0.490741
,vgg16_210,637.675,0.533402
,vgg13_283,181.423,0.357727
,vgg19_174,424.272,0.357658
,vgg19_250,498.617,0.491228
,vgg11_267,284.958,0.354765
,vgg13_270,332.982,0.6197699999999999
,vgg19_381,601.813,0.673329
,vgg11_197,290.022,0.320968
,vgg19_193,1146.39,1.69846
,vgg13_470,200.167,0.12228
,vgg19_251,397.552,0.213311
,vgg16_100,204.638,0.0951706
,vgg13_76,356.75699999999995,0.381591
,vgg19_43,612.755,0.630605
,vgg11_112,238.99,0.162694
,vgg13_232,422.657,0.229649
,vgg13_180,549.854,0.180804
,vgg13_46,421.565,0.638549
,vgg11_133,202.62,0.147731
,vgg11_238,144.64700000000005,0.184366
,vgg19_316,753.3789999999997,0.646729
,vgg16_421,298.504,0.168651
,vgg16_254,218.366,0.184683
,vgg13_367,113.816,0.111636
,vgg11_131,291.632,0.227332
,vgg19_164,516.197,0.58959
,vgg16_77,553.738,0.361905
,vgg19_192,689.482,0.4950270000000001
,vgg11_113,133.351,0.55612
,vgg11_487,81.0571,0.0552552
,vgg13_190,369.809,0.378665
,vgg13_264,414.781,0.351374
,vgg13_34,169.993,0.0872767
,vgg19_364,344.394,0.71322
,vgg16_78,473.29,0.722799
,vgg11_280,348.25199999999984,0.0908838
,vgg13_146,259.106,0.43775
,vgg16_261,595.946,1.39392
,vgg19_449,806.684,0.603306
,vgg11_264,396.576,1.24981
,vgg11_198,107.446,0.630893
,vgg13_55,472.439,0.862251
,vgg13_253,377.837,0.25402
,vgg16_229,728.27,0.404575
,vgg19_94,1024.7,0.779303
,vgg13_3,287.006,0.239735
,vgg16_204,482.31300000000016,0.437748
,vgg16_389,345.12300000000016,0.134003
,vgg11_266,307.6670000000001,0.336636
,vgg13_213,229.35,0.541469
,vgg19_108,383.282,0.385076
,vgg13_307,215.961,0.694418
,vgg11_167,48.5093,0.0336908
,vgg16_34,444.79,0.27326500000000004
,vgg13_435,261.22,0.249702
,vgg19_203,1029.04,0.546111
,vgg16_108,431.417,1.28884
,vgg13_242,164.05900000000003,0.0667698
,vgg11_227,347.74300000000005,0.21209
,vgg19_295,523.136,1.76443
,vgg19_143,737.409,0.290535
,vgg13_1,302.9790000000001,0.152418
,vgg16_310,726.628,0.210104
,vgg11_119,162.238,0.0647087
,vgg13_488,161.442,0.209138
,vgg19_237,606.806,0.2142
,vgg19_346,545.18,0.271691
,vgg11_334,271.222,0.293233
,vgg19_271,554.274,0.235089
,vgg13_250,661.6560000000002,0.371027
,vgg13_265,118.903,0.713431
,vgg19_178,763.985,0.580704
,vgg19_383,497.157,1.0934700000000002
,vgg13_153,125.555,0.128743
,vgg13_147,543.804,0.5811149999999999
,vgg11_194,227.665,0.552633
,vgg13_87,199.996,0.135504
,vgg13_58,217.926,0.471452
,vgg11_357,521.712,0.6344390000000001
,vgg13_25,111.318,0.153293
,vgg16_271,74.3447,0.160984
,vgg16_106,630.816,0.685708
,vgg11_344,217.381,0.432908
,vgg19_462,474.893,0.135669
,vgg13_33,119.007,0.0628495
,vgg16_377,190.213,0.395354
,vgg16_134,505.728,0.252891
,vgg16_423,385.356,0.511575
,vgg11_417,81.0585,0.049887
,vgg16_394,615.003,0.5207350000000001
,vgg11_418,327.8119999999999,0.211056
,vgg13_107,137.594,0.0551036
,vgg11_480,103.219,0.755019
,vgg19_457,581.547,0.441415
,vgg13_262,210.865,0.157591
,vgg19_142,427.027,0.972257
,vgg13_16,285.599,0.19287
,vgg16_28,184.344,0.0995746
,vgg13_86,361.878,0.113875
,vgg16_75,330.4,0.274803
,vgg13_104,331.529,0.208417
,vgg13_368,286.345,0.570407
,vgg16_35,412.241,0.958183
,vgg19_137,437.608,0.745525
,vgg16_378,882.971,0.98286
,vgg11_54,58.5529,0.0405524
,vgg19_485,723.331,0.480855
,vgg11_433,137.526,0.0970592
,vgg19_265,537.697,1.55256
,vgg16_309,391.356,0.681858
,vgg16_285,298.78,0.342445
,vgg16_123,201.897,0.369239
,vgg19_306,566.664,0.595545
,vgg19_441,550.194,0.782443
,vgg19_314,532.637,0.627448
,vgg11_210,45.105,0.0719017
,vgg11_200,171.639,0.0862802
,vgg11_464,194.151,0.160901
,vgg16_455,195.518,1.45575
,vgg19_58,494.809,0.6830649999999999
,vgg19_365,534.9069999999998,0.259699
,vgg19_303,500.466,0.398788
,vgg19_311,141.287,0.148029
,vgg16_202,458.383,0.642947
,vgg13_479,300.237,0.202958
,vgg11_465,350.327,0.283846
,vgg19_53,900.99,0.609252
,vgg19_477,916.614,0.975851
,vgg11_478,131.697,0.07445239999999999
,vgg19_249,407.82,0.188871
,vgg13_349,227.823,0.387638
,vgg19_109,682.6010000000001,1.22126
,vgg16_89,193.007,0.188386
,vgg19_374,362.43300000000005,0.230762
,vgg19_264,811.302,0.306535
,vgg13_389,142.909,0.157643
,vgg16_383,552.706,0.720685
,vgg19_205,217.882,0.233586
,vgg16_152,775.0210000000003,0.331525
,vgg16_180,571.201,1.36491
,vgg13_428,194.687,0.114524
,vgg19_318,898.25,1.30303
,vgg11_55,171.50599999999997,0.254137
,vgg11_413,126.05,0.0921482
,vgg11_235,200.827,1.5238
,vgg19_129,626.404,0.690361
,vgg19_134,625.43,1.03403
,vgg16_433,525.047,0.884818
,vgg11_354,383.967,0.207694
,vgg13_102,126.303,0.083354
,vgg13_72,150.475,0.137095
,vgg16_366,602.87,0.369479
,vgg16_462,271.693,0.226207
,vgg11_144,79.4431,0.0704405
,vgg11_268,88.2132,0.0785006
,vgg16_198,714.148,0.230879
,vgg11_359,553.163,0.454418
,vgg19_403,792.2589999999999,1.06568
,vgg19_194,380.859,0.309181
,vgg13_254,154.403,0.0988252
,vgg13_370,441.829,0.303057
,vgg11_377,294.883,0.442932
,vgg16_447,223.632,0.369309
,vgg11_48,157.502,0.147537
,vgg19_136,901.291,1.28227
,vgg13_458,461.197,0.459199
,vgg13_258,425.984,0.22229
,vgg16_45,321.517,1.2203700000000002
,vgg13_240,91.9003,0.0744997
,vgg13_327,422.465,0.278258
,vgg16_217,656.115,0.709982
,vgg13_274,263.09,0.187952
,vgg11_470,123.587,0.103957
,vgg13_128,148.45,0.117773
,vgg19_452,626.186,1.27222
,vgg19_473,901.579,0.696971
,vgg19_336,485.559,0.628397
,vgg13_365,297.91,0.115701
,vgg11_445,141.584,0.172346
,vgg19_30,435.504,1.23446
,vgg11_482,71.8356,0.0537625
,vgg16_314,352.815,0.187116
,vgg19_103,598.851,0.7967529999999999
,vgg11_114,264.801,0.149707
,vgg11_180,158.19799999999995,0.202864
,vgg13_335,161.643,0.356802
,vgg11_164,130.241,1.19583
,vgg13_455,330.714,0.166144
,vgg13_484,122.951,0.325462
,vgg19_199,1009.24,0.6199819999999999
,vgg19_416,590.876,0.156147
,vgg11_293,192.399,1.1268
,vgg19_319,293.766,0.185343
,vgg11_368,200.866,0.174023
,vgg19_104,534.7719999999998,0.300891
,vgg19_361,533.731,2.10973
,vgg16_299,432.269,0.320816
,vgg19_165,613.698,0.30650900000000003
,vgg19_168,641.13,1.47056
,vgg19_184,301.116,0.176906
,vgg16_250,630.741,0.445415
,vgg11_247,147.496,0.125083
,vgg19_450,213.53,0.140405
,vgg13_255,613.802,0.669585
,vgg13_303,283.2390000000001,0.333688
,vgg19_286,309.272,0.439303
,vgg13_201,182.872,0.289271
,vgg16_417,515.386,1.55977
,vgg11_160,377.149,1.45573
,vgg19_297,573.0409999999998,0.495066
,vgg19_80,242.42,0.105579
,vgg13_173,315.268,0.261348
,vgg13_433,82.7868,0.0803821
,vgg11_350,280.937,0.41256
,vgg16_289,413.22,0.845015
,vgg16_282,297.407,0.5989760000000001
,vgg16_401,167.78,0.158825
,vgg11_7,197.536,0.0915085
,vgg16_197,418.839,0.485803
,vgg16_139,269.703,0.558404
,vgg16_263,179.66299999999995,0.585044
,vgg16_467,564.112,0.868584
,vgg16_315,363.223,0.216519
,vgg19_119,492.336,0.701388
,vgg13_331,527.6709999999998,0.393608
,vgg16_216,579.491,0.637984
,vgg16_425,583.352,0.391044
,vgg19_55,760.0989999999997,0.947073
,vgg13_407,202.443,0.330262
,vgg16_162,622.095,1.07776
,vgg16_207,193.022,0.113349
,vgg16_55,143.442,0.0932609
,vgg19_44,675.0260000000002,0.405192
,vgg13_383,69.1704,0.0584009
,vgg11_462,311.6040000000001,0.8564930000000001
,vgg19_97,437.194,0.30348800000000004
,vgg19_431,445.93800000000016,0.712504
,vgg11_134,440.666,0.202928
,vgg13_444,176.71900000000005,0.21672600000000009
,vgg11_41,426.576,1.33534
,vgg13_57,249.572,0.198956
,vgg11_116,149.936,0.0948811
,vgg13_35,264.784,0.205701
,vgg16_321,516.6419999999998,0.309641
,vgg16_50,259.507,0.168086
,vgg11_230,179.158,0.13879
,vgg16_219,206.76,0.101921
,vgg16_307,480.431,0.8306790000000001
,vgg11_191,107.177,0.0981302
,vgg16_2,269.165,0.126121
,vgg19_419,401.039,0.145622
,vgg11_177,131.136,0.28278000000000003
,vgg19_459,510.788,1.06443
,vgg16_419,778.436,1.39198
,vgg19_259,548.286,0.264402
,vgg19_163,542.837,0.34628000000000003
,vgg19_302,763.422,0.600865
,vgg13_467,105.699,0.115104
,vgg13_397,98.8793,0.0868297
,vgg11_205,366.98800000000006,0.723209
,vgg11_496,84.5974,0.13752
,vgg13_275,367.63,0.530772
,vgg19_8,707.554,0.524647
,vgg11_174,69.2597,0.06636569999999999
,vgg16_60,358.88300000000015,0.182404
,vgg19_38,368.78,0.391623
,vgg13_326,309.325,0.219816
,vgg13_39,137.594,0.092029
,vgg19_25,743.546,0.98946
,vgg19_348,737.915,1.49465
,vgg11_301,295.473,1.10981
,vgg11_196,188.454,0.133805
,vgg11_178,191.592,0.129959
,vgg13_41,357.05400000000014,1.24687
,vgg16_332,546.956,0.497063
,vgg16_150,572.0,1.04222
,vgg13_332,357.727,0.215619
,vgg11_0,104.266,0.0644479
,vgg16_147,460.86800000000005,0.292721
,vgg19_238,444.704,0.317916
,vgg11_481,313.017,0.752659
,vgg19_465,191.149,0.17361400000000002
,vgg11_292,179.24599999999995,0.063538
,vgg13_122,134.869,0.113115
,vgg16_320,309.547,0.265969
,vgg11_172,180.13299999999995,0.139596
,vgg13_285,370.207,1.0461
,vgg16_405,629.127,1.07576
,vgg11_61,133.94299999999998,0.0813946
,vgg19_116,210.083,0.183438
,vgg16_305,179.261,0.184588
,vgg11_170,898.3839999999999,0.8951540000000001
,vgg13_413,289.293,0.550621
,vgg13_88,399.945,0.175069
,vgg16_456,355.575,1.04727
,vgg13_360,323.916,0.210767
,vgg16_93,293.758,0.118724
,vgg13_234,572.814,0.503858
,vgg19_443,648.82,0.198587
,vgg13_316,246.574,0.257668
,vgg19_487,307.223,0.3896
,vgg19_370,297.9240000000001,1.48416
,vgg11_212,183.428,0.103874
,vgg11_288,68.7585,0.042265
,vgg19_17,617.3530000000002,0.410705
,vgg11_335,168.456,0.13271
,vgg16_7,357.715,0.193713
,vgg11_88,142.65,0.13505699999999998
,vgg13_328,373.958,0.248371
,vgg19_269,575.568,0.519993
,vgg19_98,726.7919999999997,0.430411
,vgg19_458,581.323,0.902904
,vgg13_168,185.752,0.242211
,vgg16_453,364.174,2.39784
,vgg13_486,400.773,0.883025
,vgg13_133,366.093,0.316348
,vgg13_236,465.658,0.694728
,vgg11_388,224.456,0.19157
,vgg19_41,418.815,0.202985
,vgg13_200,127.927,0.05702230000000001
,vgg13_47,238.418,0.705831
,vgg13_439,658.6260000000002,0.366381
,vgg16_232,550.594,0.494915
,vgg13_10,233.103,0.479549
,vgg19_283,453.11,0.490617
,vgg16_359,673.539,0.8605450000000001
,vgg13_178,411.797,1.1482
,vgg11_362,266.084,0.343818
,vgg19_154,480.741,0.58155
,vgg16_145,599.586,0.672003
,vgg13_62,307.891,0.141164
,vgg16_354,297.703,0.27722
,vgg19_308,1046.24,0.406843
,vgg16_112,357.131,0.207157
,vgg16_478,412.085,1.60673
,vgg13_204,574.508,0.295239
,vgg13_171,321.258,0.652857
,vgg13_160,475.372,2.65313
,vgg19_455,528.616,0.328846
,vgg11_299,161.11,0.0896284
,vgg16_224,394.966,0.199577
,vgg16_382,741.6619999999997,0.34477800000000003
,vgg16_214,466.927,0.250099
,vgg13_260,121.706,0.0581411
,vgg13_175,120.1,0.288722
,vgg16_362,1002.84,0.881365
,vgg16_346,183.30900000000003,0.159557
,vgg19_469,797.8389999999997,1.16835
,vgg13_481,407.189,0.310868
,vgg13_121,405.747,0.227097
,vgg16_37,159.096,0.07572689999999999
,vgg13_243,109.439,0.0655933
,vgg11_163,160.141,0.135534
,vgg13_284,129.608,0.234907
,vgg11_223,337.649,0.264829
,vgg19_26,375.874,0.601297
,vgg19_92,425.525,0.584482
,vgg13_352,258.933,0.317283
,vgg13_497,354.358,1.36821
,vgg11_42,215.506,0.8821399999999999
,vgg13_445,206.399,0.16663499999999998
,vgg11_146,234.631,0.085677
,vgg13_30,443.122,0.29396300000000003
,vgg13_17,332.901,0.187919
,vgg16_58,454.246,0.471554
,vgg11_416,75.6053,0.103516
,vgg11_392,418.775,0.3918
,vgg13_181,182.807,0.115596
,vgg19_50,332.884,0.168605
,vgg19_461,591.72,0.887481
,vgg19_61,824.515,0.813736
,vgg16_291,818.1460000000003,1.98793
,vgg16_98,363.931,0.4503430000000001
,vgg16_444,328.682,0.248085
,vgg13_12,466.616,0.362472
,vgg19_155,483.376,0.198749
,vgg13_288,478.906,0.394626
,vgg16_301,337.884,0.197463
,vgg19_351,643.442,0.398153
,vgg19_49,599.937,0.701022
,vgg11_52,269.319,0.333314
,vgg11_473,209.882,0.6966939999999999
,vgg13_83,129.424,0.144474
,vgg16_492,457.261,0.7812979999999999
,vgg13_79,233.768,0.109343
,vgg19_112,517.561,0.41815
,vgg11_92,263.315,0.0889127
,vgg11_396,104.628,0.15604300000000002
,vgg16_278,683.977,1.17709
,vgg13_416,296.282,0.214325
,vgg11_446,99.0154,0.0624813
,vgg19_320,537.52,0.44165
,vgg19_212,305.411,0.464421
,vgg16_388,352.497,0.0977384
,vgg19_224,228.015,0.08566239999999999
,vgg11_257,235.552,0.103655
,vgg11_128,105.334,0.07157619999999999
,vgg13_362,363.255,0.198494
,vgg16_414,234.736,0.182006
,vgg13_114,163.06799999999996,0.292646
,vgg13_203,771.207,1.38254
,vgg19_430,618.56,0.8251809999999999
,vgg16_256,914.324,0.967439
,vgg13_186,161.252,0.521989
,vgg11_234,140.595,0.286704
,vgg13_311,627.837,0.467587
,vgg11_142,359.639,0.570966
,vgg13_464,588.276,0.5641149999999999
,vgg13_152,149.511,0.394467
,vgg16_99,241.71400000000003,0.173299
,vgg13_230,285.22,0.381185
,vgg11_10,181.359,0.151477
,vgg11_338,192.862,0.583437
,vgg13_387,281.552,0.172848
,vgg16_122,457.299,0.389387
,vgg19_125,509.844,1.28969
,vgg11_231,266.433,0.107166
,vgg11_105,181.29,0.108445
,vgg13_422,324.093,0.16034
,vgg11_13,377.161,1.51176
,vgg13_237,483.885,0.728412
,vgg16_494,231.806,0.101134
,vgg16_195,460.173,0.319851
,vgg13_54,215.668,0.395157
,vgg13_310,543.294,0.440829
,vgg19_234,281.41,0.121631
,vgg16_51,275.87,0.353694
,vgg19_72,575.2669999999998,0.21672600000000009
,vgg11_448,196.508,0.211674
,vgg11_466,182.537,0.0576465
,vgg11_32,391.202,0.949165
,vgg13_289,704.383,0.947223
,vgg13_208,117.04,0.176016
,vgg16_159,466.096,0.734871
,vgg13_438,173.81900000000005,0.0986412
,vgg19_414,514.76,0.258687
,vgg19_421,747.084,0.522004
,vgg16_86,426.941,1.2235200000000002
,vgg13_136,242.272,0.157538
,vgg13_404,401.704,0.371032
,vgg16_372,366.65,0.255887
,vgg16_489,283.908,0.222429
,vgg13_272,232.795,0.26792
,vgg19_227,282.994,0.646362
,vgg13_81,298.911,0.208881
,vgg19_446,1075.53,0.290277
,vgg11_474,251.92,0.6000909999999999
,vgg11_208,263.579,0.232307
,vgg16_169,1104.08,1.81916
,vgg16_466,792.6289999999997,0.272516
,vgg19_216,696.0089999999999,0.342632
,vgg11_138,267.613,0.120616
,vgg19_328,787.096,0.98311
,vgg19_4,533.0930000000002,1.60305
,vgg11_322,194.52,0.215972
,vgg13_375,287.764,0.189341
,vgg19_460,300.735,0.247375
,vgg13_166,480.343,0.8190890000000001
,vgg16_384,275.433,0.677457
,vgg11_72,461.916,1.01988
,vgg16_221,443.592,0.763202
,vgg19_141,635.0840000000002,0.604614
,vgg16_392,298.469,0.608174
,vgg13_376,171.767,0.0782925
,vgg13_312,191.679,0.186184
,vgg16_184,554.5219999999998,0.385581
,vgg13_296,211.99,0.220905
,vgg13_468,333.0130000000001,0.336622
,vgg11_222,496.976,0.672706
,vgg19_377,705.13,0.4440060000000001
,vgg11_355,51.018,0.0367342
,vgg11_110,86.5139,0.0880487
,vgg11_145,473.136,0.269138
,vgg16_297,256.393,0.223741
,vgg11_242,145.5,0.182851
,vgg16_345,948.749,0.929677
,vgg19_367,554.887,1.08136
,vgg13_138,180.232,0.378517
,vgg19_472,284.608,0.293286
,vgg13_278,398.427,1.0209700000000002
,vgg13_90,144.118,0.0668638
,vgg13_45,74.6511,0.180841
,vgg11_161,438.367,0.380874
,vgg16_360,511.472,1.18656
,vgg16_260,384.251,1.19231
,vgg16_336,214.568,0.410419
,vgg16_288,330.15,0.554549
,vgg19_236,972.688,0.476
,vgg19_262,615.839,6.8052199999999985
,vgg16_49,634.564,0.357403
,vgg16_1,283.573,0.992219
,vgg19_384,527.764,0.280674
,vgg13_27,115.018,0.108103
,vgg11_342,342.033,0.187492
,vgg13_11,327.596,0.263083
,vgg13_117,185.362,0.128567
,vgg16_102,482.689,1.3794
,vgg16_268,121.186,0.0639554
,vgg19_355,435.98800000000006,0.237105
,vgg13_85,329.485,0.274442
,vgg13_227,546.25,0.299285
,vgg19_57,1055.75,1.77686
,vgg16_491,640.318,0.721445
,vgg11_361,444.307,1.25574
,vgg13_195,220.93,0.14255
,vgg16_480,234.967,0.112319
,vgg19_468,402.818,0.509099
,vgg16_334,818.46,0.802359
,vgg11_87,148.731,0.07964550000000001
,vgg16_18,348.636,0.283884
,vgg13_93,108.328,0.059038199999999985
,vgg16_286,421.485,0.323914
,vgg16_46,337.039,0.265036
,vgg11_453,174.18599999999995,0.07807389999999999
,vgg16_193,594.3330000000002,1.96414
,vgg19_64,429.924,0.268755
,vgg16_298,177.47099999999998,0.244687
,vgg16_128,371.701,0.388511
,vgg11_375,159.768,0.954447
,vgg13_382,151.067,0.144893
,vgg11_57,190.527,0.262814
,vgg13_251,558.332,0.5040899999999999
,vgg13_193,508.815,0.279016
,vgg16_191,401.877,1.32361
,vgg11_270,70.4723,0.0520741
,vgg16_54,772.159,1.61204
,vgg16_341,308.845,0.265629
,vgg11_186,238.377,0.219154
,vgg19_79,692.242,0.494779
,vgg19_415,568.997,0.743953
,vgg19_169,373.461,0.142814
,vgg19_375,351.73,0.8258979999999999
,vgg11_214,174.702,0.0746923
,vgg16_110,375.934,0.347719
,vgg19_187,819.677,0.596094
,vgg11_245,531.2080000000002,0.472272
,vgg19_158,488.49300000000005,0.266364
,vgg19_454,648.528,1.52541
,vgg16_178,304.738,0.203303
,vgg19_255,366.214,0.6782189999999999
,vgg19_240,660.3,0.564296
,vgg11_394,40.6586,0.0444467
,vgg19_202,505.561,1.6562400000000002
,vgg11_483,374.379,0.473168
,vgg16_41,582.005,1.1000299999999998
,vgg13_437,364.633,0.60145
,vgg16_295,569.613,0.5013529999999999
,vgg13_172,260.583,0.592916
,vgg16_166,386.039,0.341119
,vgg19_393,647.8240000000002,1.02766
,vgg13_409,249.973,0.213946
,vgg13_53,225.163,0.29132600000000003
,vgg19_102,307.124,0.118526
,vgg16_365,208.718,0.195861
,vgg19_282,1029.6,0.721091
,vgg11_343,259.05400000000003,0.18001199999999998
,vgg16_6,231.199,0.143192
,vgg13_77,227.28,0.180562
,vgg19_96,250.547,0.191263
,vgg13_159,128.97299999999998,0.107293
,vgg13_287,164.045,0.07237819999999999
,vgg13_65,222.422,0.591108
,vgg11_130,141.415,0.763199
,vgg13_112,540.877,0.24384
,vgg19_218,752.7389999999997,0.597595
,vgg11_220,242.6,0.30436
,vgg13_273,269.505,0.465695
,vgg13_6,164.611,0.952167
,vgg11_415,320.958,0.232787
,vgg16_12,753.813,0.80695
,vgg16_350,482.874,0.40464
,vgg16_61,282.826,0.205251
,vgg11_329,120.571,0.442584
,vgg13_69,230.646,0.269989
,vgg11_86,40.1887,0.0341298
,vgg11_35,164.85299999999995,0.0926413
,vgg11_108,129.834,0.108157
,vgg19_122,410.787,0.383041
,vgg16_56,385.885,0.800071
,vgg16_92,545.015,0.590679
,vgg11_456,363.089,0.366661
,vgg11_187,265.386,0.582392
,vgg11_262,195.884,0.20492
,vgg16_490,662.948,12.0561
,vgg11_369,61.4541,0.146291
,vgg13_20,587.66,0.29791100000000004
,vgg19_42,504.843,0.511831
,vgg19_408,776.067,0.929435
,vgg13_44,211.448,0.203173
,vgg11_461,234.92,0.103187
,vgg19_215,653.7959999999998,0.901397
,vgg16_66,464.758,0.6388
,vgg19_404,893.1160000000001,0.821039
,vgg16_239,760.51,1.98163
,vgg11_339,48.3358,0.0429115
,vgg19_420,422.733,0.4387390000000001
,vgg11_33,69.71300000000001,0.31042600000000004
,vgg13_197,127.889,0.823315
,vgg16_440,540.341,1.52666
,vgg19_413,270.663,0.233202
,vgg16_64,662.712,0.386419
,vgg11_347,232.038,0.291797
,vgg13_499,421.263,0.636688
,vgg13_165,138.467,0.109171
,vgg11_341,156.77100000000004,0.077948
,vgg11_150,120.196,0.062298
,vgg11_34,329.06699999999995,0.858095
,vgg19_170,505.1,0.4869810000000001
,vgg11_248,336.749,0.245019
,vgg11_31,303.394,0.302339
,vgg19_2,170.487,0.180713
,vgg11_219,131.623,0.0798319
,vgg13_442,501.784,0.276725
,vgg19_333,676.008,0.495275
,vgg11_120,303.648,0.393397
,vgg13_476,182.891,0.8246129999999999
,vgg13_456,224.779,0.138973
,vgg13_36,226.913,0.61879
,vgg16_132,334.746,1.20479
,vgg19_398,698.683,0.383579
,vgg13_124,179.857,0.0767442
,vgg19_135,723.122,1.58366
,vgg16_343,634.95,0.36928
,vgg13_23,392.485,0.187677
,vgg16_111,164.864,0.100152
,vgg13_398,305.889,0.15714
,vgg11_70,308.173,0.19745
,vgg11_228,193.294,0.16003299999999998
,vgg16_330,503.717,0.25857800000000003
,vgg16_242,628.576,0.807354
,vgg13_196,259.3,0.271704
,vgg11_402,37.1586,0.124622
,vgg16_441,340.185,0.453632
,vgg16_20,257.265,0.176512
,vgg13_394,278.29200000000003,0.198282
,vgg13_322,296.659,0.265074
,vgg13_239,432.831,0.458291
,vgg16_94,427.949,0.237099
,vgg19_89,689.3710000000003,0.38032
,vgg19_423,756.072,0.4719100000000001
,vgg11_240,51.287,0.0494207
,vgg11_251,92.8421,0.103856
,vgg16_361,552.922,0.833469
,vgg19_204,1129.04,0.775907
,vgg11_434,499.002,1.01325
,vgg19_40,456.93800000000016,0.153646
,vgg13_9,104.783,0.0386762
,vgg19_121,654.191,1.19511
,vgg16_88,876.132,0.963028
,vgg16_199,372.915,1.27243
,vgg11_152,164.703,1.20842
,vgg16_339,356.13,1.23557
,vgg19_151,809.82,0.570206
,vgg16_411,157.847,0.26917800000000003
,vgg11_36,456.978,0.650328
,vgg19_342,580.264,0.662049
,vgg13_220,983.136,9.58291
,vgg11_195,233.754,0.177548
,vgg19_62,213.667,0.160895
,vgg16_445,439.598,0.223421
,vgg13_224,404.283,0.260291
,vgg13_374,213.429,0.129565
,vgg11_484,137.59799999999998,0.440788
,vgg19_14,453.194,0.31345
,vgg19_268,233.731,0.109207
,vgg19_0,262.72,0.15664
,vgg16_205,690.2919999999997,0.970523
,vgg11_363,389.588,0.298679
,vgg13_74,518.047,0.292695
,vgg13_163,389.495,0.328877
,vgg19_395,403.878,0.314544
,vgg16_136,319.898,0.0929302
,vgg13_249,468.71,0.760174
,vgg16_325,239.028,0.17082
,vgg16_369,1065.04,8.41138
,vgg11_233,360.674,0.24607
,vgg19_106,421.404,0.145739
,vgg16_262,498.875,0.181442
,vgg13_231,106.216,0.07250380000000001
,vgg11_182,68.033,0.0424757
,vgg19_162,299.643,0.5120899999999999
,vgg19_344,464.162,0.160497
,vgg13_205,253.05,0.207709
,vgg16_499,439.579,0.197415
,vgg13_298,397.263,0.808213
,vgg11_296,147.179,0.118141
,vgg11_333,181.592,0.07701269999999999
,vgg11_218,379.696,0.4465020000000001
,vgg11_275,155.291,0.350259
,vgg19_195,540.893,0.32410500000000003
,vgg19_221,368.427,0.205865
,vgg19_148,282.992,0.708697
,vgg13_67,326.082,0.738695
,vgg13_38,137.624,0.116629
,vgg19_1,518.489,0.263929
,vgg16_497,241.798,0.114389
,vgg16_412,338.915,0.5893189999999999
,vgg19_188,753.804,0.710935
,vgg11_393,325.855,0.228216
,vgg19_325,445.653,0.553315
,vgg19_334,122.85,0.387571
,vgg13_184,237.546,0.163927
,vgg16_71,567.771,0.289669
,vgg16_192,302.19,0.64887
,vgg13_218,515.3530000000002,0.46259
,vgg19_339,478.027,0.660384
,vgg16_130,246.897,0.259429
,vgg19_301,783.579,0.5266390000000001
,vgg11_19,175.06400000000005,0.223295
,vgg11_62,200.47,0.120904
,vgg11_431,215.608,0.817231
,vgg13_5,183.145,0.090592
,vgg13_452,343.346,0.176953
,vgg19_466,437.872,0.246733
,vgg11_250,63.8992,0.0680889
,vgg11_96,67.0108,0.0810807
,vgg13_271,305.856,0.26851
,vgg13_402,295.4,0.156645
,vgg13_73,683.42,1.15162
,vgg19_406,753.25,0.635753
,vgg16_65,270.04,0.291558
,vgg19_427,500.018,0.169567
,vgg11_166,166.615,0.149581
,vgg16_95,311.875,1.11516
,vgg11_399,114.575,0.0824509
,vgg19_63,385.14,0.2439
,vgg19_93,207.211,0.932102
,vgg19_206,605.817,0.406256
,vgg13_189,243.795,0.174124
,vgg16_22,301.84,0.253321
,vgg19_54,259.627,1.01497
,vgg13_29,183.199,0.14337
,vgg13_66,473.964,0.260725
,vgg11_303,313.216,0.706733
,vgg11_457,40.8741,0.0485556
,vgg13_233,241.661,0.336931
,vgg19_323,735.7080000000003,0.376113
,vgg11_159,281.279,0.466198
,vgg13_140,267.467,0.233284
,vgg13_118,331.199,0.104741
,vgg16_473,430.362,0.341032
,vgg13_185,346.677,0.256832
,vgg11_253,319.8520000000001,0.69735
,vgg16_113,544.8919999999998,1.14884
,vgg19_378,421.101,0.528612
,vgg13_40,302.755,0.146099
,vgg11_237,80.3729,0.0653375
,vgg13_139,203.314,0.15426800000000002
,vgg11_69,40.0431,0.0192667
,vgg19_307,1263.11,0.5591
,vgg13_2,170.838,0.285599
,vgg11_281,251.324,0.231764
,vgg13_115,540.9630000000002,0.47115
,vgg13_145,103.407,0.047321
,vgg19_11,771.2589999999999,0.947834
,vgg11_154,191.54,0.104673
,vgg16_415,632.1990000000002,0.7784270000000001
,vgg19_481,304.353,0.114066
,vgg13_465,370.071,0.237233
,vgg13_341,262.711,0.181638
,vgg19_167,799.007,0.994472
,vgg11_23,296.271,0.364572
,vgg13_406,657.71,0.985987
,vgg11_185,348.936,0.227415
,vgg11_115,392.592,0.31637
,vgg16_337,703.956,0.6908890000000001
,vgg16_97,353.548,0.716902
,vgg11_289,414.134,0.950207
,vgg11_15,521.388,1.3269799999999998
,vgg19_115,686.362,0.6225
,vgg11_80,480.336,0.359863
,vgg19_217,550.703,0.524125
,vgg11_479,283.135,0.888656
,vgg13_320,594.888,0.498179
,vgg16_397,473.806,0.841521
,vgg11_437,548.745,1.1308200000000002
,vgg16_396,423.549,0.22247
,vgg13_441,485.917,0.397653
,vgg11_74,103.582,0.116827
,vgg13_324,585.946,0.406839
,vgg13_377,183.222,0.0992156
,vgg11_94,224.427,0.13176600000000002
,vgg11_300,345.406,0.247606
,vgg16_52,519.5790000000002,0.726171
,vgg16_27,123.024,0.0937863
,vgg19_379,162.946,0.0937026
,vgg11_256,303.908,0.966675
,vgg11_447,280.17900000000003,0.13534300000000002
,vgg11_455,115.193,0.0956039
,vgg16_149,320.325,0.371361
,vgg13_219,260.353,0.337871
,vgg16_200,571.832,0.398846
,vgg16_203,233.641,0.145609
,vgg19_123,844.779,0.16358599999999998
,vgg11_285,70.8248,0.06363619999999999
,vgg19_488,204.896,0.18147
,vgg11_403,71.5836,0.07060860000000001
,vgg11_258,309.096,0.965339
,vgg13_454,388.711,0.619931
,vgg11_204,398.004,0.404913
,vgg13_300,281.765,1.29745
,vgg13_342,273.117,0.1676
,vgg16_479,467.687,0.274965
,vgg19_267,647.97,0.786583
,vgg16_247,189.516,1.32175
,vgg19_358,555.604,0.8110569999999999
,vgg13_276,242.26,0.174059
,vgg11_279,208.125,0.184397
,vgg13_129,663.541,1.0249
,vgg11_77,337.5080000000001,0.272253
,vgg19_445,317.881,0.231057
,vgg16_302,746.697,1.10572
,vgg11_46,299.997,0.5970439999999999
,vgg11_183,149.075,0.0979469
,vgg19_272,386.593,0.22436
,vgg11_179,175.093,0.118224
,vgg11_53,176.735,0.139781
,vgg16_73,370.763,0.21780500000000005
,vgg16_24,752.798,1.12579
,vgg13_329,134.781,1.41021
,vgg16_496,109.704,0.21931
,vgg13_151,364.634,0.26966100000000004
,vgg16_158,158.93200000000004,0.610089
,vgg16_406,328.108,0.246746
,vgg13_415,154.189,0.109277
,vgg16_13,427.324,0.350465
,vgg13_363,517.044,1.34327
,vgg13_125,148.644,0.108339
,vgg19_32,418.513,0.737584
,vgg16_194,181.609,0.89371
,vgg16_410,795.153,0.636792
,vgg13_126,203.162,0.107875
,vgg13_297,720.5,0.296402
,vgg19_428,177.07299999999995,0.12557100000000002
,vgg19_258,361.68800000000016,0.933504
,vgg11_467,107.147,0.586661
,vgg16_338,421.347,1.7642
,vgg16_481,366.72,0.32300700000000004
,vgg19_211,280.361,0.303422
,vgg16_188,582.972,0.6453220000000001
,vgg11_30,154.53799999999995,0.139321
,vgg11_324,283.934,0.799
,vgg11_173,145.49,0.226719
,vgg19_312,481.699,0.424921
,vgg11_373,351.476,1.64199
,vgg11_97,140.21200000000002,0.06625980000000001
,vgg11_168,300.64,0.514284
,vgg19_29,330.969,0.0978436
,vgg19_145,885.61,0.644726
,vgg11_107,302.839,0.660512
,vgg11_319,205.866,0.14111700000000002
,vgg19_245,154.747,0.232409
,vgg11_76,91.3621,0.186486
,vgg19_340,386.04,0.34507
,vgg16_329,331.973,1.5869
,vgg16_23,674.2,0.7245050000000001
,vgg16_226,208.877,0.17266800000000002
,vgg19_424,453.723,0.540593
,vgg16_237,295.105,0.270467
