,alexnet_0,16.185405,0.07957415401431948
,alexnet_1,33.484963300000004,0.24931302435682487
,alexnet_10,5.652695200000001,0.03674447759661865
,alexnet_100,15.4631828,0.11375674086532121
,alexnet_1000,36.6238855,0.3029995416680312
,alexnet_1001,46.5311261,0.37968700407012157
,alexnet_1002,8.421950200000001,0.12393653775023433
,alexnet_1003,6.11282136,0.04898812657559386
,alexnet_1004,7.9548763,0.060660892062619154
,alexnet_1005,11.7443164,0.06720643233066725
,alexnet_1006,15.914215000000002,0.09506936257739453
,alexnet_1007,53.2782878,0.34187862210463527
,alexnet_1008,42.059507200000006,0.349930333639316
,alexnet_1009,33.3949531,0.5212565465737854
,alexnet_101,8.541618399999999,0.08091139941349998
,alexnet_1010,5.4657877,0.11444188514838127
,alexnet_1011,54.420825459999996,0.1949614968483514
,alexnet_1012,28.4634508,0.44379806233575925
,alexnet_1013,12.9903336,0.12784953071373104
,alexnet_1014,38.574484500000004,0.18546199511213
,alexnet_1015,21.5998034,0.18278683698908618
,alexnet_1016,6.361462000000001,0.08515495857070811
,alexnet_1017,17.9078539,0.2664826127948023
,alexnet_1018,5.249024,0.051736455606604455
,alexnet_1019,30.0966313,0.14684529465659266
,alexnet_102,38.0497759,0.34296369846144814
,alexnet_1020,45.51697299999999,0.2613903920097148
,alexnet_1021,20.007812500000004,0.37474337674420216
,alexnet_1022,4.16660176,0.056460397347454054
,alexnet_1023,30.384567999999998,0.18036828906655605
,alexnet_1024,7.8063020000000005,0.10807088618409036
,alexnet_1025,29.7526659,0.20818123502985336
,alexnet_1026,63.859494199999986,0.2622453016046775
,alexnet_1027,26.371131199999997,0.129247533447846
,alexnet_1028,9.291078899999999,0.23534562855675673
,alexnet_1029,3.2348228999999997,0.02934222026797221
,alexnet_103,31.6536483,0.12884787752546012
,alexnet_1030,17.8477157,0.5759710300806374
,alexnet_1031,15.3377829,0.028025849773022495
,alexnet_1032,34.0238193,0.03391327364241856
,alexnet_1033,26.372728099999996,0.1770750612892544
,alexnet_1034,10.9533668,0.10143590298694363
,alexnet_1035,21.423908100000002,0.1528770383584234
,alexnet_1036,10.776880400000001,0.06883836765163687
,alexnet_1037,18.1084986,0.08958741960063414
,alexnet_1038,65.3427083,0.40229692638193626
,alexnet_1039,4.71713469,0.03582806934512132
,alexnet_104,10.1259298,0.031595969625497176
,alexnet_1040,24.8558471,0.37809579230712786
,alexnet_1041,46.670816,0.20573774195676106
,alexnet_1042,48.870860500000006,0.41784874107979125
,alexnet_1043,40.8933516,0.2196912548345899
,alexnet_1044,28.301126999999997,0.11644707365258543
,alexnet_1045,13.2396121,0.07904650387326288
,alexnet_1046,20.181778499999997,0.10433465192397687
,alexnet_1047,12.297026299999999,0.06908575124835836
,alexnet_1048,24.415918500000004,0.19404935170634546
,alexnet_1049,39.0344059,0.37777329206757826
,alexnet_105,21.85191,0.09775603892510609
,alexnet_1050,17.2730627,0.0786398453009885
,alexnet_1051,20.014541300000005,0.2272133522623378
,alexnet_1052,10.0425671,0.04090965163000833
,alexnet_1053,27.7333609,0.12298072806978742
,alexnet_1054,13.5159339,0.10604735754098425
,alexnet_1055,21.832602400000003,0.3594108649625955
,alexnet_1056,6.4621847,0.06646443641327791
,alexnet_1057,33.7015226,0.5015169991247751
,alexnet_1058,6.6430904,0.036806180624977675
,alexnet_1059,49.4897263,0.3121020100347125
,alexnet_106,8.695654400000002,0.06438285081556132
,alexnet_1060,32.3544306,0.08242596625772577
,alexnet_1061,25.0176935,0.6278279714292991
,alexnet_1062,19.50352675,0.17421911763870013
,alexnet_1063,35.490135699999996,0.1815143314548761
,alexnet_1064,30.9284447,0.1878449655129589
,alexnet_1065,14.4245633,0.05968053148642999
,alexnet_1066,58.0260878,0.4226855018956009
,alexnet_1067,5.0301561999999995,0.08136675504681329
,alexnet_1068,10.777927300000002,0.07344793540904289
,alexnet_1069,14.475781600000001,0.0512744080256477
,alexnet_107,34.415319000000004,0.6294459670502035
,alexnet_1070,56.5323451,1.1998982037030168
,alexnet_1071,7.9510088,0.05551911930470044
,alexnet_1072,2.9569064,0.022998805347473616
,alexnet_1073,21.2771566,0.17325099876210917
,alexnet_1074,4.312985,0.03392488523974768
,alexnet_1075,23.8720618,0.1649547147497867
,alexnet_1076,13.7530617,0.12113557890839093
,alexnet_1077,18.889318,0.10584659867209983
,alexnet_1078,21.8352231,0.04721735877537308
,alexnet_1079,20.9977254,0.13596215789431362
,alexnet_108,3.7041049,0.03408246546572554
,alexnet_1080,13.0959254,0.07838408456543923
,alexnet_1081,3.016459,0.027392253148275997
,alexnet_1082,7.8477982,0.3396041972749673
,alexnet_1083,59.818095500000005,0.17664921007409157
,alexnet_1084,18.8750192,0.11869642273359626
,alexnet_1085,20.757507300000004,0.185936567269978
,alexnet_1086,16.3532269,0.31939583857770754
,alexnet_1087,45.171249100000004,0.30552127298025666
,alexnet_1088,53.0090991,0.10400601810679795
,alexnet_1089,17.8921038,0.07730942417844491
,alexnet_109,33.8281069,0.2192876662027686
,alexnet_1090,22.3109414,0.11039841967221378
,alexnet_1091,7.7668053,0.029301138337360286
,alexnet_1092,33.2810941,0.3650769321027079
,alexnet_1093,34.2425301,0.3220193584211776
,alexnet_1094,2.2134213999999997,0.01988858097868078
,alexnet_1095,69.747924,0.3762097144026063
,alexnet_1096,4.9397265,0.0436965454289674
,alexnet_1097,5.3290331,0.04535579650360975
,alexnet_1098,24.3702435,0.18367373311247528
,alexnet_1099,21.540136300000004,0.15831515331193094
,alexnet_11,11.686904499999999,0.08098606069766608
,alexnet_110,25.4270759,0.29285481996108764
,alexnet_1100,75.1384786,0.8544692892167923
,alexnet_1101,20.298962,0.1587988810810842
,alexnet_1102,42.6318281,0.23195580517711492
,alexnet_1103,16.731692699999996,0.11193573654673904
,alexnet_1104,14.242879799999999,0.09609137570740899
,alexnet_1105,34.7996936,0.20320257826316485
,alexnet_1106,26.1108516,0.18015433829905222
,alexnet_1107,19.4852166,0.10218693314401171
,alexnet_1108,29.338373200000003,0.1873911383946849
,alexnet_1109,66.51460209999999,0.3995234616475662
,alexnet_111,10.5235392,0.06830516864481
,alexnet_1110,12.8140279,0.06617223880021815
,alexnet_1111,34.9943466,0.23760950914343906
,alexnet_1112,18.213303999999997,0.12508462436847825
,alexnet_1113,33.2016479,0.17869836555112978
,alexnet_1114,24.241039400000002,0.21154362352894157
,alexnet_1115,20.180384120000003,0.5262578801089369
,alexnet_1116,51.5854923,1.2767714734460303
,alexnet_1117,9.1683424,0.0683779370406032
,alexnet_1118,23.793549999999996,0.19623374799429094
,alexnet_1119,20.0667576,0.146881451595961
,alexnet_112,16.490328299999998,0.15272197983076455
,alexnet_1120,35.8122664,0.11720103680416509
,alexnet_1121,22.330370400000003,0.14667326929187813
,alexnet_1122,64.8882616,0.34531478999847165
,alexnet_1123,10.55670709,0.09704756625797994
,alexnet_1124,6.2334586,0.0559077306029631
,alexnet_1125,13.466509199999997,0.07760018025916017
,alexnet_1126,17.428317099999997,0.08702066805095635
,alexnet_1127,17.193503999999997,0.16512584110121412
,alexnet_1128,16.7215125,0.1021193872845769
,alexnet_1129,10.5049771,0.055169129493840126
,alexnet_113,10.3124361,0.07074644984077448
,alexnet_1130,45.447410999999995,0.29733323658679267
,alexnet_1131,10.4773949,0.09750460544752185
,alexnet_1132,14.5617224,0.20149157392973704
,alexnet_1133,12.522012300000002,0.08477841064702282
,alexnet_1134,37.974925,0.37856071005226605
,alexnet_1135,20.0991395,0.12546076749561877
,alexnet_1136,12.6083098,0.14898199585737357
,alexnet_1137,1.5092674000000001,0.014034251398036162
,alexnet_1138,2.377066,0.01426748703325652
,alexnet_1139,12.057792,0.19321727360592356
,alexnet_114,10.059479,0.05426075432426148
,alexnet_1140,27.3283962,0.06671960329133422
,alexnet_1141,21.2222026,0.13983392332989633
,alexnet_1142,68.3826886,0.3508748654083842
,alexnet_1143,2.8929927999999996,0.036879010859593477
,alexnet_1144,14.0440601,0.04781242210380995
,alexnet_1145,30.0028283,0.20854529255842877
,alexnet_1146,9.4048155,0.07846731144524025
,alexnet_1147,42.140703699999996,0.22728209353929793
,alexnet_1148,36.55726790000001,0.3702493348816333
,alexnet_1149,3.7176018,0.023473450230664644
,alexnet_115,19.75109505,0.26461009797012125
,alexnet_1150,45.1303328,0.8062671883006853
,alexnet_1151,8.027212100000002,0.06034246727891816
,alexnet_1152,34.5118461,0.2482188224160301
,alexnet_1153,28.2461286,0.37437591228111666
,alexnet_1154,8.8452085,0.13561695514921115
,alexnet_1155,5.784758300000001,0.053187787638977024
,alexnet_1156,27.9431948,0.3069340282628001
,alexnet_1157,4.36932,0.032178098704055906
,alexnet_1158,31.4129178,0.31383386444398426
,alexnet_1159,18.838224199999996,0.16361648175337232
,alexnet_116,19.073393000000003,0.16741840029518731
,alexnet_1160,9.31519708,0.08414057869692877
,alexnet_1161,19.129842800000002,0.1498538894667383
,alexnet_1162,10.06834101,0.0852125230206862
,alexnet_1163,48.7855556,0.1482058717996167
,alexnet_1164,29.762854799999996,0.08288390875327152
,alexnet_1165,18.660850399999998,0.12925421884100402
,alexnet_1166,20.2778998,0.12473298362634039
,alexnet_1167,25.2735947,0.12366779247606043
,alexnet_1168,11.29263697,0.07717426486275504
,alexnet_1169,21.26713,0.19436821699055912
,alexnet_117,53.820499,0.10230063688508087
,alexnet_1170,10.0118495,0.06857786181051964
,alexnet_1171,34.311727299999994,0.12025861281395786
,alexnet_1172,28.406552,0.15430240747624496
,alexnet_1173,23.311401699999998,0.15860835252112587
,alexnet_1174,25.4450866,0.12258454295440692
,alexnet_1175,8.0482274,0.14573777880455166
,alexnet_1176,15.0967628,0.10918864410249912
,alexnet_1177,68.7290538,0.19105826141263418
,alexnet_1178,11.862873899999999,0.12064686558406189
,alexnet_1179,17.9155832,0.19114194687852437
,alexnet_118,17.12736,0.10546572925151518
,alexnet_1180,26.2888046,0.10340396018538005
,alexnet_1181,13.828847999999999,0.07746769173931407
,alexnet_1182,36.3385921,0.7556379441555937
,alexnet_1183,26.228690499999995,0.13419139672613203
,alexnet_1184,12.7766107,0.10112346345803348
,alexnet_1185,15.7812147,0.09950209736108272
,alexnet_1186,17.537792800000002,0.13942062845244818
,alexnet_1187,23.6348641,0.15834357350049644
,alexnet_1188,44.3888837,0.21247601235063895
,alexnet_1189,13.377556500000003,0.12516651525731146
,alexnet_119,31.8771405,0.1759105790523242
,alexnet_1190,19.4672612,0.07498482168644352
,alexnet_1191,28.8028647,0.24292262464073228
,alexnet_1192,9.316128,0.12378461335464197
,alexnet_1193,24.632572800000002,0.12190159212033706
,alexnet_1194,38.50957960000001,0.09249666766609946
,alexnet_1195,30.912785899999996,0.8215480634475697
,alexnet_1196,11.688320099999999,0.10440648372484546
,alexnet_1197,40.8845686,0.15623364270986415
,alexnet_1198,15.3343122,0.16243840747664243
,alexnet_1199,12.512642,0.2602513713147795
,alexnet_12,17.037973100000002,0.7479863505359984
,alexnet_120,49.639365,0.33581872956166964
,alexnet_1200,61.1604976,0.24634709457341183
,alexnet_1201,6.3212625,0.028890003067189883
,alexnet_1202,2.0824217,0.009103615816154865
,alexnet_1203,28.1971692,0.6209603230777413
,alexnet_1204,49.81015300000001,0.24478520284879643
,alexnet_1205,9.793876890000002,0.12166275876874837
,alexnet_1206,42.5859321,0.2530492731062986
,alexnet_1207,44.6490112,0.2703913220768701
,alexnet_1208,42.2780486,0.12634901945590582
,alexnet_1209,23.234288099999997,0.11519037797956622
,alexnet_121,42.681538599999996,0.19429596757528464
,alexnet_1210,33.909237999999995,0.2888009160006695
,alexnet_1211,45.575006099999996,0.3362125244143826
,alexnet_1212,17.1999985,0.11961441347531544
,alexnet_1213,34.9973949,0.17789735526215583
,alexnet_1214,50.6098566,0.47951557353955276
,alexnet_1215,7.552257200000001,0.08091186607101909
,alexnet_1216,57.118852600000004,0.7526808956210055
,alexnet_1217,57.9310082,0.18734346004986602
,alexnet_1218,39.1851011,0.1617054418305859
,alexnet_1219,7.873392299999999,0.08533276207559712
,alexnet_122,8.7176814,0.19855270334780642
,alexnet_1220,13.652391199999999,0.0998355746421176
,alexnet_1221,28.343658000000005,0.18619268772821504
,alexnet_1222,13.504753000000001,0.10302968020851945
,alexnet_1223,14.833250500000002,0.20672417729966194
,alexnet_1224,30.365915999999995,0.3668680468355099
,alexnet_1225,32.609892099999996,0.1883857615278426
,alexnet_1226,35.117385000000006,0.32057550653400796
,alexnet_1227,21.432757900000002,0.13196111330601484
,alexnet_1228,17.693704399999998,0.0981894453883373
,alexnet_1229,43.830241,0.24147888344595825
,alexnet_123,13.178856999999999,0.14443519883535882
,alexnet_1230,28.3508327,0.9835014077971118
,alexnet_1231,32.225746799999996,0.17681565853288345
,alexnet_1232,36.0634521,1.479735032565827
,alexnet_1233,48.1330869,0.3369732944100395
,alexnet_1234,13.878932700000002,0.12414652641890528
,alexnet_1235,15.171383800000001,0.07435986637686468
,alexnet_1236,41.6070627,0.2866839185151007
,alexnet_1237,50.161843,0.7083072630606778
,alexnet_1238,30.4214242,0.3215977292297868
,alexnet_1239,9.776463799999998,0.06453950190226268
,alexnet_124,81.948623,0.5010223073906115
,alexnet_1240,16.667405,0.11223401047356858
,alexnet_1241,2.8762068000000003,0.022334919425353948
,alexnet_1242,4.9859027,0.03206243410357843
,alexnet_1243,24.4872767,0.29920924432327817
,alexnet_1244,9.99187697,0.062483278275699244
,alexnet_1245,9.268348,0.08829894544613838
,alexnet_1246,57.58885349999999,0.31885187060983844
,alexnet_1247,35.379917999999996,0.11025535903169455
,alexnet_1248,23.870842800000002,0.22017146984247907
,alexnet_1249,46.5532124,0.28410097090666675
,alexnet_125,27.220003400000003,0.061818207560416
,alexnet_1250,35.7908761,0.22185512123933698
,alexnet_1251,13.8385597,0.14595789244265722
,alexnet_1252,88.8952965,0.2346305015410462
,alexnet_1253,14.023355050000001,0.11293653020551292
,alexnet_1254,16.659806200000002,0.13670933729400517
,alexnet_1255,27.458506,0.11391041996394008
,alexnet_1256,57.4650736,0.7332481565042792
,alexnet_1257,37.3123429,0.2848474458519477
,alexnet_1258,1.777129,0.01465006776683859
,alexnet_1259,33.4876587,0.18916155307972257
,alexnet_126,11.692741,0.3490875382232693
,alexnet_1260,15.177906,0.12145889334912052
,alexnet_1261,11.902439399999999,0.11547408265251245
,alexnet_1262,34.164704400000005,0.41246528790166076
,alexnet_1263,39.4117352,0.11327978519165663
,alexnet_1264,18.6127532,0.16459361847705403
,alexnet_1265,68.16025079999999,0.17865145832002224
,alexnet_1266,22.5993546,0.23430533921400756
,alexnet_1267,26.5873892,0.0804733252682022
,alexnet_1268,27.6487203,0.10907595844285144
,alexnet_1269,19.264501000000003,0.12031917293761227
,alexnet_127,4.9136794,0.12142031390457363
,alexnet_1270,34.1488831,0.28275186882579173
,alexnet_1271,3.5434455,0.056797806226634044
,alexnet_1272,25.442204,0.24531973178281727
,alexnet_1273,17.2547964,0.09311760998590295
,alexnet_1274,9.930459600000002,0.05124465944844343
,alexnet_1275,7.517518099999999,0.04585616552961315
,alexnet_1276,29.911712100000003,0.06917174520255433
,alexnet_1277,3.36705449,0.062244231505911594
,alexnet_1278,101.25286390000001,0.32478366765157274
,alexnet_1279,4.834026799999999,0.04906231810917482
,alexnet_128,37.5663588,0.7689991891779513
,alexnet_1280,5.8464585,0.0437970284276929
,alexnet_1281,45.3100982,0.11294458933868416
,alexnet_1282,43.2425334,0.19982349899247892
,alexnet_1283,23.0775993,0.1443236379540133
,alexnet_1284,16.4981194,0.09311978233210753
,alexnet_1285,32.7655026,0.19980241422755182
,alexnet_1286,4.81815845,0.08946664424278603
,alexnet_1287,22.229055199999998,0.22171395774290298
,alexnet_1288,26.4292278,0.16138641728452546
,alexnet_1289,10.311803799999998,0.062405044409313264
,alexnet_129,17.933420400000003,0.09327824870561155
,alexnet_1290,10.4106713,0.11992886159391951
,alexnet_1291,13.9383072,0.11222091577129562
,alexnet_1292,54.6180307,0.3589014166837606
,alexnet_1293,45.8578544,0.3617911358283498
,alexnet_1294,3.5937265,0.046064084198884296
,alexnet_1295,7.8357576,0.05559352054072256
,alexnet_1296,8.693765099999998,0.04273904877780966
,alexnet_1297,6.825239400000001,0.06647205541501705
,alexnet_1298,49.218741200000004,0.1194317936109111
,alexnet_1299,17.267136100000002,0.17040401154500193
,alexnet_13,30.0625183,0.1409116923992251
,alexnet_130,40.539138699999995,0.17690582869697158
,alexnet_1300,12.0832667,0.14366122122642938
,alexnet_1301,29.180399399999995,0.16267670907618248
,alexnet_1302,13.955393999999998,0.08949042131167041
,alexnet_1303,10.744535,0.06855190178016918
,alexnet_1304,43.3285775,0.10609158241274821
,alexnet_1305,7.6022193,0.08425729919205807
,alexnet_1306,27.3793332,0.1717336502763112
,alexnet_1307,79.6261129,0.601567714396395
,alexnet_1308,9.4520795,0.04866297652088421
,alexnet_1309,41.4414302,0.48399631827854445
,alexnet_131,30.944285500000003,0.19309804180065854
,alexnet_1310,19.7003851,0.0993309744711857
,alexnet_1311,15.443099800000002,0.09122874072374333
,alexnet_1312,10.285847,0.061664873898048964
,alexnet_1313,23.6387707,0.42705162054096035
,alexnet_1314,17.0653262,0.14642220921288307
,alexnet_1315,19.121485899999996,0.07629291235661412
,alexnet_1316,38.701888600000004,0.15152628638433965
,alexnet_1317,23.8111154,0.12311892118698997
,alexnet_1318,47.805274,0.2792920047386162
,alexnet_1319,32.2356144,1.4822777429111595
,alexnet_132,16.1393009,0.09520407622190609
,alexnet_1320,9.295532000000001,0.06860399641375405
,alexnet_1321,17.8858976,0.0795614882450216
,alexnet_1322,35.2117713,0.14444564388727152
,alexnet_1323,9.235448000000002,0.09492519447682382
,alexnet_1324,28.318926399999995,0.2176953374590631
,alexnet_1325,40.190418599999994,0.17026947872385095
,alexnet_1326,25.029179329999998,0.18865766045417026
,alexnet_1327,29.006376900000003,0.21772553652395119
,alexnet_1328,8.765808400000001,0.08168669907853575
,alexnet_1329,28.114920499999997,0.38864487121333713
,alexnet_133,86.1621782,0.44826682512319455
,alexnet_1330,26.552521600000002,0.2903981464582484
,alexnet_1331,2.0450807999999996,0.015596590079786993
,alexnet_1332,19.729333299999997,0.1269232296309582
,alexnet_1333,12.0379563,0.10929271187224986
,alexnet_1334,18.772194000000002,0.4537411925188188
,alexnet_1335,12.5889214,0.10523294360936257
,alexnet_1336,57.810711899999994,0.2943014581069019
,alexnet_1337,5.809019199999999,0.05327439210168433
,alexnet_1338,32.0240422,0.33626282704561034
,alexnet_1339,12.882692220000001,0.10687650757576714
,alexnet_134,13.005191499999999,0.128192548520805
,alexnet_1340,41.0749973,0.19816786720705243
,alexnet_1341,12.5798136,0.27762034595720025
,alexnet_1342,2.5493937000000004,0.03229257895422621
,alexnet_1343,19.7080934,0.23263134945012795
,alexnet_1344,15.582167,0.0724553121510932
,alexnet_1345,21.965640099999998,0.15089091522878736
,alexnet_1346,29.116129,0.29621167656321207
,alexnet_1347,20.376984100000005,0.1412459579474184
,alexnet_1348,69.74272479999999,0.5255130844520312
,alexnet_1349,23.079693000000002,0.09438955650794675
,alexnet_135,10.860709499999999,0.06326866489950331
,alexnet_1350,43.4402787,0.21785635252926594
,alexnet_1351,1.4882495999999998,0.013769782454514162
,alexnet_1352,9.700856,0.08606212550642164
,alexnet_1353,12.390940140000001,0.06304440936532292
,alexnet_1354,13.416479899999999,0.07721698283369474
,alexnet_1355,26.0983317,0.15356883709666652
,alexnet_1356,31.932404999999996,0.6077680300712234
,alexnet_1357,60.037745900000004,0.14270678724359875
,alexnet_1358,14.534228099999998,0.09906262107327923
,alexnet_1359,12.049427399999999,0.06802052823503352
,alexnet_136,46.157383700000004,0.23994774643163996
,alexnet_1360,15.007163900000002,0.08594447461798614
,alexnet_1361,11.424235699999999,0.07189555023668946
,alexnet_1362,28.223214000000002,0.19025575255712168
,alexnet_1363,14.0088976,0.07858717186425582
,alexnet_1364,21.831794600000002,0.8333492100211963
,alexnet_1365,35.4994143,0.10511682128756208
,alexnet_1366,20.9420067,0.064425967396766
,alexnet_1367,17.704535799999995,0.07248260216675977
,alexnet_1368,14.997231600000001,0.05620779766068267
,alexnet_1369,15.6032695,0.10189306214983831
,alexnet_137,10.198867,0.03816513724754931
,alexnet_1370,29.5294608,0.16797943531700307
,alexnet_1371,43.311263600000004,0.279940203308891
,alexnet_1372,35.8618947,0.17659349623813522
,alexnet_1373,26.734987699999998,0.09353075203364399
,alexnet_1374,24.7318205,0.23862032778328374
,alexnet_1375,35.957591099999995,0.20037455448191774
,alexnet_1376,29.651567099999998,0.2699071170437039
,alexnet_1377,9.6389485,0.09463920825415766
,alexnet_1378,41.5612543,0.2017469882690276
,alexnet_1379,37.219480600000004,0.13779663099928677
,alexnet_138,3.8570680000000004,0.027846044168749372
,alexnet_1380,4.2022869,0.040472542941361975
,alexnet_1381,13.1558597,0.12332471017705074
,alexnet_1382,51.42963279999999,0.32673920100502907
,alexnet_1383,10.1447067,0.05501713851997826
,alexnet_1384,24.303744199999997,0.12421049572678547
,alexnet_1385,26.0649511,0.14100420772121483
,alexnet_1386,23.669418200000003,0.12772346817502261
,alexnet_1387,18.2503119,0.2267825683710395
,alexnet_1388,10.0520785,0.05674325709098018
,alexnet_1389,26.6413153,0.2294606441698254
,alexnet_139,9.0454231,0.07758356766938539
,alexnet_1390,34.716767100000006,0.2593053652694188
,alexnet_1391,18.0982297,0.32739974806741073
,alexnet_1392,4.9539704,0.022969035222802497
,alexnet_1393,6.663615,0.06362215976235865
,alexnet_1394,32.84970199999999,0.22571383749657334
,alexnet_1395,8.5226365,0.042956316007224216
,alexnet_1396,5.1377748,0.05339362860602391
,alexnet_1397,3.4868382,0.031190638086645694
,alexnet_1398,14.400058199999998,0.37889155676966113
,alexnet_1399,49.8826296,0.17821145494485205
,alexnet_14,6.3612687,0.05130062286149875
,alexnet_140,10.129906,0.0635861369801011
,alexnet_1400,35.8484765,0.24904495266757856
,alexnet_1401,7.352373399999999,0.09779260581301044
,alexnet_1402,21.4202062,0.15178217448469963
,alexnet_1403,22.6604105,0.9176239979282375
,alexnet_1404,67.3266593,0.23176103385200894
,alexnet_1405,36.025446,0.559918570463163
,alexnet_1406,4.003639499999999,0.02082940518310662
,alexnet_1407,13.187144199999999,0.3603513115081961
,alexnet_1408,11.118548350000003,0.11570428594682047
,alexnet_1409,31.365935700000005,0.1830498655484804
,alexnet_141,16.1315734,0.10209459931710155
,alexnet_1410,34.1499646,0.3774936687597935
,alexnet_1411,36.5134812,0.15870067434136184
,alexnet_1412,20.355198199999997,0.14969765667231294
,alexnet_1413,7.711104,0.06346099983078007
,alexnet_1414,8.5774672,0.05329896613442122
,alexnet_1415,47.8998372,0.24619713810246974
,alexnet_1416,36.594135200000004,0.30405328366850304
,alexnet_1417,12.023712000000002,0.18859141915588304
,alexnet_1418,12.686736400000001,0.12006139413609153
,alexnet_1419,22.3747615,0.12061387147462502
,alexnet_142,14.3708282,0.1423920144374382
,alexnet_1420,19.8018964,0.16148488438716557
,alexnet_1421,29.173707390000004,0.08865293413955463
,alexnet_1422,32.469863399999994,0.19965588521924413
,alexnet_1423,12.687365500000002,0.12424669084246921
,alexnet_1424,13.3266291,0.09734668255599005
,alexnet_1425,3.2517989000000003,0.03010353103876414
,alexnet_1426,14.002486900000001,0.04152333723561607
,alexnet_1427,18.3483486,0.12362049375575744
,alexnet_1428,22.546627700000002,1.0754832466155357
,alexnet_1429,21.604954420000002,0.11141690625219398
,alexnet_143,6.7535870000000005,0.03527765765358858
,alexnet_1430,16.5786092,0.4231588884441291
,alexnet_1431,55.329605199999996,1.4044628685144678
,alexnet_1432,10.117002000000001,0.11056002180417443
,alexnet_1433,11.768987500000001,0.07111052889992663
,alexnet_1434,3.6098229999999996,0.013532582686258596
,alexnet_1435,27.230189499999998,0.27924665313894925
,alexnet_1436,14.3155911,0.09816440007625406
,alexnet_1437,7.9237942,0.27975187320494593
,alexnet_1438,15.880693899999999,0.0688016855131685
,alexnet_1439,58.882771,0.9741259460465233
,alexnet_144,5.265894599999999,0.02422498517048999
,alexnet_1440,5.8866024,0.044470034015386364
,alexnet_1441,10.1012435,0.0628691791176806
,alexnet_1442,26.8718295,0.0998254799827454
,alexnet_1443,4.1060105,0.028639422255795455
,alexnet_1444,21.9163666,0.14841439179273225
,alexnet_1445,8.9077911,0.09839471709649444
,alexnet_1446,6.403299999999999,0.07210440589854604
,alexnet_1447,20.7206737,0.4400070059776871
,alexnet_1448,58.6079542,0.25590358358339965
,alexnet_1449,15.0876374,0.17612364096486197
,alexnet_145,18.73715,0.0868347216088666
,alexnet_1450,11.9212719,0.0907095729821363
,alexnet_1451,24.047562299999996,0.26675977176808535
,alexnet_1452,14.8891001,0.09611064924024317
,alexnet_1453,16.5836316,0.07295599701401463
,alexnet_1454,12.9058036,0.08977147097237859
,alexnet_1455,33.5539725,0.18351568683411293
,alexnet_1456,13.7243574,0.0972044463984705
,alexnet_1457,19.0861609,0.08901998081474274
,alexnet_1458,29.0689226,0.285157735236447
,alexnet_1459,6.734826000000001,0.06330245077030669
,alexnet_146,53.422715200000006,0.17789650552720496
,alexnet_1460,18.324244099999998,0.11025818496976594
,alexnet_1461,17.27649907,0.09556474119234525
,alexnet_1462,52.09338230000001,1.397420467236879
,alexnet_1463,15.087752,0.10937338667954204
,alexnet_1464,9.7900629,0.06343764573888137
,alexnet_1465,9.211753499999999,0.12549379882640954
,alexnet_1466,14.172320899999999,0.12633702195734264
,alexnet_1467,29.795753400000002,0.33007823540226183
,alexnet_1468,49.7900488,0.12327908006649575
,alexnet_1469,11.4625793,0.10047478926376253
,alexnet_147,4.9311733,0.01723750215892329
,alexnet_1470,25.9024778,0.3232770505643217
,alexnet_1471,15.116592000000002,0.0896186977224239
,alexnet_1472,28.0626858,0.10172699207754944
,alexnet_1473,31.1189381,0.26850245557135244
,alexnet_1474,33.737143,0.19715368945404613
,alexnet_1475,31.401092000000002,0.3099678181505115
,alexnet_1476,5.1378945,0.11476203448207681
,alexnet_1477,29.0143108,0.32399394415816496
,alexnet_1478,28.8394933,0.6374567184973848
,alexnet_1479,52.563646899999995,0.34376418293773686
,alexnet_148,25.4021309,0.16663232988835514
,alexnet_1480,15.9763976,0.08461770581990802
,alexnet_1481,12.468370799999999,0.09514897373696068
,alexnet_1482,6.4502675,0.04129314400696137
,alexnet_1483,47.552859600000005,0.6418421411577171
,alexnet_1484,53.319741799999996,1.7666082431099437
,alexnet_1485,31.5536018,0.3784878769809899
,alexnet_1486,13.9144802,0.10716567166401472
,alexnet_1487,64.7437061,0.2529873328597663
,alexnet_1488,19.882053099999997,0.24984696654204055
,alexnet_1489,18.6549419,0.11277795951635397
,alexnet_149,31.8923935,0.21738254479916821
,alexnet_1490,18.328705399999997,0.16288496768359287
,alexnet_1491,54.9640877,0.7785657143138567
,alexnet_1492,10.019851899999999,0.10781948552106162
,alexnet_1493,11.8580006,0.07880506601535858
,alexnet_1494,10.541468400000001,0.12929760514415498
,alexnet_1495,28.8498242,0.16409850751569807
,alexnet_1496,20.7285509,0.8046324486493212
,alexnet_1497,23.409127599999998,0.14427299352359035
,alexnet_1498,7.07884986,0.183533530018547
,alexnet_1499,16.410856099999997,0.13474863566612685
,alexnet_15,7.5247282,0.08556104279288862
,alexnet_150,12.15062029,0.13029448477708172
,alexnet_1500,20.3755663,0.10284695650237549
,alexnet_1501,52.8516834,0.24768458719853653
,alexnet_1502,52.7348049,0.3317928369267432
,alexnet_1503,40.9471342,0.10274392137835393
,alexnet_1504,15.207628,0.1111376393284498
,alexnet_1505,1.0896836,0.008583608214000102
,alexnet_1506,23.414757100000003,0.2702665633639522
,alexnet_1507,1.8802672,0.014682820447843628
,alexnet_1508,33.241713700000005,0.41390660045591415
,alexnet_1509,62.6643338,0.2795408400546452
,alexnet_151,3.9148743,0.03880325587862603
,alexnet_1510,18.5619907,0.1094530889393579
,alexnet_1511,38.1675487,0.8699335858317081
,alexnet_1512,2.1400386,0.018753978521760067
,alexnet_1513,14.0764196,0.06284736658114078
,alexnet_1514,29.195898619999998,0.5503765794065392
,alexnet_1515,11.932944200000001,0.11688353607847331
,alexnet_1516,19.379874700000002,0.10087503425533666
,alexnet_1517,27.4765916,0.4576398440336818
,alexnet_1518,41.2851929,0.1123398253199795
,alexnet_1519,28.3489341,0.15363065122083927
,alexnet_152,20.2681768,0.23771967516655382
,alexnet_1520,11.806844000000002,0.058722873763028066
,alexnet_1521,18.4365113,0.18012395058127478
,alexnet_1522,43.0275823,0.14857004071900526
,alexnet_1523,4.4915698,0.03060616233903727
,alexnet_1524,20.5863323,0.26049876938996225
,alexnet_1525,30.6125217,0.48303613348302954
,alexnet_1526,7.484775,0.061905297060127054
,alexnet_1527,31.7247489,0.22053072444373947
,alexnet_1528,27.589310190000003,0.08414593253089053
,alexnet_1529,16.9311821,0.23286774509847966
,alexnet_153,18.870718,0.100294826699499
,alexnet_1530,8.3811834,0.05028589483030907
,alexnet_1531,42.480450399999995,0.47381136630985893
,alexnet_1532,67.3113814,0.1782425435815763
,alexnet_1533,14.106455999999998,0.30553533041017195
,alexnet_1534,84.18517949999999,0.41163881087271686
,alexnet_1535,21.1972731,0.20902093064273483
,alexnet_1536,55.4564635,0.7525784115885142
,alexnet_1537,42.6971704,0.10641240020560279
,alexnet_1538,21.002677100000003,0.7619864224510265
,alexnet_1539,21.486738,0.20955955262527803
,alexnet_154,9.13607,0.05275481302807228
,alexnet_1540,9.678418970000001,0.0844405432595051
,alexnet_1541,52.450149999999994,0.324395375428475
,alexnet_1542,59.866733700000005,0.306895051506494
,alexnet_1543,36.0785405,0.4861038952532107
,alexnet_1544,9.534846,0.06049525361103712
,alexnet_1545,15.0804228,0.10122806617229003
,alexnet_1546,25.304783899999997,0.1699349003221893
,alexnet_1547,31.5702782,0.3387727183942706
,alexnet_1548,33.9428209,0.2240127424350672
,alexnet_1549,32.5318947,0.05257971266236214
,alexnet_155,12.1499086,0.07475806678343963
,alexnet_1550,34.736398799999996,0.24489123121571577
,alexnet_1551,35.3068665,0.21559542653455158
,alexnet_1552,24.2452766,0.10756586129070402
,alexnet_1553,18.8093595,0.21568474515008254
,alexnet_1554,21.0788511,0.0863747027844623
,alexnet_1555,17.0160832,0.10974934703458025
,alexnet_1556,8.0311794,0.11407799716771178
,alexnet_1557,4.3765852,0.030258255732546466
,alexnet_1558,9.70664026,0.07768664532629824
,alexnet_1559,17.0182443,0.08720579010604138
,alexnet_156,11.5700546,0.019169276451544877
,alexnet_1560,9.0916587,0.11030717295932085
,alexnet_1561,7.1822612,0.04573602878055969
,alexnet_1562,18.6274781,0.12001138252474126
,alexnet_1563,12.6727503,0.14885549441606105
,alexnet_1564,50.264789099999994,0.37632319022703214
,alexnet_1565,18.058918499999997,0.09354007114860594
,alexnet_1566,33.461096600000005,0.11954785003352633
,alexnet_1567,11.42519222,0.08356617197382435
,alexnet_1568,27.8807236,0.16430848989401148
,alexnet_1569,9.712114999999999,0.11925475639580867
,alexnet_157,55.3671717,0.3965324352553457
,alexnet_1570,9.55704982,0.24936359314680068
,alexnet_1571,6.896804400000001,0.05137276389317185
,alexnet_1572,4.6843881,0.036571336529384116
,alexnet_1573,9.5405883,0.05271287282911688
,alexnet_1574,2.7416252999999995,0.027512626724773604
,alexnet_1575,4.1731351,0.04419929351231663
,alexnet_1576,23.6301835,0.18928133024875193
,alexnet_1577,67.2064486,0.47959333325158243
,alexnet_1578,4.9812558000000005,0.03916765905174099
,alexnet_1579,38.781997600000004,0.36778821357471625
,alexnet_158,38.2813596,0.18024951444393214
,alexnet_1580,11.5779671,0.1803517355254238
,alexnet_1581,41.663415400000005,0.27178084258070206
,alexnet_1582,68.2497646,0.24826699162124086
,alexnet_1583,3.2204116,0.04237044313857266
,alexnet_1584,27.2090808,0.19260337170954703
,alexnet_1585,32.09194780000001,0.21639071315120623
,alexnet_1586,4.052370000000001,0.044709693476148914
,alexnet_1587,29.083482000000004,0.08519538707501761
,alexnet_1588,20.7679606,0.20699675040713444
,alexnet_1589,17.2939442,0.15813357723027563
,alexnet_159,29.385213399999998,0.07817952481035435
,alexnet_1590,27.170967099999995,0.2294626768633197
,alexnet_1591,18.8672921,0.10427168820609437
,alexnet_1592,64.7231199,0.4745555423703685
,alexnet_1593,18.442684,0.25782755703475013
,alexnet_1594,18.4817186,0.12141541424714009
,alexnet_1595,15.360517999999999,0.13914887127872044
,alexnet_1596,8.2313026,0.07917046633834016
,alexnet_1597,20.7877209,0.15361144556568804
,alexnet_1598,42.5728035,0.30060169815975696
,alexnet_1599,41.7358891,0.16555851265464075
,alexnet_16,13.4619891,0.09316989850675467
,alexnet_160,16.803179300000004,0.08299141926448211
,alexnet_1600,82.71239220000001,0.24399819144365512
,alexnet_1601,69.421396,0.4092588391324667
,alexnet_1602,12.276222599999999,0.21128261607316676
,alexnet_1603,61.41072689999999,0.19599029905752033
,alexnet_1604,19.968054499999997,0.36551460594548674
,alexnet_1605,20.5076656,0.5636692388516954
,alexnet_1606,16.670872,0.14311053801983742
,alexnet_1607,4.8947499,0.03298679775435152
,alexnet_1608,46.9018761,0.26189754662751336
,alexnet_1609,12.6956371,0.09227840965605186
,alexnet_161,24.5976233,0.18908822290031713
,alexnet_1610,9.8722775,0.4403544069947627
,alexnet_1611,19.343828969999997,0.11353898461754848
,alexnet_1612,13.107161699999999,0.09891363544518833
,alexnet_1613,16.8045955,0.0662860844998347
,alexnet_1614,33.3115615,0.2838821251597314
,alexnet_1615,18.8207293,0.16502394527618555
,alexnet_1616,24.3229519,0.07530401575145335
,alexnet_1617,29.568028,0.3132171345452044
,alexnet_1618,11.6583346,0.11310110872038572
,alexnet_1619,50.60357280000001,0.36057771269595107
,alexnet_162,12.092547399999999,0.09542888664595821
,alexnet_1620,30.875468599999998,0.15490979169599448
,alexnet_1621,13.6958489,0.10466886685105628
,alexnet_1622,16.378915000000003,0.19278338213414636
,alexnet_1623,10.3481259,0.05706387287921873
,alexnet_1624,32.886451199999996,0.21514291997193008
,alexnet_1625,10.9365094,0.08904761868731337
,alexnet_1626,7.1099228000000005,0.054103486044322635
,alexnet_1627,42.678081199999994,0.3190602497986843
,alexnet_1628,26.540294400000004,0.185794335025811
,alexnet_1629,19.874122699999997,0.20607820913081806
,alexnet_163,4.50103,0.07753215688691947
,alexnet_1630,40.3819866,0.6700832004669386
,alexnet_1631,28.3493619,0.12358718612430719
,alexnet_1632,10.9646454,0.10418255841449006
,alexnet_1633,18.0799533,0.15870183003816749
,alexnet_1634,7.505981,0.08040776758312321
,alexnet_1635,9.227117900000001,0.06470869716450085
,alexnet_1636,37.957353000000005,0.21999019695797944
,alexnet_1637,9.8519861,0.0890414865489918
,alexnet_1638,10.863299999999999,0.1311694794756556
,alexnet_1639,36.3324135,0.3231121146258931
,alexnet_164,9.5328227,0.11734851614591044
,alexnet_1640,21.2588783,0.06452861807692928
,alexnet_1641,38.0678926,0.35464123385172436
,alexnet_1642,79.7712157,0.2207333626911487
,alexnet_1643,10.92991661,0.12478862054182897
,alexnet_1644,15.406051900000001,0.10991509272549457
,alexnet_1645,33.8617867,0.2567187386404874
,alexnet_1646,81.3802629,1.0267419200095675
,alexnet_1647,68.1442939,0.7138350701590381
,alexnet_1648,15.168538000000002,0.15773476949533105
,alexnet_1649,23.662808600000005,0.1612759265428832
,alexnet_165,71.6376805,0.38400146114692935
,alexnet_1650,22.7290792,0.1530104049203836
,alexnet_1651,95.94942400000001,0.4013061954739396
,alexnet_1652,15.930023,0.0807276836973259
,alexnet_1653,24.9641246,0.20781000828136778
,alexnet_1654,5.5125433,0.10080695179203772
,alexnet_1655,38.251125699999996,0.1843571428571186
,alexnet_1656,44.9012074,0.839472077027608
,alexnet_1657,22.5454868,0.03300823778309907
,alexnet_1658,19.4363795,0.10412892392522448
,alexnet_1659,25.0036951,1.0909622187614865
,alexnet_166,18.745608999999998,0.049012598758976435
,alexnet_1660,28.6903921,0.19045179261634962
,alexnet_1661,62.581850800000005,0.13858021200295217
,alexnet_1662,15.0030799,0.115546088548098
,alexnet_1663,19.8410372,0.4891160948012363
,alexnet_1664,31.029956100000003,0.18028651767761367
,alexnet_1665,19.400737899999996,0.26414936537764067
,alexnet_1666,27.7780858,0.20346462676518967
,alexnet_1667,27.181948600000002,0.1100377541235429
,alexnet_1668,21.457900800000004,0.12672796152988744
,alexnet_1669,24.4961486,0.13851138722359999
,alexnet_167,13.718652499999997,0.07213047241497267
,alexnet_1670,40.1803422,0.14095373354696714
,alexnet_1671,20.3634156,0.07426786945174364
,alexnet_1672,50.343847700000005,0.2295118709854353
,alexnet_1673,19.6698323,0.08409687258608148
,alexnet_1674,23.322623700000005,0.1117389801709949
,alexnet_1675,15.280030439999999,0.10777569324283434
,alexnet_1676,14.3268644,0.13733029130674718
,alexnet_1677,28.9959335,0.24353851267394228
,alexnet_1678,17.8653638,0.13263802113003756
,alexnet_1679,38.724408200000006,0.30857029218760085
,alexnet_168,31.824369400000002,0.24480482249278798
,alexnet_1680,22.0811378,0.1911579836496194
,alexnet_1681,80.54992949999999,0.1592550665838041
,alexnet_1682,6.301711599999999,0.08435253258903945
,alexnet_1683,31.1000628,0.1649843847409779
,alexnet_1684,7.0261700000000005,0.040152632810170216
,alexnet_1685,13.366496099999999,0.08939982944875986
,alexnet_1686,4.9418318,0.041064493755798535
,alexnet_1687,4.078712940000001,0.09133279292579816
,alexnet_1688,48.6372642,0.36300099055254476
,alexnet_1689,29.3364999,0.33962348631039985
,alexnet_169,44.996872399999994,0.6858673019896164
,alexnet_1690,13.84574653,0.1115719416222031
,alexnet_1691,12.6437303,0.4508072175270721
,alexnet_1692,28.6743685,0.12789351018640693
,alexnet_1693,57.319692999999994,0.12266833489927916
,alexnet_1694,31.9197774,0.116349410356291
,alexnet_1695,53.1227292,0.21005642800816135
,alexnet_1696,12.7145776,0.3953763825741827
,alexnet_1697,30.78330158,0.2702476790033167
,alexnet_1698,14.613741099999999,0.08876790288405281
,alexnet_1699,17.2263241,0.21806073797792136
,alexnet_17,13.2958392,0.1804669139832311
,alexnet_170,20.9114715,0.10812499960671723
,alexnet_1700,14.2492834,0.10408782285816333
,alexnet_1701,12.9184166,0.08106464380568464
,alexnet_1702,14.62381,0.1217549547003281
,alexnet_1703,26.947612099999997,0.4219881326408592
,alexnet_1704,27.8947233,0.1936314541216533
,alexnet_1705,8.226526900000001,0.051710902639337065
,alexnet_1706,32.0095766,0.4108168803715122
,alexnet_1707,32.0160817,0.20178191683590357
,alexnet_1708,14.9407072,0.0783289556687603
,alexnet_1709,10.489230899999999,0.07673164742655215
,alexnet_171,19.5015687,0.13027354760702875
,alexnet_1710,25.440377599999998,0.2799244475965234
,alexnet_1711,33.615175900000004,0.8586963485205159
,alexnet_1712,30.0507637,0.1264324536364542
,alexnet_1713,59.9320863,0.48210396409285905
,alexnet_1714,49.7221951,0.19542762116837978
,alexnet_1715,11.4751251,0.05761288635848256
,alexnet_1716,65.1421547,0.8259634279831575
,alexnet_1717,10.4264699,0.10930597895355353
,alexnet_1718,29.099540700000002,0.7459060286424458
,alexnet_1719,12.3819154,0.07217893735909599
,alexnet_172,13.6265027,0.09851262644577126
,alexnet_1720,21.508665900000004,0.12388237498340897
,alexnet_1721,31.1072079,1.0471433991938346
,alexnet_1722,13.775381099999999,0.09194582186587079
,alexnet_1723,56.08819030000001,0.38418460697479
,alexnet_1724,20.5989632,0.2568698902867146
,alexnet_1725,11.101047999999999,0.14959392689042542
,alexnet_1726,21.7810224,0.28161544509420733
,alexnet_1727,12.1442001,0.449655693898949
,alexnet_1728,6.8010055,0.05991171826074683
,alexnet_1729,11.9047554,0.1533252117469278
,alexnet_173,40.1853074,0.3136038435554465
,alexnet_1730,22.0608178,0.3161518891815976
,alexnet_1731,69.58465809999998,0.237667936357549
,alexnet_1732,4.6080552,0.03874916557488038
,alexnet_1733,18.5283139,0.5514276792923697
,alexnet_1734,9.658802799999998,0.05849720896712559
,alexnet_1735,35.7702836,0.05648604223237273
,alexnet_1736,15.352584389999999,0.09525662330304432
,alexnet_1737,19.4324866,0.1613733785258717
,alexnet_1738,11.732763499999999,0.09906528433531958
,alexnet_1739,10.08400588,0.06956016002894043
,alexnet_174,11.044167199999999,0.4559417464105807
,alexnet_1740,11.8658967,0.11253639023390542
,alexnet_1741,73.48056841,0.2796368881997664
,alexnet_1742,32.558516,1.053499647159839
,alexnet_1743,12.950033000000001,0.12069966786351363
,alexnet_1744,15.8890857,0.09574085737716975
,alexnet_1745,41.3143711,0.31596757380326673
,alexnet_1746,10.465078,0.29273207342657936
,alexnet_1747,10.3447678,0.10164824145300301
,alexnet_1748,8.5310897,0.08963267890208208
,alexnet_1749,20.7742332,0.14036431475052683
,alexnet_175,18.597728,0.6231812895485663
,alexnet_1750,6.543606,0.061819018591263784
,alexnet_1751,41.740134999999995,0.2663752878334517
,alexnet_1752,19.869276799999998,0.04874136134817907
,alexnet_1753,31.3538186,0.23419544848730267
,alexnet_1754,50.7216392,0.9023005784782208
,alexnet_1755,11.6598025,0.07033328655130613
,alexnet_1756,33.9586189,0.3339722684059904
,alexnet_1757,18.601197600000003,0.3540895028489076
,alexnet_1758,20.9531167,0.11250188523662434
,alexnet_1759,14.0820924,0.06350000370373553
,alexnet_176,48.7272381,0.4606352300688479
,alexnet_1760,33.3895698,0.2179212342350853
,alexnet_1761,24.9844866,0.11749475478598415
,alexnet_1762,15.71296531,0.17610870640907206
,alexnet_1763,28.117368699999997,0.4865213070525454
,alexnet_1764,7.2874008,0.027868933074092803
,alexnet_1765,21.156426399999997,0.7752654329505411
,alexnet_1766,29.6172365,0.18476014073598043
,alexnet_1767,43.39720515,0.9170674370803698
,alexnet_1768,14.928487,0.0975992561419799
,alexnet_1769,16.2971827,0.09394070658259021
,alexnet_177,31.356945800000002,0.5336638415795816
,alexnet_1770,12.253980799999997,0.12233975406981504
,alexnet_1771,18.200596100000002,0.12399956303367168
,alexnet_1772,11.821747799999999,0.08363235104200194
,alexnet_1773,21.8400464,0.11384846917873907
,alexnet_1774,35.0226315,0.24748044205268344
,alexnet_1775,46.4123003,0.1584896979604671
,alexnet_1776,8.7943123,0.06987044080148735
,alexnet_1777,29.893996299999998,0.16840725642056725
,alexnet_1778,26.185726000000003,0.11943292912320738
,alexnet_1779,39.030869599999996,1.0506958833911433
,alexnet_178,19.4273847,0.22100919632208615
,alexnet_1780,56.7447018,0.5229968893170647
,alexnet_1781,6.816236,0.04253265574857031
,alexnet_1782,13.287818909999999,0.07409342207873572
,alexnet_1783,15.2738977,0.0761737339833994
,alexnet_1784,23.963998700000005,0.14989907877010267
,alexnet_1785,13.594692199999999,0.12203584189437715
,alexnet_1786,47.12391710000001,0.22128514730310325
,alexnet_1787,9.4512982,0.06265216881657115
,alexnet_1788,16.837034,0.07338992968089567
,alexnet_1789,8.4410258,0.08524553628834945
,alexnet_179,62.3654003,0.238446362516762
,alexnet_1790,37.6245227,0.5935666175301729
,alexnet_1791,19.342724,0.23486402079851218
,alexnet_1792,14.617473999999998,0.08673133130870968
,alexnet_1793,59.066429799999995,0.267875583360654
,alexnet_1794,10.098686800000001,0.10601464086164346
,alexnet_1795,42.2606737,0.2684445581955689
,alexnet_1796,15.728426469999999,0.1300851832784102
,alexnet_1797,21.5119551,0.12194257635654822
,alexnet_1798,17.9396838,0.15556234603603417
,alexnet_1799,20.451176399999998,0.11755836616047903
,alexnet_18,3.6670847999999996,0.048515287392993996
,alexnet_180,26.167659999999998,0.1631137748072117
,alexnet_1800,18.0100011,0.0926947729212523
,alexnet_1801,28.8787649,0.12375916307700419
,alexnet_1802,23.5732053,0.05219130956428989
,alexnet_1803,15.711942,0.10850287314350203
,alexnet_1804,34.4851133,0.11137307241445446
,alexnet_1805,16.0862945,0.21815395409793253
,alexnet_1806,38.964741100000005,0.05712944457148814
,alexnet_1807,4.8864646,0.05033903079739763
,alexnet_1808,11.8954924,0.118100142609051
,alexnet_1809,17.690189,0.18914126854627636
,alexnet_181,26.608383500000002,0.12472691451305631
,alexnet_1810,37.5450275,0.2202210214317309
,alexnet_1811,28.971030199999998,0.1576998469831105
,alexnet_1812,33.5544458,0.06033724477664911
,alexnet_1813,16.014008800000003,0.10561634981538716
,alexnet_1814,35.930676600000005,0.1723100109412653
,alexnet_1815,12.839045700000002,0.047872201640106964
,alexnet_1816,45.6878683,0.34684980884285865
,alexnet_1817,10.9335933,0.46591098381053775
,alexnet_1818,27.0194422,0.18046250464985578
,alexnet_1819,48.003517499999994,0.2143283550794489
,alexnet_182,29.332254399999997,0.1551139523997277
,alexnet_1820,58.3622894,0.33971765759433453
,alexnet_1821,23.275307,0.15060459266808246
,alexnet_1822,8.1918656,0.033946653814625395
,alexnet_1823,13.391852400000001,0.0969321485672123
,alexnet_1824,8.291759,0.07456167959889966
,alexnet_1825,8.6755663,0.03959055418042676
,alexnet_1826,15.2566424,0.08597912304369754
,alexnet_1827,69.6915341,0.34342372240087915
,alexnet_1828,24.3927507,0.2239046683042275
,alexnet_1829,28.290566000000005,0.2628205523407252
,alexnet_183,19.75067352,0.13247636159939405
,alexnet_1830,39.1938577,0.1668535189641
,alexnet_1831,9.2529909,0.08868055073660522
,alexnet_1832,37.7369509,0.29127159156828714
,alexnet_1833,9.555674999999999,0.06889232924247912
,alexnet_1834,21.47047,0.1656427997090103
,alexnet_1835,13.7505384,0.07804318219944302
,alexnet_1836,30.984663200000004,1.069741866009204
,alexnet_1837,22.008494400000004,0.18552252840481218
,alexnet_1838,13.551126299999998,0.059193658772753635
,alexnet_1839,33.9487763,0.2003363831340239
,alexnet_184,6.074009899999999,0.03500698112923764
,alexnet_1840,21.908683500000002,0.18580926660841768
,alexnet_1841,14.2679732,0.128500220217423
,alexnet_1842,9.0601964,0.056710747782069006
,alexnet_1843,3.9461215999999997,0.03354657964581161
,alexnet_1844,15.4318305,0.15230740046620114
,alexnet_1845,13.567889099999999,0.06795304467245158
,alexnet_1846,19.3593728,0.11023674609818124
,alexnet_1847,6.945504000000001,0.05629734070746458
,alexnet_1848,61.55756470000001,0.7519886449089479
,alexnet_1849,43.3152162,0.16453358607416096
,alexnet_185,38.5844723,0.24992462471349644
,alexnet_1850,12.030748899999999,0.09321285754882769
,alexnet_1851,21.6800875,0.14140413371600344
,alexnet_1852,27.298507600000004,0.35914773215221446
,alexnet_1853,4.609497200000001,0.042644445593247184
,alexnet_1854,15.4547237,0.09867455373348909
,alexnet_1855,10.4491998,0.07225608434698498
,alexnet_1856,26.305573400000004,0.17062319197752826
,alexnet_1857,12.148269900000004,0.10888370551814543
,alexnet_1858,31.70072823,0.29692669769965
,alexnet_1859,21.1572064,0.05847683952772088
,alexnet_186,35.3919262,0.1456251914993382
,alexnet_1860,25.8684997,0.13375117564697137
,alexnet_1861,2.4180808,0.037269615026685174
,alexnet_1862,9.9194388,0.14093556419628042
,alexnet_1863,25.5146836,0.135467549586186
,alexnet_1864,7.6098044,0.050397721445535504
,alexnet_1865,5.7178926,0.21731186357442528
,alexnet_1866,7.067757699999999,0.11977841506519561
,alexnet_1867,34.270063300000004,0.49791812130926943
,alexnet_1868,10.4734903,0.03125681186543248
,alexnet_1869,19.965858800000003,0.07822214990536903
,alexnet_187,20.8355689,0.07490201880807208
,alexnet_1870,15.177944499999999,0.07730883026252296
,alexnet_1871,46.5152265,1.0388393519578034
,alexnet_1872,15.862808699999999,0.14925566054205386
,alexnet_1873,33.433110400000004,0.40759644341272966
,alexnet_1874,8.9043081,0.06763858812282125
,alexnet_1875,9.311559619999999,0.09108294972747381
,alexnet_1876,28.732026100000002,0.12420102727105209
,alexnet_1877,26.4637233,0.1754861120303604
,alexnet_1878,21.370701699999998,0.21659930128435034
,alexnet_1879,25.5049499,0.14958924959816786
,alexnet_188,17.08412437,0.14956626539034049
,alexnet_1880,29.479044599999995,0.243697177771365
,alexnet_1881,18.8733564,0.1899425463140512
,alexnet_1882,38.701142299999994,0.40725220840552717
,alexnet_1883,7.189037999999999,0.04106617912415155
,alexnet_1884,2.9829658,0.01354208646303737
,alexnet_1885,20.509365900000002,0.30770113313476627
,alexnet_1886,28.5826313,0.21281461021201226
,alexnet_1887,21.196421200000003,0.061125141365447826
,alexnet_1888,63.5892733,1.0581651871284
,alexnet_1889,32.113323799999996,0.21230465392274306
,alexnet_189,10.801199,0.12759105362327677
,alexnet_1890,22.0593751,0.08802590376585374
,alexnet_1891,45.758688,0.23678458675681543
,alexnet_1892,32.1946996,0.11665327997728843
,alexnet_1893,49.152286600000004,0.6901516799773871
,alexnet_1894,40.3970921,0.1255372971575792
,alexnet_1895,22.823773399999997,0.18423884580145683
,alexnet_1896,60.080190699999996,0.7101324023459044
,alexnet_1897,40.7159289,0.19097879208070218
,alexnet_1898,33.5384233,0.19216646597540812
,alexnet_1899,2.6042422,0.015085402921401769
,alexnet_19,9.853119600000001,0.08489844604575468
,alexnet_190,13.768589899999998,0.11605274749366022
,alexnet_1900,7.568562,0.058306578290459994
,alexnet_1901,82.9699596,0.35510951987379685
,alexnet_1902,22.536073100000003,0.14323074039173803
,alexnet_1903,15.210036099999998,0.13902792166918673
,alexnet_1904,110.26378090000001,0.34617420309641167
,alexnet_1905,11.25299239,0.177995704446009
,alexnet_1906,8.415388699999998,0.09029621356014708
,alexnet_1907,22.0652018,0.15811187249001787
,alexnet_1908,1.4690454000000002,0.01452620592914096
,alexnet_1909,34.8520925,0.18537038866134678
,alexnet_191,21.085601699999998,0.19017583543913544
,alexnet_1910,37.1595338,0.08547341262811042
,alexnet_1911,17.538501500000002,0.0826095367677747
,alexnet_1912,24.200169700000004,0.13302832092200192
,alexnet_1913,23.2329906,0.2685906287667899
,alexnet_1914,25.701234499999998,0.20464618200955445
,alexnet_1915,9.0077752,0.059526276570023566
,alexnet_1916,34.5040434,0.15207090556952102
,alexnet_1917,38.5144852,0.2931858868908766
,alexnet_1918,32.6615955,0.19825722041482916
,alexnet_1919,18.6306451,0.17431578655376023
,alexnet_192,34.343258,0.23068273546100584
,alexnet_1920,6.691432300000001,0.08805781661628867
,alexnet_1921,53.437653229999995,0.39650755913254065
,alexnet_1922,58.27796959999999,0.49427970821550904
,alexnet_1923,16.6796594,0.10273014725495651
,alexnet_1924,16.4473108,0.07429333088244484
,alexnet_1925,7.228879999999999,0.07735352345590882
,alexnet_1926,18.3350158,0.06240714978584154
,alexnet_1927,8.0508697,0.08829828904277175
,alexnet_1928,43.2721265,0.34561740260365986
,alexnet_1929,8.9062904,0.09580166945372101
,alexnet_193,24.729989500000002,0.32604138873759
,alexnet_1930,1.4646890000000001,0.016176065574929958
,alexnet_1931,54.283404000000004,0.17587739788741358
,alexnet_1932,31.867755299999995,0.4747362159618337
,alexnet_1933,38.346245,0.3006187400630648
,alexnet_1934,3.1565241000000004,0.027264115651476028
,alexnet_1935,57.754107700000006,0.3029464915612538
,alexnet_1936,6.605625340000001,0.07047330249885783
,alexnet_1937,18.421210000000002,0.11116677262644671
,alexnet_1938,2.32499945,0.025374991637654543
,alexnet_1939,3.4843087,0.018613263138347422
,alexnet_194,36.499704599999994,0.41116107540433416
,alexnet_1940,22.9724978,0.14243927430473055
,alexnet_1941,8.782473399999999,0.15318914818297483
,alexnet_1942,6.0120699,0.052382002013880456
,alexnet_1943,24.48245,0.08917619027462965
,alexnet_1944,35.554138,0.34310147326177676
,alexnet_1945,13.9903833,0.06891278948249348
,alexnet_1946,6.698531499999999,0.2585049609889325
,alexnet_1947,14.434601399999998,0.11853782913343626
,alexnet_1948,14.684349899999999,0.1398292651723069
,alexnet_1949,7.6712473,0.04675941209970986
,alexnet_195,14.796309599999999,0.23366426082384295
,alexnet_1950,21.1631143,0.11280364043893053
,alexnet_1951,3.6476425,0.0662164818432851
,alexnet_1952,12.99714,0.06773376300651208
,alexnet_1953,28.0364997,0.13975408561599073
,alexnet_1954,28.815079499999996,0.14145342176135567
,alexnet_1955,27.048772300000003,0.15524922666101107
,alexnet_1956,8.964640000000001,0.06472746678132227
,alexnet_1957,15.2108802,0.13806511744529207
,alexnet_1958,3.6041128000000002,0.01569166887578345
,alexnet_1959,63.863548800000004,0.17014977618326554
,alexnet_196,12.946047499999999,0.06397103706871031
,alexnet_1960,39.5693458,0.315514225294633
,alexnet_1961,13.501541399999999,0.11175754684377018
,alexnet_1962,53.8798677,0.23262657563859374
,alexnet_1963,10.364782,0.19810062207351273
,alexnet_1964,9.011290899999999,0.04429880254429239
,alexnet_1965,23.3678555,0.09535922582210372
,alexnet_1966,3.0355495999999995,0.0379858439221816
,alexnet_1967,35.18023709999999,0.0837368242579172
,alexnet_1968,2.3029145,0.024246935820110834
,alexnet_1969,27.8628186,0.2940149791645262
,alexnet_197,16.531818,0.13573899420689453
,alexnet_1970,64.33966190000001,0.8938809558396402
,alexnet_1971,35.892586,0.35688524721650833
,alexnet_1972,8.979777900000002,0.08496803135697456
,alexnet_1973,8.76713,0.07066257998334287
,alexnet_1974,19.086980800000003,0.13947011635604958
,alexnet_1975,13.458692800000001,0.0979218719583923
,alexnet_1976,8.7159677,0.09198237645649728
,alexnet_1977,31.182775,0.1801493062644374
,alexnet_1978,9.198234000000001,0.09012375514113408
,alexnet_1979,29.7033057,0.35062805996786545
,alexnet_198,22.966972799999997,0.3559692626988531
,alexnet_1980,55.7883437,0.11695280937028538
,alexnet_1981,6.694297300000001,0.05047590670586737
,alexnet_1982,3.8718993999999998,0.08057049654741043
,alexnet_1983,9.5152955,0.06310830079205686
,alexnet_1984,7.5030675,0.12845043762831485
,alexnet_1985,18.0702327,0.2796334219750777
,alexnet_1986,48.5438428,0.19599120655287522
,alexnet_1987,35.888715100000006,0.36164347930037627
,alexnet_1988,24.151885599999996,0.16660119652274302
,alexnet_1989,42.834443,0.2856740255397633
,alexnet_199,16.6183603,0.08256085136286087
,alexnet_1990,27.0078425,0.15651067207426228
,alexnet_1991,49.3937362,0.191992169576
,alexnet_1992,20.4281189,0.2629693993279421
,alexnet_1993,21.2384277,0.09221457355167902
,alexnet_1994,17.6421712,0.1544613545247903
,alexnet_1995,39.394341399999995,0.39192604624680505
,alexnet_1996,20.0839929,1.0750908599827986
,alexnet_1997,53.5442309,0.3100017206043379
,alexnet_1998,28.4568699,0.2275919356848153
,alexnet_1999,26.861300599999996,0.14606644215800865
,alexnet_2,42.85870109999999,0.13442686342857718
,alexnet_20,9.5994996,0.128006766271204
,alexnet_200,9.617124400000002,0.07253448387403412
,alexnet_201,35.1929072,0.13728135050730622
,alexnet_202,40.90462910000001,0.1883391963330966
,alexnet_203,32.354722499999994,0.2971950033674272
,alexnet_204,6.7885535,0.06567359963563309
,alexnet_205,41.200895599999996,0.1425832425023167
,alexnet_206,19.973929599999998,0.24652376228979198
,alexnet_207,29.262973900000006,0.37930628192151705
,alexnet_208,5.0322144,0.024149156249751853
,alexnet_209,16.71774873,0.09929719080199309
,alexnet_21,17.844250600000002,0.12235853446936024
,alexnet_210,12.9464664,0.14169712303859067
,alexnet_211,59.9708256,0.39079899550873276
,alexnet_212,21.5771358,0.1423255920891863
,alexnet_213,32.5735182,0.12114974845532495
,alexnet_214,16.297930700000002,0.10455047147571367
,alexnet_215,23.970921899999997,0.6475885868627296
,alexnet_216,26.0907402,0.5606262106203758
,alexnet_217,37.53600141,0.21281821814430774
,alexnet_218,31.726863199999997,0.22633035225276338
,alexnet_219,14.1545066,0.08268812762002065
,alexnet_22,46.0679961,0.5110123297300018
,alexnet_220,49.554494,0.5073664052554004
,alexnet_221,46.7814687,0.22488298681052574
,alexnet_222,42.99218,0.1904379226488301
,alexnet_223,22.358182100000004,0.31785407754956974
,alexnet_224,40.6677613,0.2244110636489434
,alexnet_225,87.3361358,1.081918861235754
,alexnet_226,29.265314299999996,0.18496505937423616
,alexnet_227,6.513772099999999,0.11770406593129733
,alexnet_228,6.3147378,0.08013490863236841
,alexnet_229,1.5070518,0.039664454992573026
,alexnet_23,5.8950355000000005,0.05277282086447777
,alexnet_230,29.8430939,0.17677492611752918
,alexnet_231,18.388056799999998,0.1646789952319911
,alexnet_232,56.5834822,0.9507705590211225
,alexnet_233,16.6633845,0.1183900393926576
,alexnet_234,11.702687599999999,0.22276853234666755
,alexnet_235,9.526225000000002,0.05670926676471567
,alexnet_236,13.5832794,0.14134229492221195
,alexnet_237,55.958962,0.12819616947567933
,alexnet_238,12.993598599999999,0.04945856819929946
,alexnet_239,9.6157556,0.07424978313976725
,alexnet_24,25.5626188,0.07074435547929328
,alexnet_240,4.8186873,0.06498913278601505
,alexnet_241,32.1932016,0.5223413393362256
,alexnet_242,26.097689,0.19111320447669736
,alexnet_243,23.535435900000003,0.13825616438496605
,alexnet_244,14.6110013,0.08504805209370622
,alexnet_245,7.488682000000001,0.0893887149655947
,alexnet_246,17.926993500000002,0.12577285735661126
,alexnet_247,33.4125995,0.346673500254337
,alexnet_248,3.2413399,0.024276017893519047
,alexnet_249,25.841099499999995,0.15539496221122276
,alexnet_25,9.685693500000001,0.06335757712024087
,alexnet_250,13.421135340000001,0.08732792013751985
,alexnet_251,47.0740724,0.47265741089023905
,alexnet_252,5.9972177,0.047703654402011346
,alexnet_253,32.6233681,0.13532792172701574
,alexnet_254,40.8213814,0.17090337352708193
,alexnet_255,38.7104968,0.337076639020981
,alexnet_256,7.5921047999999995,0.042771496044013195
,alexnet_257,16.9485567,0.6988656775507733
,alexnet_258,52.50061260000001,0.42135018308227534
,alexnet_259,11.067460200000001,0.12781592792804392
,alexnet_26,12.674482399999999,0.10222754064034774
,alexnet_260,6.2990436,0.12733920911674831
,alexnet_261,42.808159,0.11254793748458622
,alexnet_262,64.2271538,0.2102302756729958
,alexnet_263,17.950597799999997,0.11012216791649988
,alexnet_264,30.4145703,0.27309680071042813
,alexnet_265,12.1786618,0.057494524820509506
,alexnet_266,58.199901999999994,0.3330744502261208
,alexnet_267,51.4260589,0.384433608925559
,alexnet_268,35.5170883,0.2632773671641557
,alexnet_269,19.380114499999998,0.11237878488314122
,alexnet_27,31.601455699999995,0.09190857356272017
,alexnet_270,11.0736453,0.06456030196959218
,alexnet_271,24.321417699999998,0.8349900953043724
,alexnet_272,6.054166500000001,0.03991370210964306
,alexnet_273,30.3314499,0.38298345936959194
,alexnet_274,31.7755636,0.1945381668259855
,alexnet_275,14.2932313,0.09893148974744571
,alexnet_276,14.654895199999999,0.07771870062742328
,alexnet_277,13.6403035,0.14808124621842828
,alexnet_278,5.8510745,0.05093769878206703
,alexnet_279,24.13267331,0.15841969718461904
,alexnet_28,8.1577337,0.022840329154635793
,alexnet_280,36.1651469,0.20101303481333316
,alexnet_281,21.5540154,0.3989986265864872
,alexnet_282,32.588579100000004,0.18588320331979707
,alexnet_283,9.0069248,0.04905176026549074
,alexnet_284,69.1831886,0.3327530446253689
,alexnet_285,10.086371,0.2597086064441522
,alexnet_286,9.2819022,0.12996060066829432
,alexnet_287,25.9377378,0.16595749632443807
,alexnet_288,18.012019199999997,0.36758160280289914
,alexnet_289,33.3211254,0.14988941769982106
,alexnet_29,38.8725167,0.3399250541761037
,alexnet_290,8.12311936,0.16402830683056688
,alexnet_291,24.2639719,0.19528516067782262
,alexnet_292,4.328087399999999,0.06850022972666912
,alexnet_293,61.83274780000001,0.30208914520060165
,alexnet_294,53.319714600000005,0.33067686717971256
,alexnet_295,48.804830300000006,0.15656874288712538
,alexnet_296,11.6639057,0.10286119655251706
,alexnet_297,11.8545219,0.14623679018714972
,alexnet_298,31.038867099999997,0.09850864170125688
,alexnet_299,47.550116200000005,0.30299569458305725
,alexnet_3,14.2526294,0.11672883175284217
,alexnet_30,16.465600300000002,0.04336250396343829
,alexnet_300,22.066384000000006,0.2124216938508767
,alexnet_301,58.4148585,0.19557337892321855
,alexnet_302,21.639076,0.12052934802369565
,alexnet_303,9.9292146,0.04739743349455528
,alexnet_304,14.085217200000002,0.12780775004793826
,alexnet_305,13.5024405,0.07476844314596688
,alexnet_306,20.61568,0.2706133173701417
,alexnet_307,2.7966911000000003,0.028145251068965805
,alexnet_308,25.720695700000004,0.20850244529128104
,alexnet_309,13.4950709,0.16498942476525583
,alexnet_31,18.015832,0.11260368604428671
,alexnet_310,10.2605105,0.061435614462548374
,alexnet_311,49.8271978,0.20714138224173503
,alexnet_312,16.729409900000004,0.12768557620827134
,alexnet_313,40.238366400000004,0.22919135757702128
,alexnet_314,12.1117729,0.11893804940354763
,alexnet_315,2.2747725,0.014804490823169064
,alexnet_316,3.1837360000000006,0.0379145189382192
,alexnet_317,29.226490599999998,0.11106077443553573
,alexnet_318,14.49806,0.5217197680785072
,alexnet_319,11.2760753,0.09166354437602398
,alexnet_32,10.379384199999999,0.0684842008071995
,alexnet_320,18.6142735,0.24933796592545343
,alexnet_321,23.79327595,0.08104916792081465
,alexnet_322,5.7905681,0.04542530003433986
,alexnet_323,33.8333355,0.3433488647761175
,alexnet_324,22.674559199999997,0.21672530293489936
,alexnet_325,6.8844597,0.09305127033517094
,alexnet_326,37.4700546,0.2394771555689766
,alexnet_327,9.9504234,0.1104047019393502
,alexnet_328,23.89759892,0.13758243044347063
,alexnet_329,48.777297,0.36936955429242213
,alexnet_33,20.8749405,0.17104059394144128
,alexnet_330,47.287341999999995,0.06675372117358139
,alexnet_331,4.4636204,0.0515641100612709
,alexnet_332,10.995595999999999,0.05131232027945598
,alexnet_333,5.0957835000000005,0.04582469933435834
,alexnet_334,17.7590683,0.12905229359586565
,alexnet_335,30.4317182,0.4458429263625152
,alexnet_336,38.2411198,0.1974630188622445
,alexnet_337,11.848229499999999,0.07208882130020157
,alexnet_338,44.1060556,0.1626747341217911
,alexnet_339,50.0996461,0.34076067906133173
,alexnet_34,57.1228748,0.10331398888806546
,alexnet_340,23.726078,0.14373300152519608
,alexnet_341,28.806071000000003,0.0712136721803562
,alexnet_342,20.2501434,0.14823789234548657
,alexnet_343,54.8533056,0.44982984252852004
,alexnet_344,11.373961,0.09330977116428366
,alexnet_345,13.61283746,0.09635460200530711
,alexnet_346,53.70215389999999,0.7047744297142029
,alexnet_347,4.3968045,0.036423396388909554
,alexnet_348,7.3926810000000005,0.1044554202887188
,alexnet_349,13.402459099999998,0.1858447088347443
,alexnet_35,49.443462100000005,0.18557476038382206
,alexnet_350,15.769950200000002,0.10745296991087391
,alexnet_351,10.23439,0.06664821195630057
,alexnet_352,19.0681182,0.40098582831981827
,alexnet_353,10.1649706,0.16219108808060076
,alexnet_354,24.8192783,0.099292645883293
,alexnet_355,11.7678364,0.08550255889189032
,alexnet_356,15.325009599999998,0.10168472240263211
,alexnet_357,54.4065949,0.19020213915964843
,alexnet_358,1.7547272,0.009092071431620245
,alexnet_359,32.3051718,0.17490291778587577
,alexnet_36,26.165813400000005,0.1961900253022724
,alexnet_360,24.1331118,0.19909931459028735
,alexnet_361,9.293636500000002,0.06814984723525476
,alexnet_362,12.1545395,0.41319328913301456
,alexnet_363,21.1299151,0.24954338820817673
,alexnet_364,103.1776326,0.4028409644693207
,alexnet_365,29.0394314,0.17421816015593544
,alexnet_366,9.3356052,0.06961517082624584
,alexnet_367,16.731764000000002,0.1508983922774361
,alexnet_368,8.048470700000001,0.05354665115018107
,alexnet_369,31.7196298,0.14517734806427407
,alexnet_37,10.069832700000001,0.08988094936136379
,alexnet_370,20.5353803,0.12502669302554267
,alexnet_371,72.81543699999999,0.35227015556089447
,alexnet_372,5.368097400000001,0.09293732637972874
,alexnet_373,11.76286,0.10704566393731166
,alexnet_374,9.2226122,0.061985122920196555
,alexnet_375,10.6460559,0.08377692403284155
,alexnet_376,12.2534476,0.10965662678730369
,alexnet_377,70.8903698,0.3136787281778054
,alexnet_378,19.0750671,0.1209941918545372
,alexnet_379,7.839716,0.09794365833037631
,alexnet_38,22.283924799999998,0.1849708578026916
,alexnet_380,13.709684200000002,0.17288018471610644
,alexnet_381,57.12147,0.2802969146657963
,alexnet_382,17.1522886,0.10084515119401355
,alexnet_383,8.4725346,0.21159573252124664
,alexnet_384,39.8887779,0.14132280866363853
,alexnet_385,47.4879775,0.3439125712348898
,alexnet_386,16.767163699999998,0.04693534283964754
,alexnet_387,12.139477099999999,0.05623834230761805
,alexnet_388,46.3838238,0.1867417973638745
,alexnet_389,14.9554244,0.20752837672360594
,alexnet_39,69.3384457,0.24373988125269838
,alexnet_390,13.3465726,0.09575213101399094
,alexnet_391,7.493782399999999,0.05068176271269283
,alexnet_392,7.25380382,0.20863018690100696
,alexnet_393,17.4384621,0.3008037583236369
,alexnet_394,4.958610200000001,0.01981634326097966
,alexnet_395,11.1013953,0.05302087840995872
,alexnet_396,31.5646684,0.06584435124900577
,alexnet_397,7.2810534,0.09988392627576642
,alexnet_398,50.4550607,0.54195982697834
,alexnet_399,19.943815999999998,0.6938913179036234
,alexnet_4,51.7927315,0.4422265799801346
,alexnet_40,37.485176499999994,0.14607111805249848
,alexnet_400,41.40501629999999,0.6647961931544718
,alexnet_401,2.0464176,0.02116300832980458
,alexnet_402,50.9349324,0.24997795444502982
,alexnet_403,9.314841,0.05929599405183199
,alexnet_404,4.587955699999999,0.055680531725572156
,alexnet_405,65.5453191,0.2034338494607586
,alexnet_406,7.641103200000001,0.03184852293040989
,alexnet_407,11.3430104,0.07580820485091086
,alexnet_408,44.4935928,0.26656470201934074
,alexnet_409,47.18311889999999,0.14604341172299282
,alexnet_41,47.2126551,0.41346810866624295
,alexnet_410,21.721302400000003,0.6514135375236842
,alexnet_411,8.02363941,0.09508103201187872
,alexnet_412,19.142890599999998,0.13612670232715549
,alexnet_413,42.41792770000001,0.1716161273146883
,alexnet_414,13.2831099,0.07692810160410565
,alexnet_415,74.288587,0.8570400137257814
,alexnet_416,3.1790521999999997,0.025287199787705657
,alexnet_417,14.1715375,0.12118140569099058
,alexnet_418,11.5546649,0.10138529471451949
,alexnet_419,4.832633,0.045688283428078305
,alexnet_42,26.3222048,0.16077627372434086
,alexnet_420,13.628464300000001,0.08716387512043304
,alexnet_421,23.0931713,0.35759224430202924
,alexnet_422,38.442357799999996,0.2671674594142863
,alexnet_423,51.373860799999996,0.1459736766293673
,alexnet_424,39.1445392,0.2702924891016754
,alexnet_425,3.4520347000000005,0.03140503665555587
,alexnet_426,3.2377580999999998,0.034362796790027975
,alexnet_427,47.128484099999994,0.2370276862047965
,alexnet_428,18.2593696,0.13247314702249327
,alexnet_429,53.894499599999996,0.2204831516079687
,alexnet_43,85.7740061,0.720316354923032
,alexnet_430,13.785899,0.19278586794636682
,alexnet_431,18.2553355,0.09348537564864075
,alexnet_432,59.1167248,0.38642055004864323
,alexnet_433,12.768469699999999,0.11794871746356379
,alexnet_434,15.127143499999999,0.12830446358765732
,alexnet_435,60.0418902,0.37433064920511133
,alexnet_436,28.2494048,0.09858691493931429
,alexnet_437,15.720492,0.08438639685829866
,alexnet_438,38.82878443999999,0.18769414525307943
,alexnet_439,37.547019500000005,0.12583707005578026
,alexnet_44,0.402754,0.0041475660899440775
,alexnet_440,38.54883039999999,0.2558284991114984
,alexnet_441,38.4688401,0.16789900310811323
,alexnet_442,19.972002,0.1859166013866404
,alexnet_443,51.52519770000001,0.3079492811974929
,alexnet_444,33.850508500000004,0.09234395388666114
,alexnet_445,20.6263855,0.24463074824041636
,alexnet_446,7.659454800000001,0.06709679839393945
,alexnet_447,26.709902100000004,0.1876196007672844
,alexnet_448,25.2605443,0.17541101031891942
,alexnet_449,33.190325900000005,0.09026850050960866
,alexnet_45,16.341244109999998,0.1907401583920809
,alexnet_450,7.897150500000001,0.060580724890487346
,alexnet_451,17.035911499999997,0.19465403539671813
,alexnet_452,7.2243176,0.0919737150826413
,alexnet_453,61.5043045,0.41212533140894914
,alexnet_454,29.2840713,0.21552760815546626
,alexnet_455,19.6322012,0.14633467525687818
,alexnet_456,25.2061102,0.5089482104754112
,alexnet_457,19.4514528,0.44154505417946893
,alexnet_458,7.132309,0.05563330725267742
,alexnet_459,24.6538332,0.20258270520219157
,alexnet_46,29.8698708,0.12604501181239577
,alexnet_460,15.820157600000002,0.0906708887535373
,alexnet_461,38.266159800000004,0.14654000900096747
,alexnet_462,7.951294299999999,0.08840410391632948
,alexnet_463,7.674372999999998,0.05381550855946531
,alexnet_464,24.013503800000002,0.05756878684109406
,alexnet_465,23.5860017,0.1519331546334195
,alexnet_466,12.771963799999998,0.1407273579914101
,alexnet_467,52.7740522,0.4164770481499649
,alexnet_468,16.592653499999997,0.1551860970182126
,alexnet_469,35.257116,0.25079136441672095
,alexnet_47,12.0523939,0.0792115418990012
,alexnet_470,20.493866600000004,0.11561582745708227
,alexnet_471,21.0845926,0.6107409901240085
,alexnet_472,36.8562606,0.23550911971503893
,alexnet_473,9.605602,0.07351030780468794
,alexnet_474,31.4038692,0.2715155193456905
,alexnet_475,22.448237569999996,0.1672283118392993
,alexnet_476,3.9760402999999997,0.06538236500215304
,alexnet_477,19.8951832,0.07862560076207448
,alexnet_478,8.355001800000002,0.0907766224430156
,alexnet_479,25.535159000000004,0.12665321357835596
,alexnet_48,9.760057999999997,0.09636972901770775
,alexnet_480,7.5302853,0.07223242621176408
,alexnet_481,8.441151,0.05410348724995635
,alexnet_482,46.937679700000004,0.1995437592497368
,alexnet_483,28.313188600000004,0.4100096335665633
,alexnet_484,22.053498700000002,0.16836294612475022
,alexnet_485,20.1214181,0.10718164441567894
,alexnet_486,3.2585883000000004,0.03247947729567265
,alexnet_487,18.7527033,0.30216716101813573
,alexnet_488,37.740353799999994,0.23519869281173164
,alexnet_489,23.787767,0.07039749179346608
,alexnet_49,11.548846900000003,0.09668023123327961
,alexnet_490,8.510891200000001,0.05079789911585765
,alexnet_491,10.360948000000002,0.10429324909126024
,alexnet_492,29.478000399999996,0.24385048786283398
,alexnet_493,25.9371971,0.1640152708716052
,alexnet_494,5.0551184,0.04623526987073801
,alexnet_495,23.4069767,0.2753273544034999
,alexnet_496,57.49186519999999,0.4817184137366851
,alexnet_497,41.9320341,0.8407225025922542
,alexnet_498,10.664668299999999,0.059952204638739834
,alexnet_499,9.474307399999999,0.0942251292600323
,alexnet_5,8.5163248,0.06430215724563124
,alexnet_50,17.301009399999998,0.15352683300929432
,alexnet_500,57.112508999999996,0.7633355999793026
,alexnet_501,19.2796365,0.1624217475045995
,alexnet_502,18.073446500000003,0.24745858920190042
,alexnet_503,36.7500112,0.17557569588181623
,alexnet_504,12.3514485,0.1338548694263426
,alexnet_505,31.1869725,0.21220686647296685
,alexnet_506,23.541831400000003,0.06757908012761706
,alexnet_507,9.646323800000001,0.07443395433729451
,alexnet_508,4.1350829,0.02885779979421832
,alexnet_509,17.2812515,0.11961327025256742
,alexnet_51,22.0458621,0.08638250203290636
,alexnet_510,38.00592780000001,0.20093266953005753
,alexnet_511,13.2234847,0.07200887699870549
,alexnet_512,21.003346099999998,0.20895666707121793
,alexnet_513,29.3577209,0.08688268883857342
,alexnet_514,56.1562451,0.8579475905756049
,alexnet_515,1.8648238000000001,0.009449751101242722
,alexnet_516,55.2375605,0.20305453436917134
,alexnet_517,10.698755300000002,0.07098261178276045
,alexnet_518,13.3952125,0.1357569843127383
,alexnet_519,18.2978094,0.2276895647724748
,alexnet_52,77.6916921,0.7904165588909193
,alexnet_520,22.1666354,0.441416276681146
,alexnet_521,10.914835700000001,0.10712290076399858
,alexnet_522,22.2317444,0.2155997047781173
,alexnet_523,3.299962,0.01929245887902094
,alexnet_524,4.66467393,0.062581348497148
,alexnet_525,45.95594,0.2536027707581681
,alexnet_526,20.328009100000003,0.27860127116988154
,alexnet_527,36.4274566,0.17652997783989635
,alexnet_528,16.532735600000002,0.08586580314393616
,alexnet_529,21.233765,0.12524836881478296
,alexnet_53,11.408823530000001,0.08657062273090724
,alexnet_530,4.7968517,0.05419332992112876
,alexnet_531,30.872900270000002,0.2600819766475749
,alexnet_532,16.3127185,0.11641486361829784
,alexnet_533,15.694472399999999,0.034608342252009
,alexnet_534,30.6270092,0.19704789431573463
,alexnet_535,26.338426,0.124452039946401
,alexnet_536,31.541525599999996,0.5411808342153217
,alexnet_537,16.5681774,0.12461487667626898
,alexnet_538,20.302293600000002,0.13137644472785764
,alexnet_539,17.9340906,0.1836694274715483
,alexnet_54,13.828401199999998,0.4362257847442678
,alexnet_540,5.409633299999999,0.06742410413001307
,alexnet_541,23.6894694,0.03480271760482768
,alexnet_542,12.681965199999999,0.15248372087432308
,alexnet_543,24.872116899999998,0.11273238333665304
,alexnet_544,27.008375500000003,0.12863333952898082
,alexnet_545,8.866584300000001,0.06586817705498901
,alexnet_546,31.567292499999997,0.5002568000653361
,alexnet_547,10.454546,0.12634200240694574
,alexnet_548,10.7508002,0.08569803927330058
,alexnet_549,14.854529300000001,0.09019942751402335
,alexnet_55,5.5195177,0.23579234219714834
,alexnet_550,9.7122519,0.02793922404678543
,alexnet_551,40.137287900000004,0.2158406958039313
,alexnet_552,26.4893672,0.26335209846731444
,alexnet_553,24.2759848,0.22655328650102913
,alexnet_554,22.16129023,0.3970711534871559
,alexnet_555,23.7230251,0.6734578146235348
,alexnet_556,36.2599915,0.17328427911087693
,alexnet_557,10.956930900000001,0.12684399772808605
,alexnet_558,11.577002,0.12547171622615208
,alexnet_559,18.483208599999998,0.12991052092164038
,alexnet_56,8.228704,0.17251421079867213
,alexnet_560,31.595702199999998,0.11678813390574831
,alexnet_561,30.430237299999995,0.1906324555643886
,alexnet_562,27.76682313,0.185961663036289
,alexnet_563,18.649183800000003,0.09030349167139728
,alexnet_564,51.787022900000004,0.6405712739795265
,alexnet_565,2.5827549,0.02626022821818645
,alexnet_566,12.7793003,0.1059948117812985
,alexnet_567,73.2736039,0.41383865534362263
,alexnet_568,43.66286650000001,0.10551609922589418
,alexnet_569,20.3870008,0.18090424910906072
,alexnet_57,39.3748159,0.1841361474052473
,alexnet_570,18.432765999999997,0.07418496739646613
,alexnet_571,44.8966477,0.18721501796829948
,alexnet_572,11.9920782,0.22799234236508997
,alexnet_573,16.416168199999998,0.1293801182092608
,alexnet_574,55.06570550000001,0.16687166491213098
,alexnet_575,17.920802,0.8885343993242695
,alexnet_576,19.0849086,0.11408334746446684
,alexnet_577,19.6364045,0.09113583346213243
,alexnet_578,30.1606372,0.22109126336524423
,alexnet_579,32.1579148,0.20860409587896359
,alexnet_58,11.6371513,0.3001496860080597
,alexnet_580,17.563565300000004,0.0530015426188663
,alexnet_581,63.546508300000006,0.6875193217783285
,alexnet_582,9.99747647,0.08429238455888922
,alexnet_583,3.8665791900000004,0.06085450730153313
,alexnet_584,31.9341437,0.26677587320647816
,alexnet_585,18.902784500000003,0.14243081670665272
,alexnet_586,4.007478099999999,0.03050772398853336
,alexnet_587,10.579919499999999,0.13377796137850803
,alexnet_588,14.5231013,0.19410300604507136
,alexnet_589,59.93019030000001,0.3520103483139998
,alexnet_59,29.857930800000002,0.06365570045510055
,alexnet_590,7.4949664,0.06872796984013686
,alexnet_591,6.552274000000001,0.024028685586888705
,alexnet_592,4.4006507,0.033138603023545064
,alexnet_593,22.223276100000003,0.05080522089121586
,alexnet_594,52.6248691,0.5242444708688373
,alexnet_595,17.365219800000002,0.16482761535622378
,alexnet_596,17.0756713,0.32211922785422914
,alexnet_597,50.3980209,0.306497468786139
,alexnet_598,33.061121799999995,0.15741636385686222
,alexnet_599,8.5406167,0.10567432254985099
,alexnet_6,18.153656,0.10496251454845264
,alexnet_60,36.055989000000004,0.15699088921394697
,alexnet_600,10.9330066,0.5021872687766764
,alexnet_601,45.32724268,0.51789370471863
,alexnet_602,19.7953766,0.14150134839169035
,alexnet_603,21.9851386,0.36188903023954266
,alexnet_604,32.7213817,0.2632950197163564
,alexnet_605,13.449066100000001,0.08056213005241242
,alexnet_606,31.855910400000003,0.45073260286512323
,alexnet_607,9.420291800000001,0.0659349861830305
,alexnet_608,36.9761118,0.2902971072542956
,alexnet_609,23.1840563,0.1907559614397854
,alexnet_61,42.562465700000004,0.1923572238614946
,alexnet_610,30.304805699999996,0.24706271535386498
,alexnet_611,66.21594459999999,0.43005931687314164
,alexnet_612,19.699345,0.13154495171230976
,alexnet_613,23.540167300000004,0.3944744294151136
,alexnet_614,8.6810399,0.06295441378809252
,alexnet_615,7.8204761,0.04885115326749122
,alexnet_616,20.5832049,0.09487826472319197
,alexnet_617,15.4737182,0.22287497106456586
,alexnet_618,2.2067951999999997,0.02327722474455593
,alexnet_619,22.6240049,0.1489611063866847
,alexnet_62,12.146190899999999,0.0566537198803662
,alexnet_620,14.4311252,0.15703130619645658
,alexnet_621,15.703184799999999,0.03418619012386104
,alexnet_622,32.7001848,0.48312594101130074
,alexnet_623,56.9978092,0.3911128159816837
,alexnet_624,18.3600633,0.1435140530750029
,alexnet_625,13.545867999999999,0.05596121444902701
,alexnet_626,42.8150275,0.2835087964958997
,alexnet_627,10.95324546,0.0797045465677307
,alexnet_628,17.90225011,0.0599671366706643
,alexnet_629,27.3414197,0.1198203087261647
,alexnet_63,12.2114609,0.057340506685353766
,alexnet_630,3.6957614999999997,0.049422644808657636
,alexnet_631,29.672436700000002,0.13991620254223988
,alexnet_632,5.985051499999999,0.05808695093870715
,alexnet_633,14.6135283,0.22915751112143548
,alexnet_634,35.9190449,0.16599351598411705
,alexnet_635,9.56996,0.10972578318642752
,alexnet_636,9.0523793,0.07929464894580707
,alexnet_637,12.1975397,0.09737326179734462
,alexnet_638,12.907548740000001,0.12788104534260167
,alexnet_639,11.239609199999999,0.15053632791486374
,alexnet_64,9.87295,0.08875411599032988
,alexnet_640,32.6884989,0.15378998274550945
,alexnet_641,49.733007799999996,0.2323332361766905
,alexnet_642,17.0049062,0.05297950833296317
,alexnet_643,16.8811514,0.23820729540030788
,alexnet_644,29.3593373,0.16808512397405156
,alexnet_645,46.048860100000006,0.15768824888034627
,alexnet_646,30.067512600000004,0.14586927245160453
,alexnet_647,5.64814799,0.03725421779606505
,alexnet_648,30.078591900000003,0.15354454040257506
,alexnet_649,49.29305529999999,0.2160803791496213
,alexnet_65,25.1550175,0.25631319462438257
,alexnet_650,15.8221076,0.08800234777825448
,alexnet_651,6.0791221,0.08617296162563848
,alexnet_652,39.9764965,0.4455402176630108
,alexnet_653,39.6837582,0.2696345999013332
,alexnet_654,52.43588989999999,0.33276978963915177
,alexnet_655,8.9294979,0.04887816643806005
,alexnet_656,20.842468099999998,0.1584076382528488
,alexnet_657,7.501479799999999,0.04093752603316396
,alexnet_658,12.1488353,0.16470005670430649
,alexnet_659,26.3895154,0.27528159830830584
,alexnet_66,7.4610227,0.0715793525122728
,alexnet_660,26.6981613,0.2782929651121587
,alexnet_661,29.518131999999998,0.06853006093630942
,alexnet_662,17.1969921,0.10438532391224749
,alexnet_663,42.5503891,0.22953729125896213
,alexnet_664,7.833726,0.029856483807917587
,alexnet_665,14.0655587,0.09192299884436603
,alexnet_666,26.4020644,0.5243823650133735
,alexnet_667,14.929555100000002,0.05415707397509877
,alexnet_668,41.811521400000004,0.41142357620565034
,alexnet_669,25.311128200000002,0.14198078447161744
,alexnet_67,20.7140082,0.13845971359327147
,alexnet_670,4.1974209,0.05719641795793147
,alexnet_671,3.1860236000000004,0.03279341617481555
,alexnet_672,5.3746861,0.055759178912733166
,alexnet_673,13.2281206,0.12206394535782772
,alexnet_674,3.5258943,0.03355459406782775
,alexnet_675,39.5117287,0.19457197412367874
,alexnet_676,8.624967100000001,0.09938521179110757
,alexnet_677,8.1489441,0.07664745460768418
,alexnet_678,16.9525911,0.3294168872765486
,alexnet_679,3.9021832999999995,0.031078311195232262
,alexnet_68,29.597033500000002,0.14078305188562568
,alexnet_680,9.43368923,0.22639900385019243
,alexnet_681,12.9597855,0.08518683003904091
,alexnet_682,30.822618100000003,0.1065710088454018
,alexnet_683,41.3328793,0.30192146705918116
,alexnet_684,15.2859369,0.13766811888673006
,alexnet_685,16.408945000000003,0.14800144417045866
,alexnet_686,44.503442299999996,0.3492995889789211
,alexnet_687,10.2755341,0.1267305438792634
,alexnet_688,30.080277999999996,0.28081908714801723
,alexnet_689,31.990649400000002,0.7901816697629438
,alexnet_69,12.9788885,0.08393977204447911
,alexnet_690,61.463701900000004,0.0938516778234316
,alexnet_691,38.2061286,0.19697261340715436
,alexnet_692,11.9572043,0.06708083598522328
,alexnet_693,81.51571770000001,0.32807023761598736
,alexnet_694,3.6536849,0.0611039432916236
,alexnet_695,62.2908029,0.4256097614676662
,alexnet_696,11.07899787,0.0776025991652406
,alexnet_697,26.320758100000003,0.2719190695635714
,alexnet_698,49.4232329,0.4027374296528261
,alexnet_699,12.32321577,0.0758801141269968
,alexnet_7,5.9943715,0.036270067034517066
,alexnet_70,30.720589600000004,0.20328184957894022
,alexnet_700,21.4010587,0.357117904636131
,alexnet_701,15.291848700000001,0.09253500967642175
,alexnet_702,4.107872700000001,0.0418098024842445
,alexnet_703,20.89776993,0.1860458665792838
,alexnet_704,40.6711178,0.12290707785540703
,alexnet_705,17.0453061,0.19541746014401087
,alexnet_706,16.4875885,0.20125398094185767
,alexnet_707,30.4358271,0.8843620847412224
,alexnet_708,22.187991500000003,0.1736281762366324
,alexnet_709,22.4301746,0.09204429463671321
,alexnet_71,20.326692299999998,0.13627418180787973
,alexnet_710,29.9223688,0.18397423420129316
,alexnet_711,23.9619267,0.10381204282926502
,alexnet_712,2.6426306,0.014857072621949654
,alexnet_713,26.741236330000003,0.226184901813807
,alexnet_714,13.8531272,0.14110418206634046
,alexnet_715,30.6398185,0.3492477417383748
,alexnet_716,10.879186200000001,0.12661031303773218
,alexnet_717,56.170378500000005,0.3202160241574949
,alexnet_718,36.4826137,0.09692751837481121
,alexnet_719,21.032543999999998,0.1770583678838702
,alexnet_72,4.9291484,0.0772976940589791
,alexnet_720,40.8902232,0.09908883845349169
,alexnet_721,21.2415654,0.1287517800491215
,alexnet_722,19.073987600000002,0.5692705521864773
,alexnet_723,33.8359968,0.1606410470527428
,alexnet_724,15.8721215,0.09552322220168144
,alexnet_725,10.8480265,0.06446521635870128
,alexnet_726,57.097573000000004,0.2455080748678833
,alexnet_727,17.2231178,0.24913104224448923
,alexnet_728,35.220726500000005,0.20270905922417404
,alexnet_729,10.062727299999999,0.21662246388640233
,alexnet_73,17.8167027,0.10649896951475214
,alexnet_730,29.797342,0.1366947513347356
,alexnet_731,29.435237700000002,0.19625688283586304
,alexnet_732,14.822111,0.20022451556351648
,alexnet_733,5.3152644,0.04028631724958142
,alexnet_734,26.1467745,0.20319983811022427
,alexnet_735,8.50685637,0.07913326074816833
,alexnet_736,22.5250058,0.4111787693830656
,alexnet_737,8.740963999999998,0.052996690284616614
,alexnet_738,60.3415885,0.3712571592548676
,alexnet_739,3.1863503000000004,0.01896100922421394
,alexnet_74,21.258515,0.6190094648111085
,alexnet_740,61.79508069999999,0.8929069154897695
,alexnet_741,12.1419,0.13928057133352223
,alexnet_742,12.1419805,0.07906622807142569
,alexnet_743,8.29929359,0.04774904025139067
,alexnet_744,10.6648959,0.31226158898060624
,alexnet_745,15.7455428,0.7916122545314174
,alexnet_746,28.321564000000002,0.12319969155257045
,alexnet_747,12.559402200000001,0.18003974361242672
,alexnet_748,6.377476799999998,0.04846500243653521
,alexnet_749,52.37940113,0.2239198392696023
,alexnet_75,13.6350242,0.06473863101744928
,alexnet_750,11.371486400000002,0.1550483018647528
,alexnet_751,41.747254999999996,0.2081965135713884
,alexnet_752,14.2955,0.08653249447384717
,alexnet_753,5.946526700000001,0.05066341440331345
,alexnet_754,9.5639896,0.09715023175928797
,alexnet_755,38.1021973,0.7254442390021594
,alexnet_756,45.2724512,0.23208821803697308
,alexnet_757,40.225491399999996,0.30265013143287295
,alexnet_758,24.4879385,0.2916160354376196
,alexnet_759,12.121814599999997,0.07244535486326521
,alexnet_76,26.438727599999996,0.10465526971506818
,alexnet_760,37.5259188,0.14925566839781768
,alexnet_761,4.1944256,0.14564937279590123
,alexnet_762,6.751242800000001,0.10410945948943684
,alexnet_763,18.4229248,0.10135878131906571
,alexnet_764,14.3996202,0.12710865487949505
,alexnet_765,8.4256129,0.05781736465846204
,alexnet_766,51.053543100000006,0.38143512797407
,alexnet_767,1.1757734,0.016244942150835315
,alexnet_768,47.8412716,0.41464586699315437
,alexnet_769,25.125165399999997,0.19864549889283253
,alexnet_77,40.8306897,0.10609517877575031
,alexnet_770,16.3883084,0.05641611985581968
,alexnet_771,37.795154000000004,0.3563209242950886
,alexnet_772,11.902593999999999,0.07187600950776352
,alexnet_773,9.2183762,0.07396077560431683
,alexnet_774,28.0097604,0.2457765638145487
,alexnet_775,10.983377,0.07454806805609329
,alexnet_776,20.162991299999998,0.14175906702520963
,alexnet_777,21.217144700000002,0.3366802597023816
,alexnet_778,25.109033999999998,0.48938789194922266
,alexnet_779,28.138993099999997,0.26872014346433404
,alexnet_78,1.3771637,0.01178678841845865
,alexnet_780,24.0099106,0.22781878078947435
,alexnet_781,10.7517237,0.06238982405248727
,alexnet_782,9.7149259,0.059964037537875284
,alexnet_783,12.3708249,0.07929830024049897
,alexnet_784,26.360246,0.317708331690176
,alexnet_785,27.926454200000002,0.21831481648337311
,alexnet_786,49.1676622,0.24739986597323368
,alexnet_787,8.3199448,0.05161301122840998
,alexnet_788,6.3356816,0.053829180308016915
,alexnet_789,33.253546500000006,0.23981464031323155
,alexnet_79,41.86526,0.20713675857436692
,alexnet_790,47.840786800000004,0.11621756418224793
,alexnet_791,26.310588499999998,0.21408997187237425
,alexnet_792,47.861929599999996,0.29804598407933597
,alexnet_793,43.9548177,0.16473031106134203
,alexnet_794,4.656746,0.02486915721876196
,alexnet_795,28.7774439,0.07430304678990647
,alexnet_796,22.4426282,0.12441146095265192
,alexnet_797,27.487506599999996,0.2998435061931134
,alexnet_798,34.5821521,0.36772266195487446
,alexnet_799,29.2246789,0.17185710076445343
,alexnet_8,20.3297361,0.34215217875893955
,alexnet_80,45.804267599999996,0.20005163377820462
,alexnet_800,5.321535299999999,0.0580185040452918
,alexnet_801,19.7336266,0.2033368087855839
,alexnet_802,27.5008303,0.19990170236724933
,alexnet_803,3.4278961000000003,0.02771747243723092
,alexnet_804,1.7570404,0.03808085194952478
,alexnet_805,22.3591719,0.14618867557145654
,alexnet_806,41.823429399999995,0.12719952124718475
,alexnet_807,26.1585335,0.27880866144533156
,alexnet_808,27.493882600000003,0.16126606204940408
,alexnet_809,18.6562794,0.06883015220787776
,alexnet_81,8.212118299999998,0.02987995490769829
,alexnet_810,7.311266900000001,0.04245268338326093
,alexnet_811,28.5917036,0.2651594367974445
,alexnet_812,12.3416388,0.17284505833617
,alexnet_813,35.9829142,0.4083214467160046
,alexnet_814,12.5109534,0.19465463270202824
,alexnet_815,25.4635462,0.33792339055311604
,alexnet_816,22.6843465,0.17861606900038887
,alexnet_817,1.1874405000000001,0.004993460747332355
,alexnet_818,32.876160299999995,0.189770559510639
,alexnet_819,67.7477049,0.4167946090864803
,alexnet_82,3.1402096999999998,0.02569062697032468
,alexnet_820,58.2921495,0.23736037841344468
,alexnet_821,12.414162600000001,0.07180459183640953
,alexnet_822,17.0925422,0.16101458633552432
,alexnet_823,8.897510599999999,0.043769504141707764
,alexnet_824,6.974297899999999,0.1076132717693015
,alexnet_825,60.8128377,0.12517028750403
,alexnet_826,7.57826391,0.06692692079310807
,alexnet_827,4.8564297,0.04950059172817195
,alexnet_828,2.4022146,0.033120166655287574
,alexnet_829,21.383239,0.13221324046654087
,alexnet_83,9.3467502,0.06345953507481605
,alexnet_830,10.732198799999999,0.05845480541083734
,alexnet_831,27.35973169,0.2446735943752501
,alexnet_832,32.7859768,0.13005234026182222
,alexnet_833,4.10232499,0.04409338176613178
,alexnet_834,2.2173142999999995,0.028766458303663766
,alexnet_835,12.288412499999998,0.13939262889892026
,alexnet_836,39.0752699,0.6907328558316913
,alexnet_837,15.8305862,0.035703428164219196
,alexnet_838,16.865728000000004,0.2295017005355679
,alexnet_839,19.2147968,0.11098093068696288
,alexnet_84,47.2990691,0.2269973518124443
,alexnet_840,31.4226041,0.1951224636108499
,alexnet_841,3.5575014,0.036370667968178165
,alexnet_842,9.227162,0.06804587622282171
,alexnet_843,35.7189618,0.08763747967951041
,alexnet_844,11.5120711,0.08734304033093082
,alexnet_845,38.8069951,0.12044597653560123
,alexnet_846,66.1168167,0.17196301768669334
,alexnet_847,82.6914958,0.15006236011903032
,alexnet_848,48.9898395,0.22642209978250655
,alexnet_849,12.393367470000001,0.10111950025306812
,alexnet_85,28.6479284,0.14655572725457042
,alexnet_850,13.0303859,0.07128153923503383
,alexnet_851,26.2902985,0.1839335214482702
,alexnet_852,23.0525397,0.10152723318708984
,alexnet_853,3.9577796000000007,0.03383650009025039
,alexnet_854,40.9751926,0.24858357304840786
,alexnet_855,11.1414436,0.07766131588208465
,alexnet_856,9.444615999999998,0.2601598347683431
,alexnet_857,42.603497399999995,0.35504552843410747
,alexnet_858,15.3140031,0.1287557169270268
,alexnet_859,6.246633,0.02791249113789871
,alexnet_86,8.589730000000001,0.08517309222987776
,alexnet_860,6.366377829999999,0.03327843063375399
,alexnet_861,10.1363698,0.07285158142886274
,alexnet_862,21.526752300000002,0.5018489460918071
,alexnet_863,16.1529506,0.4440766117367984
,alexnet_864,72.2560363,0.40905549336874686
,alexnet_865,25.654475900000005,0.14206753864905347
,alexnet_866,8.9826267,0.07252506458617165
,alexnet_867,2.6677936,0.08367704103456727
,alexnet_868,28.2713831,0.32704911161544375
,alexnet_869,12.996107699999998,0.13424047093642288
,alexnet_87,30.6380526,0.17291898260309055
,alexnet_870,54.0667105,0.1611450578334729
,alexnet_871,9.217595300000001,0.0788069751266776
,alexnet_872,9.242564600000001,0.10388305492020346
,alexnet_873,24.5178215,1.0689803253648666
,alexnet_874,8.437690900000002,0.07324991922390318
,alexnet_875,10.4595973,0.08392288267682683
,alexnet_876,22.8637804,0.38957686366639743
,alexnet_877,17.097032,0.08979411745152706
,alexnet_878,38.9403787,0.11818764483830443
,alexnet_879,17.5917046,0.07897390278308057
,alexnet_88,10.8007479,0.06906687471428416
,alexnet_880,65.1244605,0.7532578455603716
,alexnet_881,9.7615159,0.05344822222821856
,alexnet_882,44.0373841,0.11467243979907384
,alexnet_883,17.4879505,0.13728322056916298
,alexnet_884,33.2528263,0.17240706533904934
,alexnet_885,19.860725300000002,0.3066690549102554
,alexnet_886,7.1352586,0.056277184149968316
,alexnet_887,56.4440917,0.1264651543570568
,alexnet_888,41.2100577,0.36803825656623235
,alexnet_889,8.976256399999999,0.1546788182135739
,alexnet_89,9.2577941,0.06887914928605839
,alexnet_890,15.966276399999998,0.19049616270162448
,alexnet_891,30.825909300000006,0.18129614992538998
,alexnet_892,18.081874000000003,0.04729717592699157
,alexnet_893,30.464533600000003,0.22424209077623922
,alexnet_894,76.5429829,0.26467652758372173
,alexnet_895,18.297958,0.4920508392009779
,alexnet_896,8.535303299999999,0.05506495086197381
,alexnet_897,11.558862799999998,0.26029540348892755
,alexnet_898,45.1793908,0.16104530409481213
,alexnet_899,3.0799515,0.013198610326838391
,alexnet_9,38.994861,0.19178033866409822
,alexnet_90,7.6715226,0.04837052795220347
,alexnet_900,42.8600363,0.267658846492729
,alexnet_901,13.159545900000001,0.06930953005698295
,alexnet_902,21.5897694,0.1670532049591081
,alexnet_903,37.124679900000004,0.19284557197702631
,alexnet_904,20.9420652,0.10728732548600411
,alexnet_905,28.105892,0.09269153873901277
,alexnet_906,15.053861699999999,0.22718184866144833
,alexnet_907,23.1961896,0.16911463886756348
,alexnet_908,37.3906567,0.1479482632510139
,alexnet_909,22.974795999999998,0.25029062224822807
,alexnet_91,16.6873184,0.12458036134010113
,alexnet_910,18.0596132,0.07994297145189755
,alexnet_911,27.218592,0.2014027324795015
,alexnet_912,6.043680300000001,0.05453960599479527
,alexnet_913,5.769276799999999,0.03959380960376519
,alexnet_914,11.687694700000002,0.13547359464988618
,alexnet_915,44.9480166,0.5029059114121914
,alexnet_916,28.6910569,0.20413366743862837
,alexnet_917,5.4542572,0.03842617375486401
,alexnet_918,8.5739866,0.19552924448878448
,alexnet_919,8.88761567,0.048333494222488435
,alexnet_92,20.1485206,0.07338455617617118
,alexnet_920,23.645741100000002,0.1412203564487864
,alexnet_921,19.819627,0.11972562750135439
,alexnet_922,79.70218569999999,0.562052421080672
,alexnet_923,61.51339330000001,0.20060752983191993
,alexnet_924,49.600094600000006,0.8622362157634098
,alexnet_925,9.174279400000001,0.09209012958521277
,alexnet_926,6.546676,0.056416006874144324
,alexnet_927,19.2072703,0.0691139201473876
,alexnet_928,15.4387783,0.145540540043204
,alexnet_929,40.6659299,0.18462159050210444
,alexnet_93,7.506838,0.08821460934806723
,alexnet_930,35.3919439,0.3467034036552549
,alexnet_931,6.7315648999999995,0.21046184945613805
,alexnet_932,18.4858658,0.1296083787997998
,alexnet_933,6.4325975,0.05512943420564305
,alexnet_934,6.780843399999999,0.05925896684622932
,alexnet_935,19.473941100000005,0.11447966822936702
,alexnet_936,36.0921725,0.12611507705445058
,alexnet_937,19.505326,0.10288737514153352
,alexnet_938,22.7090945,0.1360568242109482
,alexnet_939,12.491564299999999,0.16104418000657886
,alexnet_94,54.3538362,0.7146916924626874
,alexnet_940,7.9248199999999995,0.06106995644364491
,alexnet_941,25.33251249,0.11861112933830492
,alexnet_942,2.2590489000000002,0.02422822889384127
,alexnet_943,9.6965627,0.13460284797870012
,alexnet_944,21.19796541,0.11845814571272102
,alexnet_945,44.8802897,0.19983854728093692
,alexnet_946,22.6787672,0.1934595588851778
,alexnet_947,25.3783821,0.17388217381999257
,alexnet_948,50.6783975,0.11673139478083616
,alexnet_949,60.879899200000004,0.2641158357164263
,alexnet_95,7.0930089,0.04980760789564592
,alexnet_950,42.159301899999996,0.3287335515838828
,alexnet_951,12.565952,0.07919791745436343
,alexnet_952,14.16395,0.15941534421322015
,alexnet_953,42.733940000000004,0.24403944587536733
,alexnet_954,8.812064099999999,0.0997919676044861
,alexnet_955,66.5014435,0.5288166542824458
,alexnet_956,29.2803622,0.09970673825218304
,alexnet_957,38.4067486,0.32062157063738816
,alexnet_958,32.0346769,1.4301092767549977
,alexnet_959,12.598004300000001,0.07990808840533856
,alexnet_96,23.930392700000002,0.138410386747389
,alexnet_960,12.7740755,0.07476971725766646
,alexnet_961,16.830532,0.1404156589052934
,alexnet_962,11.658219999999998,0.161118506157356
,alexnet_963,35.0095693,0.23789461069643378
,alexnet_964,20.7946399,0.19899054624871135
,alexnet_965,34.9733711,0.1595655768479005
,alexnet_966,8.7068647,0.073722971793241
,alexnet_967,21.9072726,0.10821887433291448
,alexnet_968,7.721768399999999,0.22850783862189317
,alexnet_969,30.288420699999996,0.2261686480277318
,alexnet_97,7.612551700000001,0.1874202877919119
,alexnet_970,22.2844648,0.21413196679025737
,alexnet_971,18.397872,0.21848652712954802
,alexnet_972,14.454095399999998,0.6175421080304706
,alexnet_973,44.427216300000005,0.12804217054273764
,alexnet_974,25.173507000000004,0.9834179593234739
,alexnet_975,24.4228518,0.20424350104001676
,alexnet_976,28.142901900000002,0.15297938529052202
,alexnet_977,22.77738386,0.2724151053338693
,alexnet_978,3.4614813,0.041372617023424145
,alexnet_979,17.2300678,0.2310204169117645
,alexnet_98,12.2417812,0.09986754095756067
,alexnet_980,49.1869529,0.32261711600126414
,alexnet_981,18.1964757,0.11229196798291025
,alexnet_982,19.156685,0.10113378320676324
,alexnet_983,53.645957599999996,0.5462769708312495
,alexnet_984,29.094409399999996,0.10604212483044859
,alexnet_985,12.100653900000001,0.09904552637927147
,alexnet_986,22.296098,0.1358381270662426
,alexnet_987,18.5579064,0.1287413429813346
,alexnet_988,10.250442699999999,0.060885254357737964
,alexnet_989,20.3546533,0.10827784942871126
,alexnet_99,24.544126799999997,0.1145486260794846
,alexnet_990,28.698915000000003,0.3589665424264725
,alexnet_991,24.3828109,0.17958817185897014
,alexnet_992,41.269035099999996,0.2701263083207681
,alexnet_993,34.902482400000004,0.14746686382328084
,alexnet_994,6.9820216,0.08057817565033687
,alexnet_995,14.089775599999998,0.11071996159575959
,alexnet_996,20.8530101,0.1058603234814992
,alexnet_997,10.8703585,0.10340537159405962
,alexnet_998,10.872607100000002,0.07000969897349159
,alexnet_999,24.9352534,0.19647436566776222
