,resnet18_58,45.3700341,0.18718595984664796
,resnet18_31,136.836263,0.3662229024889625
,resnet18_14,82.16305069999999,0.3006489532126314
,resnet18_11,58.506072599999996,0.2611279308342981
,resnet18_1,38.6681436,0.16310497994538056
,resnet18_2,57.2599429,0.2534331635245143
,resnet18_95,117.4204288,0.6382149754090003
,resnet18_4,137.451117,0.39773581892388704
,resnet18_0,47.85619799999999,0.11092174724989372
,resnet18_27,115.938134,0.45982603836541086
,resnet18_5,109.43213399999999,0.29738184338911083
,resnet18_6,152.330202,0.62435847776179
,resnet18_3,186.43117900000001,0.7440312789280924
,resnet18_9,105.2929878,0.6822858081676176
,resnet18_8,30.572184800000006,0.07147016767400344
,resnet18_17,139.3094747,0.6287420379206089
,resnet18_21,61.0535407,0.2639617606063079
,resnet18_7,64.0919643,0.300144245794787
,resnet18_15,109.813339,0.227479710529503
,resnet18_105,144.5802633,0.4659002820594846
,resnet18_10,90.65556099999999,0.289878203574736
,resnet18_18,79.35498,0.31495349272010975
,resnet18_12,125.18207199999999,0.38253718721512175
,resnet18_13,61.33276620000001,0.18182358026128323
,resnet18_16,46.09538870000001,0.18284339725683466
,resnet18_48,143.753795,0.5394341284843163
,resnet18_19,170.68417749999998,0.5034339739842829
,resnet18_20,101.317341,0.25597225904133397
,resnet18_22,70.8746595,0.17526378739143283
,resnet18_23,71.42540460000001,0.19346733883923095
,resnet18_26,68.8863158,0.23145946145781723
,resnet18_24,48.90044460000001,0.16628195838834198
,resnet18_51,30.9139791,0.08803224394063142
,resnet18_25,66.3750901,0.21960103675273576
,resnet18_28,94.78079599999998,0.3687289538495247
,resnet18_30,60.83769779999999,0.24071513691163396
,resnet18_29,174.32561299999998,0.6316067114482257
,resnet18_42,99.718461,0.29443605382807697
,resnet18_39,80.3686081,0.23710932264819537
,resnet18_32,133.35708,0.3735013734175946
,resnet18_33,172.313821,0.2544514105468721
,resnet18_36,102.693165,0.19346420263203573
,resnet18_45,84.23592280000001,0.3919038113189267
,resnet18_34,64.8296958,0.16983753030872267
,resnet18_35,81.5799464,0.25033566370867055
,resnet18_52,69.65755179999998,0.18191331716920203
,resnet18_49,97.24007099999999,0.56751269903126
,resnet18_37,110.58680639999999,0.6083475666756943
,resnet18_41,129.1050811,0.3354221614519281
,resnet18_38,54.78505619999999,0.18968095583506003
,resnet18_46,80.3075462,0.3683591066775478
,resnet18_40,52.2177876,0.1577454405854345
,resnet18_55,112.425157,0.5993883069852911
,resnet18_99,35.682965900000006,0.09180672989762355
,resnet18_44,105.64678390000003,0.4731258081022247
,resnet18_43,247.448671,0.5397982678402723
,resnet18_56,52.12379599999999,0.16236883705873523
,resnet18_47,132.714567,0.30518305133058193
,resnet18_66,61.97899759999999,0.22149628352833522
,resnet18_50,115.383168,0.43274062075492803
,resnet18_71,68.6372227,0.23706576856982162
,resnet18_59,86.165366,0.29755146362236284
,resnet18_53,153.66009880000001,0.40942945228512057
,resnet18_54,64.325959,0.15123477972707533
,resnet18_63,99.4667396,0.3169587214623398
,resnet18_57,167.131084,0.5430863824887802
,resnet18_69,220.728186,0.433509175653882
,resnet18_139,90.626456,0.3754941191224767
,resnet18_61,219.10266500000003,0.6622732255372981
,resnet18_70,124.00081109999999,0.4987027916442319
,resnet18_60,165.92194899999998,0.5619976750534827
,resnet18_62,52.1159336,0.1811045623392865
,resnet18_64,44.00933930000001,0.17498839156449306
,resnet18_67,79.9730822,0.30453509397118
,resnet18_65,96.113196,0.21324047622714992
,resnet18_84,44.6076694,0.19963875017972912
,resnet18_77,39.763792099999996,0.15379714134896838
,resnet18_72,84.0177411,0.2218950779990392
,resnet18_68,112.97065549999999,0.6110806563324285
,resnet18_78,93.33235280000001,0.42483094027688884
,resnet18_80,72.38068309999998,0.2401502509204263
,resnet18_73,109.86181499999998,0.37425844352102144
,resnet18_74,52.675125300000005,0.18886387127655066
,resnet18_75,32.43269649999999,0.14286987654445707
,resnet18_81,73.7815756,0.34912320044526995
,resnet18_76,41.44139319999999,0.15046017231507744
,resnet18_83,80.75476450000001,0.46272577266861536
,resnet18_161,150.863656,0.5661462151882746
,resnet18_98,69.9758472,0.276102219220623
,resnet18_79,56.8098424,0.22252721236127884
,resnet18_94,97.9462256,0.43482186048076976
,resnet18_86,79.3754278,0.24978715170087848
,resnet18_88,49.2686075,0.34912019708232617
,resnet18_82,75.7265453,0.3241443921474216
,resnet18_85,119.9505734,0.42951838449592844
,resnet18_149,143.910781,0.519837778162048
,resnet18_104,128.633977,0.5725215900668301
,resnet18_90,93.9946871,0.2419561918593002
,resnet18_87,84.65807580000002,0.32609109494687033
,resnet18_89,55.39344139999999,0.26160940321044174
,resnet18_143,97.707511,0.5638091906235095
,resnet18_92,153.474504,0.4788427117787413
,resnet18_119,110.04473600000001,0.5336546937410611
,resnet18_91,55.679902600000005,0.3353682798895773
,resnet18_93,87.39558900000002,0.3186866812701326
,resnet18_106,92.14137429999998,0.2328495965713238
,resnet18_96,69.70393510000001,0.3066620777586164
,resnet18_108,133.70208599999998,0.5914230709139157
,resnet18_97,60.771361500000005,0.24816320952982934
,resnet18_101,45.32317310000001,0.2071681926303976
,resnet18_100,74.1187071,0.23370711915410386
,resnet18_111,95.5225979,0.32997987227601655
,resnet18_115,91.91790250000001,0.3796687515391963
,resnet18_117,52.29131490000001,0.1916762067612342
,resnet18_102,85.2035642,0.27000257729916044
,resnet18_103,96.59409300000002,0.2424353546642931
,resnet18_109,100.8150808,0.4892657039296427
,resnet18_137,116.35448530000001,0.526811406387967
,resnet18_107,97.09133069999999,0.38245184132566795
,resnet18_123,76.8216099,0.536364077134893
,resnet18_116,126.8655566,0.24124605370700314
,resnet18_110,69.21598759999999,0.18822605394305142
,resnet18_120,146.4519161,0.4211625652526174
,resnet18_124,69.65991610000002,0.2819225765873594
,resnet18_112,147.757285,0.42317470475030033
,resnet18_114,119.66784900000002,0.24391359077229463
,resnet18_113,93.00150500000002,0.24401347400793466
,resnet18_130,82.77384319999999,0.4215095459213981
,resnet18_118,26.767040200000004,0.1312769613267921
,resnet18_127,92.66940299999999,0.18546291304669302
,resnet18_247,152.1601024,0.771450959714527
,resnet18_121,49.7525643,0.2142463284844057
,resnet18_122,49.590639800000005,0.1432469133174576
,resnet18_125,107.393692,0.6572586947093333
,resnet18_126,126.57751630000001,0.4044548627359506
,resnet18_238,113.58995500000002,0.26897919472640847
,resnet18_129,92.5423281,0.21931187440300787
,resnet18_128,149.0176824,0.2359755214696444
,resnet18_132,59.48906040000001,0.14249614965066323
,resnet18_131,190.445728,0.5051795975392825
,resnet18_136,80.19841330000001,0.2174791197302033
,resnet18_133,146.56527010000002,0.22482805617150609
,resnet18_134,103.978021,0.35353793768875036
,resnet18_211,108.426124,0.36431394800027
,resnet18_135,130.86045230000002,0.3695083472045141
,resnet18_140,158.2511347,0.5740141897252267
,resnet18_138,104.263553,0.3333545005312499
,resnet18_145,101.47080880000001,0.34314052943142404
,resnet18_141,46.9720507,0.16728398627175867
,resnet18_142,52.88336109999999,0.13523816348738554
,resnet18_146,94.0140036,0.3238531433659134
,resnet18_223,147.110063,0.4355456145876734
,resnet18_144,193.801543,0.48148177792402247
,resnet18_148,77.86461540000002,0.248096787784326
,resnet18_153,154.2297864,0.7748643524585511
,resnet18_147,105.42702039999999,0.7926434043770858
,resnet18_152,75.4913984,0.2700405221176027
,resnet18_157,60.00245460000001,0.2765979594064715
,resnet18_150,97.858006,0.291778355242069
,resnet18_151,73.66899579999999,0.3806325536251092
,resnet18_155,243.664314,0.8640977430082816
,resnet18_166,68.6000663,0.2622264365576656
,resnet18_158,45.112098200000005,0.11071154983203484
,resnet18_154,49.656575499999995,0.10897493152400149
,resnet18_156,128.642755,0.45139107775489085
,resnet18_164,25.930649,0.12289387198186588
,resnet18_160,69.4749619,0.18597230062558917
,resnet18_159,170.06110700000002,0.7696946368590621
,resnet18_173,198.505941,0.45180576899036234
,resnet18_176,42.384711999999986,0.17834377017893732
,resnet18_162,117.2761524,0.30868986907626683
,resnet18_165,109.436366,0.30521970214549493
,resnet18_163,70.9555242,0.16511410435098559
,resnet18_172,52.7408983,0.15936405910084778
,resnet18_169,169.52063079999996,0.3192465777534372
,resnet18_183,66.4017636,0.16753809438176798
,resnet18_168,71.54380060000001,0.23865679293054828
,resnet18_167,75.5232498,0.1364103324986282
,resnet18_185,113.6342242,0.32970359586607906
,resnet18_233,88.99684820000003,0.3528287585866261
,resnet18_170,39.37390640000001,0.16404904839316692
,resnet18_171,103.91709539999998,0.25785093351038146
,resnet18_174,121.8446587,0.3767160477788068
,resnet18_186,83.8709196,0.3142853610386101
,resnet18_175,155.92827200000002,0.5613875784735762
,resnet18_179,168.42254999999997,0.5709190227646079
,resnet18_178,68.17477779999999,0.19361468236611581
,resnet18_177,138.53997199999998,0.4524789148069252
,resnet18_180,95.14411750000001,0.48459826531571865
,resnet18_182,72.01202550000001,0.1882561175434395
,resnet18_184,51.525252699999996,0.20747840473007398
,resnet18_181,84.9726185,0.2746937015699326
,resnet18_202,74.3592141,0.3944100415936716
,resnet18_188,77.03739069999999,0.45114945015053853
,resnet18_193,91.4814174,0.2942013224091231
,resnet18_205,86.2120147,0.31161622550632967
,resnet18_187,219.493029,0.7298427532807628
,resnet18_190,95.97081850000001,0.2661682286670552
,resnet18_189,118.10097500000002,0.41732038924408527
,resnet18_191,92.25064,0.3315218163668035
,resnet18_195,133.38881,0.47327231276491616
,resnet18_192,40.3687164,0.09186279862281027
,resnet18_196,91.08210099999998,0.3317109550421655
,resnet18_197,107.634475,0.38982781006418915
,resnet18_194,108.24683710000002,0.5012649080446819
,resnet18_206,90.94170880000001,0.2519529793522121
,resnet18_199,59.8162964,0.17676842660019462
,resnet18_198,100.57691729999999,0.4130918429706103
,resnet18_235,169.58475099999998,0.6116758832150465
,resnet18_216,96.65216640000001,0.2539742569623738
,resnet18_201,129.2899334,0.8316752037790976
,resnet18_209,37.8317067,0.17749406495590148
,resnet18_200,102.88423549999999,0.5558545027055471
,resnet18_213,137.7402276,0.7838205341407042
,resnet18_203,83.48362799999998,0.16136692697145938
,resnet18_204,80.980257,0.3375400396711536
,resnet18_208,79.23109990000002,0.3404414263926103
,resnet18_207,174.0329734,0.4497235738620665
,resnet18_244,80.3350647,0.25059756425666335
,resnet18_214,89.97960300000001,0.38687174819453024
,resnet18_210,127.13592899999998,0.24798390187697408
,resnet18_227,73.47347400000001,0.3806558366122168
,resnet18_212,120.00173000000001,0.6626436610321762
,resnet18_217,53.39129240000001,0.2596695696543151
,resnet18_215,89.74385980000002,0.21305440101647835
,resnet18_218,75.70489799999999,0.19885794850640312
,resnet18_245,136.441165,0.43650025068722137
,resnet18_220,51.463200700000016,0.3089887440887925
,resnet18_219,110.54907119999999,0.5368225983485113
,resnet18_222,62.35115230000001,0.15133668440101664
,resnet18_230,106.56578590000001,0.24141553112431755
,resnet18_221,88.190247,0.25246550857283356
,resnet18_225,104.49524629999999,0.22720069872861126
,resnet18_224,141.65875699999998,0.26973150155498243
,resnet18_234,169.91156320000002,0.5551958866004743
,resnet18_236,71.95299969999999,0.5344193007466996
,resnet18_226,82.4893657,0.27520966224159005
,resnet18_228,45.08084240000001,0.1600512772200469
,resnet18_262,95.12180100000003,0.3525938152125627
,resnet18_229,100.2335541,0.30380452232090127
,resnet18_269,40.69944710000001,0.13803381772752293
,resnet18_231,82.31173199999999,0.29374967782050704
,resnet18_232,69.19311299999998,0.20489789020645263
,resnet18_237,84.69750589999998,0.21657515235065897
,resnet18_259,168.539178,0.688328140640506
,resnet18_246,162.0233196,0.5261747064736504
,resnet18_239,146.86097600000002,0.5107360689224354
,resnet18_258,122.960627,0.42078405397202
,resnet18_240,146.372109,0.42423497475896
,resnet18_285,98.62554589999999,0.5071466860267756
,resnet18_252,102.35922269999999,0.23511478327643245
,resnet18_241,109.311319,0.33665169137793705
,resnet18_242,129.290157,0.2394892712957426
,resnet18_249,149.60565100000002,0.48725660665288767
,resnet18_243,104.694466,0.3989851416020172
,resnet18_248,58.370686099999986,0.25268134221286226
,resnet18_253,54.44008709999999,0.17764985100922898
,resnet18_250,63.23020480000002,0.2821918218693587
,resnet18_278,75.38401949999998,0.2386647420346119
,resnet18_251,61.9413124,0.3144317474554788
,resnet18_268,60.808200799999995,0.2896203860079653
,resnet18_254,81.07363399999998,0.2561035819592628
,resnet18_255,57.54741959999999,0.14489224054327138
,resnet18_365,130.635284,0.4361280075926849
,resnet18_256,41.884904,0.09926122997907925
,resnet18_257,87.60344339999999,0.2702378086256048
,resnet18_263,165.90678599999995,0.5212497415248707
,resnet18_260,67.21544059999998,0.2399517421460295
,resnet18_264,92.65832499999999,0.3028945488023561
,resnet18_261,70.723917,0.18231224044022032
,resnet18_266,67.64094739999999,0.21799803123518238
,resnet18_288,91.93907300000001,0.24044410176421102
,resnet18_265,78.21754619999999,0.24182406145826496
,resnet18_270,118.184421,0.2695572360066302
,resnet18_282,77.6268931,0.398849839419045
,resnet18_267,53.387195500000004,0.24405970611225433
,resnet18_276,57.8727161,0.12506062455020564
,resnet18_390,90.85819599999998,0.43214301484337797
,resnet18_271,41.87162330000001,0.20709048003832065
,resnet18_272,78.60017919999999,0.4411002992810518
,resnet18_273,176.25222000000002,0.5913222430627986
,resnet18_274,141.786148,0.610654612349603
,resnet18_277,166.5770841,0.21926064626062336
,resnet18_275,119.39999480000002,0.6732972632811902
,resnet18_287,84.64344879999997,0.3526590435571471
,resnet18_291,76.16951929999999,0.41272518218785387
,resnet18_279,58.5535613,0.3451528868324965
,resnet18_297,99.2193871,0.32834545650902386
,resnet18_280,50.3393825,0.14370267762909517
,resnet18_281,146.70899189999997,0.5350819675409839
,resnet18_302,84.57876800000001,0.20133930452999185
,resnet18_286,108.5765354,0.4702160703122069
,resnet18_308,61.6324313,0.32121268733681607
,resnet18_283,39.618853599999994,0.11618912655190486
,resnet18_284,63.2909978,0.2856623597025352
,resnet18_289,57.34365220000001,0.21373664132549827
,resnet18_294,119.37460499999999,0.7440668409707809
,resnet18_290,66.742408,0.20260001331235666
,resnet18_293,117.8989932,0.5520108796652082
,resnet18_338,126.24034800000001,0.36073055812391147
,resnet18_292,108.83078299999998,0.3565311150914938
,resnet18_296,145.70424300000002,0.27390714999158294
,resnet18_295,153.47722819999998,0.45707906164932777
,resnet18_312,65.99087499999999,0.29393887181209627
,resnet18_301,66.57831219999998,0.1268492664140392
,resnet18_298,144.62538900000004,0.402175080373748
,resnet18_299,145.90482700000004,0.6441193035859631
,resnet18_300,93.2049871,0.32237088905718336
,resnet18_305,55.267088900000005,0.22061872851774336
,resnet18_303,45.310824100000005,0.4074745007321226
,resnet18_313,35.65759129999999,0.4294411406411542
,resnet18_304,68.73549880000002,0.21561888017195718
,resnet18_382,45.23060389999999,0.13528798157451344
,resnet18_306,100.204449,0.4358456413070493
,resnet18_307,71.45540719999998,0.16030829977835775
,resnet18_317,87.375533,0.36608028009759086
,resnet18_311,46.6775342,0.2843923011748753
,resnet18_309,101.1526923,0.36944615478918175
,resnet18_310,77.65753910000001,0.3015465483649091
,resnet18_318,142.642151,0.5073942395544976
,resnet18_327,121.06192009999998,0.5184889955076804
,resnet18_314,145.8428513,0.2793727010242354
,resnet18_316,127.98465000000002,0.3359710767128699
,resnet18_315,70.1153092,0.2105724897519301
,resnet18_319,70.3614415,0.16638129085504907
,resnet18_329,106.26039269999998,0.39447739105579094
,resnet18_339,106.38046870000001,0.6271380852237035
,resnet18_320,148.34980399999998,0.5432194392356038
,resnet18_321,94.842495,0.39393164266380754
,resnet18_323,73.54428820000001,0.17558072036313735
,resnet18_322,106.20435399999998,0.3196497827492987
,resnet18_326,78.55938739999999,0.36026613678934405
,resnet18_325,60.967654599999996,0.2583491292005451
,resnet18_346,64.309913,0.4192396952674347
,resnet18_324,126.245947,0.5611415354132405
,resnet18_343,51.2787667,0.15397110638584385
,resnet18_328,83.5944998,0.25218566501902384
,resnet18_330,79.185452,0.3315285616890537
,resnet18_350,101.5483223,0.27225181773885854
,resnet18_331,187.215324,0.3281840636827127
,resnet18_333,103.355017,0.38701055697455655
,resnet18_332,88.85359600000001,0.4103335057534828
,resnet18_340,160.32162799999998,0.41566368950454347
,resnet18_334,35.5789009,0.10980952766098262
,resnet18_335,150.79982390000004,0.2941034916235596
,resnet18_344,68.3729993,0.24546645684898433
,resnet18_336,140.2835078,0.7284758286893539
,resnet18_337,61.637401600000004,0.47788221831482897
,resnet18_349,149.2053335,0.25248123714254034
,resnet18_341,87.08096009999997,0.25757263226950566
,resnet18_354,180.860627,0.4648175850015671
,resnet18_364,149.4456826,0.4671070748980364
,resnet18_342,53.4829777,0.16434212961569963
,resnet18_348,107.99735709999999,0.42876802006435005
,resnet18_345,228.812775,0.6896846829395021
,resnet18_369,82.75905130000001,0.4312174763430689
,resnet18_347,51.24784419999998,0.21458234367772097
,resnet18_358,125.51639050000001,0.6342063975938524
,resnet18_440,102.01724720000001,0.271004181864412
,resnet18_351,61.56642110000001,0.30116365677091567
,resnet18_359,144.76335470000004,0.6334774933502336
,resnet18_352,135.821268,0.6869339469357411
,resnet18_353,131.1266728,0.35440117478092886
,resnet18_355,102.905587,0.3911328476382859
,resnet18_356,127.86271599999999,0.4317650813732649
,resnet18_361,81.1433625,0.38193255627552936
,resnet18_357,208.752779,0.8823066511787857
,resnet18_360,145.932525,0.322904777861838
,resnet18_373,47.956024500000005,0.151809855310601
,resnet18_362,32.8186588,0.16026441945973538
,resnet18_377,110.75301620000002,0.5449428113366398
,resnet18_363,70.32927009999999,0.2126588402544165
,resnet18_386,152.06641000000002,0.479470358236249
,resnet18_368,112.087329,0.43605883399676854
,resnet34_11,125.51841739999998,0.4159573216627388
,resnet18_366,209.11848410000002,0.3431079567387582
,resnet18_367,95.16261689999997,0.2877338579695576
,resnet18_372,47.3976434,0.16687240676540735
,resnet18_370,154.713815,0.5587313175343722
,resnet18_452,84.23134600000002,0.24631872168357383
,resnet18_371,85.6624178,0.3411911317543529
,resnet18_376,105.36748600000001,0.20859069741960068
,resnet18_480,49.66337460000001,0.21810897197006238
,resnet18_374,42.62159299999999,0.2012667685056135
,resnet18_375,165.73713899999998,0.4945097918014488
,resnet18_385,107.1191115,0.45141709689781123
,resnet18_378,58.70828219999999,0.18606665057599717
,resnet18_383,98.61615000000002,0.34272648092617836
,resnet18_379,139.89526200000003,0.46256259903195723
,resnet18_380,113.480279,0.5501542982971177
,resnet18_407,69.8716034,0.286086281725633
,resnet18_381,104.62288949999999,0.3035695283075419
,resnet18_401,113.26746509999998,0.42795958156400343
,resnet18_384,85.38883200000001,0.47019041493973557
,resnet18_394,63.203163,0.21384648721541527
,resnet18_389,117.75747500000001,0.5908814623386536
,resnet18_387,130.96364389999997,0.47466103732407283
,resnet18_388,112.72431799999998,0.3692934915913209
,resnet18_393,111.224261,0.48925266689612307
,resnet18_391,145.260124,0.6565535620509177
,resnet18_392,81.342261,0.20690438379423792
,resnet18_398,73.92311319999999,0.1729697646480078
,resnet18_397,109.071417,0.2913577348291763
,resnet18_399,138.2052938,0.7694976285418366
,resnet18_395,57.2914771,0.303340727177009
,resnet18_396,125.78847880000001,0.6765070748458526
,resnet18_415,98.61050920000001,0.6336511612554514
,resnet18_400,114.9571823,0.4596083700696703
,resnet18_403,105.04818399999999,0.5485760648809392
,resnet18_402,76.31058390000001,0.3619074415240293
,resnet18_404,157.80418999999998,0.8463123001203456
,resnet18_405,115.227644,0.474132091131945
,resnet18_406,66.67858820000001,0.2911096662116257
,resnet18_421,151.507284,0.5218028785264857
,resnet18_408,110.84461599999999,0.5133438881085965
,resnet18_413,65.34023650000002,0.1701984000443862
,resnet18_410,149.39797299999998,0.2223547163317265
,resnet18_409,46.4375148,0.08133562906598166
,resnet18_411,119.9107106,0.3891640688120475
,resnet18_412,80.99181139999997,0.39600990909354317
,resnet18_414,103.09923099999999,0.36324769059403567
,resnet18_420,77.4972683,0.35751831351663627
,resnet18_430,50.5249338,0.15762308353794033
,resnet18_416,130.65638,0.375472820867662
,resnet18_419,89.93805200000001,0.3602456337789256
,resnet18_417,126.34269300000001,0.394247214534799
,resnet18_418,59.827640099999996,0.24209826195449186
,resnet18_426,58.28269979999999,0.18783046946061382
,resnet18_427,62.62887400000001,0.1829581235304022
,resnet18_422,115.96575899999999,0.39159474742973677
,resnet18_423,103.68071590000001,0.2600867484365467
,resnet18_424,71.05931100000001,0.18912929955669958
,resnet18_431,33.691880000000005,0.13960870656368635
,resnet18_425,97.3592525,0.597303832241004
,resnet18_432,105.24461209999998,0.3117874526415062
,resnet18_474,147.46885400000002,0.6449791303739374
,resnet18_428,103.069747,0.639664269176313
,resnet18_429,134.31047,0.366275694281744
,resnet18_435,64.8904944,0.23258513361206193
,resnet18_436,60.832794199999995,0.1831446139126266
,resnet18_433,154.759026,0.5117593128080876
,resnet18_434,97.64153420000001,0.24406823840681713
,resnet18_439,90.8129605,0.3338956784388626
,resnet18_446,146.351279,0.5827435712461234
,resnet18_449,52.82074650000001,0.12828386157458233
,resnet18_437,109.95670319999998,0.23303736549150697
,resnet18_438,57.43084420000001,0.3026084366117824
,resnet18_442,169.2425475,0.8274082113914326
,resnet18_445,62.715270299999986,0.3268387271473481
,resnet18_441,56.7600282,0.25959154652941063
,resnet18_443,96.757008,0.2272227082821277
,resnet18_444,154.648429,0.21124869112051697
,resnet18_458,107.87280800000002,0.33482825526603155
,resnet18_489,90.28120440000001,0.4818173446865779
,resnet18_460,100.21981079999999,0.3989434010790913
,resnet18_447,79.1749334,0.2722226328357614
,resnet18_471,67.837862,0.1703907927687441
,resnet18_453,77.7610824,0.27948274210931284
,resnet18_448,134.704691,0.4968307520990441
,resnet18_463,51.6231365,0.12896336773984823
,resnet18_450,69.4591311,0.3423598202830872
,resnet18_451,42.531850199999994,0.27857903765400066
,resnet18_477,56.607795700000004,0.1541569300537008
,resnet18_456,160.828007,0.4393436492626649
,resnet18_454,97.57961669999999,0.3212188938392857
,resnet18_455,77.08862530000002,0.3284240010960235
,resnet18_457,39.3969343,0.10661340618122846
,resnet18_459,179.19696700000003,0.5267443321160361
,resnet18_466,86.166647,0.2589858120641834
,resnet18_461,57.3006449,0.27132276268213107
,resnet18_462,72.2099527,0.226120705557735
,resnet18_464,81.64461820000001,0.3186740412804028
,resnet18_473,73.44483650000001,0.18904551507130682
,resnet18_475,82.33722189999999,0.31431049763692176
,resnet18_465,47.011096499999994,0.25605840707205885
,resnet18_470,103.2752175,0.3817652487956843
,resnet34_6,294.693977,0.8911744913125862
,resnet18_467,87.10982630000001,0.34864498303954167
,resnet18_468,101.066595,0.4105930023841164
,resnet18_478,87.02445610000001,0.30045491276256586
,resnet18_469,173.715875,0.4549355448378255
,resnet18_497,44.12536789999999,0.13963665742416226
,resnet18_472,97.00254,0.38435075368276167
,resnet18_481,127.296591,0.46117657885254076
,resnet18_479,59.734634199999995,0.31825566991703713
,resnet18_476,96.4641574,0.40894664247835893
,resnet18_490,53.209389899999984,0.3143007260106986
,resnet18_492,48.4963331,0.18652223466036402
,resnet18_486,79.8823686,0.16641935392490084
,resnet18_482,146.6565902,0.5615082345890458
,resnet18_483,132.1712845,0.44415001566602474
,resnet18_484,63.6782918,0.19583785517626093
,resnet34_7,336.83510380000007,0.6561042852740001
,resnet34_4,116.9750922,0.22260954064868196
,resnet18_485,174.41136379999998,0.2776630327104577
,resnet34_5,125.18820760000003,0.4091628136416683
,resnet18_493,73.1939328,0.26803499636036
,resnet18_487,34.167579999999994,0.14188068192371747
,resnet18_488,43.00446180000001,0.2175418669877265
,resnet34_12,78.3123569,0.23298186201869256
,resnet18_491,118.17815200000003,0.35088979312595225
,resnet18_494,92.16581539999999,0.1884792982471465
,resnet18_496,80.5969813,0.41315526850716755
,resnet18_495,164.8962605,0.3988437262158952
,resnet18_498,51.390274,0.31858857785588846
,resnet34_8,349.94428139999997,0.7226571681325766
,resnet34_3,91.335641,0.25367209543915314
,resnet34_2,244.988855,0.5648557685150097
,resnet18_499,93.83307959999998,0.428328755752756
,resnet34_0,92.68124499999999,0.15995717377063054
,resnet34_1,101.9121551,0.30786494001142767
,resnet34_9,193.36180189999996,0.6275199207099131
,resnet34_10,270.69193399999995,0.6399310912941915
,resnet34_13,293.236978,0.511463367739904
,resnet34_14,172.14018759999996,0.5069677174044601
,resnet34_15,218.47965390000002,0.2848529237453642
,resnet34_16,220.32900350000003,0.9706048944435244
,resnet34_17,161.83486489999999,0.46603054973337343
,resnet34_18,104.42935849999999,0.6634857329286776
,resnet34_19,182.40603629999998,0.3763546078449624
,resnet34_20,179.2218105,0.6508866974456832
,resnet34_21,259.98295950000005,0.7382937572608147
,resnet34_22,133.60472260000003,0.2514425195542238
,resnet34_23,205.41728609999996,0.5300468746101292
,resnet34_24,214.66915000000003,0.3061212545117343
,resnet34_25,295.9302629999999,0.48272563243243755
,resnet34_26,329.4557842,0.5811994850665729
,resnet34_27,234.3791163,0.36065215221766156
,resnet34_28,181.45085400000002,0.46819289699557765
,resnet34_29,83.16831769999999,0.2443289630420609
,resnet34_30,319.05800099999993,0.6995102310462206
,resnet34_31,224.56180040000004,0.6004448896814756
,resnet34_32,383.358875,0.8014124432032762
,resnet34_33,85.39510250000001,0.25087078707135474
,resnet34_34,160.61521020000004,0.36049525895873485
,resnet34_35,224.01782200000002,0.9127548869363233
,resnet34_36,224.54665200000002,0.5429805856746543
,resnet34_37,110.56068170000002,0.41208873698260967
,resnet34_38,99.9454447,0.22305212512331524
,resnet34_39,138.847169,0.3275728579539287
,resnet34_40,187.5742302,0.33719189660701115
,resnet34_41,189.64871399999998,0.629131250227579
,resnet34_42,220.04743599999998,0.6328610327886894
,resnet34_43,271.0146189000001,0.29628083123283483
,resnet34_44,105.2465336,0.3916541213326591
,resnet34_45,136.2332577,0.33256384755364377
,resnet34_46,228.21510650000002,0.3333276969600757
,resnet34_47,300.652051,0.8885702561756387
,resnet34_48,80.4470165,0.3550422876292932
,resnet34_49,222.66305399999996,0.6539222862111272
,resnet34_50,191.83571019999997,0.3344031180990372
,resnet34_51,210.32600430000002,0.6652016382432419
,resnet34_52,184.3034923,0.3858286799670468
,resnet34_53,220.9403744,0.7000218531301471
,resnet34_54,262.87423600000005,0.5883833090523954
,resnet34_55,103.11149119999999,0.26110581946256867
,resnet34_56,260.49106029999996,0.4212155377027698
,resnet34_57,188.380015,0.3593593351971095
,resnet34_58,98.20904420000001,0.26903050759300645
,resnet34_59,193.80529300000003,0.5535870045368729
,resnet34_60,216.5246972,0.8405274747417153
,resnet34_61,107.66372350000002,0.3220948775778887
,resnet34_62,210.5266769,0.3380197377084925
,resnet34_63,61.0657408,0.13795580943266716
,resnet34_64,223.1997408,0.8446887375560787
,resnet34_65,97.23064620000001,0.30242079110239845
,resnet34_66,212.873258,0.7506205149384327
,resnet34_67,68.4953922,0.24099856265677128
,resnet34_68,249.03294000000002,0.9587197211526391
,resnet34_69,145.00779789999999,0.616361017468461
,resnet34_70,73.74204369999997,0.14955446686884724
,resnet34_71,186.26257890000002,0.6774449030353314
,resnet34_72,362.04799899999995,0.7322673846884181
,resnet34_73,266.65906500000006,0.5868674694233416
,resnet34_74,204.0471886,0.7269585541138729
,resnet34_75,249.9093272,0.5284795116856691
,resnet34_76,281.49667999999997,0.6784194156584973
,resnet34_77,243.5407250000001,0.7491747005571981
,resnet34_78,234.17208800000003,0.6380681572828706
,resnet34_79,164.37687099999994,0.9425392703611627
,resnet34_80,252.4307881,0.9002142884938273
,resnet34_81,88.5105736,0.16263735945914204
,resnet34_82,86.85812450000003,0.3391256759097449
,resnet34_83,118.15683760000002,0.22766090422234864
,resnet34_84,251.5579625,0.8529446837823771
,resnet34_85,77.28585460000001,0.3483689508176481
,resnet34_86,163.28475430000003,0.47737778097646066
,resnet34_87,304.56444100000004,0.71969238298434
,resnet34_88,144.18892069999998,0.3153890753942589
,resnet34_89,260.519346,0.41148146106990174
,resnet34_90,72.38719170000002,0.17724728662109335
,resnet34_91,145.66251029999998,0.4728659109827316
,resnet34_92,134.8659422,0.3619562619565339
,resnet34_93,357.97327499999994,0.5962929371652466
,resnet34_94,193.56291779999998,0.4427714365632468
,resnet34_95,189.49416000000005,0.36079730134793214
,resnet34_96,111.17015830000001,0.2451065412020786
,resnet34_97,344.164699,0.5445510432655422
,resnet34_98,138.6761687,0.43321143851604804
,resnet34_99,196.942093,0.8957028355719141
,resnet34_100,180.9694836,0.8266545029269948
,resnet34_101,70.17889670000001,0.34191610966017044
,resnet34_102,170.571788,0.4267658466769609
,resnet34_103,212.941507,0.43145485259126615
,resnet34_104,145.94798600000004,0.7246703619588647
,resnet34_105,112.2848192,0.19037130291749513
,resnet34_106,144.1763291,0.37796148588017087
,resnet34_107,209.97838219999997,0.6390265827773892
,resnet34_108,144.04175829999997,0.7907370966138673
,resnet34_109,110.13728930000002,0.33459228712433614
,resnet34_110,146.343745,0.5778196602037378
,resnet34_111,236.44656409999996,0.7043528956978388
,resnet34_112,228.11618499999994,0.6124897765265427
,resnet34_113,170.07921429999993,0.33978826613463836
,resnet34_114,77.7353559,0.16239070079580148
,resnet34_115,179.11191609999995,0.26273217562189477
,resnet34_116,300.3304193,0.4595785010799583
,resnet34_117,175.95808100000002,0.35069618397763563
,resnet34_118,152.27915409999997,0.45681497358265233
,resnet34_119,329.85282020000005,0.6591877803539762
,resnet34_120,208.19758900000002,0.2804617611685069
,resnet34_121,187.87301070000004,0.31046802928494094
,resnet34_122,390.41586200000006,0.6238558555589753
,resnet34_123,171.22750940000003,0.4327635789815314
,resnet34_124,289.77912699999996,1.0618776090264472
,resnet34_125,128.42559880000002,0.3163136756040816
,resnet34_126,214.89182350000002,0.30039664155177964
,resnet34_127,211.39339999999996,0.27864516771034414
,resnet34_128,275.8361822,0.4461549701577901
,resnet34_129,141.42808559999997,0.4441505793090878
,resnet34_130,153.87746750000002,0.24660664878918295
,resnet34_131,320.6563289999999,0.8505699269557428
,resnet34_132,102.24256469999999,0.1871680392204159
,resnet34_133,132.23336770000003,0.26642731831100736
,resnet34_134,160.05388399999995,0.6322816393038426
,resnet34_135,84.61686140000003,0.5433037664602339
,resnet34_136,106.7589593,0.27018605986518884
,resnet34_137,204.49742839999993,0.7943319310816551
,resnet34_138,233.7179326,0.5455575255717574
,resnet34_139,96.11377300000001,0.3256592171475629
,resnet34_140,190.62433169999994,0.39679229292536294
,resnet34_141,55.285602099999984,0.193652940519327
,resnet34_142,222.8585016,0.5308023702670424
,resnet34_143,195.89436950000004,0.7497551330885077
,resnet34_144,109.52839800000001,0.41481685855716166
,resnet34_145,158.9289024,0.37327868205002485
,resnet34_146,237.8220795999999,0.6859350307069713
,resnet34_147,145.481727,0.5023377473895829
,resnet34_148,101.91706049999998,0.3799989679482245
,resnet34_149,330.543126,0.8337343942143888
,resnet34_150,255.25528229999995,0.6066057454438994
,resnet34_151,116.23829799999999,0.43800720794276254
,resnet34_152,85.1986091,0.3116881910967023
,resnet34_153,176.40347439999996,0.5620333952264315
,resnet34_154,201.94391099999999,0.5840528737833117
,resnet34_155,100.95399099999996,0.2913897468584581
,resnet34_156,106.85601319999999,0.3302931546324408
,resnet34_157,259.113691,0.876461524512917
,resnet34_158,243.7653755,0.47646496282815415
,resnet34_159,97.43774409999996,0.32495122124600195
,resnet34_160,204.02457600000005,0.2471270899335397
,resnet34_161,184.25690489999994,0.2610102406918707
,resnet34_162,237.64268500000006,0.431512950995253
,resnet34_163,190.94873860000007,0.46197903095697224
,resnet34_164,230.15355699999995,0.4348405409552676
,resnet34_165,280.9119600000001,0.515768505452324
,resnet34_166,140.1881795,0.43193702960496433
,resnet34_167,165.6943606,0.4247559191037536
,resnet34_168,145.26031059999997,0.3266869778824811
,resnet34_169,313.51643379999996,0.929824332945441
,resnet34_170,157.46807409999997,0.6404732761783987
,resnet34_171,162.289256,0.5091621198328157
,resnet34_172,242.015495,0.6220425696818026
,resnet34_173,93.0033264,0.40050642744867565
,resnet34_174,235.586678,0.9157131526415523
,resnet34_175,161.2305668,0.7808862192367022
,resnet34_176,194.82563000000002,0.5834580150731654
,resnet34_177,263.699829,0.7500349195171168
,resnet34_178,132.43965699999998,0.3822701980866479
,resnet34_179,202.10163790000001,0.5976276942755309
,resnet34_180,191.843593,0.28711528343301446
,resnet34_181,204.9041355,0.5966734773385481
,resnet34_182,229.70716599999997,0.5555673717656755
,resnet34_183,273.29423149999997,0.9569879636299783
,resnet34_184,180.21614200000002,0.33420138470077093
,resnet34_185,174.659335,0.4569622819008489
,resnet34_186,191.83560770000003,0.7300313571298415
,resnet34_187,95.6923747,0.2699314123206906
,resnet34_188,280.03720999999996,0.4202521028237174
,resnet34_189,270.76614100000006,0.650038398421476
,resnet34_190,112.68822370000001,0.5440212764969687
,resnet34_191,196.1490569,0.5645929226798616
,resnet34_192,165.8541984,0.3242151353637621
,resnet34_193,232.79356789999997,0.27508355199651024
,resnet34_194,183.1196631,0.5806313630366575
,resnet34_195,200.36003209999996,0.7462772175945283
,resnet34_196,149.95062049999999,0.3378933033649512
,resnet34_197,305.7926771,0.31990314457289526
,resnet34_198,316.677202,0.6321701445958369
,resnet34_199,271.67596230000004,0.7335284659481024
,resnet34_200,167.16891869999998,0.43001396195286795
,resnet34_201,252.30091700000003,0.7074706629335414
,resnet34_202,247.31481399999998,0.7734789107335021
,resnet34_203,123.54827900000001,0.41841380481480395
,resnet34_204,260.06708000000003,0.6963787270466808
,resnet34_205,143.12561829999999,0.9336483991945075
,resnet34_206,201.79166989999996,0.5670434308387703
,resnet34_207,185.330825,0.4361264676823156
,resnet34_208,296.010201,0.7246011924255555
,resnet34_209,124.97019800000001,0.37621110357419263
,resnet34_210,69.5577448,0.12148526635864088
,resnet34_211,73.6563999,0.30944499215445415
,resnet34_212,254.89864899999995,0.63204743322335
,resnet34_213,135.167493,0.35690503984403726
,resnet34_214,296.042412,0.35751289098875955
,resnet34_215,121.45459920000002,0.5852106791438081
,resnet34_216,309.4240059,0.5742473669529142
,resnet34_217,138.9921367,0.6434367942575902
,resnet34_218,258.99223700000005,0.6457975913544043
,resnet34_219,175.88198820000002,0.5536883831384067
,resnet34_220,173.8170558,0.3604883618054705
,resnet34_221,188.30756399999999,0.4951534457858769
,resnet34_222,198.08862480000002,0.8123815265929782
,resnet34_223,331.60671010000004,0.3435767617309023
,resnet34_224,68.4063162,0.18569092958262876
,resnet34_225,214.57436300000003,0.6858948416036702
,resnet34_226,244.75184710000002,0.28210609710145645
,resnet34_227,210.43192399999998,0.4249767300979718
,resnet34_228,69.79743239999999,0.40916452805542847
,resnet34_229,273.35368400000004,0.8729895395275663
,resnet34_230,155.20502049999993,0.40512266934677604
,resnet34_231,160.0630779,0.5954119406124961
,resnet34_232,157.34446979999998,0.2907324892722038
,resnet34_233,105.22795479999999,0.31177132044054834
,resnet34_234,451.84862999999996,0.9536516981002439
,resnet34_235,148.27188980000003,0.375284472523698
,resnet34_236,212.59699899999998,0.6236512556601026
,resnet34_237,129.23646500000004,0.3538868630262371
,resnet34_238,246.25415800000002,0.5904521721919378
,resnet34_239,253.1174174,0.7014243010670151
,resnet34_240,220.396735,0.3548862074019611
,resnet34_241,216.31693180000005,0.704234367292042
,resnet34_242,225.80409519999998,0.7456547620834575
,resnet34_243,81.02145,0.2931303720672035
,resnet34_244,162.52296930000003,0.4226586771906602
,resnet34_245,72.9015428,0.16033685127910058
,resnet34_246,172.54920400000006,0.2887562533987144
,resnet34_247,128.82942560000004,0.511878470302157
,resnet34_248,128.63382760000002,0.22213212864607773
,resnet34_249,224.347486,0.8649774029799465
,resnet34_250,135.01638549999996,0.47625374382856406
,resnet34_251,92.55944160000004,0.23506206775302133
,resnet34_252,144.6776767,0.38189811664634815
,resnet34_253,156.20629630000002,0.591961310224233
,resnet34_254,293.427106,0.6234794961225147
,resnet34_255,103.54373199999999,0.3595277599244848
,resnet34_256,200.94878300000002,0.42544839966355297
,resnet34_257,283.91541000000007,0.7900984015429253
,resnet34_258,242.0645911,0.4257755081733809
,resnet34_259,119.20965819999999,0.38178202885216395
,resnet34_260,238.78697259999998,0.6084485832047828
,resnet34_261,178.70799700000006,0.23857142615526233
,resnet34_262,193.488592,0.39818943554641545
,resnet34_263,275.04139999999995,0.7027448137270158
,resnet34_264,95.05471660000002,0.23246934870629707
,resnet34_265,142.69985240000003,0.4300522015307537
,resnet34_266,98.41159029999999,0.28057086238780954
,resnet34_267,210.81232250000005,0.7867867269826028
,resnet34_268,124.81658920000001,0.5521759948797555
,resnet34_269,163.2789573,0.3832344106844363
,resnet34_270,125.8269741,0.23612467761569264
,resnet34_271,135.3614806,0.41076596119733577
,resnet34_272,332.26097500000003,0.9248247518511518
,resnet34_273,136.5666929,0.5131221525961198
,resnet34_274,166.84558220000005,0.4275396796426929
,resnet34_275,325.7755199999999,0.9053240712398788
,resnet34_276,120.21917260000001,0.34743432943516844
,resnet34_277,218.5078291,0.5188199839632616
,resnet34_278,289.071397,0.8112690322213589
,resnet34_279,331.8243954999999,0.5806710196015387
,resnet34_280,167.1827863,0.5542314885285444
,resnet34_281,206.28655579999997,0.7945036187649691
,resnet34_282,183.18364669999997,0.7668032220397528
,resnet34_283,119.0183361,0.24070363884199805
,resnet34_284,142.28879659999998,0.4699512921377332
,resnet34_285,63.663445400000015,0.38138583392918396
,resnet34_286,100.73697010000001,0.32831169058435716
,resnet34_287,126.93851450000001,0.38788164562968347
,resnet34_288,324.28187009999994,0.6014030170636966
,resnet34_289,64.85442230000001,0.15228786350124832
,resnet34_290,172.8657988,0.44912090292556617
,resnet34_291,152.5948599,0.4530553483785842
,resnet34_292,208.2718806,0.4834481422988483
,resnet34_293,215.97394199999997,0.5170327932493948
,resnet34_294,267.360825,0.7291976055620808
,resnet34_295,199.22198160000005,0.5311438407382914
,resnet34_296,233.0621702,0.6774948979507365
,resnet34_297,108.54418980000003,0.3684500291504795
,resnet34_298,108.93190200000004,0.3246306479573504
,resnet34_299,85.43330049999996,0.3182112505490016
,resnet34_300,196.19361210000005,0.7743973719059061
,resnet34_301,76.15607080000001,0.1515906908696593
,resnet34_302,221.28305,0.48487423150054015
,resnet34_303,155.8802474,0.3451583102649405
,resnet34_304,253.120799,0.9517446239735808
,resnet34_305,197.65766119999998,0.22041174326061375
,resnet34_306,127.4837424,0.4427534747097665
,resnet34_307,119.31856170000002,0.37826821412376005
,resnet34_308,198.09141099999994,0.45996832239659874
,resnet34_309,310.07900500000005,0.6454781697180503
,resnet34_310,121.77898850000001,0.43089709981553265
,resnet34_311,165.87455799999995,0.3672349816236268
,resnet34_312,379.743327,0.7316277042043144
,resnet34_313,240.47863829999997,0.3545635794969161
,resnet34_314,190.17658809999998,0.4346889558169503
,resnet34_315,208.82204199999998,0.6178620204163374
,resnet34_316,88.2120235,0.6338963354631019
,resnet34_317,211.52484149999995,0.7061046620292656
,resnet34_318,156.09960859999998,0.5965928075118363
,resnet34_319,272.70371109999996,0.93561047064738
,resnet34_320,157.73577710000004,0.28239241420611505
,resnet34_321,73.8915497,0.21075268769121014
,resnet34_322,235.98261950000006,0.46229246891780607
,resnet34_323,296.524487,0.8531082341123178
,resnet34_324,190.2836374,0.4155647337273358
,resnet34_325,232.66042399999998,0.6018712305893092
,resnet34_326,214.9500306,0.506670362744287
,resnet34_327,273.13002,0.5135893886347266
,resnet34_328,64.60268319999999,0.207842306638791
,resnet34_329,94.06718420000001,0.2350812243904821
,resnet34_330,193.31655300000003,0.5350825555597382
,resnet34_331,177.95329640000003,0.4313458756821718
,resnet34_332,353.52962890000003,0.5756000635450663
,resnet34_333,174.25482009999996,0.4789015832830836
,resnet34_334,189.30631810000003,0.7774572962175736
,resnet34_335,143.77606099999997,0.6179168874251205
,resnet34_336,130.0392289,0.39730435335865266
,resnet34_337,207.84142029999998,0.3156023557243349
,resnet34_338,189.072078,0.4346756929143868
,resnet34_339,179.31615550000004,0.5901396653355948
,resnet34_340,171.13062859999994,0.48704879124728023
,resnet34_341,181.34979200000004,0.48511278997489954
,resnet34_342,177.43902229999998,0.3974230401913666
,resnet34_343,80.28677669999999,0.2592797408448229
,resnet34_344,190.46711949999997,0.8157488830234064
,resnet34_345,193.59734899999998,0.6744836225873221
,resnet34_346,151.05574280000002,0.4958999846189895
,resnet34_347,215.0394395,0.617634495547016
,resnet34_348,144.55842440000004,0.5404122003224796
,resnet34_349,254.23612100000008,0.5697314744709867
,resnet34_350,159.80600350000003,0.30312181190948906
,resnet34_351,108.81382040000001,0.4155118859687011
,resnet34_352,149.809322,0.4880516193065827
,resnet34_353,206.104396,0.8713647157013942
,resnet34_354,335.21150199999994,0.7597027573700966
,resnet34_355,172.38815200000002,0.2389853577890927
,resnet34_356,141.8585323,0.2263887312406255
,resnet34_357,141.71557410000008,0.56966039365528
,resnet34_358,222.3665775,0.2932050145156963
,resnet34_359,204.93048919999993,0.30156873261185746
,resnet34_360,161.53358099999997,0.36466361702060235
,resnet34_361,128.79202580000003,0.36260546539099575
,resnet34_362,271.937819,0.6263664388651308
,resnet34_363,234.52058899999997,0.6421961333088367
,resnet34_364,305.016128,0.7531001900724662
,resnet34_365,143.2047255,0.3285125792013904
,resnet34_366,190.75128949999998,0.8207771513974658
,resnet34_367,169.963,0.5611703600317747
,resnet34_368,89.41915680000002,0.5113057573430719
,resnet34_369,162.422719,0.5348474027499336
,resnet34_370,168.8036363,0.3678807204861834
,resnet34_371,115.1430705,0.31153757491104495
,resnet34_372,163.8310901,0.3130895007758144
,resnet34_373,195.99745789999997,0.33019473795450205
,resnet34_374,195.32877600000006,0.4989177053304959
,resnet34_375,231.73759799999993,0.8604790780419362
,resnet34_376,249.28831100000008,0.6469954652892776
,resnet34_377,246.32879099999994,0.8788835715398108
,resnet34_378,237.33131759999995,0.630552821685001
,resnet34_379,146.04817690000002,0.5089017806818643
,resnet34_380,93.8970222,0.37767990287240316
,resnet34_381,266.539585,0.6066057553706335
,resnet34_382,176.81681830000002,0.5377754478986638
,resnet34_383,74.3875098,0.16701201020002146
,resnet34_384,157.30491109999997,0.5342325560351074
,resnet34_385,241.78210100000004,0.3139085102702049
,resnet34_386,249.12270849999996,0.5849187969895848
,resnet34_387,239.98943200000002,0.47429344713992505
,resnet34_388,188.09093420000005,0.5783674668378194
,resnet34_389,187.4268305,0.5727873772979035
,resnet34_390,145.04449830000001,0.41894232811389465
,resnet34_391,158.85885640000004,0.4872627817375306
,resnet34_392,164.0299564,0.3902119427576376
,resnet34_393,117.81238260000003,0.3509123167482424
,resnet34_394,169.15342200000003,0.367660684109261
,resnet34_395,226.51305200000002,0.37548268563129555
,resnet34_396,106.6518996,0.3986668405959684
,resnet34_397,100.42960560000003,0.3516303491053173
,resnet34_398,86.32927220000002,0.2857985419539329
,resnet34_399,203.5072891,0.31546471961394584
,resnet34_400,221.16153879999996,0.6901373226120254
,resnet34_401,179.927367,0.5029072915119286
,resnet34_402,165.83158190000006,0.5991982390803491
,resnet34_403,129.89413050000002,0.6108683962670913
,resnet34_404,92.26886970000001,0.3227335302139402
,resnet34_405,129.2452276,0.31636206428760505
,resnet34_406,85.88467109999998,0.3666775033566095
,resnet34_407,226.00251029999995,0.4403000326973413
,resnet34_408,66.1842047,0.3352480912158207
,resnet34_409,280.0952802,0.7951782067697998
,resnet34_410,128.83335529999997,0.4482786161536807
,resnet34_411,88.31545920000002,0.3215368444496298
,resnet34_412,126.21719590000001,0.3173278561813646
,resnet34_413,142.54912570000002,0.41002830604189044
,resnet34_414,275.243469,0.704197659904131
,resnet34_415,71.42141000000001,0.16842267957467283
,resnet34_416,207.012552,0.8842411583134195
,resnet34_417,108.8166416,0.547544196707427
,resnet34_418,101.98356920000002,0.29095535395633515
,resnet34_419,315.72463500000003,0.4949356464013057
,resnet34_420,98.6159378,0.2801234485788449
,resnet34_421,110.60416619999997,0.26697764311876254
,resnet34_422,257.01552480000004,0.6831474437946307
,resnet34_423,122.84625109999999,0.33442371655767006
,resnet34_424,140.717159,0.2796771326116516
,resnet34_425,130.03326929999997,0.37699724989670313
,resnet34_426,186.3174309999999,0.46899205599847
,resnet34_427,160.53748899999997,0.36740957808051633
,resnet34_428,222.07062700000006,0.3818318486214166
,resnet34_429,124.94585150000002,0.40420823054999633
,resnet34_430,194.88611099999997,0.44296511727785054
,resnet34_431,177.2347893,0.49957225313457465
,resnet34_432,115.03914930000002,0.29980776109103663
,resnet34_433,169.7041254,0.9276839041576049
,resnet34_434,148.18184770000002,0.29129608192344
,resnet34_435,219.86265700000004,0.4760275151979572
,resnet34_436,129.5707038,0.41578347320665837
,resnet34_437,77.31816740000001,0.23166421436304313
,resnet34_438,238.52069070000002,0.43402743128569576
,resnet34_439,84.8299007,0.3188141390254273
,resnet34_440,139.18262270000002,0.45884718076330216
,resnet34_441,168.059528,0.3904041804391971
,resnet34_442,157.0486246,0.2182902454645711
,resnet34_443,333.05759599999993,0.49509760855609836
,resnet34_444,203.7934661,0.37187908544173637
,resnet34_445,307.061997,0.6815302686878981
,resnet34_446,202.74329499999996,0.5943945767420318
,resnet34_447,298.476931,0.7097980000709665
,resnet34_448,378.7597622,0.34854616796014537
,resnet34_449,171.96657899999997,0.5941537073262848
,resnet34_450,159.74856549999998,0.4773187144963641
,resnet34_451,134.73126299999998,0.32804662067574886
,resnet34_452,179.36988259999998,0.819721834692845
,resnet34_453,249.44068100000004,0.7044770267099985
,resnet34_454,177.12274630000002,0.4211204099977128
,resnet34_455,128.7093566,0.3326436414980002
,resnet34_456,123.58148109999999,0.6611116290133737
,resnet34_457,188.07444510000005,0.7141615375619129
,resnet34_458,232.25835400000005,0.5180999489146602
,resnet34_459,77.08811370000002,0.18569720169434642
,resnet34_460,138.59409229999997,0.6365472418614556
,resnet34_461,119.02551460000002,0.3810174651588059
,resnet34_462,383.87007500000004,1.1318250271621848
,resnet34_463,72.46648479999999,0.18653709412565836
,resnet34_464,146.7985775,0.4618857307373308
,resnet34_465,157.33129999999997,0.4059070187933105
,resnet34_466,232.8379631,0.5090400241713908
,resnet34_467,127.6913246,0.507731964654893
,resnet34_468,125.33222149999999,0.35886034386885457
,resnet34_469,178.72339090000003,0.49126250102398916
,resnet34_470,155.616259,0.37437300692487746
,resnet34_471,166.84529689999994,0.6342288939899497
,resnet34_472,154.66106710000005,0.5560328248256614
,resnet34_473,182.063073,0.4043147976705369
,resnet34_474,256.88299400000005,0.8094363924051067
,resnet34_475,286.11216,0.6095408121328318
,resnet34_476,152.5623319,0.3505651250030432
,resnet34_477,182.72759320000006,0.6423118973114279
,resnet34_478,240.85977370000003,0.7097041518689103
,resnet34_479,191.936101,0.27938430328057945
,resnet34_480,217.806117,0.8996300025854422
,resnet34_481,154.1889443,0.5409299674135082
,resnet34_482,192.475897,0.668176631364478
,resnet34_483,376.1680944,0.5664074532878244
,resnet34_484,187.25099540000005,0.3059541726677041
,resnet34_485,63.545598799999986,0.1380893365633218
,resnet34_486,228.39360629999996,0.6240603919001453
,resnet34_487,189.393556,0.672272649394394
,resnet34_488,92.0810385,0.670652199705893
,resnet34_489,211.41116,0.2575291832249935
,resnet34_490,227.17883619999998,0.8268255488042493
,resnet34_491,254.9895346,0.4250140767608596
,resnet34_492,192.185505,0.6977091603777196
,resnet34_493,141.57899540000003,0.42865960684424614
,resnet34_494,178.45759970000003,0.45109175680352753
,resnet34_495,71.87190760000001,0.23131965174361285
,resnet34_496,75.5845115,0.14838172298776603
,resnet34_497,134.3196132,0.6092294324124046
,resnet34_498,124.97028930000002,0.34021695345062736
,resnet34_499,309.322525,0.84580918922126
,resnet50_0,98.180568,0.15437507389545377
,resnet50_1,63.723562,0.21231011294834595
,resnet50_2,45.798361799999995,0.1851398922408827
,resnet50_3,22.909565699999998,0.08374263120610467
,resnet50_4,37.60496140000001,0.10284874784309012
,resnet50_5,15.648022200000002,0.06281330668472668
,resnet50_6,25.628315500000006,0.07911500230284683
,resnet50_7,25.381748900000005,0.06799708923806115
,resnet50_8,38.61475380000001,0.08482051183676712
,resnet50_9,32.26183999999999,0.11770361526347188
,resnet50_10,47.531818,0.17401762678668958
,resnet50_11,50.73915420000001,0.10152783683487114
,resnet50_12,33.86175780000001,0.09667153237287796
,resnet50_13,31.30396199999999,0.08918856967511393
,resnet50_14,53.5895314,0.2422113576073846
,resnet50_15,30.615572099999994,0.15992467303979863
,resnet50_16,46.058080200000006,0.11572788897065048
,resnet50_17,23.1727473,0.07484215516903728
,resnet50_18,34.6999006,0.09645976183382962
,resnet50_19,37.30115299999999,0.11770797566892344
,resnet50_20,43.626403599999996,0.24706363184506966
,resnet50_21,20.628372900000002,0.05337631452321633
,resnet50_22,38.194563499999994,0.24597728145190878
,resnet50_23,52.34665840000002,0.15696812822688588
,resnet50_24,44.24158490000001,0.09848952983366384
,resnet50_25,61.66987700000001,0.1671331086367158
,resnet50_26,31.765057999999996,0.08285006039426457
,resnet50_27,53.9178259,0.1972764595709751
,resnet50_28,30.923762600000003,0.11054607971144668
,resnet50_29,44.995026700000004,0.11088282638584385
,resnet50_30,41.040936599999995,0.10268519075298418
,resnet50_31,43.927095999999985,0.1348848842171526
,resnet50_32,21.149030399999997,0.08867201784269274
,resnet50_33,32.72961819999999,0.10897693578912003
,resnet50_34,28.866485100000006,0.09075960914013881
,resnet50_35,22.718365699999996,0.07340626737126814
,resnet50_36,26.1548938,0.08402148546348882
,resnet50_37,42.6071617,0.13919543669741039
,resnet50_38,25.511289400000006,0.06739287201156838
,resnet50_39,17.434199600000003,0.05803786277522096
,resnet50_40,19.894832199999996,0.09085749122029449
,resnet50_41,38.9992032,0.14532217080286933
,resnet50_42,21.198469300000003,0.08253169506379665
,resnet50_43,43.079333200000015,0.10424497486469617
,resnet50_44,12.507429399999998,0.06294167954191233
,resnet50_45,24.975057300000003,0.08052978366851997
,resnet50_46,80.3757492,0.3278188622673007
,resnet50_47,15.865102599999998,0.06100436057045219
,resnet50_48,42.9940625,0.18993807741145927
,resnet50_49,23.7854718,0.05881383204553747
,resnet50_50,22.3592607,0.08277410237794827
,resnet50_51,30.852915399999997,0.1386564215615055
,resnet50_52,23.992372399999997,0.07344447094715358
,resnet50_53,30.932013500000007,0.08519459191358604
,resnet50_54,25.570931500000004,0.07042477344316601
,resnet50_55,14.790348000000002,0.055728906817332474
,resnet50_56,41.983404,0.08929621281192449
,resnet50_57,41.2746936,0.2254236563080774
,resnet50_58,28.941539900000006,0.08016785558723372
,resnet50_59,22.794146899999998,0.0731476516316434
,resnet50_60,24.5175475,0.09733257647849233
,resnet50_61,43.16557400000001,0.12441190000846826
,resnet50_62,27.052659499999997,0.07387753927885714
,resnet50_63,37.37176600000001,0.09750190610934523
,resnet50_64,26.411182800000002,0.0642117295643049
,resnet50_65,34.376566100000005,0.07496906431458171
,resnet50_66,34.6743208,0.12277241613124863
,resnet50_67,18.8466847,0.11080940787939478
,resnet50_68,20.206563400000004,0.07163515045847453
,resnet50_69,44.59924209999999,0.13766948983806607
,resnet50_70,32.534894,0.11771800350745511
,resnet50_71,37.12246090000001,0.09877840119136293
,resnet50_72,20.072982899999996,0.1256832697872074
,resnet50_73,30.116844000000007,0.08240019287246542
,resnet50_74,43.19898,0.4064704665039259
,resnet50_75,35.686885999999994,0.2020212589146722
,resnet50_76,26.3264165,0.0724267047089606
,resnet50_77,40.086206800000014,0.10485343577721844
,resnet50_78,31.455766299999997,0.09966232439752291
,resnet50_79,48.229637999999994,0.1469606615215317
,resnet50_80,26.66929799999999,0.06840683970119549
,resnet50_81,41.10033679999999,0.0791298428253617
,resnet50_82,43.956515100000004,0.16380802208630085
,resnet50_83,46.38299810000001,0.17901188471785753
,resnet50_84,69.71834559999999,0.2848116065318722
,resnet50_85,36.41840379999999,0.09003832514078088
,resnet50_86,31.676996,0.09253721067471825
,resnet50_87,36.3700403,0.13547235334367463
,resnet50_88,11.602586899999999,0.05955522259801375
,resnet50_89,32.01809189999999,0.10762029159779643
,resnet50_90,20.635033800000002,0.06565698643849512
,resnet50_91,40.9510014,0.10438555612486529
,resnet50_92,29.312661299999995,0.1613945419893805
,resnet50_93,27.245952,0.08487156575366618
,resnet50_94,37.90441440000001,0.09658447249393541
,resnet50_95,40.897684899999994,0.46393264436332154
,resnet50_96,15.2235564,0.04881764816399682
,resnet50_97,28.907770000000003,0.07464642299640767
,resnet50_98,34.7351521,0.10460565981640713
,resnet50_99,20.8383975,0.07413633585477575
,resnet50_100,28.472233999999997,0.08931220610066665
,resnet50_101,26.1816567,0.08060967538891264
,resnet50_102,54.060221000000006,0.16947922847392194
,resnet50_103,41.1444238,0.17189068457675297
,resnet50_104,51.042575099999986,0.17915773359383336
,resnet50_105,47.970406900000015,0.14127262097879711
,resnet50_106,30.918073999999997,0.11804798249091532
,resnet50_107,39.208098800000016,0.07919685372675435
,resnet50_108,14.995129699999998,0.09445026003652501
,resnet50_109,25.00969259999999,0.17465492005648287
,resnet50_110,33.40637930000001,0.09762318003363349
,resnet50_111,70.9911382,0.1980562088659766
,resnet50_112,28.459057000000012,0.11210231139304516
,resnet50_113,20.7290407,0.05416046899947804
,resnet50_114,53.89792430000001,0.19285652322127328
,resnet50_115,44.53626900000002,0.09614546524890726
,resnet50_116,51.21145739999999,0.14302981579790802
,resnet50_117,40.402998999999994,0.15521314626436303
,resnet50_118,19.417982700000003,0.12696665986798386
,resnet50_119,30.9876817,0.14669812820238023
,resnet50_120,34.960666100000005,0.09861792369301035
,resnet50_121,24.5344561,0.06761655041177198
,resnet50_122,58.3109754,0.30135776197502884
,resnet50_123,26.878963499999998,0.06621682160944643
,resnet50_124,27.18166829999999,0.09159382756761271
,resnet50_125,14.141118600000002,0.06096019831505793
,resnet50_126,24.463064999999997,0.10172163727630616
,resnet50_127,46.1394311,0.1223073492432604
,resnet50_128,45.55019059999999,0.2446957550537028
,resnet50_129,27.2566389,0.10750730115939591
,resnet50_130,38.7744931,0.06458539039804377
,resnet50_131,40.65293690000001,0.0982547730406164
,resnet50_132,38.925312700000006,0.07722260439519849
,resnet50_133,51.57501580000002,0.23768228190921964
,resnet50_134,28.0467399,0.05829597287497547
,resnet50_135,37.6022237,0.1298755942294381
,resnet50_136,17.2784192,0.06390436457437297
,resnet50_137,32.798972000000006,0.11228807800601603
,resnet50_138,48.1608267,0.2415063125933316
,resnet50_139,29.68485119999999,0.12211557590505993
,resnet50_140,17.612921899999996,0.08417769292298263
,resnet50_141,22.421587900000002,0.05626368707248967
,resnet50_142,66.77869690000001,0.19429944864263557
,resnet50_143,31.109872000000003,0.07813176794636835
,resnet50_144,31.184452000000007,0.09869524615193
,resnet50_145,13.0139485,0.07084381748735483
,resnet50_146,32.9553168,0.10675783450599284
,resnet50_147,30.97128200000001,0.13317396051281302
,resnet50_148,54.4640848,0.11337395664109366
,resnet50_149,36.443351400000005,0.11028479123961915
,resnet50_150,32.67869799999999,0.15874976720410658
,resnet50_151,33.5965927,0.07666243921257644
,resnet50_152,40.1157363,0.1562175042990782
,resnet50_153,34.6277414,0.07258159220376062
,resnet50_154,48.150200299999995,0.4468196904778623
,resnet50_155,42.2467251,0.13005717106208875
,resnet50_156,30.165845099999995,0.156706489715667
,resnet50_157,52.04818410000001,0.3080183790558743
,resnet50_158,38.69919230000001,0.10355046594167987
,resnet50_159,27.3527201,0.12780891482544626
,resnet50_160,36.954336,0.14263782600935926
,resnet50_161,47.08950440000001,0.20665138220720786
,resnet50_162,37.7859807,0.11862134330900148
,resnet50_163,28.182924200000006,0.08414402861459601
,resnet50_164,35.9782839,0.0839585586499592
,resnet50_165,33.1538794,0.12653559362041303
,resnet50_166,23.770731,0.06112514213690813
,resnet50_167,46.90974749999999,0.12859488405479985
,resnet50_168,30.9293947,0.22375453117221553
,resnet50_169,37.783560800000004,0.12810222183067768
,resnet50_170,33.64939499999999,0.1573600481657172
,resnet50_171,23.265511099999994,0.044995595854878646
,resnet50_172,23.055323500000004,0.12445616977032417
,resnet50_173,30.418266000000006,0.06886313739805573
,resnet50_174,12.376247299999998,0.05658937824200608
,resnet50_175,43.5813549,0.11607774095636755
,resnet50_176,28.398522000000014,0.1039319295814966
,resnet50_177,34.509537200000004,0.09986507481021759
,resnet50_178,36.143422900000004,0.1529304308988216
,resnet50_179,16.9412954,0.05071744139066427
,resnet50_180,31.648782,0.08599611059495141
,resnet50_181,32.9493262,0.12016940796159616
,resnet50_182,18.924820600000004,0.11095959060529814
,resnet50_183,27.338274900000002,0.062217455518270376
,resnet50_184,26.527002,0.0884172362545591
,resnet50_185,42.37568069999999,0.1381239329697346
,resnet50_186,32.599658700000006,0.07403811521908099
,resnet50_187,13.019627299999993,0.05064931731136205
,resnet50_188,72.30571560000001,0.1863272819242099
,resnet50_189,20.935754700000004,0.06677587979160689
,resnet50_190,20.118539900000005,0.11243522886082655
,resnet50_191,72.0957568,0.49962916076865316
,resnet50_192,20.3554247,0.08847645057593566
,resnet50_193,54.165088399999995,0.2973989531189295
,resnet50_194,51.87345619999999,0.19705370234352795
,resnet50_195,51.1229303,0.43797449909173225
,resnet50_196,39.90010560000001,0.0814544131615824
,resnet50_197,20.4014444,0.11803654233261282
,resnet50_198,22.6861909,0.08926184664326811
,resnet50_199,50.291420999999985,0.0982089300053357
,resnet50_200,34.501694,0.1444068379563198
,resnet50_201,28.283129999999996,0.12115858349207488
,resnet50_202,48.173587299999994,0.1719925903350389
,resnet50_203,25.174071700000002,0.07514065911579429
,resnet50_204,46.5943265,0.1991602552781097
,resnet50_205,31.837600000000002,0.16360699356061328
,resnet50_206,57.259156399999995,0.16985019592049752
,resnet50_207,26.116829299999996,0.06994197356590995
,resnet50_208,22.5414575,0.05475888372536861
,resnet50_209,29.497413500000015,0.09046014100606874
,resnet50_210,21.0367847,0.06997521089052589
,resnet50_211,33.8674514,0.13745060593282046
,resnet50_212,38.721693900000005,0.21779973299389746
,resnet50_213,22.1513213,0.06973826664022302
,resnet50_214,56.53835600000002,0.14085773851579128
,resnet50_215,26.856739800000003,0.10719016456747389
,resnet50_216,42.7627344,0.2770755449930911
,resnet50_217,37.2490304,0.0937889134491247
,resnet50_218,38.7028418,0.12422081864530768
,resnet50_219,28.690258000000004,0.06675496329325402
,resnet50_220,33.354725,0.1319850712579034
,resnet50_221,22.9085875,0.08888252978416224
,resnet50_222,51.2105407,0.19416620248902372
,resnet50_223,21.0865879,0.06731000138355463
,resnet50_224,29.284313000000008,0.0773663822202488
,resnet50_225,21.6071955,0.08373591825931125
,resnet50_226,20.297034900000003,0.06579621023637211
,resnet50_227,19.603007400000003,0.06893153741141775
,resnet50_228,33.23983750000001,0.09471396792660944
,resnet50_229,27.03183400000001,0.06147219021336204
,resnet50_230,43.79649940000001,0.11948241969032601
,resnet50_231,30.278836,0.09340037902085341
,resnet50_232,37.62541039999999,0.1902887246699783
,resnet50_233,31.842956499999996,0.09931517423443165
,resnet50_234,35.335861499999986,0.10790592197298728
,resnet50_235,47.496842099999995,0.1810813645855923
,resnet50_236,44.0886697,0.13314199401613533
,resnet50_237,22.129135400000013,0.071251137277534
,resnet50_238,58.33868999999999,0.12906675050792432
,resnet50_239,54.339128800000005,0.19115552091141325
,resnet50_240,57.48674900000001,0.16091737096714867
,resnet50_241,38.62577460000001,0.10939334423908915
,resnet50_242,51.24137389999999,0.10525324541315673
,resnet50_243,22.0930634,0.04887485912347917
,resnet50_244,31.374026000000004,0.09903792595670734
,resnet50_245,32.758834300000004,0.19678369418195527
,resnet50_246,18.0711405,0.04730935467497478
,resnet50_247,48.203026,0.13991357497885293
,resnet50_248,40.09768839999999,0.17835139845837844
,resnet50_249,34.3405769,0.14292100506355715
,resnet50_250,51.02833419999999,0.17630582444564655
,resnet50_251,34.76770649999999,0.14164473620102316
,resnet50_252,42.95868140000001,0.12797030440594775
,resnet50_253,25.203543999999994,0.07050213607540841
,resnet50_254,20.378639500000002,0.10712623137324721
,resnet50_255,59.8319021,0.1387482715013675
,resnet50_256,26.459152999999993,0.11401135215502547
,resnet50_257,45.76168699999999,0.1150912108277592
,resnet50_258,50.501862599999995,0.12362024921384204
,resnet50_259,59.68676789999999,0.23442958895466084
,resnet50_260,27.819259799999994,0.08048694375819698
,resnet50_261,14.6627215,0.08479179305210059
,resnet50_262,26.9946983,0.07534851447824642
,resnet50_263,19.1526433,0.07468242518817642
,resnet50_264,16.715208600000004,0.07944355658500364
,resnet50_265,42.435079300000005,0.11404938888099811
,resnet50_266,70.25234400000001,0.2718880599784652
,resnet50_267,54.566163,0.1375950794903863
,resnet50_268,38.0106483,0.09947476355453534
,resnet50_269,47.50419020000001,0.21936103999936307
,resnet50_270,15.475063899999999,0.06797883795251462
,resnet50_271,23.5578787,0.10891035138401846
,resnet50_272,19.484269800000003,0.06544162423995911
,resnet50_273,60.88922100000002,0.44716744073972997
,resnet50_274,53.61800130000001,0.4443440843336713
,resnet50_275,46.85490930000001,0.1489083889369404
,resnet50_276,53.95906899999999,0.18529261325057034
,resnet50_277,28.0855036,0.09179337865035836
,resnet50_278,29.014090000000003,0.12943300993455947
,resnet50_279,29.5724524,0.20655890482878486
,resnet50_280,39.73752389999999,0.19163700890196145
,resnet50_281,20.883243299999997,0.05961429093957365
,resnet50_282,41.0636045,0.11063911901967255
,resnet50_283,32.965333900000005,0.14155940044801793
,resnet50_284,66.4318358,0.24845042652347496
,resnet50_285,19.582244699999997,0.07278632058198514
,resnet50_286,32.230931999999996,0.0647456956329598
,resnet50_287,37.81766110000001,0.09422425551361897
,resnet50_288,29.395202000000005,0.07810341850217471
,resnet50_289,45.717770699999996,0.07976217846569422
,resnet50_290,29.640915699999997,0.05625727195255356
,resnet50_291,25.37063380000001,0.1280500647015763
,resnet50_292,33.2412279,0.3638111559116293
,resnet50_293,56.21268800000001,0.2844902303048958
,resnet50_294,37.52069719999999,0.1396494659413272
,resnet50_295,23.428551099999993,0.050704582288991176
,resnet50_296,58.300458,0.1943138218238668
,resnet50_297,29.439288799999996,0.07954898309451597
,resnet50_298,42.051598799999994,0.10086055436982787
,resnet50_299,61.57842679999999,0.12919402914377737
,resnet50_300,29.9616138,0.14240779086750568
,resnet50_301,39.28825289999999,0.16087863568969674
,resnet50_302,41.454763299999996,0.3606213897640365
,resnet50_303,60.98741,0.3267224250569462
,resnet50_304,25.5319453,0.11290880341983134
,resnet50_305,36.5809781,0.09787762570720401
,resnet50_306,39.634855999999985,0.08946946372212902
,resnet50_307,31.6291193,0.1087642911578961
,resnet50_308,36.1505842,0.18337593605205485
,resnet50_309,35.0633026,0.12847474957291102
,resnet50_310,51.708244699999995,0.3145557427214291
,resnet50_311,28.386142000000003,0.07162707401804069
,resnet50_312,20.475797300000004,0.06816822142296004
,resnet50_313,41.67395900000001,0.16613218425395315
,resnet50_314,31.183951699999998,0.19590390224353907
,resnet50_315,32.65014000000001,0.07831202564085879
,resnet50_316,72.80747500000001,0.21816558107906572
,resnet50_317,51.391343799999994,0.1415923882113172
,resnet50_318,28.84162600000001,0.06311630937338489
,resnet50_319,35.61551500000001,0.07126744930143843
,resnet50_320,33.6370849,0.06465577892794601
,resnet50_321,40.065018,0.12886966729750646
,resnet50_322,44.25562919999999,0.08294217059080565
,resnet50_323,45.959433600000004,0.10831512115556993
,resnet50_324,27.829409299999988,0.0858810655680153
,resnet50_325,28.5602498,0.06622830323058905
,resnet50_326,40.5534493,0.10780771404753717
,resnet50_327,26.7275929,0.07341077468247585
,resnet50_328,14.359351199999999,0.0546476522099554
,resnet50_329,21.0708858,0.06881794802532903
,resnet50_330,25.7672198,0.05896389034870731
,resnet50_331,21.5933394,0.05626162766333082
,resnet50_332,44.6001345,0.20192037947597663
,resnet50_333,42.703995,0.08320432849605484
,resnet50_334,24.042435,0.08668286636718758
,resnet50_335,34.8926162,0.07336525379945925
,resnet50_336,30.6060035,0.1370101636412281
,resnet50_337,53.1408553,0.4692185763731931
,resnet50_338,23.2756572,0.10394006117582487
,resnet50_339,19.6169065,0.053473106998234016
,resnet50_340,27.170508000000005,0.06186062120525199
,resnet50_341,22.637871099999998,0.07615305984010808
,resnet50_342,46.773597999999986,0.1740567991599025
,resnet50_343,39.842089999999985,0.08898285214138724
,resnet50_344,12.4361323,0.04057557607811108
,resnet50_345,32.68326579999999,0.11934073815931392
,resnet50_346,44.5754262,0.12273076463176456
,resnet50_347,41.52289350000001,0.13714118396028202
,resnet50_348,48.882560899999994,0.16124898337888
,resnet50_349,45.14070979999999,0.3278030502605637
,resnet50_350,36.949065600000004,0.10195988994356374
,resnet50_351,24.063166699999996,0.10200343458977773
,resnet50_352,51.89581999999999,0.1318954750147542
,resnet50_353,53.07207759999999,0.4357883904461656
,resnet50_354,50.58489479999999,0.16265252887536893
,resnet50_355,79.66066,0.25708673943868277
,resnet50_356,26.618187199999998,0.08489578341439663
,resnet50_357,31.472503899999992,0.08791893819491015
,resnet50_358,38.69037420000001,0.10662272559094663
,resnet50_359,40.23683649999999,0.12911042498502412
,resnet50_360,37.68625780000001,0.07301229487606173
,resnet50_361,44.0646368,0.1651021461655466
,resnet50_362,41.63522400000001,0.111210198422493
,resnet50_363,20.6991796,0.058800948872321714
,resnet50_364,28.438719999999996,0.05457749500476274
,resnet50_365,27.00015590000001,0.07816082239638977
,resnet50_366,34.068731100000015,0.0763004160775647
,resnet50_367,34.128511599999996,0.09670847815278365
,resnet50_368,28.87149,0.0909640784990024
,resnet50_369,29.2435498,0.0944418883954146
,resnet50_370,21.548143899999996,0.07552607383453737
,resnet50_371,70.0487619,0.45184485056797574
,resnet50_372,28.330510100000005,0.10200974184692144
,resnet50_373,38.7948247,0.1608151178161608
,resnet50_374,14.9462089,0.06405083115203508
,resnet50_375,28.128657199999996,0.09179946347114011
,resnet50_376,35.850647,0.11017496914987025
,resnet50_377,35.63488890000001,0.10521485241400373
,resnet50_378,26.944191899999996,0.05503126727171042
,resnet50_379,47.933959000000016,0.1416942869064034
,resnet50_380,55.64399220000001,0.22620512937008305
,resnet50_381,43.46947310000001,0.0870951930319546
,resnet50_382,52.96558379999999,0.13650433601166065
,resnet50_383,35.8823763,0.10086558753320377
,resnet50_384,26.7000543,0.06881272258936591
,resnet50_385,21.23035199999999,0.06792989102140122
,resnet50_386,52.40525649999998,0.13854656907771878
,resnet50_387,28.46404,0.10634019792429522
,resnet50_388,29.827947700000003,0.12163373692956699
,resnet50_389,24.07097660000001,0.064262223752452
,resnet50_390,27.904522600000004,0.11498462238545097
,resnet50_391,24.7843483,0.07088919553622944
,resnet50_392,65.47193129999998,0.4531684079484694
,resnet50_393,37.0931566,0.11243312759202154
,resnet50_394,54.832797799999994,0.2582851533014733
,resnet50_395,39.8670143,0.1647007025141114
,resnet50_396,50.18480579999998,0.19030954730131067
,resnet50_397,35.602321,0.0997177643419392
,resnet50_398,32.32481799999999,0.1558582834159577
,resnet50_399,42.37005820000001,0.09625276523556014
,resnet50_400,27.634907600000005,0.11935640316003368
,resnet50_401,47.513031999999995,0.17504153258813845
,resnet50_402,38.79914939999999,0.20153992247087543
,resnet50_403,18.7429596,0.05540724982361944
,resnet50_404,33.0489298,0.09181122813245765
,resnet50_405,32.441548000000004,0.15737770273152138
,resnet50_406,59.6295981,0.6110047208504691
,resnet50_407,37.56765849999999,0.11572839769279189
,resnet50_408,39.11344650000001,0.13690292428418332
,resnet50_409,37.2589228,0.09450591305871556
,resnet50_410,29.143371999999996,0.19328575144540194
,resnet50_411,36.865824200000006,0.0921874614826054
,resnet50_412,34.99336379999999,0.0915033924695003
,resnet50_413,27.422697399999997,0.06913457026142739
,resnet50_414,21.8153637,0.051792274203731246
,resnet50_415,32.148554,0.08560844812909575
,resnet50_416,43.5836219,0.21814823177564346
,resnet50_417,14.422965699999997,0.07029656663109467
,resnet50_418,34.746610200000006,0.09382511388973339
,resnet50_419,16.736332,0.06003531406829658
,resnet50_420,50.306752599999996,0.1488979342262333
,resnet50_421,20.055727299999994,0.06698540609535729
,resnet50_422,23.1606149,0.12841520123113984
,resnet50_423,18.859924799999998,0.11420556369801585
,resnet50_424,23.8848516,0.10908718003436171
,resnet50_425,53.489104000000005,0.20124981183016283
,resnet50_426,43.67744329999999,0.11216733359662946
,resnet50_427,27.1088942,0.05899050565307466
,resnet50_428,16.9682147,0.06544730602554938
,resnet50_429,22.780047900000003,0.0726854558687642
,resnet50_430,32.86284639999999,0.055974076383835995
,resnet50_431,43.2823956,0.5710474929576929
,resnet50_432,14.743599099999999,0.08276995997057805
,resnet50_433,30.892196000000002,0.10107506858982973
,resnet50_434,46.604267799999995,0.20103391150575722
,resnet50_435,14.513042299999995,0.0783391027954216
,resnet50_436,40.70446090000002,0.1085455983516125
,resnet50_437,29.640955999999996,0.05343892599256889
,resnet50_438,19.5171094,0.06828528622198604
,resnet50_439,45.72523430000001,0.3647755527731103
,resnet50_440,27.042500800000003,0.1582334458713653
,resnet50_441,35.55052659999998,0.06348724459834784
,resnet50_442,24.884790500000005,0.060417732258188604
,resnet50_443,60.9062717,0.14002647578816607
,resnet50_444,27.94804,0.20489151093235608
,resnet50_445,41.79678769999999,0.10934654165013938
,resnet50_446,24.1755725,0.06452222972123889
,resnet50_447,42.896341099999994,0.09894206855466965
,resnet50_448,10.355115899999996,0.037712222598542955
,resnet50_449,42.1165826,0.1506756017288107
,resnet50_450,40.402361699999986,0.08466815570337523
,resnet50_451,47.2871202,0.24281893339698288
,resnet50_452,51.984975899999995,0.10336896123916665
,resnet50_453,17.881455399999997,0.06958941218071857
,resnet50_454,42.1122189,0.11527406207946767
,resnet50_455,50.6842067,0.12656766577250297
,resnet50_456,71.1018378,0.3260915246296868
,resnet50_457,25.7661592,0.05143145555245371
,resnet50_458,65.62815590000001,0.2973797452604323
,resnet50_459,33.2382883,0.09885285728889849
,resnet50_460,45.9891003,0.11810936525766418
,resnet50_461,16.653794100000002,0.09148125384023127
,resnet50_462,30.652234,0.10189476630645335
,resnet50_463,39.98084630000001,0.14195976812943023
,resnet50_464,39.4476834,0.12213340566808026
,resnet50_465,25.257313800000006,0.12223240943223647
,resnet50_466,30.3613317,0.12063103507543664
,resnet50_467,37.190125300000005,0.16214965932238634
,resnet50_468,28.198066,0.08953538538050428
,resnet50_469,46.617605899999994,0.1706170375041774
,resnet50_470,35.2884885,0.14350458559871515
,resnet50_471,22.278405400000004,0.08730511450772487
,resnet50_472,46.29023810000002,0.17547054026313189
,resnet50_473,16.612576,0.052881581889516444
,resnet50_474,25.703957299999995,0.08412433942551722
,resnet50_475,49.082566199999995,0.19533847342334118
,resnet50_476,53.58621889999999,0.14903957210728527
,resnet50_477,42.0578926,0.18109521228965764
,resnet50_478,38.737686599999996,0.0953487795459899
,resnet50_479,42.16405909999999,0.1382752702299835
,resnet50_480,41.400723899999996,0.13066819341434477
,resnet50_481,23.0482061,0.07774624009176771
,resnet50_482,54.83019200000001,0.2067952976651782
,resnet50_483,34.3303472,0.10965522051813675
,resnet50_484,50.580201499999994,0.0896186747803496
,resnet50_485,51.04884779999998,0.1506470353522603
,resnet50_486,40.29291169999998,0.10460289397153548
,resnet50_487,21.222198100000004,0.10622562155845025
,resnet50_488,24.4196862,0.06154209882672409
,resnet50_489,36.69921940000001,0.22255226258479502
,resnet50_490,8.282587600000003,0.025429210363572673
,resnet50_491,21.470240800000003,0.0607622865273934
,resnet50_492,18.3420939,0.07566851886965743
,resnet50_493,41.73250730000001,0.13131878596465782
,resnet50_494,33.93891150000001,0.06870466905993822
,resnet50_495,32.90960760000001,0.10398355997155366
,resnet50_496,45.21408310000001,0.09801001995572697
,resnet50_497,39.847124099999995,0.07946889021962927
,resnet50_498,40.0211155,0.10320330102876815
,resnet50_499,39.14556070000001,0.11787241676158773
