,vgg11_0,140.79182900000004,0.2607975842448176
,vgg11_1,465.4344983000001,0.6467667613281547
,vgg11_2,259.0348877,0.3532883200021943
,vgg11_3,212.12904149999997,0.6022314813503932
,vgg11_4,64.9895316,0.15199539378685553
,vgg11_5,251.5541302,0.35383723735448613
,vgg11_6,93.66290790000002,0.31669032461926644
,vgg11_7,264.8490794,0.7329662398023605
,vgg11_8,349.37865989999995,0.6019707663848574
,vgg11_9,254.39524880000002,0.41027873070139237
,vgg11_10,244.61982379999998,0.39307423745765707
,vgg11_11,201.7952251,0.46201192369822663
,vgg11_12,212.87069859999997,0.30295970451848825
,vgg11_13,515.2153733,1.1806372334035409
,vgg11_14,159.97982140000002,0.4521215935186024
,vgg11_15,718.1508442999999,1.721018508479536
,vgg11_16,144.4988809,0.4135139355312815
,vgg11_17,163.7051848,0.5438650081941172
,vgg11_18,281.6156722,0.3438554520846464
,vgg11_19,234.21223039999998,0.38488992288015367
,vgg11_20,385.15111499999995,0.3204265861122556
,vgg11_21,637.1647783000001,1.2731822133759993
,vgg11_22,86.7703962,0.2034315134129704
,vgg11_23,403.72103659999993,0.8537799019547675
,vgg11_24,522.119014,0.8951892615372398
,vgg11_25,237.0291721,0.5794062350960013
,vgg11_26,187.2907644,0.4435095740903733
,vgg11_27,145.4728361,0.37331130000975776
,vgg11_28,154.0267666,0.2193429494408659
,vgg11_29,151.6669028,1.8085679470078224
,vgg11_30,208.41606389999998,0.6672744119390405
,vgg11_31,414.593271,0.6542276500072187
,vgg11_32,538.9848890000001,1.3243151554813062
,vgg11_33,92.2907424,0.3633924819006542
,vgg11_34,452.6639109,0.9583840071263537
,vgg11_35,226.2269848,0.2943825888827962
,vgg11_36,619.3626191000001,1.5957681070631464
,vgg11_37,709.2642662,1.414163765877224
,vgg11_38,204.21116899999996,0.2996815656070012
,vgg11_39,82.61056160000001,0.24397898824037417
,vgg11_40,191.0054843,0.6937768763519947
,vgg11_41,581.6916604,2.475962569369256
,vgg11_42,295.4551626,0.9865595162466035
,vgg11_43,108.11303810000001,0.3920275533188394
,vgg11_44,342.7777532,0.4895920448506866
,vgg11_45,376.8297501,0.7568758985219367
,vgg11_46,404.6038147,0.7121202601922748
,vgg11_47,55.488051299999995,0.3075970194415028
,vgg11_48,210.75192030000002,0.4999311971995457
,vgg11_49,115.91880730000001,0.22587639823418504
,vgg11_50,401.4756841,0.7126360089250796
,vgg11_51,559.3420921,2.0667202602228993
,vgg11_52,367.6617197,0.636507594995722
,vgg11_53,236.56980169999997,0.7070578108584936
,vgg11_54,78.7355627,0.2751569204051529
,vgg11_55,230.80765770000002,0.5354679591859821
,vgg11_56,412.6617805,0.5209693040231733
,vgg11_57,254.4994126,0.39369472674437
,vgg11_58,184.32489139999998,0.8434628736439697
,vgg11_59,433.1523144,0.8141793159526525
,vgg11_60,148.3686459,0.2873245164808031
,vgg11_61,183.9382448,0.5471960026976627
,vgg11_62,269.46264329999997,0.4429871499215411
,vgg11_63,75.29406599999999,0.12889193971695959
,vgg11_64,252.5635995,0.3860450998484845
,vgg11_65,273.3996619,0.6498507384730482
,vgg11_66,517.1652169000001,1.1030633810733932
,vgg11_67,142.6349548,0.30876725151509066
,vgg11_68,129.8474958,0.4997915927838536
,vgg11_69,53.1669605,0.21216726770425248
,vgg11_70,414.8536227,0.5795470703803441
,vgg11_71,117.51023430000002,0.27962320988083733
,vgg11_72,627.211872,1.0209550073671645
,vgg11_73,174.3518083,1.1454236034409828
,vgg11_74,140.19344610000002,2.8774580981241518
,vgg11_75,300.84959050000003,0.4227119414334649
,vgg11_76,121.82044250000001,0.2630149332957458
,vgg11_77,457.2720138,0.5536270145642785
,vgg11_78,222.65491430000003,0.3333038766004725
,vgg11_79,382.2860527,1.0503180502313954
,vgg11_80,651.9770205,0.7628303924197137
,vgg11_81,402.4218207,0.7312544319785609
,vgg11_82,355.68446930000005,0.40641928815768374
,vgg11_83,168.2485204,0.40679455403198583
,vgg11_84,191.085951,0.3725313485706904
,vgg11_85,247.3262705,0.4961690728659735
,vgg11_86,52.30547700000001,0.5590778955464238
,vgg11_87,199.97673720000003,0.6624271406733542
,vgg11_88,193.313122,0.5249684661483798
,vgg11_89,241.1198531,0.6791329742752613
,vgg11_90,113.0540601,0.16376123444105048
,vgg11_91,438.06733,0.7875228276158722
,vgg11_92,356.6034933,0.6331793608556849
,vgg11_93,129.76538860000002,0.3134513511409798
,vgg11_94,305.7860969,0.3622049877424778
,vgg11_95,257.1313234,0.5292682880414628
,vgg11_96,89.96650899999999,0.2351275850304563
,vgg11_97,190.1707698,0.2650700719271152
,vgg11_98,110.47829730000001,0.6600714824575705
,vgg11_99,239.4776006,0.25440719151164487
,vgg11_100,185.2756906,0.413856925147704
,vgg11_101,632.297059,1.4389974692436325
,vgg11_102,276.84759180000003,0.39370147659619775
,vgg11_103,506.78187800000006,0.9899262418970547
,vgg11_104,359.46847669999994,0.870327117034481
,vgg11_105,244.1833298,0.4573960726705063
,vgg11_106,456.1156768,0.47689532373255533
,vgg11_107,412.48448869999993,0.8232096446874705
,vgg11_108,175.0300394,0.39783626169220654
,vgg11_109,289.9395550000001,0.7699384025813856
,vgg11_110,116.38604529999999,0.4496479350907345
,vgg11_111,160.8839147,0.6215272978004971
,vgg11_112,319.4648438,0.3545688023114173
,vgg11_113,180.91948530000002,0.5389785120897471
,vgg11_114,364.9659804,0.6758388436966606
,vgg11_115,530.5459715,0.7616882981497712
,vgg11_116,205.10124019999998,0.6585909864303346
,vgg11_117,173.69485880000002,0.47285622371461783
,vgg11_118,253.9204622,0.852548054099515
,vgg11_119,221.8312359,0.676500418528968
,vgg11_120,411.65005749999995,1.262512243588401
,vgg11_121,682.1973423,0.952563691550707
,vgg11_122,181.23780059999999,0.6529988793795455
,vgg11_123,421.23158320000005,0.37719319352636377
,vgg11_124,642.2144571,0.9149596473754914
,vgg11_125,217.5367298,0.3541778702489601
,vgg11_126,228.7214971,0.5618394365702924
,vgg11_127,424.97535130000006,0.6909309433447927
,vgg11_128,141.38004640000003,0.27084191202255536
,vgg11_129,290.3597087,0.7946698817138116
,vgg11_130,191.3222553,0.43879816474545497
,vgg11_131,390.6203264,0.3168160686356006
,vgg11_132,815.896478,1.290415286586397
,vgg11_133,275.2461447,0.40427509461282907
,vgg11_134,602.1627503,1.9842455723834458
,vgg11_135,495.2468255,0.4375224570552702
,vgg11_136,107.5792668,0.43031632047674706
,vgg11_137,124.95948780000002,0.34276718633188696
,vgg11_138,360.87741660000006,1.5642483409024999
,vgg11_139,316.65723049999997,0.8607839917818471
,vgg11_140,224.7309513,0.30175314428234323
,vgg11_141,179.5537841,0.18710184778537417
,vgg11_142,482.6456352,0.7800861437726369
,vgg11_143,319.05103149999997,0.8694386809514518
,vgg11_144,106.6571994,0.9609170299193677
,vgg11_145,645.5877893,0.766971305636895
,vgg11_146,315.93346199999996,0.34836644896263164
,vgg11_147,99.87622700000001,0.5832328312506089
,vgg11_148,343.5117661,0.6030932410820291
,vgg11_149,153.4604433,0.9292253503862687
,vgg11_150,162.7191092,0.5002615149768249
,vgg11_151,268.3109678,0.34989851001286715
,vgg11_152,222.38261119999999,0.4092428904983716
,vgg11_153,510.7504234,0.3632033434838342
,vgg11_154,255.8633366,0.6585058988720437
,vgg11_155,739.4966585,1.2088169445525156
,vgg11_156,123.23858110000002,0.4514464837170012
,vgg11_157,212.967144,0.6838164167497495
,vgg11_158,636.9557270399999,1.2544110867077893
,vgg11_159,382.1436716,1.1357512223812904
,vgg11_160,515.6528362,1.568599446567736
,vgg11_161,594.8241580000001,0.5923885284843008
,vgg11_162,44.4558296,0.14476838886924337
,vgg11_163,210.62660890000004,0.3042376183887651
,vgg11_164,175.426403,0.2515512801380654
,vgg11_165,358.1214858,0.6284420291771768
,vgg11_166,223.10824739999998,0.6040859952923479
,vgg11_167,63.496662580000006,0.16098195609469454
,vgg11_168,407.0936369,0.5408854555527296
,vgg11_169,846.7168186,1.2839224470477186
,vgg11_170,1226.7880464000002,1.5181063632813958
,vgg11_171,150.76303229999996,0.40314880242623946
,vgg11_172,244.14704880000002,0.554169248222801
,vgg11_173,198.84964559999997,0.43891351550511964
,vgg11_174,95.3362157,0.56688959117681
,vgg11_175,258.48003700000004,0.463743059988323
,vgg11_176,689.6632435999999,1.0261222978999551
,vgg11_177,172.9310341,0.3610369303523258
,vgg11_178,258.9759235,0.7964828631048833
,vgg11_179,238.1876839,0.5401790674427384
,vgg11_180,213.4838125,0.5385858798952547
,vgg11_181,379.65302619999994,0.662067668110384
,vgg11_182,92.50189999999999,0.41569992956054214
,vgg11_183,198.47748869999998,0.335848439533636
,vgg11_184,67.3210602,0.23897186414957994
,vgg11_185,476.9467442,0.8726809328273588
,vgg11_186,323.6547832,0.49613015599262955
,vgg11_187,357.560623,1.192900265300469
,vgg11_188,274.7659266,0.5021798786044096
,vgg11_189,117.6151933,0.6110024833567853
,vgg11_190,154.7088556,0.4867649814723208
,vgg11_191,142.7952078,0.2600210595804736
,vgg11_192,235.2951372,0.7437904941448844
,vgg11_193,263.3646745,0.9179306018566367
,vgg11_194,310.138449,0.5825779576999093
,vgg11_195,318.2548863,0.39163048143956053
,vgg11_196,252.73181319999998,0.6620295375842008
,vgg11_197,393.8937842,0.6157402857788312
,vgg11_198,142.50896480000003,0.29083695429032946
,vgg11_199,250.37249350000002,0.6096982013700389
,vgg11_200,230.927949,0.23127508026158325
,vgg11_201,381.09508529999994,1.177266277203012
,vgg11_202,559.4857173,1.0510491465207048
,vgg11_203,339.8420059,0.9479368938522361
,vgg11_204,538.0399794000001,0.7685086317708123
,vgg11_205,497.8056662,0.6788214460183952
,vgg11_206,232.9968254,1.1502754734078362
,vgg11_207,228.68445409999998,0.6047838291254659
,vgg11_208,353.2869096,0.3824824155069905
,vgg11_209,134.47748640000003,0.3763692968319789
,vgg11_210,58.442519499999996,0.2580392239266582
,vgg11_211,567.4339983000001,0.9695363726755948
,vgg11_212,246.9656477,0.46426184769710155
,vgg11_213,544.3202443,1.038304759139992
,vgg11_214,238.47237509999997,0.45308309149060194
,vgg11_215,261.4132373,0.3462602285883902
,vgg11_216,231.33733650000002,0.7106876183782224
,vgg11_217,148.89640219999998,0.4068888425207594
,vgg11_218,518.2672332999999,0.6485460018704371
,vgg11_219,177.63456669999997,0.3269204081493493
,vgg11_220,329.69092140000004,0.4374194941776325
,vgg11_221,191.04731470000002,0.5985701871990948
,vgg11_222,683.5288049,1.2115370081508812
,vgg11_223,455.77562099999994,0.8541816116878546
,vgg11_224,467.35608859999996,1.0314850798032835
,vgg11_225,162.0673359,0.8003346082512546
,vgg11_226,252.59027080000004,0.5445627349625431
,vgg11_227,472.68115119999993,0.513667591966267
,vgg11_228,265.0460844,0.4518042964820402
,vgg11_229,469.7972672,0.6204819897250706
,vgg11_230,242.1488265,0.40176050129138735
,vgg11_231,361.7321747,0.9712658318732091
,vgg11_232,321.4827278,2.993822095516201
,vgg11_233,494.0897607,1.4158133771221095
,vgg11_234,188.12620189999998,0.5643389185025136
,vgg11_235,276.1495866,0.5755808115347826
,vgg11_236,328.2445491,0.6064688951308516
,vgg11_237,108.643367,0.5542342332316896
,vgg11_238,194.2795411,0.5354432559094278
,vgg11_239,117.99464139999999,0.3936017831416387
,vgg11_240,65.65575550000001,0.31765935273688495
,vgg11_241,419.6415535,2.4856629070637393
,vgg11_242,196.7165381,0.3786134591993777
,vgg11_243,1205.4152797000002,1.5256203768466818
,vgg11_244,143.8168488,0.420309242505633
,vgg11_245,722.2961513000001,0.8431955984038829
,vgg11_246,182.9633518,0.3865519638911496
,vgg11_247,197.48728720000003,0.27659466417806383
,vgg11_248,460.8677280999999,0.7758797083280097
,vgg11_249,289.2277853,0.25772583628672735
,vgg11_250,85.74814440000002,0.3273518154476836
,vgg11_251,124.42432629999998,0.29734752768829464
,vgg11_252,500.19449370000007,0.7101915931014435
,vgg11_253,437.2934521,0.8057986571677438
,vgg11_254,223.92555350000004,0.9918789194156222
,vgg11_255,53.1743576,0.09529410443364593
,vgg11_256,415.7132659,1.0106507095097095
,vgg11_257,315.1063627000001,0.4354549867358597
,vgg11_258,420.3645264,0.6917437929151339
,vgg11_259,603.6787556,0.8031149917093305
,vgg11_260,603.5561211,0.849347541536741
,vgg11_261,398.36909090000006,0.8022553132565882
,vgg11_262,266.57376157,0.5814861290334343
,vgg11_263,378.5055555,0.526008077463081
,vgg11_264,543.4222618,1.4527157504759465
,vgg11_265,302.4094605000001,1.3624868735726539
,vgg11_266,422.4045464,0.6423939183766507
,vgg11_267,386.83160849999996,0.6593955199605431
,vgg11_268,119.3658952,0.9087034935163872
,vgg11_269,593.0324614000001,1.302421513159464
,vgg11_270,95.9353872,0.26051182491440694
,vgg11_271,141.04082369999998,0.4295922061200275
,vgg11_272,261.8822065,0.7994685528621699
,vgg11_273,215.28836169999997,1.4132647185582885
,vgg11_274,335.6387165,0.8611737969341964
,vgg11_275,210.202247,1.2556645578851764
,vgg11_276,347.67670069999997,0.5175154072482064
,vgg11_277,447.9254904999999,0.5728242503171672
,vgg11_278,263.5562395,0.5877991521616448
,vgg11_279,279.0873972,0.7119092148855038
,vgg11_280,475.1889539,1.1326891556229168
,vgg11_281,337.5283299,0.5377850158000992
,vgg11_282,297.53074,0.6854567396764519
,vgg11_283,584.6011857,0.7954431262042844
,vgg11_284,315.38833379999994,0.39300764376861425
,vgg11_285,92.86201999999999,0.3508504720104483
,vgg11_286,269.168725,0.8180921396169659
,vgg11_287,204.6176572,0.6347634217512783
,vgg11_288,90.8936658,0.2783550089234808
,vgg11_289,564.331417,0.8860144489306434
,vgg11_290,222.830632,0.6996361914820595
,vgg11_291,107.23522940000001,0.2074789609048775
,vgg11_292,246.2655296,0.9477323032203238
,vgg11_293,261.7185291,1.0170390093955655
,vgg11_294,100.3212471,0.4388725285813079
,vgg11_295,97.8128564,0.4503650020354816
,vgg11_296,198.9975449,0.34365927252136896
,vgg11_297,363.9995388,0.8447252511601585
,vgg11_298,194.4106027,0.36991927169362937
,vgg11_299,214.7739683,0.5806583436056207
,vgg11_300,473.1483862,0.9211323367333445
,vgg11_301,402.70092780000004,1.0403037884634412
,vgg11_302,291.52976479999995,0.6541517776114881
,vgg11_303,428.0185852,1.05864313038862
,vgg11_304,304.5110079,0.591726333459653
,vgg11_305,212.49078659999998,0.35035750432230944
,vgg11_306,569.9183109,0.7272183517412669
,vgg11_307,287.30593899999997,0.47032243907371446
,vgg11_308,117.5275189,0.44164624777717687
,vgg11_309,311.0094046,0.5543324968030036
,vgg11_310,352.12698019999993,0.5115808481433914
,vgg11_311,74.2765408,0.6640948615722168
,vgg11_312,173.8601138,0.4742535094629262
,vgg11_313,198.2423985,0.4330803947127667
,vgg11_314,128.84814409999998,0.2752434428037987
,vgg11_315,487.8111284,0.6263744076633417
,vgg11_316,275.7849552,0.2870780946191629
,vgg11_317,231.83831149999995,0.3488960063696013
,vgg11_318,25.4773553,0.10257792101951421
,vgg11_319,277.5546486,0.43569392417789093
,vgg11_320,378.03409969999996,0.5383050831173765
,vgg11_321,459.3640328,0.6309702641097944
,vgg11_322,260.23054079999997,0.48994934177013705
,vgg11_323,424.6361830000001,0.8029057226912509
,vgg11_324,392.95686090000004,0.7802148747603195
,vgg11_325,359.7825069,1.2820403899738844
,vgg11_326,170.0709511,0.1981326013097404
,vgg11_327,130.86835359999998,0.5181766843627402
,vgg11_328,179.7565683,0.2837988762784261
,vgg11_329,162.91797890000004,0.48282673693655204
,vgg11_330,431.45870590000004,2.430642490473389
,vgg11_331,254.92145519999997,0.5577405103991957
,vgg11_332,244.31226690000003,0.5131169216719733
,vgg11_333,246.0656726,0.5393792677093223
,vgg11_334,364.0961043,0.43032522350174285
,vgg11_335,227.45952409999998,0.6200296313574063
,vgg11_336,300.0786546,0.6344661911153894
,vgg11_337,304.8792001,1.0731488710861543
,vgg11_338,259.53975099999997,0.6599102974655654
,vgg11_339,66.0886993,0.45627539757525504
,vgg11_340,633.320336,0.9852292704562887
,vgg11_341,212.2098143,0.31137610938781496
,vgg11_342,472.7012552000001,0.7924533410415846
,vgg11_343,349.12407699999994,0.7490091278083459
,vgg11_344,293.46918320000003,0.4755678494806598
,vgg11_345,113.7116694,0.47533882655759957
,vgg11_346,218.13118650000004,1.2909383435846709
,vgg11_347,314.0752798,0.4390264753973461
,vgg11_348,499.5924203,1.3261224108733174
,vgg11_349,205.51268050000002,0.3259875634904424
,vgg11_350,382.4189989999999,0.906532457389657
,vgg11_351,145.24905799999996,0.5183969435701231
,vgg11_352,80.1287142,0.216859873095148
,vgg11_353,363.41250180000003,0.6271322325573202
,vgg11_354,519.3235101,1.0590446216001164
,vgg11_355,67.42142859999998,0.14007780071872564
,vgg11_356,151.76488759999998,0.49578478592880765
,vgg11_357,704.5393192,0.7745957262251264
,vgg11_358,730.0940491,1.4509148914527286
,vgg11_359,752.3454906999999,1.3082389702545956
,vgg11_360,200.6123634,0.906177877589843
,vgg11_361,600.1506729000001,0.5819432602820045
,vgg11_362,356.95892660000004,0.3511749108161045
,vgg11_363,529.8299295,1.0275966318763834
,vgg11_364,150.16718540000002,0.36417567734172157
,vgg11_365,425.3053427,0.7171595178257408
,vgg11_366,462.86369060000004,1.4881203809643417
,vgg11_367,400.5886354,0.6820961741034691
,vgg11_368,270.6601278,0.28976646780592435
,vgg11_369,82.0820549,0.2832873915101332
,vgg11_370,117.31703429999999,0.19305642550126165
,vgg11_371,95.86042756000002,0.24709356984465547
,vgg11_372,470.5792098,0.6189780210805386
,vgg11_373,482.19168070000006,1.178426410742144
,vgg11_374,160.75053599999998,0.23059085159247925
,vgg11_375,215.33881269999998,0.22583879537185636
,vgg11_376,527.4023321000001,0.5763695176625162
,vgg11_377,403.5376242,0.8344740535125076
,vgg11_378,472.49732589999996,0.6758254907337521
,vgg11_379,141.08817,0.2017570374922011
,vgg11_380,182.94978259999996,2.2385345189229344
,vgg11_381,151.73393869999995,0.35440222456874054
,vgg11_382,127.4889097,0.15148562389705153
,vgg11_383,152.24513320000003,0.2734832706533366
,vgg11_384,560.8277177,0.712120685636849
,vgg11_385,184.74747610000003,0.15797231648120494
,vgg11_386,293.07548389999994,0.5159384243318261
,vgg11_387,378.900883,0.5114214765275136
,vgg11_388,302.46812809999994,0.6395942044953769
,vgg11_389,426.8520661,0.8492253427213631
,vgg11_390,37.3142826,0.12137596860632681
,vgg11_391,658.3294812000001,1.2535772493770996
,vgg11_392,568.7575920999999,0.6720829218781446
,vgg11_393,444.2735878,0.7357530650009865
,vgg11_394,50.313088,0.09466654453822028
,vgg11_395,121.69671849999999,0.6581832088258543
,vgg11_396,136.8271623,1.2366111467319216
,vgg11_397,134.3944182,0.2680598645568686
,vgg11_398,439.5179595000001,1.1398555866720501
,vgg11_399,152.74432579999996,0.28007818183908884
,vgg11_400,224.44360189999998,0.7565695338674487
,vgg11_401,459.14937979999996,0.7570844781686376
,vgg11_402,49.620862200000005,0.12369807812543075
,vgg11_403,96.7460967,0.26055670320350144
,vgg11_404,79.5529615,0.24290424204572242
,vgg11_405,195.46682300000003,0.335503404189713
,vgg11_406,134.65910579999996,0.5729655399509763
,vgg11_407,124.0225943,0.8578093309777437
,vgg11_408,88.63884,0.24505719398941678
,vgg11_409,588.6831653999999,1.2712795123818454
,vgg11_410,289.0094954,0.39045758169933037
,vgg11_411,532.3354036,1.1857503135251526
,vgg11_412,296.16544600000003,0.33678214844602394
,vgg11_413,171.88473770000002,0.34054358255730205
,vgg11_414,727.6757706,1.2916123490465636
,vgg11_415,431.01408599999996,0.5031724231054459
,vgg11_416,98.49337349999999,0.4838861556273189
,vgg11_417,106.3652543,0.1992854565368214
,vgg11_418,443.06743180000007,0.45771279059771874
,vgg11_419,192.84756869999995,0.5849064359376936
,vgg11_420,392.7908086,0.6369700510561487
,vgg11_421,162.07540019999996,0.3852273989255756
,vgg11_422,243.92683949999997,0.4489060542483535
,vgg11_423,131.2112046,0.29634040753716107
,vgg11_424,231.8423686,0.67223495933545
,vgg11_425,413.1595924,0.6794834251251936
,vgg11_426,285.9306771,0.29314005673687127
,vgg11_427,187.387674,0.24985575052004183
,vgg11_428,238.3790525,0.9027957845579029
,vgg11_429,132.0027528,0.3173633614002439
,vgg11_430,479.4216558000001,1.3434098265042798
,vgg11_431,292.15428879999996,0.9009994969294056
,vgg11_432,197.72004470000002,0.7971982206191364
,vgg11_433,185.6162557,0.4914492048165784
,vgg11_434,683.5944644,0.9704909632620853
,vgg11_435,255.64450310000004,0.7461742950755604
,vgg11_436,591.7095979000001,0.46261124970075684
,vgg11_437,744.7962491000001,1.7340872457870393
,vgg11_438,392.72098040000003,0.707809401024957
,vgg11_439,268.4578505,0.38008521886451047
,vgg11_440,54.2497218,0.6642301282747602
,vgg11_441,44.28186169999999,0.33854775599817527
,vgg11_442,117.1407433,0.6974551157772775
,vgg11_443,122.42359649999997,0.2352253475041257
,vgg11_444,262.2077616,0.8837814097174637
,vgg11_445,188.35970190000003,0.2892371922182426
,vgg11_446,133.9794857,0.40416328106848604
,vgg11_447,379.81386499999996,0.6612843087075768
,vgg11_448,264.02581530000003,0.2570146088499047
,vgg11_449,332.5939517,0.664126164320007
,vgg11_450,397.4202928,0.9788860673810569
,vgg11_451,362.5315777,0.7665231338511811
,vgg11_452,118.24215309999998,0.12929325000659006
,vgg11_453,235.94578860000001,0.40311416180135307
,vgg11_454,596.8740797,1.4986363929511826
,vgg11_455,152.30603420000003,0.6580687490747931
,vgg11_456,490.76749680000006,0.5061736989051996
,vgg11_457,53.4476637,0.3040952792504495
,vgg11_458,99.118244,0.23589308500158934
,vgg11_459,314.7955495,0.8369168265656922
,vgg11_460,52.56584189999999,0.12344925952230554
,vgg11_461,318.54628970000005,0.8532977143765754
,vgg11_462,422.40420129999995,0.8179427984699911
,vgg11_463,278.7995339,0.4763849745429134
,vgg11_464,256.11995849999994,0.38065792429695655
,vgg11_465,469.1768767999999,0.4891065817249633
,vgg11_466,246.18081420000001,0.35999326206148424
,vgg11_467,140.67649939999998,0.44446671161771256
,vgg11_468,322.47043,0.6688650615677135
,vgg11_469,108.5476287,0.42389848389899537
,vgg11_470,162.6338832,0.21081790183871685
,vgg11_471,293.00194009999996,0.8574915780115043
,vgg11_472,212.90635980000002,0.20585178821980604
,vgg11_473,283.43328920000005,0.6924821831133489
,vgg11_474,341.1752321,0.7900181050083622
,vgg11_475,613.1691116000001,0.9224417574267111
,vgg11_476,287.24810700000006,0.6402431350576608
,vgg11_477,314.7427712,1.0397936247667208
,vgg11_478,179.49988349999998,0.32117650905981016
,vgg11_479,384.1961584999999,0.37107246801428145
,vgg11_480,140.1746036,0.7464601334144874
,vgg11_481,431.93225179999996,0.9747852174528605
,vgg11_482,96.0217859,0.36874092037159534
,vgg11_483,512.9478809999999,0.9393118116822496
,vgg11_484,186.7744759,0.2984302555700675
,vgg11_485,412.4041218,0.5724056668087284
,vgg11_486,617.7777879,1.2194471795782031
,vgg11_487,105.7209946,0.32551735844132434
,vgg11_488,142.3192164,0.17138848591204056
,vgg11_489,469.9942529,0.7394815939786984
,vgg11_490,70.3552168,0.08159066693879725
,vgg11_491,168.630697,0.6113886101009912
,vgg11_492,713.4643713000002,0.7108729672644969
,vgg11_493,221.4160088,0.4514289451391222
,vgg11_494,328.3694978,0.663015727497948
,vgg11_495,420.3198705,0.6282453677287372
,vgg11_496,113.30295120000002,0.27460054184432997
,vgg11_497,287.3602422,0.27790489335976143
,vgg11_498,96.6587134,0.20268372165789678
,vgg11_499,918.3630144,1.4063944865523206
,vgg13_0,197.85830299999998,0.26093411199678934
,vgg13_1,407.3635634,0.5831086526430389
,vgg13_2,223.3934266,0.2353041384498866
,vgg13_3,385.39708770000004,0.38559243932546095
,vgg13_4,234.3523,0.4181731899131681
,vgg13_5,247.59412690000002,0.7185592731126712
,vgg13_6,223.38158769999998,0.9635347983625172
,vgg13_7,206.41474989999998,0.35567345731585753
,vgg13_8,681.0817467,1.66731894245434
,vgg13_9,142.6558724,0.3634479116509889
,vgg13_10,312.4243555000001,0.3819950158669041
,vgg13_11,442.7338281,0.5674420524845
,vgg13_12,635.6372819000002,1.061373070309745
,vgg13_13,829.6083101,0.5178700642666856
,vgg13_14,675.5365069000001,0.5286915156743242
,vgg13_15,585.3441375,0.8223687355256126
,vgg13_16,387.12067139999994,0.6783253884551458
,vgg13_17,450.2659701,0.47865517960795495
,vgg13_18,506.3096073,0.6144505289498035
,vgg13_19,471.5870943,0.4672872149443004
,vgg13_20,798.1248932999999,0.7334620714840583
,vgg13_21,677.6258902000002,0.6503779750674024
,vgg13_22,155.88056430000003,0.7887388815506712
,vgg13_23,531.1728285000002,1.2572690058134541
,vgg13_24,246.9535433,0.3212940848782028
,vgg13_25,148.88399069999997,0.19524838229709282
,vgg13_26,384.0065564000001,0.7496413841614918
,vgg13_27,152.4221526,0.740358448432038
,vgg13_28,424.4741446,0.33857184835150916
,vgg13_29,246.57231240000004,0.30097801553367204
,vgg13_30,598.0601738999999,0.4960068143273662
,vgg13_31,784.0680593,0.3095139018845774
,vgg13_32,396.45082599999995,0.7169440332677685
,vgg13_33,159.6737249,0.2239083429691164
,vgg13_34,229.55232439999995,0.5984268441565302
,vgg13_35,357.1243648,0.4195453383899384
,vgg13_36,306.33030820000005,0.8051483151113433
,vgg13_37,657.1342473000001,2.1005761485477814
,vgg13_38,184.626441,0.19748778468784708
,vgg13_39,186.0292751,0.31212789787387857
,vgg13_40,406.3279986,0.9077534721002314
,vgg13_41,489.9168247,1.1698619135408945
,vgg13_42,651.687607,0.7129391081363827
,vgg13_43,261.1108575,0.4712908707668128
,vgg13_44,279.6298491,0.30028191263045984
,vgg13_45,100.6053518,0.1637690872467279
,vgg13_46,576.1858105000001,1.9835473270403694
,vgg13_47,320.8378533,0.9344746834352103
,vgg13_48,379.11533579999997,1.503123004162251
,vgg13_49,417.4448961,0.6605228378320284
,vgg13_50,217.9481989,1.2953355598807421
,vgg13_51,475.7218246,0.6223087304690635
,vgg13_52,488.9128661,0.9733775827674711
,vgg13_53,302.8608862,0.3118644413595099
,vgg13_54,292.145284,1.2461934717978693
,vgg13_55,644.2447395,1.0845938690167911
,vgg13_56,481.9591606999999,0.5249915440535903
,vgg13_57,341.0004136,1.5081246190604753
,vgg13_58,291.1802643,0.3766201193411178
,vgg13_59,210.38736158,0.22527747117343133
,vgg13_60,568.9650696,0.5650346064593118
,vgg13_61,460.7883506,0.6288575204196403
,vgg13_62,413.3304767,0.40021735609344283
,vgg13_63,449.0861584,0.6228287677181434
,vgg13_64,765.8653017999999,1.411006540758568
,vgg13_65,305.3540967,0.4025792427460026
,vgg13_66,643.0658489,0.9567681905394643
,vgg13_67,441.18070030000007,0.7462584473514252
,vgg13_68,858.3158486,1.2344154056925376
,vgg13_69,314.01601139999997,0.7325878094442048
,vgg13_70,393.9870507,0.5491312853196721
,vgg13_71,301.9566717,0.34119874177117615
,vgg13_72,203.04590520000002,0.24736780910842784
,vgg13_73,936.7544428000001,1.3621213112724935
,vgg13_74,697.0815650000001,0.46239997549974093
,vgg13_75,159.87835279999996,0.5978485822191562
,vgg13_76,479.7581036000001,0.2642534724641028
,vgg13_77,307.3163465399999,0.5040513749646288
,vgg13_78,1047.0133438999999,1.3214166710343695
,vgg13_79,317.5867755,0.3398953885400215
,vgg13_80,176.63847249999998,0.20984890074037416
,vgg13_81,402.27611070000006,0.8638436593252765
,vgg13_82,228.57019299999996,0.3280906365888643
,vgg13_83,173.8322105,0.17826262920811842
,vgg13_84,699.1847842000001,1.199780731913498
,vgg13_85,452.59781250000003,1.3353888706929185
,vgg13_86,491.47522839999993,0.46891025539323233
,vgg13_87,269.3372161,0.472254291554831
,vgg13_88,546.3790891,0.7955009530542547
,vgg13_89,418.9486641,0.8139887633532105
,vgg13_90,194.4009185,0.19484690162969848
,vgg13_91,269.56057599999997,0.20679095165984587
,vgg13_92,640.7417794,0.8336334517612743
,vgg13_93,144.77558919999998,0.3773561853185311
,vgg13_94,85.7796007,0.12824741216066965
,vgg13_95,591.9463774000002,1.1626107840893756
,vgg13_96,402.27918150000005,0.31184390065148293
,vgg13_97,652.2780034,0.8036691539217437
,vgg13_98,436.59057770000004,0.42547950322697725
,vgg13_99,302.7066444000001,1.1544521411240345
,vgg13_100,876.1191364599998,1.254081604218995
,vgg13_101,421.9923291,1.319556043589128
,vgg13_102,168.14097990000002,0.20350268676295824
,vgg13_103,573.7799791,0.6917858536374633
,vgg13_104,444.1931487,0.6505180408702659
,vgg13_105,353.4791079,0.41310077485305136
,vgg13_106,442.03189339999994,0.48002379271266676
,vgg13_107,186.27150680000003,0.34847955539000935
,vgg13_108,411.03308159999983,0.4802250565807266
,vgg13_109,518.6451296,0.4316670805834849
,vgg13_110,1073.1963094,0.7185857346152307
,vgg13_111,325.25823969999993,0.5192764699661724
,vgg13_112,737.3431737,0.573555017493879
,vgg13_113,192.34331469999998,0.664887274104082
,vgg13_114,219.75503670000003,0.6066070295962912
,vgg13_115,730.2286105000001,0.5927889430410627
,vgg13_116,328.1491184,0.727679279090442
,vgg13_117,247.62970727999996,0.9397681673693165
,vgg13_118,444.5179474000001,0.508362064190118
,vgg13_119,538.6341255,1.3054047922641945
,vgg13_120,168.67685310000002,0.4759359739509545
,vgg13_121,545.8428596999998,0.6151435983989626
,vgg13_122,180.3391218,0.21389477817863084
,vgg13_123,390.7354202,0.3609824880043831
,vgg13_124,242.9120675,0.25968676417140374
,vgg13_125,199.71940500000005,0.18939693612643707
,vgg13_126,275.3513923,0.3961252748606896
,vgg13_127,712.9792816999999,0.6115018194313818
,vgg13_128,200.45566549999995,0.7095891428353667
,vgg13_129,900.8747748,0.9373596496001998
,vgg13_130,160.7325164,0.3082552454966001
,vgg13_131,713.7060998000001,0.3958238068856067
,vgg13_132,1093.2586351,1.248472830823726
,vgg13_133,493.90727680000003,1.111032649134741
,vgg13_134,752.7309579000001,0.36004600814919074
,vgg13_135,390.99655749999994,0.24021464933018577
,vgg13_136,322.3839837999999,0.3478717846559908
,vgg13_137,677.7810268,1.0616034783467236
,vgg13_138,240.11897219999997,0.47629178422852436
,vgg13_139,274.8025288,0.21918594222673674
,vgg13_140,357.7592427,0.5428545993834261
,vgg13_141,442.37789640000005,0.5377744516887203
,vgg13_142,785.3735772,0.73121411406457
,vgg13_143,315.9517681000001,0.48224538913088855
,vgg13_144,322.4620832,0.3728145109062
,vgg13_145,138.5218867,0.6533109480378402
,vgg13_146,351.0918596,0.7532512407292811
,vgg13_147,732.7116126000002,0.6695676207867066
,vgg13_148,763.6407838999999,1.587906556014317
,vgg13_149,236.65730139999997,0.3973769576060737
,vgg13_150,286.45279972000003,0.5953487657356821
,vgg13_151,491.42487099999994,0.28330311309081474
,vgg13_152,199.22307990000004,0.24825302319255194
,vgg13_153,162.63140588999997,0.17293236513056667
,vgg13_154,308.77846209999996,0.5201510603990552
,vgg13_155,544.7783465,0.45684488364637743
,vgg13_156,555.9905894000001,0.7932137482167411
,vgg13_157,448.83793069999996,0.6773541454175218
,vgg13_158,240.31008579999997,0.23899757222304618
,vgg13_159,169.48235350000002,0.20454836583401304
,vgg13_160,637.7914634,1.258881362348352
,vgg13_161,334.12152960000003,0.4449024078800645
,vgg13_162,361.43758025000005,0.2484756391960089
,vgg13_163,521.9178506000001,0.5236066457434866
,vgg13_164,374.70054200000004,0.4895013982591841
,vgg13_165,183.34975059999996,0.26457087710724736
,vgg13_166,649.1292483,0.5621050213867598
,vgg13_167,362.17397170000004,0.43643304260494903
,vgg13_168,248.7753201,0.4807301717699308
,vgg13_169,420.00764139999995,0.8660214540848975
,vgg13_170,172.76294659999996,0.8366651931460235
,vgg13_171,435.68092580000007,0.8848493101239611
,vgg13_172,352.6949835,0.5340241265602338
,vgg13_173,424.57476230000003,0.5399581200199749
,vgg13_174,452.69074449999994,0.6239193120211859
,vgg13_175,160.7272696,0.2741685392212294
,vgg13_176,313.864832,0.3895895740125884
,vgg13_177,423.9500433,0.6738781709306029
,vgg13_178,559.062165,1.1189734831344784
,vgg13_179,503.1788792,0.7258816709382471
,vgg13_180,750.8572101999999,1.3152586818918532
,vgg13_181,244.91710050000003,0.40868335757376983
,vgg13_182,889.9506167999999,0.8140502780230925
,vgg13_183,550.7412553,0.8709244484521674
,vgg13_184,321.73615889999996,0.6912116638016592
,vgg13_185,469.4832043,1.4152147682672727
,vgg13_186,218.7111376,0.3611479653255139
,vgg13_187,638.0189849999998,1.0834243516707915
,vgg13_188,345.181801,0.4972440415697917
,vgg13_189,329.22611830000005,0.7568184165638776
,vgg13_190,498.91185370000005,0.537195991431253
,vgg13_191,273.2239922,0.6915007119757961
,vgg13_192,385.2970384,1.0109281163641477
,vgg13_193,689.9685657000001,0.725962968875062
,vgg13_194,338.6550016,0.9881519996763111
,vgg13_195,297.68029900000005,0.5535182100419617
,vgg13_196,347.6937429,0.48323736372180975
,vgg13_197,171.6115011,0.6626510767530005
,vgg13_198,367.7255083,0.9293366990343724
,vgg13_199,289.50039219999996,0.34590543898259374
,vgg13_200,171.1838047,0.33816881599552634
,vgg13_201,245.56305630000006,0.23556117801803655
,vgg13_202,1175.8395427,1.4454331325448562
,vgg13_203,1058.2943350999997,2.9492469299337727
,vgg13_204,786.8772332000001,0.8719326345320719
,vgg13_205,340.59272508,0.5159808140005833
,vgg13_206,629.0438611999999,1.2812750477108112
,vgg13_207,1019.6267760000001,0.7429760914853416
,vgg13_208,156.56761509999995,0.32829163863966276
,vgg13_209,133.60711310000002,0.36684146594575345
,vgg13_210,367.88327740000005,0.3695133132691121
,vgg13_211,494.3966965000001,0.34077953715923814
,vgg13_212,599.9325777,0.4864114859413819
,vgg13_213,315.00597700000003,0.8086966658463318
,vgg13_214,371.3523365,0.7598564016411807
,vgg13_215,769.3042816999999,0.6575975724082943
,vgg13_216,591.5443665,0.6667450980159979
,vgg13_217,702.0891276000001,1.302607709031946
,vgg13_218,693.9893383,0.666540169233707
,vgg13_219,352.9865693,0.5135004329181948
,vgg13_220,1310.2492663,1.2941265868206215
,vgg13_221,485.8808006000001,0.6502871270074283
,vgg13_222,653.6733853999998,0.6259039661188588
,vgg13_223,257.06325555,0.3536311231683212
,vgg13_224,546.8643773000001,0.3612620035115589
,vgg13_225,118.9931865,0.31375873054388087
,vgg13_226,220.01069190000004,0.433272805330852
,vgg13_227,742.4347660000001,0.781734774638276
,vgg13_228,195.76387180000003,0.285390997140318
,vgg13_229,540.4860466,0.6669915802192026
,vgg13_230,385.20501459999997,0.45749826868067367
,vgg13_231,140.534402,0.22928414570501582
,vgg13_232,569.6169631999999,0.665766347047255
,vgg13_233,325.2852215,0.22637588883421228
,vgg13_234,776.5941049,0.71198780811446
,vgg13_235,957.7008126999999,1.1126160584703513
,vgg13_236,634.1769837,0.7633806687171628
,vgg13_237,653.6008371,1.013153175269754
,vgg13_238,406.72756839999994,0.6197259045479162
,vgg13_239,581.8430799999999,0.6713641034949661
,vgg13_240,120.19139459999998,0.3151049901189921
,vgg13_241,528.3427436,0.8438216474561545
,vgg13_242,220.26107980000003,0.630995026133854
,vgg13_243,148.47234469999998,0.30454038934079725
,vgg13_244,322.3426485999999,0.6277987249964895
,vgg13_245,602.5719209,1.1651343360788473
,vgg13_246,355.03865900000005,0.1825624183978164
,vgg13_247,409.7157657,0.31810732805204917
,vgg13_248,335.9197162,0.19297767256243528
,vgg13_249,635.0061817,0.8691446916038175
,vgg13_250,894.5709372000001,0.7489785329020741
,vgg13_251,757.3721955999999,0.5627314143759973
,vgg13_252,148.6070093,0.695948709518267
,vgg13_253,513.2053927,1.3733949394222398
,vgg13_254,204.5102314,0.3561460143850235
,vgg13_255,827.9849135,0.4020961522349619
,vgg13_256,528.4468787,0.4917289501859185
,vgg13_257,369.94838880000003,0.47097300838664513
,vgg13_258,574.6201876,0.6609535450447789
,vgg13_259,78.871198,0.16147128401270255
,vgg13_260,159.8815974,0.21658633541588165
,vgg13_261,725.6996584000001,1.0306353353398539
,vgg13_262,284.38116570000005,0.6263912976137282
,vgg13_263,617.1737794,0.4051969693534519
,vgg13_264,562.6428796,0.7464299181077927
,vgg13_265,160.28964830000004,0.7185818568309496
,vgg13_266,417.2836932,0.8088956207224434
,vgg13_267,404.7094086,0.5909991012692958
,vgg13_268,344.04045110000004,0.5425751925575915
,vgg13_269,497.9244194,0.8298345904522938
,vgg13_270,453.0462475,1.0818753373974432
,vgg13_271,412.5410247,0.38649781809454165
,vgg13_272,311.28904179999995,0.34990896486109646
,vgg13_273,364.08612860000005,0.7638215894570212
,vgg13_274,355.29861120000004,0.37764281886330775
,vgg13_275,496.5527858999999,0.2866834098479755
,vgg13_276,325.0614302,0.32835636070269797
,vgg13_277,384.3700654,0.8002262624891403
,vgg13_278,542.0918234999999,1.024554789502345
,vgg13_279,295.21668059999996,0.6463111460786896
,vgg13_280,314.6796671,0.4187320377329965
,vgg13_281,685.3850746999999,0.5325287003417415
,vgg13_282,100.935199,0.5196721096430277
,vgg13_283,246.0752282,0.45111158474629526
,vgg13_284,173.34234709999998,0.6151351468776743
,vgg13_285,500.69979560000013,1.1091941814372033
,vgg13_286,265.3400454,0.49593843994848397
,vgg13_287,220.09899349999998,0.2733792955420508
,vgg13_288,642.8568563,0.3392152780531276
,vgg13_289,950.982786,0.4250251643429873
,vgg13_290,745.6450475000001,0.555960502419559
,vgg13_291,183.754168,0.7573711808835251
,vgg13_292,174.742525,0.9162594963012093
,vgg13_293,166.95053160000003,0.21424138355515965
,vgg13_294,229.95707140000005,0.28205082311484675
,vgg13_295,367.39118549999995,0.5804468001292529
,vgg13_296,285.89545599999997,0.4793388974455639
,vgg13_297,975.6441966,1.3390833063514083
,vgg13_298,537.3168136,0.6385261927899427
,vgg13_299,721.8138886,0.9681078744520624
,vgg13_300,383.4606478,0.397571936538656
,vgg13_301,709.3322507999999,1.3824170378589091
,vgg13_302,457.3074675,0.4078643209209746
,vgg13_303,382.8880165999999,0.23401122192784432
,vgg13_304,392.4007482,0.8055558202683697
,vgg13_305,861.9346934,0.6724683791410538
,vgg13_306,468.305725,0.28813898359573337
,vgg13_307,287.11875410000005,0.15488401622268483
,vgg13_308,220.8574736,0.8533896571033086
,vgg13_309,272.98053569999996,0.327444261887865
,vgg13_310,740.7252871000002,0.754219473601833
,vgg13_311,843.7335922000001,0.8263804413961533
,vgg13_312,257.37710999999996,0.38879222561472493
,vgg13_313,669.2674554,1.3603836092827342
,vgg13_314,822.6013519999998,0.4859272450540509
,vgg13_315,751.5159175,1.2932635122781346
,vgg13_316,331.2436845000001,0.2880097923597806
,vgg13_317,446.3850989,0.601720130454725
,vgg13_318,313.19166920000004,0.6485164987832777
,vgg13_319,153.16727409999993,0.4433114059244386
,vgg13_320,805.4617545000001,0.6266487914835639
,vgg13_321,308.1505043,0.6121662245188562
,vgg13_322,400.1775139,0.5901764212169615
,vgg13_323,579.4993473000001,1.0181882245572031
,vgg13_324,796.6057068000001,0.9655170387340246
,vgg13_325,286.9410001,0.22894597414403553
,vgg13_326,418.4413411,0.5078443094852673
,vgg13_327,568.915592,0.644298742142904
,vgg13_328,502.79508050000004,0.5221857549527867
,vgg13_329,179.1893503,0.6394216079656265
,vgg13_330,595.018007,0.6451928533012221
,vgg13_331,713.8064525000001,0.4150029566938846
,vgg13_332,483.624457,0.614027016919075
,vgg13_333,246.3029584,0.9623588812870847
,vgg13_334,516.7649282,0.6669931742601818
,vgg13_335,218.5376281,0.5433248170346197
,vgg13_336,526.2331395,1.3686746925312387
,vgg13_337,269.8268450000001,0.2522306275865709
,vgg13_338,118.32043090000002,0.2208313441945292
,vgg13_339,206.95925069999998,0.2207154369315724
,vgg13_340,229.98980749999998,0.573936471506495
,vgg13_341,351.0963816000001,0.5664790002123224
,vgg13_342,368.3761243999999,0.33727721948064554
,vgg13_343,225.7948292,0.47013258800511104
,vgg13_344,266.2894005,0.618725626685878
,vgg13_345,803.0777022999999,0.8107613661043123
,vgg13_346,373.0409184,0.3698314035287121
,vgg13_347,176.68537540000005,0.32399574665843395
,vgg13_348,332.2487267,0.44457642260427527
,vgg13_349,305.4644904,0.27433459019854395
,vgg13_350,406.90485499999994,0.8741413945716185
,vgg13_351,616.0214785999999,2.897666668332104
,vgg13_352,347.6965624,0.6589752258607257
,vgg13_353,179.4707783,0.15644376078615532
,vgg13_354,479.52371380000005,0.8032717073487707
,vgg13_355,269.8877286,0.562278872927866
,vgg13_356,472.1559012999999,0.7603951798575064
,vgg13_357,311.65879409999997,0.9401474811707288
,vgg13_358,503.26204620000004,0.35555049777554193
,vgg13_359,278.4099067,0.8041223967775931
,vgg13_360,429.9943951000001,1.0580554297892368
,vgg13_361,241.61943,0.5014865550967795
,vgg13_362,487.01592739999995,0.813960494080786
,vgg13_363,702.5215513,0.7127334879337713
,vgg13_364,585.8175817,0.6749864001309358
,vgg13_365,398.839556,0.4297274213666204
,vgg13_366,437.71291460000003,0.6228443257845798
,vgg13_367,152.25398510000002,0.15576357482786118
,vgg13_368,385.4483633,0.6216810071081235
,vgg13_369,387.83154310000003,0.30974174195758064
,vgg13_370,596.3290962000001,1.1702296021760437
,vgg13_371,381.2753036,0.36851219221263554
,vgg13_372,443.25485720000006,0.573718850448716
,vgg13_373,160.00232079999998,0.27792806375106094
,vgg13_374,286.7060441,0.21669781121662965
,vgg13_375,386.5748674,0.5246881361617756
,vgg13_376,233.48078880000003,0.30844448014175835
,vgg13_377,246.67138370000004,0.7227045668913343
,vgg13_378,796.0663788,0.6564910827262617
,vgg13_379,310.91235775,0.6721241371161644
,vgg13_380,443.3167328,0.447397602958996
,vgg13_381,237.35587750000002,0.38485042342632486
,vgg13_382,203.73252439999996,0.2777105456905718
,vgg13_383,89.42873110000002,0.20595920627580308
,vgg13_384,453.9205056,0.5806095983081794
,vgg13_385,643.1854813000001,0.5668294764845561
,vgg13_386,807.5893591999999,1.1351718982181394
,vgg13_387,380.6132297000001,0.513557446187528
,vgg13_388,442.3933884,0.7263686056465823
,vgg13_389,189.68646489999998,0.13639716287139125
,vgg13_390,431.66021980000005,0.5065517791103354
,vgg13_391,950.9770367,0.6487332973024275
,vgg13_392,163.4038514,0.38413252592604713
,vgg13_393,450.96351379999993,0.24571736880503434
,vgg13_394,376.34871490000006,0.44896837861794836
,vgg13_395,343.92733880000003,0.2822085580173013
,vgg13_396,668.4355083999999,0.5889985609315702
,vgg13_397,130.4529316,0.08773067041266838
,vgg13_398,409.57210669999995,0.35079164053645484
,vgg13_399,362.89043409999994,0.3884577191547958
,vgg13_400,360.3965195,0.8158630756285664
,vgg13_401,282.89292249999994,0.3764868420139536
,vgg13_402,399.00734889999995,0.7479819438542173
,vgg13_403,601.5314675,0.4376986779007302
,vgg13_404,538.13345,0.3968571052179189
,vgg13_405,527.5686340999999,0.5941306294205472
,vgg13_406,893.9801795000001,0.8971372528521214
,vgg13_407,273.34640250000007,0.3496825160887334
,vgg13_408,834.7075828999999,1.5201666085489765
,vgg13_409,335.0699831,0.6268154762921959
,vgg13_410,866.0619091499999,0.6262922319942641
,vgg13_411,765.9908428,1.23986854064402
,vgg13_412,738.0707288000001,0.7285241530879693
,vgg13_413,391.50188330000003,0.6967093631930075
,vgg13_414,298.55670510000004,0.3580455218084427
,vgg13_415,206.30399900000003,0.928087328274645
,vgg13_416,396.0698127,0.4683785875549567
,vgg13_417,522.5922147,1.022061541798967
,vgg13_418,187.35074749999998,0.7230330874514468
,vgg13_419,215.57613890000002,0.43843963885632387
,vgg13_420,195.71906059999998,0.35151317545135535
,vgg13_421,550.8382672000001,0.7282908764463953
,vgg13_422,436.0166108,0.6533393605552182
,vgg13_423,1422.6364627000003,1.1742666145842435
,vgg13_424,632.3764148000001,1.3816375754566996
,vgg13_425,146.20532919999997,0.23766878258755164
,vgg13_426,461.9469589,0.5787268855459936
,vgg13_427,524.3006430999999,0.5751865201815022
,vgg13_428,262.9532098,0.5382356296777451
,vgg13_429,863.9175027,0.6380417054002356
,vgg13_430,296.8465651,0.14443537898689562
,vgg13_431,135.6176863,0.17412729607075575
,vgg13_432,813.3245951,0.5651272229173534
,vgg13_433,105.59422789999999,0.13121810546498025
,vgg13_434,569.7338808999999,0.3954273754811119
,vgg13_435,349.907347,0.585788907108781
,vgg13_436,197.7393906,0.366074225517493
,vgg13_437,497.26599339999996,1.4246508783547556
,vgg13_438,235.3886808,0.3924079051940252
,vgg13_439,892.0622831,0.5811194365727943
,vgg13_440,600.7641142,0.6546036822733673
,vgg13_441,658.5258913,0.5686789922226563
,vgg13_442,677.2691327000001,0.5436029008306811
,vgg13_443,608.5569214999999,0.837388666309707
,vgg13_444,238.7744408,0.5436464065809208
,vgg13_445,275.96640039999994,0.11113773491960192
,vgg13_446,294.90812109999996,0.7947755446492241
,vgg13_447,565.8366914,0.35155746066584465
,vgg13_448,203.520656,0.6518511978324236
,vgg13_449,924.7675465,1.2846815842156185
,vgg13_450,528.2918288000001,0.7736859977588793
,vgg13_451,315.5806383,0.4845109197419204
,vgg13_452,467.5224649,0.7491511660690048
,vgg13_453,496.566238,1.3356487698239987
,vgg13_454,522.2684319000001,0.5313093027341343
,vgg13_455,446.7141185,0.6364547805656501
,vgg13_456,301.8382699,0.13000256031904384
,vgg13_457,255.14780386000004,0.3369566976281383
,vgg13_458,631.9463669999999,1.0487243157856492
,vgg13_459,558.3529085000001,1.6467132482001496
,vgg13_460,1038.0215438999999,1.288510104659404
,vgg13_461,303.163363,0.5920491088628219
,vgg13_462,795.8713883999999,0.8243812191482971
,vgg13_463,594.2789925,1.3635080920837712
,vgg13_464,802.3983193,1.0097674058083561
,vgg13_465,498.99092290000004,0.3982431428001582
,vgg13_466,177.90349120000002,0.1502765081887908
,vgg13_467,136.73962980000002,0.2952619246795686
,vgg13_468,449.3076462000001,0.38530829962214547
,vgg13_469,574.0872506000001,1.1797873625534323
,vgg13_470,270.9366156,0.2631789675668953
,vgg13_471,670.2196867,1.765870429144583
,vgg13_472,579.4920176999999,0.5681269935848147
,vgg13_473,527.2177915999999,0.6392162779719356
,vgg13_474,828.6910389,0.4816099589553433
,vgg13_475,359.52640479999997,0.23361304345354095
,vgg13_476,247.5214048,0.7987306403567828
,vgg13_477,749.3303384,0.7829874604111414
,vgg13_478,487.2979595999999,0.49128356946369445
,vgg13_479,404.15432276999996,0.23706912834121838
,vgg13_480,254.1336884,0.32345636556376217
,vgg13_481,551.1544821,0.459158171408965
,vgg13_482,314.23819549999996,0.48887948160260136
,vgg13_483,205.66134240000002,0.5320526050676814
,vgg13_484,166.5126741,0.3349412965371642
,vgg13_485,343.2394100000001,0.32748109568786005
,vgg13_486,543.2687811999999,0.9004951983998966
,vgg13_487,414.42473120000005,0.6722403557180373
,vgg13_488,216.4231407,0.3091819220066923
,vgg13_489,326.0601797,0.927437325243239
,vgg13_490,304.1220631,0.42702207212387244
,vgg13_491,687.8457649,1.5330561388196593
,vgg13_492,738.5592309000001,0.5603111211124725
,vgg13_493,350.65874360000004,0.6225734055759045
,vgg13_494,562.8274963000001,0.44078076317208553
,vgg13_495,456.4562770000001,0.44297542810371693
,vgg13_496,508.647986,0.4265335269562148
,vgg13_497,481.1634917,0.8450514070641623
,vgg13_498,190.788047,0.26137224524248753
,vgg13_499,573.8611969,1.042953904356165
,vgg16_0,277.1800489,0.3275741905945126
,vgg16_1,381.7684597,0.47509476516202614
,vgg16_2,365.1920482,0.8193549428995133
,vgg16_3,351.0965056,0.3433796912061372
,vgg16_4,258.160867,0.4675692516092374
,vgg16_5,746.1437919999998,1.5587627242793523
,vgg16_6,308.78128200000003,0.18546987390779696
,vgg16_7,479.6877541,0.4891569148109572
,vgg16_8,739.3187091,1.099306174148955
,vgg16_9,535.6001388999999,0.640225280166257
,vgg16_10,232.97546300000002,0.17079018435132234
,vgg16_11,802.9512865000002,0.9317917282108747
,vgg16_12,1030.6103115,1.0544110708645542
,vgg16_13,572.6324905000001,0.7591581463697417
,vgg16_14,1145.7311931999998,1.0161811103561662
,vgg16_15,650.1111031999999,0.7512744118111905
,vgg16_16,1109.6163050000002,0.9825277050579614
,vgg16_17,335.1409152999999,0.6572266365483106
,vgg16_18,471.02931830000006,1.6219641761870363
,vgg16_19,373.3650952,0.4445221715794813
,vgg16_20,351.531421,0.5451776290481853
,vgg16_21,261.1044317,0.3782893540094843
,vgg16_22,407.86294890000005,0.6733694516598959
,vgg16_23,910.7814764000001,0.8733463320427043
,vgg16_24,1021.9481947,0.9958216791273555
,vgg16_25,638.0058055000001,0.8500770495442022
,vgg16_26,614.7824981,0.9394712821494747
,vgg16_27,161.05076920000002,1.052701224917034
,vgg16_28,245.312171,0.22490601971782295
,vgg16_29,508.2055422000001,0.7861559908152972
,vgg16_30,828.3633953999998,1.025678723722822
,vgg16_31,523.4874623000001,0.5710278718685192
,vgg16_32,752.0359030000002,0.3730457281993221
,vgg16_33,581.6099467,1.3285261492447393
,vgg16_34,602.8422116,1.9971497920024033
,vgg16_35,559.7943341,0.7295051872162774
,vgg16_36,351.2242036,0.6641583475117026
,vgg16_37,210.50172220000005,0.5934181893628889
,vgg16_38,613.1691323999999,0.3728409418138694
,vgg16_39,672.4641058999999,0.6546422449744062
,vgg16_40,371.35747820000006,0.2951928089818959
,vgg16_41,783.6632104000001,0.8476001978481043
,vgg16_42,1069.0875779000003,1.135471957830241
,vgg16_43,443.1713481,0.6712660172707183
,vgg16_44,511.27556410000005,0.41826999483765037
,vgg16_45,436.8063540000001,2.383248595913493
,vgg16_46,459.8747875,0.6147731766671128
,vgg16_47,347.15145999999993,0.7508095765990469
,vgg16_48,293.87093719999996,0.4213197278159733
,vgg16_49,858.3365834000002,0.9804484946766802
,vgg16_50,352.95198590000007,0.6364936863465118
,vgg16_51,372.86736,0.4714451203419042
,vgg16_52,711.5934782,0.9237975675161342
,vgg16_53,802.5364254000001,0.9902356635779402
,vgg16_54,1049.720447,1.7616197870855916
,vgg16_55,191.78787909999997,0.29876153532903554
,vgg16_56,522.2733822999999,0.5380828215460048
,vgg16_57,477.06058559999997,0.37285243912452465
,vgg16_58,615.8083385999998,0.5129232809845842
,vgg16_59,625.5044743999999,1.7222052791431328
,vgg16_60,485.96674750000005,1.2410758746307213
,vgg16_61,379.56869960000006,1.1518231121011795
,vgg16_62,657.6551588,1.1071227064561708
,vgg16_63,1038.4494371,0.7986759702738061
,vgg16_64,908.7531167,1.2738455305152918
,vgg16_65,364.28574779999997,1.038640891515407
,vgg16_66,629.7068115000001,1.3134064283729407
,vgg16_67,419.2941561999999,0.8382650352437585
,vgg16_68,680.5578713999997,0.5133326693019706
,vgg16_69,1299.9542855,1.6999494094917271
,vgg16_70,651.6242504,0.8053934297444463
,vgg16_71,772.6439774,1.5038859056490694
,vgg16_72,410.65968300000003,1.0108113145662252
,vgg16_73,502.8376383,0.498002193454289
,vgg16_74,1096.679612,1.2736237223369447
,vgg16_75,446.16358219999995,0.6262508074921184
,vgg16_76,881.0896913000001,1.5987832058177407
,vgg16_77,750.0910845,0.8763819705467868
,vgg16_78,639.7796784,0.4053425442881792
,vgg16_79,646.0427204999999,0.8708131497511555
,vgg16_80,771.1978556,0.6975028265542466
,vgg16_81,753.2366863,1.0398919557431965
,vgg16_82,695.4665646,0.4951165234536018
,vgg16_83,767.2896529,1.0070317669600721
,vgg16_84,593.4192084,0.8654622224464004
,vgg16_85,484.6106840999999,0.6193654587798718
,vgg16_86,575.3344303,0.580386970451426
,vgg16_87,688.8548168,0.7292740195595871
,vgg16_88,1187.2049375,1.0790236893397345
,vgg16_89,257.350888,0.511663543034964
,vgg16_90,1214.1565509999998,0.9073844863145385
,vgg16_91,177.34007929999999,0.4322927803289666
,vgg16_92,739.5600869400001,0.8682727034510895
,vgg16_93,393.647192,0.4958223391553557
,vgg16_94,581.8503676,1.1503356070928328
,vgg16_95,419.92602489999996,1.0456418580647244
,vgg16_96,270.61137019999995,0.867648162601859
,vgg16_97,474.48716110000004,0.847081299615228
,vgg16_98,493.139695,0.6086124143138248
,vgg16_99,323.0513368000001,0.35949335030868673
,vgg16_100,278.93264329999994,0.7300448365482958
,vgg16_101,1056.5622749999998,1.3787236498881161
,vgg16_102,645.7789650999999,0.4654488139107759
,vgg16_103,1000.8272797999998,1.5080044866494482
,vgg16_104,259.0036223,0.580393801558821
,vgg16_105,1246.1776569,1.4384377826583399
,vgg16_106,850.9639938,1.428073903288469
,vgg16_107,911.7807237000001,0.8747240763407947
,vgg16_108,586.0169666999999,0.8840610196962603
,vgg16_109,694.8673326,1.3984008974203859
,vgg16_110,504.2893243000001,0.5694469683718459
,vgg16_111,214.34920939999998,0.3211803665197711
,vgg16_112,483.29272329999986,0.6928540423439745
,vgg16_113,740.4523556,0.6097916615652456
,vgg16_114,546.4923754,0.5476339811585226
,vgg16_115,921.3089812999999,0.8713265223064242
,vgg16_116,359.0783781,0.5012851550558642
,vgg16_117,1026.3092855,1.7574355069014975
,vgg16_118,762.4833575000001,0.6174112433504766
,vgg16_119,568.2981622,1.0693197040666937
,vgg16_120,529.9625723,0.6570102910934215
,vgg16_121,309.21028859999996,0.54831407461773
,vgg16_122,616.8403532,0.3454984662710239
,vgg16_123,270.3973603,0.6033712999231495
,vgg16_124,621.8991699,0.7055095992745619
,vgg16_125,1088.9273276,1.0148975126693254
,vgg16_126,222.4368885,1.04413584070466
,vgg16_127,177.6515405,0.5074397653405381
,vgg16_128,502.55535870000006,0.7289028021113879
,vgg16_129,640.9441598999998,0.6999030099698004
,vgg16_130,333.9701713,0.46987134603901465
,vgg16_131,741.1813982000001,0.6883075407582017
,vgg16_132,454.90240950000003,1.049791480252304
,vgg16_133,328.70487190000006,0.41360432967410693
,vgg16_134,684.263403,0.5931492459560416
,vgg16_135,680.2231628,1.1488111859729087
,vgg16_136,434.6340678,1.0924422220274774
,vgg16_137,799.0105165999998,1.1203250984636508
,vgg16_138,894.0595988,1.1189316246708338
,vgg16_139,362.0653093,1.0632340588031641
,vgg16_140,494.3886917000001,0.7386253719808127
,vgg16_141,770.2908095,1.0959396184106915
,vgg16_142,607.8810960999999,0.5680762079042637
,vgg16_143,651.4746474000002,1.0532090812737072
,vgg16_144,930.1946828000001,0.6975696886337955
,vgg16_145,816.2263188,1.0592333591007848
,vgg16_146,919.3690509,1.4046748501592463
,vgg16_147,619.9736534,0.6703520131399757
,vgg16_148,628.4354568000001,1.0151181118203898
,vgg16_149,432.1476317,0.5467052735976545
,vgg16_150,775.1509173,0.6931936661502142
,vgg16_151,465.57595900000007,0.5095443660308295
,vgg16_152,1056.5641698000002,1.3376535831091105
,vgg16_153,196.23983600000003,0.8521079450804854
,vgg16_154,803.9018215,0.7228305574855243
,vgg16_155,578.2963235000001,1.1485577723101712
,vgg16_156,506.30470799999995,1.557033861810396
,vgg16_157,445.62945719999993,0.49945512369001543
,vgg16_158,212.09456129999998,0.6799545433062052
,vgg16_159,625.1308913000001,0.631827547207562
,vgg16_160,874.6630046,1.2555852074600098
,vgg16_161,681.86776926,0.7818530681777133
,vgg16_162,832.4432346,0.5111906341818868
,vgg16_163,1026.2612935999998,0.8302434256647085
,vgg16_164,386.43404680000003,0.4419484668438078
,vgg16_165,643.8677747,0.740925204666613
,vgg16_166,513.6335099,0.4445717682221967
,vgg16_167,177.78710530000004,0.4324464981285288
,vgg16_168,535.5605983,0.8968220238908186
,vgg16_169,1503.8046248,1.4480187026584028
,vgg16_170,354.43811129999995,0.5880964291183894
,vgg16_171,507.1537909999999,0.7161308638473804
,vgg16_172,780.8611384999998,0.6109895729040411
,vgg16_173,1332.1073008,1.4059618628940558
,vgg16_174,626.0467815000002,0.334687505628709
,vgg16_175,564.3499273,0.7359415957120591
,vgg16_176,713.8700295,0.9311009207193086
,vgg16_177,973.2370733000001,2.718095699566014
,vgg16_178,403.7822211000001,0.3970600016229945
,vgg16_179,844.8446878999999,0.9474732544372264
,vgg16_180,781.4209792000001,0.7366883709267599
,vgg16_181,855.3392491000001,1.2111674940650872
,vgg16_182,483.55957599999994,0.7675811920330807
,vgg16_183,369.49129369999997,1.2888244638719604
,vgg16_184,754.8358517,0.7775470415051119
,vgg16_185,437.0574681000001,0.5365523655636396
,vgg16_186,577.4766722999999,1.2113145022940994
,vgg16_187,674.9878575000001,0.6559159633888159
,vgg16_188,786.9493834,0.6065678899492166
,vgg16_189,1088.3197402,1.878329811990812
,vgg16_190,505.91465289999996,0.8088892854869129
,vgg16_191,544.3357049,1.5142918897675575
,vgg16_192,409.58963700000004,0.8440228440788055
,vgg16_193,808.7865682,1.0569754320557738
,vgg16_194,242.0897244,0.8335592897583239
,vgg16_195,623.4484395999998,1.0059920619904592
,vgg16_196,366.9040815,0.658459801409795
,vgg16_197,570.7080030000001,1.0764512160997348
,vgg16_198,972.7329009,1.111023868651272
,vgg16_199,504.44162719999997,1.2367486046539748
,vgg16_200,774.2296516000001,1.460764349898031
,vgg16_201,207.99743949999998,2.2841003918448046
,vgg16_202,618.6769676,0.7498776411785031
,vgg16_203,308.04565080000003,0.6352392729440128
,vgg16_204,648.8203175000002,0.5314511785423822
,vgg16_205,938.7242228,3.005004865309063
,vgg16_206,560.7247812999998,0.9933056216318707
,vgg16_207,257.58585439999996,0.4117842904545669
,vgg16_208,414.8533371,0.5466944040074576
,vgg16_209,315.25556229999995,1.09126860526452
,vgg16_210,861.4213564,0.7913799953930554
,vgg16_211,489.5875450000001,0.8508794137308203
,vgg16_212,156.1478121,0.5038824594144394
,vgg16_213,623.0100130000001,0.8343560520180795
,vgg16_214,632.1379295000002,1.1792932611395732
,vgg16_215,497.44700860000006,1.1483637731432368
,vgg16_216,783.2721258999999,0.906571890061943
,vgg16_217,893.5091977000001,0.9769829786971973
,vgg16_218,262.09986599999996,0.6551044964838661
,vgg16_219,279.0144968000001,0.6318105547054926
,vgg16_220,883.8526980999999,0.7485718529528248
,vgg16_221,605.9616903,0.955723297081584
,vgg16_222,585.1727719999998,0.6970023752709951
,vgg16_223,361.0263196,0.3153232776111645
,vgg16_224,536.5917080999999,1.4878655360874613
,vgg16_225,457.3449542,0.530398271530618
,vgg16_226,282.36394590000003,1.2561037030930662
,vgg16_227,578.2140024,0.421637296956275
,vgg16_228,849.1336375999998,0.9354897591535978
,vgg16_229,985.4954001000002,0.7969382189171736
,vgg16_230,456.9253772,0.4020156913718795
,vgg16_231,830.7744434,0.9286318592977285
,vgg16_232,747.9163297,0.9623094798232129
,vgg16_233,387.6863557999999,0.5443795305960955
,vgg16_234,425.4148888,0.8579325576292068
,vgg16_235,324.22936200000004,0.8798809176884211
,vgg16_236,611.9202020000001,0.3102410274480741
,vgg16_237,401.6262772,0.5533711576451326
,vgg16_238,939.4144670000001,1.5670292517153441
,vgg16_239,1038.6912501000002,1.359806716979159
,vgg16_240,659.1426775,0.9213092743625098
,vgg16_241,872.1867432999999,0.5540148121544521
,vgg16_242,853.4978116999999,1.3916266352324242
,vgg16_243,481.2593995,0.6903563869001543
,vgg16_244,1354.7781127999997,1.553112978504194
,vgg16_245,719.266462,0.6877128220278428
,vgg16_246,434.1950523000001,1.2096463352434816
,vgg16_247,253.30923840000005,1.2092333602659373
,vgg16_248,750.7108824,0.47450148559099103
,vgg16_249,639.4620468000002,0.8099103478406162
,vgg16_250,860.8677558,0.9915380557249704
,vgg16_251,1161.8538466,1.7880264774102725
,vgg16_252,578.5117996000002,0.6579094378179822
,vgg16_253,572.2360143,0.9678324642033914
,vgg16_254,293.53317569999996,0.7936059669276374
,vgg16_255,579.21607821,0.8999577038845351
,vgg16_256,1250.5892212,1.7145081345110424
,vgg16_257,471.3363409,0.36850614581195734
,vgg16_258,1257.4261641,1.2731259376682198
,vgg16_259,385.4823266,0.9619211713674098
,vgg16_260,521.7914738999999,1.3469839454881563
,vgg16_261,810.6910075000001,0.8689961152990311
,vgg16_262,674.1918489000001,1.0829315849762196
,vgg16_263,239.67407649999996,0.2834459858753731
,vgg16_264,602.3582921000001,0.45387093851057364
,vgg16_265,881.2457740000002,1.643652607509863
,vgg16_266,610.0240387,0.845516501813145
,vgg16_267,835.0007886000001,1.718419278669263
,vgg16_268,161.3453703,0.3243207108283248
,vgg16_269,309.8700448000001,0.8222696613802207
,vgg16_270,715.2973450000001,0.511057771561335
,vgg16_271,93.28900449999999,0.11808108171817812
,vgg16_272,473.98478159999996,1.0451288778938246
,vgg16_273,413.8673554999999,0.6895496196376395
,vgg16_274,471.32534289999995,0.45038371010246264
,vgg16_275,602.3228584,0.5472014946121331
,vgg16_276,1429.2416664000002,1.231509561610152
,vgg16_277,803.4040552000001,0.9816931729639465
,vgg16_278,934.8464086,1.43409472832568
,vgg16_279,746.6698261,0.8094742042800867
,vgg16_280,663.360357,1.2267594257287489
,vgg16_281,648.7851744,1.388900469841556
,vgg16_282,403.1214487,0.8085269959278684
,vgg16_283,822.8261267999999,1.3413436598741748
,vgg16_284,982.5508216,1.2243785189863055
,vgg16_285,404.3816451999999,1.0895798011268212
,vgg16_286,568.8217080000001,0.8204620170220087
,vgg16_287,692.3475378,1.2097950721264543
,vgg16_288,441.2363502999999,0.8647038035700545
,vgg16_289,557.4828722000002,1.1629145569335428
,vgg16_290,706.8484911,0.72205099467143
,vgg16_291,1111.0732621999998,0.5958389732346521
,vgg16_292,639.0966539,0.36721296606223275
,vgg16_293,283.1712334999999,0.3642935049661856
,vgg16_294,296.57503650000007,1.243643332710019
,vgg16_295,776.5414843000001,0.6319249666467703
,vgg16_296,650.8760293999998,0.823234381701481
,vgg16_297,347.85200829999997,0.6840539047851929
,vgg16_298,237.3725306,0.42557381166854347
,vgg16_299,584.9866334000001,0.9921750202673014
,vgg16_300,506.4848548,0.5581899381417638
,vgg16_301,454.38761059999996,0.3870274735103171
,vgg16_302,1015.0548255000001,1.0775419140438276
,vgg16_303,293.5560878999999,0.47252653281119306
,vgg16_304,563.6891193,1.040297516557913
,vgg16_305,239.73596650000002,0.3640160262621313
,vgg16_306,234.55667426,0.5945184492812606
,vgg16_307,654.0750334999999,0.9359052730547679
,vgg16_308,692.2506840000001,0.5477622516345669
,vgg16_309,522.9462895999999,0.4755814588393364
,vgg16_310,978.5467776999999,0.7354918335822812
,vgg16_311,550.9956356000001,0.6955989435772069
,vgg16_312,398.3596708,0.39656862630546763
,vgg16_313,207.67984510000002,0.10722804889524651
,vgg16_314,476.51280910000014,0.6676804233975967
,vgg16_315,490.5999606,0.7307954110214978
,vgg16_316,1388.1965847000001,1.7584229559237694
,vgg16_317,730.0821905,0.8614040376197706
,vgg16_318,370.1726643,0.8743890112433216
,vgg16_319,638.2331354999999,0.8018238727856081
,vgg16_320,416.61625569999995,0.6297630138963575
,vgg16_321,698.0923137999999,1.321510406970074
,vgg16_322,511.3544212,0.6574382337454789
,vgg16_323,788.5095730999999,0.8989112161167704
,vgg16_324,745.8814635,0.622661401615514
,vgg16_325,320.39233240000004,0.32865999360089904
,vgg16_326,430.23048230000006,0.3009934531937231
,vgg16_327,370.7032681,0.7600630008343958
,vgg16_328,661.293212,0.3740526820712585
,vgg16_329,450.6043541,0.9110511565071244
,vgg16_330,676.8577969000002,0.9386495731394283
,vgg16_331,316.15929370000003,0.6352546147138203
,vgg16_332,743.6524491,1.1959559932937318
,vgg16_333,480.8065329,1.0909512293557904
,vgg16_334,1120.4134465999998,1.2139260637800857
,vgg16_335,414.1901857000001,0.4573995480794719
,vgg16_336,287.12431230000004,0.464447520735942
,vgg16_337,961.7065355999999,1.6149551783472544
,vgg16_338,572.9884665,1.541165583694579
,vgg16_339,481.01278489999993,1.3901861488809126
,vgg16_340,645.5759226,1.0811410629204803
,vgg16_341,411.13808299999994,0.528883749457165
,vgg16_342,465.9099767,0.9939484276578868
,vgg16_343,870.9456742,1.3092594373567288
,vgg16_344,390.82351469999986,1.0727872886226666
,vgg16_345,1282.1720384000005,0.5752217842022156
,vgg16_346,236.75706960000005,0.30454432783894186
,vgg16_347,625.3857969999999,0.9125624862427166
,vgg16_348,746.9667784000001,0.8961290986588781
,vgg16_349,313.80925670000005,0.4538419294592431
,vgg16_350,655.7163641,0.673611027104445
,vgg16_351,461.8195939,0.4323884785840303
,vgg16_352,1032.1028841,0.5126020285726293
,vgg16_353,698.2754766999999,0.8059678354037505
,vgg16_354,400.2779922,0.4746538642259678
,vgg16_355,802.1116215999998,0.23833905973438058
,vgg16_356,577.8549587000001,0.6612153863460741
,vgg16_357,1226.4022742,1.04954964396732
,vgg16_358,517.6172813,0.42325687190497535
,vgg16_359,915.8047022999998,1.146191541726497
,vgg16_360,690.0108818999998,0.5104328708327501
,vgg16_361,749.0208907,1.0493662347316315
,vgg16_362,1363.5103222999999,1.0939117403487588
,vgg16_363,759.8492719,0.8405577633294046
,vgg16_364,529.7534946,0.9301039844123159
,vgg16_365,277.3367484,0.40580431483670265
,vgg16_366,812.1102881,0.6253603797743676
,vgg16_367,563.9662119,0.6960487336519788
,vgg16_368,1127.5979878,1.2325432755788621
,vgg16_369,1439.2770558,1.706161868443371
,vgg16_370,496.5210648000001,0.7396655708621203
,vgg16_371,625.7292505,0.5704811864090564
,vgg16_372,490.93104550000004,1.1685367014598111
,vgg16_373,314.85711130000016,0.3685549829888086
,vgg16_374,291.73006289999995,0.3627875913508944
,vgg16_375,464.2185986,0.6806517024984275
,vgg16_376,191.6123265,0.5755112820893631
,vgg16_377,253.55980010000002,0.4414730638162573
,vgg16_378,1191.414965,0.9818296969416247
,vgg16_379,964.8939773999999,1.100623878278662
,vgg16_380,667.3661050000002,0.6178808755262384
,vgg16_381,455.4729527,1.0156840029061818
,vgg16_382,1012.7168304,1.070292849136497
,vgg16_383,741.9146514,1.4177857403483314
,vgg16_384,371.65389020000003,0.6370453552411806
,vgg16_385,525.0631018999999,1.5785828141195872
,vgg16_386,416.4553915000001,0.429590109505429
,vgg16_387,398.41954129999993,0.4600038516930648
,vgg16_388,473.3190704,1.1178066852253792
,vgg16_389,469.707629,0.5675259467495324
,vgg16_390,756.2218330000001,1.2569288837079926
,vgg16_391,535.4598864999999,0.588848844646459
,vgg16_392,404.67113549999993,0.6760218608875919
,vgg16_393,992.2980169,1.0630807169140761
,vgg16_394,831.5427185,0.9547013531495325
,vgg16_395,684.808972,0.8279462370539488
,vgg16_396,567.7394165,0.54928952482939
,vgg16_397,641.0172714,1.5676553292507727
,vgg16_398,527.8561632,0.7448635845388554
,vgg16_399,586.1437646,0.7859910814627258
,vgg16_400,569.3502983,1.281525223325624
,vgg16_401,220.52359019999997,0.4960902249777121
,vgg16_402,889.4005285000002,1.0783140602168368
,vgg16_403,1372.6241608999997,1.5823407053038274
,vgg16_404,619.3067382,0.7869254500851303
,vgg16_405,848.3147746999998,1.4084536408020407
,vgg16_406,436.95783719999986,0.6389781517040574
,vgg16_407,577.657248,0.8758977547559884
,vgg16_408,735.2533829999999,0.9121692900183654
,vgg16_409,341.08672227999995,0.5426681472467304
,vgg16_410,1077.4966737999998,1.229760113762567
,vgg16_411,211.11828309999999,0.30087489125918176
,vgg16_412,458.0296544,0.4989500376981657
,vgg16_413,473.75077559999994,0.416158575607157
,vgg16_414,309.47626199999996,1.2162820463186574
,vgg16_415,859.0244488999999,1.0886292153104582
,vgg16_416,1115.8155827000003,1.3639239916687058
,vgg16_417,697.6803612,0.9446651467137952
,vgg16_418,1123.7686886999998,1.521387438984639
,vgg16_419,1057.0397945000002,1.3274474457009457
,vgg16_420,471.4610054,0.5843809395314697
,vgg16_421,409.1820877,1.2351332861717144
,vgg16_422,293.41316429999995,0.3972546486978682
,vgg16_423,522.1617248999999,0.6686653705001826
,vgg16_424,961.1726041999999,1.21873865224584
,vgg16_425,789.2008344999999,1.1964612937463819
,vgg16_426,561.9894389000001,0.6304633109311607
,vgg16_427,307.16437189999994,0.39346190403839904
,vgg16_428,425.8866868,0.5186844909766228
,vgg16_429,561.4294273,0.8040656738903079
,vgg16_430,549.5446838999999,0.7432610672730943
,vgg16_431,435.6071486,0.6712950389116515
,vgg16_432,343.9129747,0.49758360834701093
,vgg16_433,715.2133051,1.236546859925432
,vgg16_434,583.1780385,1.4282991293218745
,vgg16_435,1120.2485172,1.508258412201387
,vgg16_436,504.52591170000005,0.3187258555971624
,vgg16_437,411.2240348,0.5440653546148191
,vgg16_438,1090.7422642000001,0.7940375760715581
,vgg16_439,634.1139936999999,0.7928851544035874
,vgg16_440,742.0123469,1.6914201310228665
,vgg16_441,460.39038279999994,0.527116553782096
,vgg16_442,776.5102114,0.8539058068935708
,vgg16_443,285.91166480000004,0.35574547936593637
,vgg16_444,450.03324380000004,0.7763431699214521
,vgg16_445,595.4226361,0.5134185109272649
,vgg16_446,457.8290511,1.4578635395159147
,vgg16_447,304.4419423,0.8052536754026212
,vgg16_448,1580.0710888199999,1.6331240926416866
,vgg16_449,658.5444971,0.5268994926061242
,vgg16_450,417.6630901,0.5636253040090005
,vgg16_451,682.0274962999999,0.8255508129439512
,vgg16_452,422.55754880000006,1.4701109289234386
,vgg16_453,485.6449194,0.7443590495802433
,vgg16_454,693.0700272,0.6997173342893445
,vgg16_455,266.8112775,1.5089705933356734
,vgg16_456,482.6824059000001,1.4661748915874822
,vgg16_457,354.4657068,0.4718262437100327
,vgg16_458,595.5822059000001,0.9411624624000432
,vgg16_459,941.3808824,2.20094538210296
,vgg16_460,708.6537268,0.9955848401498171
,vgg16_461,470.8014050000001,0.5713264402526387
,vgg16_462,366.63441840000013,0.8394082160885874
,vgg16_463,677.1045689000001,0.9556082150546925
,vgg16_464,270.3443656999999,0.1902829338139929
,vgg16_465,927.9826160000002,0.5938707047720673
,vgg16_466,1081.2013338,1.323291054387818
,vgg16_467,765.1010895,1.2066424445990414
,vgg16_468,475.99276910000003,0.7303787302116255
,vgg16_469,651.8757793,1.1741881471370712
,vgg16_470,240.4939909,1.5424922563471486
,vgg16_471,661.4070742,1.211057642953121
,vgg16_472,703.5220519999999,0.28257716171347197
,vgg16_473,582.1581622,0.6042166999036358
,vgg16_474,422.23422939999995,0.5299336212708889
,vgg16_475,357.2678405000001,0.3837841163695642
,vgg16_476,542.2300124,0.761713810491677
,vgg16_477,757.5390798,0.9580813369385542
,vgg16_478,556.0771053999999,0.5887055032167388
,vgg16_479,632.4434479999999,1.1458524385188518
,vgg16_480,309.60050620000004,0.6169125543889177
,vgg16_481,497.4693446,0.6178851770014099
,vgg16_482,343.25806610000006,0.6685704827890336
,vgg16_483,776.4131333,1.3864135814927125
,vgg16_484,455.94557009999994,0.29282664651701196
,vgg16_485,949.375377,1.0549501565888488
,vgg16_486,485.34008199999994,1.2709123594777072
,vgg16_487,474.8508537,0.383768404786232
,vgg16_488,628.5622442999999,1.1565316228566611
,vgg16_489,381.6973504,0.255999476431566
,vgg16_490,872.5684216,1.0600284394508739
,vgg16_491,867.7977564000001,0.8840965054808358
,vgg16_492,620.5230697000001,1.4200762641649098
,vgg16_493,698.7261732999999,1.2155544377952563
,vgg16_494,312.65970210000006,0.43323176455800916
,vgg16_495,652.0303591,0.4613207284747349
,vgg16_496,142.64260000000002,0.2522367693235112
,vgg16_497,325.4828274999999,0.3268909638809859
,vgg16_498,769.9199734,1.1201951427928791
,vgg16_499,596.0399216000001,0.8091750494856197
,vgg19_0,356.4481294,0.3690053516435143
,vgg19_1,701.1516961,1.070159363074181
,vgg19_2,224.2696597,0.40429567889177065
,vgg19_3,753.2939513,0.7382603630848644
,vgg19_4,721.4890298,1.6560314692175695
,vgg19_5,426.20624779999997,1.160483507911504
,vgg19_6,316.6834763,0.6592300364631615
,vgg19_7,662.0206915000001,0.6722434422452681
,vgg19_8,959.3156310000003,1.6307186648711205
,vgg19_9,772.3713969000001,1.2671325628526502
,vgg19_10,1127.9210197999998,1.543647669971348
,vgg19_11,1052.7792767999997,1.4182776530115975
,vgg19_12,1044.4547877999998,1.5059632256903728
,vgg19_13,1745.8364830000003,1.7783582015641313
,vgg19_14,607.0183562999999,0.6036326085359868
,vgg19_15,565.1175293999999,0.8503515400375893
,vgg19_16,345.120764,1.038377101842243
,vgg19_17,835.0474196,0.4112396750448821
,vgg19_18,448.8877498000001,0.9286094300652908
,vgg19_19,1249.4135235,1.4563137286535106
,vgg19_20,893.0270267,0.8608951928388923
,vgg19_21,568.3556071999999,0.6520386605211207
,vgg19_22,465.6861851,1.6290180119373456
,vgg19_23,886.6189402,1.7714594827327368
,vgg19_24,715.7421394999999,0.953179485603504
,vgg19_25,996.8907763,1.0186146802755385
,vgg19_26,509.06962190000013,0.7293165768800729
,vgg19_27,265.6584671,0.9310544920070284
,vgg19_28,1336.6428113999998,1.9720115226848758
,vgg19_29,447.2958293,0.7718223812079592
,vgg19_30,591.9555846,0.7061628433260788
,vgg19_31,915.3108049,1.6444160724416172
,vgg19_32,563.8873547999999,1.8218445999550539
,vgg19_33,780.9812277999999,0.725930649366032
,vgg19_34,780.9839210000001,0.8292716979154009
,vgg19_35,517.9696243000001,0.6900212709430409
,vgg19_36,451.3632757999999,0.7113056002752596
,vgg19_37,587.721935,0.9386563523808916
,vgg19_38,500.7971056,0.8050390940970151
,vgg19_39,960.8203997999999,1.2460401699386519
,vgg19_40,614.2968007999999,0.8179445602550268
,vgg19_41,568.8211388000001,1.196159475261782
,vgg19_42,685.431865,0.9900255448887604
,vgg19_43,835.4619737000002,0.9482866522501294
,vgg19_44,910.9432952000002,1.6041380641748453
,vgg19_45,1145.9509990000001,1.1919774657246687
,vgg19_46,672.76709726,0.7165082071670229
,vgg19_47,1070.3333940999999,1.1176055315693851
,vgg19_48,514.8860902,0.70585190818546
,vgg19_49,809.2404033999999,1.3565303822606563
,vgg19_50,447.17477970000004,0.8751317409013009
,vgg19_51,530.8967495,0.5252644621144622
,vgg19_52,848.0295559999998,0.8771853989439639
,vgg19_53,1220.7747394000003,0.8149168382333525
,vgg19_54,347.00713509999997,0.859947755335909
,vgg19_55,1030.0488072999997,0.962162398116195
,vgg19_56,1374.3400601000003,1.2919076455191392
,vgg19_57,1443.1276984,1.7623170138016835
,vgg19_58,669.2113471000001,0.652668073683408
,vgg19_59,1433.2908058000003,1.4939400747565892
,vgg19_60,1329.2822268,2.304120659513772
,vgg19_61,1127.0259465,1.8482195041026974
,vgg19_62,278.35312539999995,0.6282460799029945
,vgg19_63,521.4250574000001,0.7374470707545123
,vgg19_64,577.8567518999997,0.8417600538549133
,vgg19_65,647.2278808999998,0.44359690158464343
,vgg19_66,748.7084277,1.630921072493841
,vgg19_67,1246.3257268999998,0.9530363335836113
,vgg19_68,856.4272745999999,1.5925470635354078
,vgg19_69,529.6441255,1.3226398072263708
,vgg19_70,1261.8450675000001,1.446254253022455
,vgg19_71,504.50968589999997,0.7108751296288115
,vgg19_72,774.4701706999999,0.9860792502793901
,vgg19_73,906.6722834999999,1.2165736882953484
,vgg19_74,1092.8136520000003,0.6620571179376866
,vgg19_75,953.5149618,0.6464259909833788
,vgg19_76,399.42039880000004,0.9117375441336925
,vgg19_77,868.8701722000001,1.2391441244544983
,vgg19_78,458.05363710000006,0.7156336679445398
,vgg19_79,938.0141509999999,0.9248978751373146
,vgg19_80,327.80374580000006,0.7712918995201273
,vgg19_81,638.1216032,0.4976371702526722
,vgg19_82,1063.5072243999998,1.0472270855129913
,vgg19_83,853.8902462,1.2140127112123744
,vgg19_84,902.1544103999998,1.1708598259126162
,vgg19_85,850.5116122000001,0.5254907704464943
,vgg19_86,803.9426106,0.5179831666171987
,vgg19_87,1249.2632777,0.9967016484789858
,vgg19_88,1120.3620343000002,1.0429398789267095
,vgg19_89,932.1448669000001,0.5139888285014613
,vgg19_90,466.4606519000001,0.4599475488046665
,vgg19_91,668.6595408999999,0.8420486791244569
,vgg19_92,578.4488443,0.694165024996691
,vgg19_93,270.39475949999996,0.6686345070674862
,vgg19_94,1399.0713345,1.5246676336028977
,vgg19_95,411.76984319999997,0.4407739793791873
,vgg19_96,334.9798502999999,0.4653080123919706
,vgg19_97,589.4715352999998,0.7642539438328225
,vgg19_98,987.1935999,0.9483705709027379
,vgg19_99,647.5901571,0.7216685714018597
,vgg19_100,566.5840214000001,0.6911975995896357
,vgg19_101,348.75046790000005,0.43044879920509915
,vgg19_102,415.2653183999999,0.8540631431486101
,vgg19_103,812.8739893000002,0.9687202521993562
,vgg19_104,720.2767273999999,0.5880263786412211
,vgg19_105,515.6266871000001,0.7496046959988414
,vgg19_106,568.7075969,1.4542406777233416
,vgg19_107,811.0913926999998,1.2718421441109642
,vgg19_108,513.183664,0.654562915609164
,vgg19_109,930.4935078999999,1.0999290395290366
,vgg19_110,798.2350435,0.9166278613660649
,vgg19_111,1055.0558125999999,1.4635701371524905
,vgg19_112,696.6380524999998,1.2177504689699952
,vgg19_113,916.6375212999999,0.778911390198792
,vgg19_114,793.0051084999998,0.5135944738177863
,vgg19_115,924.636543,0.9751817772977559
,vgg19_116,281.7989136,0.3145379024919091
,vgg19_117,477.79992809999993,0.8596320567720186
,vgg19_118,652.7892083,0.9930277224776287
,vgg19_119,666.127012,1.358034642144952
,vgg19_120,1160.2790201,1.1247662713495028
,vgg19_121,890.8569561,0.9393278205703511
,vgg19_122,550.5732605999999,0.6229038911253172
,vgg19_123,1147.8160612,2.0664930074957986
,vgg19_124,362.3017642,0.6306838983060402
,vgg19_125,690.1649689999999,1.2541632989037539
,vgg19_126,1039.4234979999999,1.6554882648825555
,vgg19_127,1153.0209976599997,1.090073924567077
,vgg19_128,1116.0827085,1.825988627367054
,vgg19_129,845.7906565999999,0.8568310207570272
,vgg19_130,423.2629211999999,0.9192682215838722
,vgg19_131,317.2251193,0.28800199796357945
,vgg19_132,590.7331701,1.4068869901573426
,vgg19_133,561.5201423999998,0.5026329880819326
,vgg19_134,851.4585648,1.3548667888563108
,vgg19_135,976.7688905,0.5887410658566187
,vgg19_136,1218.7990320000006,0.818666471794973
,vgg19_137,592.799406,1.3672730323430478
,vgg19_138,828.6069057999999,0.532070111998581
,vgg19_139,221.5011533,0.4103392319842509
,vgg19_140,574.5184321999999,1.0170554267046512
,vgg19_141,855.6433169999999,0.6671542411933717
,vgg19_142,579.6747402999999,1.1240375862112262
,vgg19_143,998.2839714999999,1.028198108074858
,vgg19_144,1348.3591800000002,1.6361508681300985
,vgg19_145,1204.0555138,1.336308360445272
,vgg19_146,1119.4377685000002,1.3335833357321525
,vgg19_147,1241.6010532999999,1.5327513300950941
,vgg19_148,379.07485340000005,1.3294326549885493
,vgg19_149,695.005597,0.7447693376302037
,vgg19_150,185.561833,0.33382829800824004
,vgg19_151,1099.0637470999998,1.0262833078452553
,vgg19_152,1049.5534858,1.3990338277459649
,vgg19_153,1498.6962961999998,1.958090953592921
,vgg19_154,648.4388514999999,0.5799041165679685
,vgg19_155,654.2998695999999,0.9627126266895388
,vgg19_156,910.1856002000001,1.1460902694471429
,vgg19_157,1223.0125874999997,1.5338931914644451
,vgg19_158,657.5056909,0.5511758969465851
,vgg19_159,881.6692942,0.9216212334364843
,vgg19_160,670.4108821000002,0.7775730673143414
,vgg19_161,968.7561605999999,0.8872519791883011
,vgg19_162,407.18364670000005,0.7208869991729604
,vgg19_163,735.3072802999999,0.8953068450636389
,vgg19_164,703.4836693,0.5911901202127365
,vgg19_165,826.8048477999998,0.7315153530031858
,vgg19_166,597.3636532999999,1.324890514930025
,vgg19_167,1082.8166422,1.1647350673672086
,vgg19_168,867.4870521,1.3215234698709701
,vgg19_169,506.30047490000004,0.5892557399406224
,vgg19_170,680.0981252,0.8204032321794634
,vgg19_171,689.3750782,1.063896516303679
,vgg19_172,927.1396343000001,1.476193742946335
,vgg19_173,453.81795579999994,0.410451291890763
,vgg19_174,571.8679864,0.8999319335131072
,vgg19_175,730.2048566999999,1.0831587557491489
,vgg19_176,441.87905390000003,0.4413485494798323
,vgg19_177,685.5258725,1.2346014998184403
,vgg19_178,1042.422097,1.5727037508542043
,vgg19_179,784.6147617999999,2.0655860358119553
,vgg19_180,600.8603641000003,0.6390385325867339
,vgg19_181,431.851929,1.0619697310903429
,vgg19_182,496.15957320000007,0.4610395926856312
,vgg19_183,803.3331898000001,0.9707432996641141
,vgg19_184,402.54111869999997,0.3874779681803336
,vgg19_185,797.4835448999999,1.2129028035207254
,vgg19_186,579.4050292000001,0.8722315597009448
,vgg19_187,1113.6429344,1.2348669099434817
,vgg19_188,1022.7831378,1.468636957967183
,vgg19_189,641.4625297,0.8537863378859791
,vgg19_190,778.8830528,0.5938061099319394
,vgg19_191,459.9892397,0.49069575913031815
,vgg19_192,932.6588866,1.4531148935948353
,vgg19_193,1556.0204646,1.5861272002028697
,vgg19_194,517.7063023999999,0.9760193927322365
,vgg19_195,742.3235745,1.0795846292825504
,vgg19_196,821.5686721999999,1.3648319122072936
,vgg19_197,481.36281640000004,0.5559314327804151
,vgg19_198,1306.8106153,1.0597030979415407
,vgg19_199,1370.6968458999997,1.3175930342072033
,vgg19_200,814.0139024,0.6954327197298392
,vgg19_201,829.6109925,1.0714048844094148
,vgg19_202,684.5266801,0.961216235802782
,vgg19_203,1397.7707588000003,1.6096677682325449
,vgg19_204,1541.7758647,1.5504561632275091
,vgg19_205,289.10659440000006,0.43528647678947335
,vgg19_206,820.556708,1.0112562654729398
,vgg19_207,1238.7263186,1.1323711599661466
,vgg19_208,521.9322682999999,1.083434638115947
,vgg19_209,866.7761630000001,1.6852454506221592
,vgg19_210,883.2526584,0.6277382537908553
,vgg19_211,375.1166617999999,0.5823525950482612
,vgg19_212,411.1295388,0.8140059074983139
,vgg19_213,879.0563632999998,0.8543887845410877
,vgg19_214,824.8856442000001,0.9083078642680678
,vgg19_215,877.4590144999999,1.171357222436894
,vgg19_216,944.1935729000003,0.9865375037535171
,vgg19_217,757.0669276000001,1.1476655294626883
,vgg19_218,1019.6105046000001,1.630008429051282
,vgg19_219,654.8367348999999,0.5202513921271332
,vgg19_220,636.3811827000001,0.9388052526881372
,vgg19_221,492.51930970000006,1.0799387007235328
,vgg19_222,877.1529124,1.185261689570535
,vgg19_223,536.0636536999999,0.6106944005847817
,vgg19_224,301.0085329000001,0.34199315551339
,vgg19_225,969.5713363000001,0.7614170825547052
,vgg19_226,775.7047194,0.8184455576988046
,vgg19_227,381.0554688,0.6332945857977298
,vgg19_228,1066.6557228000001,1.4315482906501267
,vgg19_229,693.4499655,0.6908197878032937
,vgg19_230,1445.0326430999996,1.0087735731034317
,vgg19_231,789.9785779000001,1.3295899101009088
,vgg19_232,945.9246484000001,1.3425154290650785
,vgg19_233,734.2837036999998,1.0645664616769435
,vgg19_234,378.4503571999999,1.0038642780770475
,vgg19_235,290.58878280000005,0.4238122196421779
,vgg19_236,1319.7661827999996,1.2212624702229582
,vgg19_237,819.6142686000002,1.3950712257675622
,vgg19_238,602.0182719999999,0.8927919410635916
,vgg19_239,1453.7087887000002,1.1861705407245409
,vgg19_240,893.0316382,0.9118814609081171
,vgg19_241,960.7285341999999,1.2565090204429414
,vgg19_242,1359.9011481000002,1.066253315675748
,vgg19_243,1168.7016426999999,1.6026340541817996
,vgg19_244,445.6660796999999,0.4477472618916434
,vgg19_245,208.36837559999998,0.4188997487948708
,vgg19_246,722.8201255,1.3143708898407396
,vgg19_247,585.9838243999999,1.2599680575063827
,vgg19_248,520.2411363,0.7667570910555827
,vgg19_249,552.7693112000001,0.7421146416565034
,vgg19_250,671.0814202,0.8879930845669768
,vgg19_251,531.7571544,0.8258901688434324
,vgg19_252,1284.6929358000002,1.821296940794483
,vgg19_253,599.8942124999999,0.8330282304822867
,vgg19_254,452.62304069999993,0.5016986494050077
,vgg19_255,492.3988262,0.7407739283248539
,vgg19_256,892.4540184000001,0.7893822606813115
,vgg19_257,1070.4352080999997,2.260142306860641
,vgg19_258,485.12222169999984,0.531747066141914
,vgg19_259,746.5001799,0.9424729741096424
,vgg19_260,850.4521890999999,1.0648644452496805
,vgg19_261,1019.6410386000001,1.2357777121546236
,vgg19_262,807.5195473,1.1022836544776171
,vgg19_263,1010.019306,0.9694109769808856
,vgg19_264,1089.9076370999996,0.8729157837222907
,vgg19_265,729.4156971,1.295471705399695
,vgg19_266,559.8120928000001,0.5698302413279662
,vgg19_267,881.9901977,0.8753879790673291
,vgg19_268,311.53120440000004,1.0000755136300365
,vgg19_269,778.7400689,1.0632993830465247
,vgg19_270,710.2016964999999,0.8453089585236929
,vgg19_271,752.8403071,0.9504730714978785
,vgg19_272,519.6243652,0.7671932400249672
,vgg19_273,1440.2014935000002,1.079935140200955
,vgg19_274,412.8407585,1.3039998514617124
,vgg19_275,604.2815175,2.57685694565133
,vgg19_276,592.3594916000001,0.6283950073708694
,vgg19_277,749.554057,1.2571180501095436
,vgg19_278,636.0008429000002,2.7671864545057168
,vgg19_279,505.5032481999999,0.572624718377663
,vgg19_280,433.5008065999999,0.7752179584486798
,vgg19_281,653.8075074000001,1.0535851678298322
,vgg19_282,1393.1076013,1.350890326953757
,vgg19_283,617.1702766000002,0.7109764675256877
,vgg19_284,1237.3217487000002,0.9693477739639633
,vgg19_285,984.6426082,1.442613992371284
,vgg19_286,412.67037170000003,0.7427323062239674
,vgg19_287,341.75229565,0.4533400210321268
,vgg19_288,1349.0931231,1.4828730610768164
,vgg19_289,352.9198635,0.5418142810731366
,vgg19_290,803.7937866999997,0.8276149883174859
,vgg19_291,497.99292729999996,2.1184411127775187
,vgg19_292,806.9473830000001,1.197942320667381
,vgg19_293,809.0476269,0.9127831277245053
,vgg19_294,694.0624025,0.934618346451325
,vgg19_295,707.1083482,2.084451297148683
,vgg19_296,1070.0682402,1.7173454447818883
,vgg19_297,783.2127535,1.2944542437598114
,vgg19_298,576.2323727,0.954534139374549
,vgg19_299,770.3605617,1.4966401393316873
,vgg19_300,811.3322989,1.2536569504740716
,vgg19_301,1062.0680934000002,1.4512439985590657
,vgg19_302,1031.1035867,0.9658980725794499
,vgg19_303,678.4643974,0.752699867541963
,vgg19_304,357.02370690000004,0.5682949928682645
,vgg19_305,787.9479713999999,1.2159427337834687
,vgg19_306,771.7439662999998,0.7156860527508934
,vgg19_307,1716.1817319,1.9846313677547118
,vgg19_308,1420.8982938000004,1.7498556005935477
,vgg19_309,1265.3775507999999,2.2170379932890216
,vgg19_310,734.6432269,0.9045555456786055
,vgg19_311,190.7246187,1.4165380811194785
,vgg19_312,656.4086114,0.9853819958797476
,vgg19_313,527.6447418999999,0.3477108655263094
,vgg19_314,721.0922200999997,0.8013292607168624
,vgg19_315,1612.0228579999998,1.371287640024736
,vgg19_316,1022.0784530999999,0.7526138126315483
,vgg19_317,524.7961667000001,0.7214635884920809
,vgg19_318,1223.6687103999998,1.4402141074331458
,vgg19_319,391.9780987,0.596122073788154
,vgg19_320,730.2768480999999,0.7722182196121389
,vgg19_321,1452.8638719999997,1.7320597025016955
,vgg19_322,204.0236335,0.39369109271266206
,vgg19_323,1000.9434757999999,1.2116701480501113
,vgg19_324,690.8491280000001,1.09328321612039
,vgg19_325,598.8869518,0.5064642671855193
,vgg19_326,823.5340645999997,0.8792168424361834
,vgg19_327,779.9235172,0.8925132841570368
,vgg19_328,1071.7221851000002,0.9483280880186873
,vgg19_329,951.2042058000001,0.8740020500212505
,vgg19_330,748.7821353,1.1037338509870664
,vgg19_331,927.8419167,1.0041964360096833
,vgg19_332,1216.7764051,2.327133349209469
,vgg19_333,915.7393624000001,1.828055616589826
,vgg19_334,162.8871869,0.5614018683562794
,vgg19_335,836.3651485400001,1.0440243485271608
,vgg19_336,655.2702462000001,0.5619241168850213
,vgg19_337,1141.6260229000002,1.7303612134306021
,vgg19_338,494.8150618000001,0.5144505199858966
,vgg19_339,652.3512753000001,0.8475767187115065
,vgg19_340,512.7819341999999,0.8288831281531561
,vgg19_341,577.1083168,0.4417825385310293
,vgg19_342,780.9066966999998,0.8104974921139164
,vgg19_343,469.11825640000006,0.9758942480946851
,vgg19_344,626.0471002999998,0.720720962429161
,vgg19_345,742.2785204000002,0.6126033222144663
,vgg19_346,730.2461383000001,0.716033672541026
,vgg19_347,1448.2280827,1.1889704370775187
,vgg19_348,1002.0668366,1.4678886474550632
,vgg19_349,676.8283832999999,1.3232827370417175
,vgg19_350,853.2120211000002,0.96146782422871
,vgg19_351,873.03722848,0.590574961504625
,vgg19_352,706.6452406000001,1.047082486212698
,vgg19_353,1215.8374413000004,1.514722463240877
,vgg19_354,1105.9731089000002,1.4638014327265065
,vgg19_355,591.7625451,0.9279961684187122
,vgg19_356,804.3525493999999,1.4709161872303302
,vgg19_357,463.92255190000003,0.5581402564009996
,vgg19_358,754.8203754000001,1.107636079987354
,vgg19_359,845.4165306000002,0.9138187594689862
,vgg19_360,312.79968569999994,0.5259476866065025
,vgg19_361,717.7821754,0.63661709135823
,vgg19_362,678.6886458,0.7638736232036417
,vgg19_363,979.1480059000004,1.035846993384375
,vgg19_364,459.12769489999994,0.4946252755784709
,vgg19_365,714.6396936000001,0.5753100304461647
,vgg19_366,675.2691451999999,0.7817156179220223
,vgg19_367,756.8588941,1.164589434780433
,vgg19_368,739.100871,1.5852608562604338
,vgg19_369,1032.8389664,0.6274380933943831
,vgg19_370,399.94155750000004,0.41678927313709374
,vgg19_371,432.170664,1.4290508082404911
,vgg19_372,811.2718105,1.2767819382447252
,vgg19_373,784.689486,0.9876710783324729
,vgg19_374,482.6304504,1.0470501319623056
,vgg19_375,473.0680988999999,0.8649073621723566
,vgg19_376,433.76437889999994,0.5975304795077759
,vgg19_377,952.7322317,1.3071670330093785
,vgg19_378,570.6515188,0.8736609505164747
,vgg19_379,221.0607841,0.4564628780983111
,vgg19_380,1057.0799311,1.1201165932194002
,vgg19_381,819.7697579000002,1.3450532373874378
,vgg19_382,834.7239204,1.2870228073495316
,vgg19_383,671.2227000999999,0.5492513890142787
,vgg19_384,711.1224013999998,1.0767031642074958
,vgg19_385,623.8032913000001,1.0395235562065022
,vgg19_386,742.9128005999999,0.9023704351472005
,vgg19_387,1043.0818720999996,1.3587074453226784
,vgg19_388,723.5721985000002,0.8437078047338684
,vgg19_389,847.8988919000001,1.2433057635091034
,vgg19_390,990.3542047000001,0.8420491736561628
,vgg19_391,643.7596229999999,0.8760419377307742
,vgg19_392,549.0413704000001,0.6324474949882939
,vgg19_393,875.2280618,1.3592847901688703
,vgg19_394,643.9791681,0.8871301025050843
,vgg19_395,545.7528848999998,0.5740004256921613
,vgg19_396,491.47051580000004,0.4070060112067166
,vgg19_397,724.5832938999998,0.9105794257928992
,vgg19_398,947.2806373,1.182069404216822
,vgg19_399,863.2792046000001,0.867877264028354
,vgg19_400,992.9369822000001,1.5201259655919668
,vgg19_401,1097.4129124,0.788444174499197
,vgg19_402,688.1062796999998,0.816835504861683
,vgg19_403,1078.2373668,0.8378339294383748
,vgg19_404,1215.2378372,1.3043513101472988
,vgg19_405,555.2444482,0.7837327209339493
,vgg19_406,1015.4300026,0.5479468610567619
,vgg19_407,855.3729093,1.3236280439336057
,vgg19_408,1056.4507577,1.2341354736412133
,vgg19_409,1115.9922883000002,1.3891197304517475
,vgg19_410,954.0762436000001,0.9843446173476074
,vgg19_411,511.8741487000001,0.6541729934169314
,vgg19_412,1058.8858929,1.1190829787114274
,vgg19_413,364.624867,0.4748338016969751
,vgg19_414,697.1738903999999,0.9508998368163873
,vgg19_415,765.0726824,1.0887044784884208
,vgg19_416,802.1539471000001,1.1515725264186132
,vgg19_417,713.8223113,0.5511547819468651
,vgg19_418,1049.2572689999997,1.8881694689548598
,vgg19_419,543.3296350999999,0.9430837637247337
,vgg19_420,573.4216654,1.0025952812970167
,vgg19_421,1015.2362180999999,1.7919386253522824
,vgg19_422,744.4334598,0.8938462959880247
,vgg19_423,1014.9679479,0.7304499502787428
,vgg19_424,613.72536,1.3200895303247622
,vgg19_425,439.53443720000007,0.8487627662013465
,vgg19_426,921.8245107,0.972832080831961
,vgg19_427,676.9404278,0.5991282465870589
,vgg19_428,235.0217778,0.3911817857367948
,vgg19_429,502.27340699999996,0.42594072715041603
,vgg19_430,845.4647342000001,0.9252800700051812
,vgg19_431,610.2079524999998,2.5795991910330396
,vgg19_432,1051.6657814000002,1.193905269472133
,vgg19_433,840.9099329999998,0.7492828533151287
,vgg19_434,554.8770166,1.2079843894759352
,vgg19_435,1038.2365490999998,1.295031604801152
,vgg19_436,620.7858640000001,0.7991012889693874
,vgg19_437,855.5651040999999,1.2650997069457353
,vgg19_438,783.4095865,1.185776899622418
,vgg19_439,923.5480114999999,0.920833613422141
,vgg19_440,954.3339496000001,1.2173877100336243
,vgg19_441,745.5003727000001,1.402745507477699
,vgg19_442,673.3064214999998,0.5063248783191145
,vgg19_443,874.5654734999999,0.9853701525018852
,vgg19_444,745.5195189000001,0.9447360502690506
,vgg19_445,420.729866,0.25436993235882327
,vgg19_446,1465.7493092999998,1.7657164850598277
,vgg19_447,334.31466409999996,0.7151708689929954
,vgg19_448,1125.1145854000001,0.595300582172664
,vgg19_449,1102.3498183,1.1305159492582517
,vgg19_450,275.54633010000003,0.6198501713266135
,vgg19_451,1016.5931209,1.6951388700228718
,vgg19_452,852.4750789000001,1.2992299641055218
,vgg19_453,820.2861801999999,1.0979121183521023
,vgg19_454,870.4182292,0.74596940230137
,vgg19_455,714.9950439,0.8439592678953886
,vgg19_456,654.3138693000001,0.6999255508300031
,vgg19_457,783.5247122999999,0.8543912270926043
,vgg19_458,778.6942844,1.2631847038669244
,vgg19_459,695.7463144,0.8316052689557134
,vgg19_460,407.2997590000001,0.6621844715589109
,vgg19_461,803.9874914,1.5642208557323065
,vgg19_462,640.7355094000002,0.5121318064094385
,vgg19_463,688.4132877,1.0092768668995113
,vgg19_464,359.41294550000003,0.5411447157243244
,vgg19_465,251.48563090000005,0.2684802662091418
,vgg19_466,597.4587022000001,0.7918134231344005
,vgg19_467,775.9685976999999,1.8481233257544962
,vgg19_468,540.7821096000001,0.7863577315877893
,vgg19_469,1085.5617067000005,1.5474362634050964
,vgg19_470,738.3623739400001,0.4269273285027092
,vgg19_471,562.7517734,1.0111413638587903
,vgg19_472,380.55959139999993,0.5493978309022842
,vgg19_473,1218.2815635,1.1788649237155784
,vgg19_474,843.6703023,1.8146798103008805
,vgg19_475,224.4597805,0.4030513298589835
,vgg19_476,468.5474077,0.5229007704542203
,vgg19_477,1241.5063762000002,0.7605155942929707
,vgg19_478,418.41502429999997,0.5831203419951668
,vgg19_479,732.6927503,1.3405501892712461
,vgg19_480,786.0855784,0.8661463587670866
,vgg19_481,408.505498,0.6224396762982154
,vgg19_482,815.5590191000002,0.79249933866008
,vgg19_483,490.85856279999996,0.6588650756949556
,vgg19_484,468.0753271,0.7627013250604969
,vgg19_485,982.7934955,1.3279140036854142
,vgg19_486,722.6527329999999,0.8591103328062045
,vgg19_487,409.9461243,0.328612001948954
,vgg19_488,271.2731825,0.39549437669872733
,vgg19_489,1092.7022236999999,1.0580111432321169
,vgg19_490,759.4998104,1.8963905525238889
,vgg19_491,1092.7264504,1.790580868019239
,vgg19_492,534.7525993999998,0.7166890519283692
,vgg19_493,1158.6697190000002,1.5119974313956297
,vgg19_494,1032.8115990000001,1.947010768500905
,vgg19_495,963.7778939000002,0.7579828655754933
,vgg19_496,924.3855975,1.2111705005948807
,vgg19_497,955.5414447,1.4629074127282362
,vgg19_498,289.2954604,0.31735466625390335
,vgg19_499,900.6023379000002,1.9669729210831073
