,googlenet_1505,193.061,11.241,5.822512055775117
,googlenet_1279,159.168,9.319,5.85482006433454
,googlenet_79,166.886,15.139,9.071461956065816
,googlenet_1667,175.935,11.702,6.651320089805894
,googlenet_525,132.486,10.665,8.04990716000181
,googlenet_1713,156.324,8.992,5.752155779023055
,googlenet_563,149.629,2.941,1.9655280727666429
,googlenet_777,168.369,9.412,5.590102691112973
,googlenet_1285,167.002,9.595,5.745440174369169
,googlenet_1270,215.034,2.776,1.2909586390989332
,googlenet_1643,144.434,7.949,5.503551795283658
,googlenet_1389,165.645,8.095,4.886957046696248
,googlenet_146,145.118,12.394,8.540635896305076
,googlenet_727,211.835,9.455,4.46337951707697
,googlenet_975,142.751,8.723,6.110640205672816
,googlenet_1069,115.055,7.532,6.5464343140237276
,googlenet_1975,169.251,8.918,5.269097376086403
,googlenet_1836,153.886,3.124,2.030074210779408
,googlenet_1103,162.916,4.034,2.4761226644405707
,googlenet_195,160.276,3.083,1.9235568644088947
,googlenet_776,163.773,4.573,2.792279557680448
,googlenet_1500,151.766,7.579,4.99387214527628
,googlenet_377,155.208,3.125,2.013427142930777
,googlenet_56,164.818,2.44,1.4804208278222037
,googlenet_778,144.573,10.928,7.558811119641981
,googlenet_971,155.64,11.831,7.6015163197121565
,googlenet_1459,182.128,14.333,7.869739963102873
,googlenet_153,183.34,2.76,1.505399803643504
,googlenet_193,161.626,3.024,1.8709861037209359
,googlenet_768,156.753,11.451,7.305123346921591
,googlenet_1674,171.151,9.092,5.312268114121448
,googlenet_1468,208.016,2.866,1.3777786324128916
,googlenet_1208,154.254,5.912,3.8326396722289213
,googlenet_1094,179.668,10.992,6.117950887191932
,googlenet_200,181.205,12.228,6.748158163406086
,googlenet_1583,166.577,5.906,3.545507483025868
,googlenet_1497,127.308,2.793,2.193891978508813
,googlenet_694,173.694,13.547,7.7993482791576
,googlenet_926,193.749,10.754,5.55048026054328
,googlenet_407,176.223,2.669,1.514558258570107
,googlenet_1284,182.379,12.138,6.65537150658793
,googlenet_1652,141.589,11.359,8.022515873408246
,googlenet_1720,178.245,3.119,1.7498387051530198
,googlenet_1267,191.331,7.698,4.023394013515845
,googlenet_780,149.464,2.972,1.9884386875769415
,googlenet_1527,158.595,10.615,6.693149216557899
,googlenet_1731,136.083,2.314,1.700432824085301
,googlenet_1365,186.688,12.12,6.49211518683579
,googlenet_1961,130.648,7.09,5.426795664686792
,googlenet_970,165.671,7.796,4.70571192302817
,googlenet_434,177.119,3.069,1.7327333600573627
,googlenet_1320,160.211,10.973,6.849092758924169
,googlenet_1575,167.843,3.153,1.8785412558164478
,googlenet_1538,146.148,8.836,6.045926047568219
,googlenet_805,185.752,2.372,1.2769714457986991
,googlenet_1724,182.779,14.537,7.953320676883012
,googlenet_1950,160.514,11.828,7.3688276412026354
,googlenet_701,172.762,11.438,6.620668897095426
,googlenet_848,140.828,7.739,5.495356037151702
,googlenet_155,185.057,3.639,1.9664211567246848
,googlenet_665,156.298,6.604,4.225261999513749
,googlenet_70,121.575,1.796,1.4772774007814107
,googlenet_1633,189.657,8.936,4.711663687604465
,googlenet_791,161.659,2.877,1.7796720256836922
,googlenet_1715,161.349,11.991,7.431716341594928
,googlenet_1183,155.07,11.611,7.48758625137035
,googlenet_144,163.113,2.793,1.7123098710709754
,googlenet_1525,151.359,6.613,4.369082776709677
,googlenet_1199,184.76,5.251,2.8420653821173416
,googlenet_1967,212.795,14.643,6.881270706548556
,googlenet_1608,186.656,3.197,1.7127764443682496
,googlenet_154,165.568,2.624,1.5848473134905294
,googlenet_495,196.482,12.094,6.155271220773404
,googlenet_1422,190.386,10.028,5.2671940163667506
,googlenet_1235,178.265,5.01,2.810422685328023
,googlenet_1640,162.912,6.821,4.186923001374975
,googlenet_1255,156.72,12.759,8.141271056661562
,googlenet_1185,209.642,11.599,5.532765380982819
,googlenet_1095,169.078,8.699,5.144962679946533
,googlenet_1418,197.918,12.153,6.140421790842672
,googlenet_1167,150.084,11.551,7.696356706910796
,googlenet_825,163.516,4.572,2.7960566550062382
,googlenet_1128,173.038,14.607,8.441498399195552
,googlenet_1778,169.084,3.349,1.9806723285467578
,googlenet_1173,165.1,2.203,1.3343428225317988
,googlenet_1789,184.142,8.087,4.391719433915131
,googlenet_355,180.561,5.393,2.986802244116946
,googlenet_1860,161.032,3.013,1.8710566843857122
,googlenet_107,177.833,13.565,7.627943070183823
,googlenet_949,179.65,12.173,6.775953242415808
,googlenet_182,222.943,5.306,2.379980533140758
,googlenet_176,195.083,3.419,1.7525873602517905
,googlenet_530,184.141,6.269,3.4044563676747712
,googlenet_1502,174.52,2.676,1.5333486133394454
,googlenet_721,159.473,9.233,5.7896948072714505
,googlenet_1994,170.027,12.639,7.4335252636346
,googlenet_1826,175.544,5.447,3.102925762202069
,googlenet_208,135.555,3.021,2.2286156910479136
,googlenet_13,198.569,13.085,6.589648938152481
,googlenet_689,148.609,4.042,2.7198891049667244
,googlenet_537,187.338,10.256,5.4745967182312185
,googlenet_526,139.979,11.477,8.199087005908028
,googlenet_1263,166.677,3.026,1.8154874397787335
,googlenet_943,135.516,2.302,1.6986924053248327
,googlenet_929,171.605,3.221,1.876984936336354
,googlenet_623,170.033,10.641,6.258196938241401
,googlenet_1887,166.644,3.11,1.8662538105182302
,googlenet_965,150.755,10.93,7.25017412357799
,googlenet_1097,171.518,15.257,8.895276297531455
,googlenet_541,176.455,14.969,8.483182681136833
,googlenet_708,178.944,10.292,5.751520028612304
,googlenet_376,200.084,2.965,1.4818776114032106
,googlenet_601,168.819,3.116,1.8457638062066475
,googlenet_538,151.193,3.165,2.0933508826466833
,googlenet_122,156.601,10.884,6.950147189353836
,googlenet_940,189.332,10.651,5.625567785688632
,googlenet_10,175.842,12.019,6.835113340385118
,googlenet_151,133.148,7.176,5.38949139303632
,googlenet_1804,133.328,4.082,3.0616224648985955
,googlenet_1176,155.023,9.726,6.273907742722049
,googlenet_1381,198.556,3.58,1.8030177884324823
,googlenet_1277,200.631,17.256,8.600864273217997
,googlenet_1022,148.563,11.09,7.464846563410809
,googlenet_1105,187.872,8.952,4.764946346448645
,googlenet_992,193.243,3.839,1.986617885253282
,googlenet_68,129.522,2.403,1.8552832723398343
,googlenet_1431,181.326,14.35,7.913922989532665
,googlenet_1613,162.433,3.204,1.9725055869189145
,googlenet_656,174.549,12.948,7.417974322396577
,googlenet_1311,140.857,10.446,7.4160318621012795
,googlenet_692,216.805,3.945,1.8196074813772742
,googlenet_1499,218.25,3.099,1.4199312714776633
,googlenet_1202,158.408,2.902,1.831978182920055
,googlenet_1402,202.397,7.808,3.857764690188096
,googlenet_138,172.929,2.646,1.5301077320750134
,googlenet_633,212.701,5.672,2.666654129505738
,googlenet_1912,171.588,8.512,4.960719863859945
,googlenet_966,180.209,14.79,8.20713726839392
,googlenet_1233,180.775,10.812,5.980915502696722
,googlenet_1312,201.256,3.766,1.8712485590491712
,googlenet_1770,134.497,2.853,2.121236904912377
,googlenet_1982,145.51,10.34,7.106040821936636
,googlenet_1834,209.973,13.094,6.236039871793039
,googlenet_1792,166.94,13.574,8.131065053312568
,googlenet_1941,160.144,6.55,4.09006893795584
,googlenet_1093,166.174,10.841,6.52388460288613
,googlenet_1729,166.408,2.839,1.706047786164127
,googlenet_132,222.061,5.732,2.5812727133535383
,googlenet_738,181.898,5.921,3.255121001880175
,googlenet_1453,175.723,7.537,4.289136880203501
,googlenet_297,151.118,2.939,1.9448378088645961
,googlenet_796,185.711,12.509,6.73573455530367
,googlenet_1747,169.946,14.155,8.329116307532981
,googlenet_188,182.678,11.708,6.409091406737538
,googlenet_927,189.333,13.888,7.335224181732715
,googlenet_1144,192.697,4.267,2.2143572551726285
,googlenet_269,196.143,3.018,1.5386733148774108
,googlenet_1512,137.0,2.707,1.975912408759124
,googlenet_747,160.797,9.651,6.001977648836732
,googlenet_1213,178.882,10.556,5.901096812423832
,googlenet_422,154.01,7.938,5.154210765534706
,googlenet_1044,187.167,11.2,5.983960847799024
,googlenet_659,180.575,11.372,6.297660251972864
,googlenet_1882,176.275,11.186,6.345766557935044
,googlenet_354,175.419,2.742,1.5631145999008087
,googlenet_1372,146.056,7.001,4.793366927753738
,googlenet_569,185.062,14.527,7.849801688082912
,googlenet_1738,158.227,2.761,1.744961352992852
,googlenet_1151,185.072,11.018,5.95335869283306
,googlenet_1866,160.96,4.901,3.044855864811133
,googlenet_1155,198.583,7.462,3.7576227572350103
,googlenet_44,155.106,11.292,7.280182584812966
,googlenet_1745,155.81,6.007,3.855336627944291
,googlenet_835,185.438,6.772,3.651894433719087
,googlenet_1791,178.228,12.636,7.089795093924635
,googlenet_1114,184.256,9.002,4.885593956234804
,googlenet_277,191.809,9.717,5.0659770917944416
,googlenet_1290,140.761,2.379,1.6900988199856495
,googlenet_1039,161.201,11.305,7.012983790423137
,googlenet_109,171.617,5.261,3.0655471194578627
,googlenet_105,150.502,10.45,6.943429323198362
,googlenet_359,188.766,13.494,7.1485331044785605
,googlenet_4,146.478,2.741,1.8712707710372887
,googlenet_1424,197.191,2.862,1.4513846980845984
,googlenet_63,205.39,13.941,6.7875748575880035
,googlenet_1558,170.624,13.594,7.967226181545387
,googlenet_1769,200.708,5.775,2.8773143073519742
,googlenet_562,165.976,3.139,1.8912372873186485
,googlenet_1293,196.782,6.992,3.553170513563232
,googlenet_1574,161.361,9.229,5.719473726612998
,googlenet_475,162.41,2.819,1.7357305584631488
,googlenet_1825,164.552,12.313,7.482741018036852
,googlenet_1204,141.847,2.77,1.9528083075426337
,googlenet_147,185.527,12.916,6.961789928150621
,googlenet_1085,197.004,10.296,5.226289821526466
,googlenet_324,162.707,14.22,8.739636278709582
,googlenet_254,168.837,4.412,2.6131712835456686
,googlenet_130,164.412,2.955,1.7973140646668126
,googlenet_1768,144.408,11.332,7.8472106808487085
,googlenet_1771,178.147,3.067,1.7216119272286372
,googlenet_406,190.217,13.903,7.309020749985542
,googlenet_1636,150.559,10.076,6.692393015362749
,googlenet_388,152.001,11.083,7.291399398688167
,googlenet_1706,181.259,9.783,5.397249240037736
,googlenet_1767,139.741,2.296,1.6430396233031104
,googlenet_684,162.71,6.224,3.8252104972036136
,googlenet_1068,221.632,6.704,3.0248339589950906
,googlenet_1785,153.48,4.524,2.947615324472244
,googlenet_673,162.663,3.122,1.9193055581170886
,googlenet_1371,214.899,3.806,1.7710645466009614
,googlenet_92,160.414,3.83,2.38757215704365
,googlenet_681,160.554,6.159,3.8360925296162036
,googlenet_198,177.625,6.28,3.5355383532723437
,googlenet_878,166.533,3.456,2.0752643620183386
,googlenet_939,176.194,12.309,6.986049468199826
,googlenet_255,178.598,9.529,5.3354460856224595
,googlenet_1787,160.493,2.768,1.724685811842261
,googlenet_339,166.15,2.418,1.455311465543184
,googlenet_1805,166.613,3.107,1.8648004657499717
,googlenet_1366,178.487,8.387,4.698941659616667
,googlenet_1816,160.58,8.705,5.420973969361065
,googlenet_121,147.424,8.691,5.895240937703495
,googlenet_340,183.938,3.203,1.7413476280050886
,googlenet_1639,163.157,6.321,3.8741825358397124
,googlenet_1449,154.12,7.377,4.786529976641578
,googlenet_1360,165.596,6.949,4.196357399937196
,googlenet_1660,196.43,7.107,3.6180827775797995
,googlenet_543,173.133,14.235,8.222002737779626
,googlenet_1016,163.853,5.411,3.3023502773827755
,googlenet_758,160.787,13.0,8.085230771144433
,googlenet_1177,148.735,2.604,1.750764783003328
,googlenet_443,179.7,10.409,5.792431830829161
,googlenet_1048,178.589,12.508,7.003790826982624
,googlenet_702,147.689,6.421,4.347649452565865
,googlenet_762,192.28,3.062,1.5924693155814438
,googlenet_444,209.436,7.76,3.7051891747359575
,googlenet_650,151.006,8.409,5.568652901209224
,googlenet_253,160.777,2.772,1.7241272072497933
,googlenet_1693,183.543,7.063,3.8481445764752675
,googlenet_38,177.745,11.751,6.611156431967144
,googlenet_757,150.463,9.773,6.495284555006879
,googlenet_1922,143.911,2.796,1.9428674666981676
,googlenet_860,166.252,2.932,1.7635878064624786
,googlenet_80,174.051,2.891,1.6610074058752895
,googlenet_548,125.109,2.546,2.035025457800798
,googlenet_420,212.649,9.556,4.493790236493
,googlenet_196,186.132,3.096,1.6633356972471152
,googlenet_994,190.18,10.072,5.29603533494584
,googlenet_1543,213.745,7.283,3.4073311656413017
,googlenet_1180,176.373,15.705,8.904424146553044
,googlenet_411,132.714,2.999,2.259746522597465
,googlenet_1331,191.073,5.524,2.8910416437696584
,googlenet_1918,156.093,4.893,3.134669716130768
,googlenet_1483,191.162,12.626,6.604869168558604
,googlenet_920,170.31,12.195,7.160472080324115
,googlenet_967,162.716,9.118,5.603628407777969
,googlenet_1870,192.511,4.607,2.393110004103662
,googlenet_1397,181.367,5.518,3.0424498392761636
,googlenet_874,209.621,8.644,4.123632651308791
,googlenet_974,179.589,5.259,2.928353072849674
,googlenet_868,140.147,11.764,8.394043397289987
,googlenet_1194,219.197,7.774,3.5465813856941475
,googlenet_1554,153.174,3.0,1.9585569352501078
,googlenet_608,176.412,9.88,5.600526041312383
,googlenet_167,157.766,4.607,2.9201475603108404
,googlenet_898,160.944,2.772,1.7223382045929019
,googlenet_1033,169.629,13.255,7.814111973778069
,googlenet_409,149.894,2.777,1.8526425340574006
,googlenet_385,162.976,2.558,1.5695562536815235
,googlenet_1047,186.05,10.101,5.429185702768073
,googlenet_1655,144.272,2.534,1.7564045691471666
,googlenet_1984,179.635,7.684,4.277562835750272
,googlenet_655,152.558,8.034,5.266193841030953
,googlenet_1761,172.449,6.354,3.6845676112937737
,googlenet_1131,168.104,6.752,4.0165611764146
,googlenet_734,135.204,2.571,1.90157095943907
,googlenet_1388,157.028,2.656,1.6914180910410883
,googlenet_1536,212.687,7.039,3.309558177039499
,googlenet_1969,162.743,2.998,1.8421683267483089
,googlenet_519,178.728,2.818,1.5766975515867687
,googlenet_364,167.742,2.918,1.739576254009133
,googlenet_36,150.508,10.594,7.038828500810587
,googlenet_700,164.462,3.065,1.8636523938660603
,googlenet_1557,198.562,7.422,3.737875323576515
,googlenet_1289,180.117,2.792,1.550103543807636
,googlenet_1486,206.211,9.307,4.513338279723196
,googlenet_879,176.117,9.437,5.358369720129232
,googlenet_516,168.073,4.939,2.938604058950575
,googlenet_1827,145.81,10.769,7.385638845072355
,googlenet_632,135.046,9.711,7.190883106497046
,googlenet_1415,182.288,3.177,1.7428464846835776
,googlenet_1228,160.525,2.798,1.743030680579349
,googlenet_905,157.74,10.923,6.924686192468619
,googlenet_764,181.638,13.439,7.398782193153415
,googlenet_62,157.442,2.868,1.8216232009247848
,googlenet_1995,168.027,2.867,1.7062733965374615
,googlenet_638,167.93,7.12,4.239861847198237
,googlenet_958,178.722,6.676,3.7354103020333254
,googlenet_1661,179.625,6.138,3.4171189979123175
,googlenet_772,132.912,2.307,1.7357349223546406
,googlenet_614,162.074,7.022,4.332588817453756
,googlenet_863,163.154,3.404,2.0863723843730466
,googlenet_468,202.712,2.868,1.4148151071470854
,googlenet_811,181.365,5.179,2.855567501998732
,googlenet_1592,154.455,11.571,7.491502379333785
,googlenet_634,132.943,10.455,7.8642726582069
,googlenet_1184,185.387,5.425,2.9263109063742334
,googlenet_602,149.291,2.624,1.757641117013082
,googlenet_1951,156.606,2.773,1.770685669769996
,googlenet_485,145.708,2.569,1.7631152716391687
,googlenet_1006,181.418,11.714,6.456911662569315
,googlenet_1589,185.721,7.001,3.769632944039716
,googlenet_245,156.048,2.52,1.6148877268532758
,googlenet_1719,172.732,6.715,3.8875251835212934
,googlenet_624,180.544,11.641,6.447735732009925
,googlenet_1251,146.221,7.38,5.047154649468954
,googlenet_1828,154.294,11.434,7.410527953128441
,googlenet_1979,175.683,9.819,5.589043902938816
,googlenet_1226,167.213,13.158,7.869005400297824
,googlenet_1196,157.872,12.71,8.050825985608594
,googlenet_1697,139.855,10.896,7.790926316542134
,googlenet_688,185.904,12.729,6.8470823650916595
,googlenet_1032,159.498,12.72,7.975021630365271
,googlenet_766,185.783,13.53,7.282690020077187
,googlenet_291,196.768,13.721,6.973186697023906
,googlenet_299,188.328,2.656,1.4103054245783953
,googlenet_1812,200.105,10.13,5.062342270308089
,googlenet_1420,149.828,3.004,2.004965693995782
,googlenet_148,194.864,10.635,5.457652516626981
,googlenet_1632,194.092,14.115,7.272324464686849
,googlenet_1444,169.7,8.321,4.903358868591632
,googlenet_1714,194.486,10.458,5.377250804685171
,googlenet_258,174.537,12.315,7.05581051582186
,googlenet_904,156.673,5.747,3.6681495854422903
,googlenet_1906,191.914,13.856,7.219900580468336
,googlenet_1257,227.872,13.135,5.76420095492206
,googlenet_1316,202.052,5.649,2.795814938728644
,googlenet_589,141.196,2.477,1.7542989886399045
,googlenet_1318,184.604,5.483,2.9701414920586764
,googlenet_256,174.514,10.637,6.095212991507845
,googlenet_1340,145.716,3.729,2.5590875401465865
,googlenet_944,159.151,10.609,6.665996443629006
,googlenet_1677,170.326,6.198,3.6389042189683316
,googlenet_1980,168.13,6.617,3.935645036578838
,googlenet_365,171.963,2.979,1.7323494007431832
,googlenet_524,141.161,11.05,7.827941145217164
,googlenet_534,156.938,10.877,6.930762466706598
,googlenet_1684,203.641,8.25,4.051247047500258
,googlenet_1875,164.353,2.99,1.819254896472836
,googlenet_448,141.153,2.7,1.912818005993497
,googlenet_1393,156.365,11.756,7.518306526396572
,googlenet_1549,141.378,6.688,4.730580429769837
,googlenet_437,135.915,12.628,9.291101055806939
,googlenet_698,180.54,11.843,6.559765148997452
,googlenet_549,165.737,7.992,4.822097660751673
,googlenet_664,153.987,2.532,1.6442946482495275
,googlenet_408,170.403,11.544,6.774528617453919
,googlenet_264,173.41,3.124,1.8015108701920306
,googlenet_383,181.19,3.172,1.750648490534798
,googlenet_268,181.37,3.265,1.8001874620940619
,googlenet_1521,160.97,10.447,6.490029197987202
,googlenet_270,188.704,14.518,7.693530608784127
,googlenet_1928,156.676,2.796,1.7845745359850902
,googlenet_398,177.771,4.435,2.494782613587143
,googlenet_439,162.789,9.941,6.106677969641685
,googlenet_1343,167.215,3.241,1.9382232455222317
,googlenet_257,186.077,10.901,5.858327466586413
,googlenet_1341,170.504,11.159,6.544714493501619
,googlenet_1904,159.518,6.521,4.087939919006005
,googlenet_452,198.117,16.894,8.527284382460868
,googlenet_207,131.256,2.121,1.6159261290912417
,googlenet_1734,170.86,5.888,3.44609621912677
,googlenet_1432,192.979,14.916,7.729338425424527
,googlenet_1748,154.472,2.706,1.7517737842456884
,googlenet_1896,178.221,9.178,5.149785939928516
,googlenet_1451,163.538,7.919,4.842299649011238
,googlenet_9,194.924,2.791,1.4318401017832592
,googlenet_312,174.39,12.313,7.060611273582201
,googlenet_1523,163.622,11.17,6.826710344574689
,googlenet_730,138.466,2.552,1.8430517238888968
,googlenet_1534,163.04,4.608,2.8263002944062805
,googlenet_1850,189.016,14.28,7.55491598594828
,googlenet_78,173.265,2.522,1.4555738319914582
,googlenet_1349,149.285,2.834,1.8983822889104736
,googlenet_1116,175.378,2.724,1.5532164809725282
,googlenet_367,199.614,15.424,7.726912941978018
,googlenet_753,157.679,3.929,2.491771256793866
,googlenet_1005,154.976,2.996,1.9332025603964484
,googlenet_1074,168.192,5.791,3.4430888508371384
,googlenet_76,158.519,13.086,8.255161841798143
,googlenet_948,167.399,8.533,5.0974020155437
,googlenet_1610,148.751,6.327,4.253416783752714
,googlenet_1161,182.281,8.517,4.672456262583593
,googlenet_1472,186.522,14.303,7.668264333429837
,googlenet_1130,138.008,10.811,7.833603849052229
,googlenet_823,171.229,2.651,1.5482190516793297
,googlenet_1159,195.645,7.082,3.6198216156814635
,googlenet_817,227.775,10.115,4.440785863242234
,googlenet_1414,135.792,2.679,1.9728702721809825
,googlenet_615,171.779,10.358,6.02984066736912
,googlenet_1590,156.045,11.254,7.212022173091095
,googlenet_1504,164.094,12.651,7.709605470035467
,googlenet_137,162.702,11.235,6.90526238153188
,googlenet_1214,153.265,2.747,1.7923204906534436
,googlenet_55,174.01,4.685,2.6923740014941666
,googlenet_1560,207.527,8.893,4.285225536918088
,googlenet_1121,134.916,2.555,1.8937709389546091
,googlenet_135,201.391,11.915,5.916351773415892
,googlenet_288,155.401,10.149,6.530846004851963
,googlenet_1782,169.735,2.514,1.4811323533743774
,googlenet_828,181.907,12.062,6.630860824487238
,googlenet_1274,185.336,12.046,6.499546769111235
,googlenet_251,158.282,2.954,1.8662892811564171
,googlenet_1540,164.313,12.805,7.793053501548873
,googlenet_1206,206.319,11.637,5.6402948831663595
,googlenet_1129,184.348,11.857,6.4318571397574145
,googlenet_1829,139.115,2.484,1.7855730870143405
,googlenet_1003,196.834,11.157,5.668228050032006
,googlenet_570,150.14,2.973,1.9801518582656188
,googlenet_862,141.178,10.219,7.238379917550892
,googlenet_1463,185.004,7.41,4.005318803917754
,googlenet_1210,166.988,14.216,8.51318657628093
,googlenet_1482,136.136,2.832,2.0802726685079627
,googlenet_50,195.144,11.139,5.708092485549132
,googlenet_453,202.67,3.557,1.755069817930626
,googlenet_1305,173.16,12.477,7.205474705474706
,googlenet_328,159.318,8.512,5.342773572352151
,googlenet_71,187.305,10.829,5.781479405248125
,googlenet_1308,171.038,9.485,5.545551281001882
,googlenet_1145,193.32,8.094,4.186840471756673
,googlenet_210,197.086,4.008,2.0336299889388387
,googlenet_1567,206.128,5.446,2.64204765970659
,googlenet_1965,159.709,9.101,5.698489127099913
,googlenet_803,161.554,16.242,10.053604367579881
,googlenet_1777,115.464,2.703,2.340989399293286
,googlenet_866,166.046,11.785,7.097430832419932
,googlenet_338,177.768,7.568,4.257234147878133
,googlenet_527,199.917,13.453,6.729292656452428
,googlenet_205,200.085,16.539,8.265986955543895
,googlenet_1484,189.373,5.411,2.8573239057310174
,googlenet_559,160.296,13.671,8.52859709537356
,googlenet_318,193.234,9.138,4.728981442189262
,googlenet_336,147.796,2.17,1.4682400064954397
,googlenet_1981,158.324,2.826,1.784947323210631
,googlenet_317,131.798,5.461,4.143461964521465
,googlenet_1809,175.617,9.205,5.2415198984153015
,googlenet_915,170.633,3.269,1.9158076104856623
,googlenet_1528,169.934,3.853,2.267350853860911
,googlenet_883,203.584,11.222,5.512220999685633
,googlenet_1593,154.799,5.522,3.5672065065019796
,googlenet_595,129.992,7.722,5.940365560957598
,googlenet_369,181.548,6.551,3.6084121003811664
,googlenet_798,174.595,2.371,1.3579999427245912
,googlenet_1426,218.991,7.347,3.354932394481965
,googlenet_1384,154.719,10.617,6.862117774804647
,googlenet_1773,173.988,13.137,7.550520725567281
,googlenet_1392,144.184,11.071,7.678383177051545
,googlenet_390,161.009,11.65,7.235620369047694
,googlenet_1874,232.071,11.465,4.940298443148864
,googlenet_1645,193.736,2.805,1.4478465540735848
,googlenet_911,178.9,14.526,8.11961989938513
,googlenet_900,140.876,3.387,2.404242028450552
,googlenet_1328,130.456,2.729,2.091893052063531
,googlenet_910,166.112,15.813,9.519480832209593
,googlenet_969,161.062,4.963,3.08142206106965
,googlenet_1513,214.137,3.116,1.4551432027160183
,googlenet_1010,163.579,3.964,2.423293943599117
,googlenet_1253,191.422,12.74,6.655452351349375
,googlenet_8,180.716,11.934,6.603731822306822
,googlenet_703,179.881,14.501,8.061440619075945
,googlenet_504,135.628,2.745,2.023918364939393
,googlenet_1555,140.613,10.969,7.800843449752157
,googlenet_1425,171.451,8.151,4.7541280015864595
,googlenet_1306,173.74,11.299,6.503395878899504
,googlenet_1146,171.976,3.564,2.0723821928641204
,googlenet_219,185.395,3.395,1.8312252218236735
,googlenet_1117,222.61,9.827,4.414446790350837
,googlenet_1108,213.489,3.182,1.490474919082482
,googlenet_575,177.741,11.787,6.631559403851672
,googlenet_583,159.808,10.388,6.500300360432519
,googlenet_5,195.511,2.704,1.3830423863618928
,googlenet_64,154.604,2.622,1.6959457711314063
,googlenet_1158,153.127,2.529,1.6515702652046993
,googlenet_169,144.568,8.098,5.601516241491893
,googlenet_511,216.765,3.414,1.5749775102069061
,googlenet_565,198.871,6.126,3.080388794746343
,googlenet_1162,198.006,8.559,4.322596284961061
,googlenet_1607,210.692,9.009,4.275909858941014
,googlenet_49,215.109,5.146,2.3922755440265164
,googlenet_1711,160.168,7.345,4.585809899605414
,googlenet_1078,133.271,2.746,2.060463266577125
,googlenet_129,194.68,12.042,6.1855352373125125
,googlenet_418,169.471,7.891,4.656253872343941
,googlenet_581,130.356,2.299,1.7636319003344687
,googlenet_145,181.892,2.995,1.6465814879159064
,googlenet_133,152.812,4.454,2.9146925634112497
,googlenet_1573,188.834,2.792,1.478547295508224
,googlenet_1894,205.595,5.226,2.5418906101802086
,googlenet_781,165.394,2.932,1.77273661680593
,googlenet_988,149.235,9.448,6.330954534794116
,googlenet_502,137.757,10.436,7.575658587222428
,googlenet_1806,151.223,8.907,5.88997705375505
,googlenet_941,168.194,7.587,4.510862456449101
,googlenet_1237,210.829,10.886,5.163426283860379
,googlenet_1751,193.606,12.255,6.329865809943907
,googlenet_585,176.559,12.478,7.067325936372544
,googlenet_1721,158.778,2.639,1.6620690523876103
,googlenet_759,137.745,2.569,1.8650404733384152
,googlenet_669,152.729,5.764,3.7740049368489283
,googlenet_1115,168.423,5.584,3.3154616649744986
,googlenet_1076,166.006,8.964,5.399804826331579
,googlenet_246,183.422,11.24,6.127945393682328
,googlenet_432,175.864,3.086,1.7547650457171449
,googlenet_931,186.085,3.165,1.7008356396270523
,googlenet_1462,193.029,4.981,2.580441280843811
,googlenet_1718,146.358,7.35,5.0219325216250565
,googlenet_1846,158.543,8.706,5.49125473846212
,googlenet_1725,182.815,13.097,7.164072969942291
,googlenet_281,201.294,12.483,6.201377090226236
,googlenet_544,181.755,3.398,1.8695496685098074
,googlenet_1880,175.377,3.648,2.0800903197112506
,googlenet_1313,174.004,11.257,6.46939150824119
,googlenet_1026,186.752,5.393,2.887787011651816
,googlenet_1015,152.464,3.049,1.9998163500892014
,googlenet_1657,164.942,10.92,6.620509027415697
,googlenet_1038,186.009,11.609,6.241095860952965
,googlenet_1002,158.489,10.234,6.457230470253456
,googlenet_620,180.734,15.13,8.371418770126263
,googlenet_315,159.976,2.849,1.7808921338200734
,googlenet_679,174.118,10.056,5.775393698526286
,googlenet_1871,172.031,11.848,6.887130807819521
,googlenet_1801,193.789,12.055,6.220683320518709
,googlenet_1948,163.543,2.775,1.6968014528289195
,googlenet_1160,199.777,6.374,3.1905574715808127
,googlenet_998,205.907,9.314,4.523401341382274
,googlenet_1824,168.925,9.332,5.524345123575551
,googlenet_1035,199.699,5.102,2.5548450417878907
,googlenet_1473,173.065,11.774,6.803224222113078
,googlenet_1485,181.375,8.592,4.737146795313577
,googlenet_1163,144.646,11.166,7.719535970576443
,googlenet_490,174.834,7.332,4.193692302412574
,googlenet_1207,176.333,7.643,4.334412730458848
,googlenet_1802,180.36,3.597,1.9943446440452428
,googlenet_1908,148.608,2.863,1.9265450043066321
,googlenet_1666,163.111,10.469,6.418328622839661
,googlenet_465,179.24,7.007,3.909283642044186
,googlenet_1741,222.763,14.605,6.556295255495752
,googlenet_203,165.587,8.801,5.31503076932368
,googlenet_479,184.672,4.143,2.243437012649454
,googlenet_985,203.127,11.752,5.785543034653197
,googlenet_889,162.0,5.208,3.214814814814815
,googlenet_785,174.924,2.798,1.5995518053554685
,googlenet_1764,159.607,11.29,7.073624590400169
,googlenet_731,178.01,9.037,5.076681085332285
,googlenet_661,175.951,12.26,6.967849003415724
,googlenet_1628,199.699,9.108,4.560864100471209
,googlenet_260,163.47,12.525,7.6619563222609655
,googlenet_1189,142.379,2.6,1.8261119968534685
,googlenet_259,189.432,12.242,6.462477300561679
,googlenet_1276,144.357,2.692,1.8648212417825254
,googlenet_1231,196.867,4.104,2.084656138408164
,googlenet_712,179.947,12.454,6.920926717311208
,googlenet_838,144.949,10.389,7.167348515684827
,googlenet_410,148.05,5.569,3.761567038162782
,googlenet_1045,133.961,7.952,5.936056016303252
,googlenet_1378,184.043,10.186,5.534576158832446
,googlenet_446,137.071,2.758,2.012095921091989
,googlenet_212,209.875,10.431,4.97010125074449
,googlenet_1452,214.43,12.441,5.801893391782866
,googlenet_981,153.614,11.492,7.481088963245538
,googlenet_1786,147.587,9.844,6.669964156734672
,googlenet_384,194.421,11.675,6.005009746889483
,googlenet_111,183.697,12.438,6.770932568305415
,googlenet_1601,155.043,6.699,4.3207368278477585
,googlenet_1606,151.02,11.459,7.587736723612766
,googlenet_1024,170.641,10.904,6.390023499627874
,googlenet_869,168.626,2.814,1.6687818011457307
,googlenet_361,156.853,2.443,1.5575092602627938
,googlenet_841,165.365,4.672,2.8252653221661173
,googlenet_273,212.086,12.923,6.0932829135350755
,googlenet_827,192.943,7.934,4.1120952820262975
,googlenet_536,166.028,12.399,7.468017442840967
,googlenet_1288,168.592,12.091,7.171751921799372
,googlenet_230,162.278,8.051,4.961239354687636
,googlenet_1342,184.566,10.455,5.664640291277917
,googlenet_1776,177.102,12.207,6.89263814073246
,googlenet_158,181.668,13.151,7.239029438316049
,googlenet_1474,154.166,6.78,4.3978568555972135
,googlenet_1040,157.408,3.183,2.022133563732466
,googlenet_893,155.173,2.925,1.8849928789157908
,googlenet_596,143.859,5.798,4.030335258829827
,googlenet_1832,164.868,6.991,4.240361986558945
,googlenet_924,155.426,10.674,6.867576853293529
,googlenet_510,179.876,3.513,1.9530120749849895
,googlenet_1851,170.54,10.253,6.012079277588836
,googlenet_1988,179.425,3.252,1.812456458130138
,googlenet_103,184.71,6.95,3.762654972659845
,googlenet_1172,191.786,5.954,3.10450189273461
,googlenet_1877,176.758,13.908,7.868385023591576
,googlenet_108,139.978,2.202,1.573104344968495
,googlenet_1516,146.568,3.182,2.171005949456907
,googlenet_42,163.678,13.208,8.06950231552194
,googlenet_1839,146.128,2.413,1.6512920179568598
,googlenet_1651,138.255,2.634,1.9051752197027234
,googlenet_919,182.918,2.547,1.3924272078198974
,googlenet_1245,173.97,2.78,1.5979766626429845
,googlenet_1774,160.013,7.432,4.644622624411767
,googlenet_1333,181.107,3.516,1.9413937616988852
,googlenet_1232,187.46,3.245,1.7310359543369254
,googlenet_1733,146.175,9.846,6.735761929194458
,googlenet_1884,172.065,5.065,2.9436550140935114
,googlenet_65,200.861,13.707,6.824122154126486
,googlenet_1030,191.507,12.183,6.361647354926974
,googlenet_1007,205.549,13.5,6.567777026402463
,googlenet_17,133.904,9.536,7.121519894850041
,googlenet_194,162.236,6.033,3.7186567716166574
,googlenet_666,191.8,13.137,6.849322210636079
,googlenet_156,163.649,10.703,6.540217172118375
,googlenet_278,188.868,11.441,6.057669907025013
,googlenet_463,166.684,4.136,2.4813419404381944
,googlenet_925,193.296,14.031,7.25881549540601
,googlenet_522,188.668,7.387,3.915343354463926
,googlenet_1568,170.002,7.784,4.578769661533393
,googlenet_1944,173.651,6.345,3.6538804844198998
,googlenet_47,177.821,8.061,4.53321036323044
,googlenet_1465,167.106,7.494,4.484578650676816
,googlenet_1252,170.473,11.289,6.6221630404814835
,googlenet_1265,197.865,6.99,3.5327116973694186
,googlenet_1170,148.326,5.6,3.7754675512047786
,googlenet_1723,180.637,11.461,6.34476879044714
,googlenet_1139,142.083,4.456,3.1361950409267827
,googlenet_1437,188.328,5.791,3.0749543349900175
,googlenet_441,188.091,9.708,5.161331483165064
,googlenet_1857,173.243,7.16,4.132923119548842
,googlenet_462,214.32,16.778,7.828480776409108
,googlenet_605,179.953,4.251,2.362283485132229
,googlenet_625,200.285,10.846,5.415283221409491
,googlenet_1700,148.653,11.404,7.67155725077866
,googlenet_627,156.457,2.342,1.496896910972344
,googlenet_370,218.899,2.756,1.2590281362637563
,googlenet_760,181.848,11.134,6.122695877876028
,googlenet_1750,190.691,3.036,1.5921045041454502
,googlenet_1149,170.547,6.729,3.945539939137012
,googlenet_1271,160.854,2.627,1.6331580190731967
,googlenet_1736,231.843,11.15,4.809289044741485
,googlenet_481,167.719,2.857,1.7034444517317657
,googlenet_1330,185.372,13.155,7.096541009429687
,googlenet_1888,134.334,11.148,8.298718120505605
,googlenet_222,191.374,11.348,5.9297501227962
,googlenet_326,170.677,13.774,8.070214498731522
,googlenet_1597,165.925,5.804,3.4979659484706946
,googlenet_413,173.524,11.274,6.497083976856227
,googlenet_1664,177.543,6.812,3.8368169964459313
,googlenet_800,167.874,3.142,1.8716418266080515
,googlenet_217,164.504,5.24,3.1853328794436613
,googlenet_715,150.709,5.212,3.45832033919673
,googlenet_1212,174.236,12.85,7.375054523749397
,googlenet_1346,146.983,10.127,6.8899124388534725
,googlenet_345,213.633,15.989,7.484330604354196
,googlenet_858,227.24,16.823,7.403186058792466
,googlenet_1637,158.239,3.184,2.012146183936956
,googlenet_957,186.519,8.004,4.291251829572322
,googlenet_1099,158.117,3.181,2.0118013875800833
,googlenet_622,147.242,5.313,3.608345444913815
,googlenet_119,187.032,14.236,7.611531716497712
,googlenet_1337,194.551,7.504,3.8570863166984495
,googlenet_1317,144.738,7.149,4.939269576752476
,googlenet_580,203.171,15.891,7.821490271741538
,googlenet_579,147.529,10.577,7.169437873231704
,googlenet_229,169.161,10.259,6.064636647927123
,googlenet_1466,163.316,6.994,4.28249528521394
,googlenet_886,176.279,3.36,1.906069355964125
,googlenet_349,152.688,10.248,6.711725872367181
,googlenet_1282,142.768,9.668,6.771825619186372
,googlenet_564,136.415,2.409,1.7659348312135763
,googlenet_180,150.158,10.903,7.261018393958365
,googlenet_1947,209.288,14.817,7.079717900691869
,googlenet_1367,143.726,7.747,5.390117306541614
,googlenet_1383,200.726,6.339,3.158036328128892
,googlenet_1480,153.934,11.091,7.205035924487118
,googlenet_1382,142.151,8.544,6.0105099506862425
,googlenet_1885,136.494,2.115,1.5495186601608864
,googlenet_438,180.475,8.671,4.8045435655908015
,googlenet_1250,193.907,13.984,7.2117045800306325
,googlenet_150,134.993,2.969,2.1993733008378213
,googlenet_234,175.404,13.42,7.650908759207316
,googlenet_1710,274.626,8.819,3.2112764268496066
,googlenet_1230,168.485,12.991,7.710478677627088
,googlenet_797,146.25,3.935,2.6905982905982904
,googlenet_512,131.782,10.698,8.117952375893521
,googlenet_1075,184.766,9.771,5.28831061991925
,googlenet_1790,177.09,2.992,1.6895363939239934
,googlenet_454,176.817,2.863,1.6191882002296158
,googlenet_1396,166.278,3.235,1.9455369922659642
,googlenet_1419,178.046,6.342,3.5620008312458573
,googlenet_337,181.203,13.378,7.38287997439336
,googlenet_1326,174.34,2.829,1.6226912928759896
,googlenet_550,171.587,2.775,1.6172553864803276
,googlenet_1461,155.404,7.828,5.0371933798357835
,googlenet_795,162.362,7.318,4.507212278735172
,googlenet_414,141.849,9.116,6.426552178725265
,googlenet_83,157.473,7.238,4.596343500155582
,googlenet_1611,185.903,14.842,7.983733452391839
,googlenet_498,187.914,8.702,4.630841768042828
,googlenet_505,156.903,8.697,5.542915049425441
,googlenet_643,143.62,6.724,4.681799192313049
,googlenet_1268,158.059,2.982,1.8866372683618144
,googlenet_403,211.278,11.78,5.575592347523169
,googlenet_1861,192.616,15.828,8.217385886946047
,googlenet_1408,149.607,2.516,1.6817394907992274
,googlenet_440,161.423,7.931,4.9131784194321755
,googlenet_1962,171.264,10.069,5.879227391629298
,googlenet_12,160.807,12.601,7.836101662241073
,googlenet_61,156.366,5.301,3.390123172556694
,googlenet_621,141.546,2.394,1.6913229621465815
,googlenet_252,181.983,11.924,6.552260375969183
,googlenet_932,160.828,7.899,4.911458203795359
,googlenet_1363,189.384,17.153,9.057259324969374
,googlenet_1179,168.624,2.867,1.700232469873802
,googlenet_1862,185.776,13.889,7.476207906295754
,googlenet_1535,189.654,3.54,1.8665569932614128
,googlenet_428,146.455,2.936,2.0047113447816733
,googlenet_82,176.577,12.812,7.255758111192284
,googlenet_540,157.569,2.691,1.707823239342764
,googlenet_871,183.184,3.679,2.0083631758232157
,googlenet_1938,201.242,7.561,3.7571679868019596
,googlenet_1821,145.662,2.474,1.6984525820049154
,googlenet_946,168.394,13.777,8.181407888642113
,googlenet_1134,152.728,10.597,6.938478864386359
,googlenet_1043,209.728,11.486,5.476617332926457
,googlenet_1584,208.132,15.922,7.64995291449657
,googlenet_30,214.211,12.298,5.741068385843864
,googlenet_539,141.335,6.319,4.470937842714118
,googlenet_829,198.931,14.894,7.487018111807611
,googlenet_789,145.284,8.817,6.068803171718841
,googlenet_128,179.629,11.448,6.373135740888164
,googlenet_123,151.494,11.268,7.4379183333993435
,googlenet_1883,158.991,2.649,1.6661320452101063
,googlenet_1977,187.717,2.879,1.533691674169095
,googlenet_1612,211.849,14.895,7.030951290777865
,googlenet_881,158.749,2.934,1.8482006185865738
,googlenet_752,163.826,5.765,3.5189774516865455
,googlenet_1234,162.605,6.386,3.9273085083484522
,googlenet_347,184.036,14.267,7.752287595905148
,googlenet_1240,167.932,3.266,1.944834814091418
,googlenet_1788,189.386,7.267,3.837136852776869
,googlenet_1842,185.438,3.227,1.7402042731263279
,googlenet_683,148.676,2.609,1.754822567193091
,googlenet_784,183.384,8.984,4.899009728220565
,googlenet_547,157.706,4.499,2.852776685731678
,googlenet_1647,199.415,5.924,2.9706892661033524
,googlenet_1430,186.524,7.903,4.236988269606056
,googlenet_1565,159.526,15.089,9.458646239484473
,googlenet_909,143.521,4.754,3.3124072435392735
,googlenet_1835,128.747,9.983,7.753967082728142
,googlenet_239,185.929,15.693,8.440318616245985
,googlenet_1656,155.461,2.987,1.9213822116157748
,googlenet_303,168.879,3.796,2.2477631913973912
,googlenet_977,198.255,10.953,5.5247030339714005
,googlenet_1895,145.779,6.067,4.161779131424965
,googlenet_832,162.344,6.885,4.240994431577391
,googlenet_672,158.871,3.336,2.099816832524501
,googlenet_647,199.776,9.614,4.812389876661862
,googlenet_787,141.991,11.036,7.772323597974519
,googlenet_1934,191.548,12.32,6.431808215173221
,googlenet_1493,190.291,5.849,3.073713417870525
,googlenet_1699,171.136,12.284,7.177916978309649
,googlenet_35,193.622,12.289,6.346902727995785
,googlenet_1067,168.852,3.473,2.056830834103238
,googlenet_1618,162.493,2.448,1.5065264349848917
,googlenet_1634,182.548,6.788,3.718474045182637
,googlenet_808,159.63,7.67,4.804861241621249
,googlenet_1081,147.307,4.883,3.3148458661163422
,googlenet_1380,183.523,14.356,7.822452771587213
,googlenet_922,200.55,8.272,4.12465719272002
,googlenet_1019,167.95,7.519,4.476927657040786
,googlenet_1083,194.008,12.434,6.409014061275823
,googlenet_571,172.613,10.357,6.000127452741102
,googlenet_936,157.133,4.138,2.6334379156510725
,googlenet_1702,153.81,2.521,1.6390351732657171
,googlenet_1004,161.331,8.712,5.400078100303104
,googlenet_348,204.175,8.06,3.947593975756092
,googlenet_22,162.242,11.201,6.903884320952653
,googlenet_1833,158.521,12.611,7.955412847509163
,googlenet_880,154.601,4.13,2.6713928111719847
,googlenet_1913,183.685,8.377,4.560524811497945
,googlenet_1413,138.782,2.59,1.8662362554221725
,googlenet_706,222.497,13.086,5.881427614754356
,googlenet_1749,145.899,2.994,2.0521045380708576
,googlenet_1905,173.526,12.367,7.126885884536035
,googlenet_1112,208.318,13.048,6.263500993673134
,googlenet_1779,148.372,10.657,7.1826220580702556
,googlenet_279,186.871,3.728,1.9949590894253255
,googlenet_750,138.203,10.304,7.455699225053001
,googlenet_1670,164.961,10.781,6.535484144737241
,googlenet_1321,152.667,6.38,4.1790301767900075
,googlenet_895,163.03,6.019,3.691958535238913
,googlenet_1728,175.402,10.139,5.780435798907653
,googlenet_1491,161.3,3.025,1.875387476751395
,googlenet_224,168.997,7.458,4.413096090463144
,googlenet_1863,189.42,2.946,1.5552739942983846
,googlenet_85,168.27,3.454,2.0526534735841206
,googlenet_496,179.691,12.362,6.879587736725824
,googlenet_1098,160.762,12.418,7.724462248541321
,googlenet_1522,188.355,2.924,1.5523877783971756
,googlenet_1766,183.426,10.718,5.843228331861351
,googlenet_816,173.376,7.369,4.250299926172019
,googlenet_678,166.376,11.374,6.836322546521132
,googlenet_824,124.5,2.976,2.3903614457831326
,googlenet_807,177.921,3.056,1.7176162454122896
,googlenet_1692,122.229,2.069,1.6927243125608487
,googlenet_166,149.944,5.646,3.765405751480553
,googlenet_1822,159.429,2.902,1.8202460029229313
,googlenet_399,135.246,8.907,6.585777028525797
,googlenet_1559,145.093,4.802,3.309601428049596
,googlenet_1563,172.271,5.688,3.301774529665469
,googlenet_1469,136.555,6.606,4.837611218922778
,googlenet_1696,192.581,12.376,6.426386819052762
,googlenet_814,166.437,11.844,7.116206132049964
,googlenet_118,155.144,12.824,8.26586912803589
,googlenet_366,195.506,2.948,1.5078821110349554
,googlenet_1509,176.561,3.891,2.2037709346911267
,googlenet_1855,176.224,3.674,2.0848465589250043
,googlenet_1370,152.312,3.193,2.096354850569883
,googlenet_1890,170.8,11.508,6.737704918032786
,googlenet_1588,150.383,8.869,5.897608107299361
,googlenet_1649,156.981,2.316,1.475337779731305
,googlenet_1800,158.049,7.435,4.704237293497586
,googlenet_1429,159.138,2.47,1.5521120034184168
,googlenet_1011,180.565,3.35,1.855287569573284
,googlenet_951,164.033,16.213,9.883986758761958
,googlenet_378,170.936,8.205,4.800042121027753
,googlenet_168,177.327,3.365,1.8976241632689892
,googlenet_1079,158.398,10.057,6.349196328236468
,googlenet_1935,174.272,9.868,5.662412780022035
,googlenet_980,173.338,11.522,6.647128731149546
,googlenet_1735,139.406,2.971,2.1311851713699554
,googlenet_1932,208.985,16.213,7.757973060267482
,googlenet_1544,179.641,7.295,4.060876971292745
,googlenet_1914,134.074,2.564,1.9123767471694735
,googlenet_801,147.711,10.194,6.901314052440238
,googlenet_424,155.796,11.893,7.633700480115023
,googlenet_1028,184.029,14.237,7.736280694890479
,googlenet_830,162.946,11.382,6.985136180084199
,googlenet_630,165.982,7.2,4.337819763588823
,googlenet_249,181.123,2.886,1.5933923355951483
,googlenet_542,159.377,3.24,2.0329156653720424
,googlenet_1756,128.048,10.442,8.154754467074847
,googlenet_0,173.53,4.072,2.3465683167175704
,googlenet_842,143.37,2.481,1.730487549696589
,googlenet_509,189.049,2.939,1.5546234045141736
,googlenet_978,142.256,10.594,7.447137554830727
,googlenet_46,145.641,3.184,2.18619756799253
,googlenet_1959,175.237,3.183,1.8163972220478553
,googlenet_984,155.462,4.615,2.9685710977602247
,googlenet_320,194.698,13.518,6.9430605347769365
,googlenet_1537,136.929,2.571,1.8776154065245492
,googlenet_1840,180.197,12.575,6.97847355949322
,googlenet_668,155.798,6.057,3.8877264149732347
,googlenet_591,169.982,13.189,7.75905684131261
,googlenet_1197,168.779,10.004,5.927277682650092
,googlenet_491,152.938,11.168,7.302305509422119
,googlenet_1931,176.292,3.208,1.81970821137658
,googlenet_961,164.404,3.541,2.153840539159631
,googlenet_1395,189.524,4.707,2.483590468753298
,googlenet_501,146.123,3.171,2.170089582064425
,googlenet_1423,150.721,3.017,2.0017117720821913
,googlenet_2,145.315,2.637,1.8146784571448236
,googlenet_821,184.488,8.812,4.776462425740427
,googlenet_918,182.927,11.023,6.025901042492361
,googlenet_682,152.331,5.638,3.701150783491213
,googlenet_11,175.208,10.626,6.06479156202913
,googlenet_267,177.217,10.902,6.151780021104069
,googlenet_1703,151.587,6.836,4.509621537466934
,googlenet_1602,197.827,13.464,6.805946609916745
,googlenet_331,191.944,12.549,6.5378443712749545
,googlenet_1726,153.199,10.331,6.743516602588789
,googlenet_938,171.374,3.162,1.8450873528073102
,googlenet_1476,166.161,7.087,4.265140436083076
,googlenet_95,182.905,4.057,2.2180913589021625
,googlenet_993,152.078,11.339,7.456042294085929
,googlenet_508,223.553,5.32,2.3797488738688366
,googlenet_430,168.758,15.475,9.16993564749523
,googlenet_1188,195.378,7.315,3.7440244039758834
,googlenet_600,129.261,2.803,2.1684808256163883
,googlenet_1489,200.316,15.084,7.530102438147726
,googlenet_545,172.207,2.773,1.610271359468547
,googlenet_1508,150.322,8.459,5.6272534958289535
,googlenet_1042,180.92,2.748,1.5189033827105907
,googlenet_486,172.401,4.314,2.5023056710807943
,googlenet_308,160.516,11.163,6.9544469087193805
,googlenet_532,152.058,11.447,7.528048507806232
,googlenet_1220,149.563,4.894,3.272199675053322
,googlenet_87,138.224,9.85,7.126114133580276
,googlenet_1241,186.762,5.578,2.9866889410051294
,googlenet_240,134.743,2.175,1.6141840392450812
,googlenet_358,174.342,12.921,7.411295040781911
,googlenet_1916,135.952,9.576,7.043662469106744
,googlenet_81,177.339,3.535,1.993357355122111
,googlenet_395,169.394,10.929,6.451822378596645
,googlenet_1046,180.981,14.78,8.166603124084848
,googlenet_392,159.146,2.967,1.8643258391665516
,googlenet_492,160.372,12.823,7.9957848003392105
,googlenet_325,136.686,5.364,3.924322900662833
,googlenet_610,180.88,13.212,7.304290137107475
,googlenet_786,168.067,12.044,7.16618967435606
,googlenet_1201,201.795,6.102,3.0238608488812906
,googlenet_1532,203.959,12.956,6.352257071274129
,googlenet_1259,165.388,7.541,4.559581106247128
,googlenet_1327,175.872,7.851,4.464042030567685
,googlenet_1679,168.919,3.437,2.0347030233425487
,googlenet_660,175.892,9.343,5.311782230004776
,googlenet_1740,180.97,4.599,2.5413051887053104
,googlenet_1354,173.91,11.385,6.546489563567362
,googlenet_1088,177.759,12.125,6.821032971607627
,googlenet_1166,202.112,16.622,8.224152944901837
,googlenet_599,174.643,10.999,6.297990758289769
,googlenet_1983,175.709,8.354,4.754451963189136
,googlenet_124,169.21,7.892,4.664026948761894
,googlenet_141,152.572,9.94,6.5149568728207
,googlenet_662,171.851,11.13,6.476540724232038
,googlenet_1348,196.758,2.74,1.3925736183535105
,googlenet_755,181.449,16.553,9.1226735887219
,googlenet_1552,168.776,10.663,6.317841399251078
,googlenet_658,133.397,2.462,1.845618717062603
,googlenet_1347,163.274,13.25,8.115192865979887
,googlenet_745,200.109,9.948,4.971290646597605
,googlenet_836,165.444,12.946,7.825004231038902
,googlenet_1985,165.579,12.163,7.345738288067931
,googlenet_242,212.71,12.632,5.938601852287151
,googlenet_201,207.19,16.909,8.16110816159081
,googlenet_295,178.423,2.478,1.3888343991525756
,googlenet_98,177.926,3.031,1.7035171925407193
,googlenet_1291,166.595,3.265,1.9598427323749212
,googlenet_1854,135.451,2.443,1.803604255413397
,googlenet_300,138.292,6.469,4.677783241257629
,googlenet_1428,165.786,10.572,6.376895515906048
,googlenet_896,196.474,5.401,2.7489642395431457
,googlenet_52,172.618,2.739,1.5867406643571353
,googlenet_74,172.399,10.563,6.127065702237252
,googlenet_1580,176.278,2.83,1.6054187136228006
,googlenet_60,165.084,11.163,6.762012066584284
,googlenet_1324,175.836,12.918,7.346618439909915
,googlenet_839,143.686,3.103,2.1595701738513147
,googlenet_1440,171.061,8.571,5.010493332787719
,googlenet_1357,120.428,5.123,4.2539940877536795
,googlenet_820,134.407,3.981,2.9618993058397254
,googlenet_606,140.804,4.387,3.11567853185989
,googlenet_1218,192.893,14.025,7.2708703789147355
,googlenet_40,196.342,5.999,3.0553829542329196
,googlenet_1086,172.885,9.824,5.68239002805333
,googlenet_497,159.713,6.303,3.946453951775998
,googlenet_478,161.42,10.363,6.419898401685045
,googlenet_1027,144.605,9.498,6.568237612807303
,googlenet_644,148.394,6.691,4.508942410070488
,googlenet_1136,152.105,3.152,2.072252720160416
,googlenet_1949,178.982,9.29,5.190466080387972
,googlenet_1457,169.088,12.273,7.258350681302043
,googlenet_968,189.483,10.878,5.740884406516679
,googlenet_1209,163.008,6.868,4.213290145268943
,googlenet_1229,160.62,7.209,4.488233096750093
,googlenet_139,160.454,2.42,1.5082204245453523
,googlenet_1244,146.68,2.217,1.5114535042268884
,googlenet_1781,159.124,3.076,1.9330836328900733
,googlenet_115,134.647,9.6,7.1297540977519
,googlenet_1716,222.607,9.949,4.469311387332834
,googlenet_1066,166.847,8.261,4.951242755338723
,googlenet_287,164.918,9.703,5.883529996725645
,googlenet_746,182.329,3.539,1.9409967695758767
,googlenet_1879,122.558,9.478,7.7334812904910315
,googlenet_1688,221.356,10.828,4.891667720775583
,googlenet_1192,184.975,12.016,6.496012974726314
,googlenet_942,190.097,12.209,6.422510613002835
,googlenet_33,163.726,11.637,7.107606611045283
,googlenet_1314,141.788,2.482,1.7505007475950012
,googlenet_619,144.514,6.398,4.427252722919578
,googlenet_1616,161.641,2.754,1.70377565097964
,googlenet_1236,184.951,3.429,1.8540045741845135
,googlenet_1669,200.199,4.003,1.9995104870653697
,googlenet_652,145.552,10.17,6.987193580301199
,googlenet_379,183.855,2.704,1.470724212014903
,googlenet_1070,151.411,6.429,4.246058740778412
,googlenet_1620,186.179,6.173,3.315626359578685
,googlenet_136,164.536,2.44,1.482958136821121
,googlenet_1545,170.158,2.636,1.5491484385100907
,googlenet_1477,195.208,7.418,3.8000491783123644
,googlenet_1298,162.973,10.901,6.688838028385069
,googlenet_576,157.61,3.084,1.956728633969926
,googlenet_1122,164.911,6.586,3.9936693125382785
,googlenet_431,127.911,7.115,5.562461398941452
,googlenet_161,181.488,6.931,3.8189852772635104
,googlenet_451,213.713,8.622,4.034382559788127
,googlenet_1319,157.261,11.913,7.575304748157522
,googlenet_930,188.989,13.931,7.3713284900179366
,googlenet_855,160.912,4.842,3.0090981405985877
,googlenet_263,172.922,8.074,4.669157192260094
,googlenet_819,159.435,4.608,2.8902060400790286
,googlenet_381,184.765,14.018,7.586934754959003
,googlenet_1448,159.336,8.798,5.521664909373902
,googlenet_1681,171.868,11.759,6.841878651057789
,googlenet_1598,172.867,11.405,6.597557659935095
,googlenet_476,155.828,13.555,8.698693431219036
,googlenet_362,169.209,2.417,1.4284110183264482
,googlenet_1249,130.142,7.137,5.484009773939236
,googlenet_631,183.811,6.219,3.3833666102681557
,googlenet_1496,220.029,10.136,4.60666548500425
,googlenet_1126,157.377,12.286,7.806731606270293
,googlenet_1562,149.088,10.635,7.133370895041854
,googlenet_1989,170.662,11.11,6.509943631271168
,googlenet_261,173.366,12.371,7.1357705663163475
,googlenet_1133,174.965,3.689,2.1084216843368675
,googlenet_769,140.915,2.94,2.0863641202143137
,googlenet_1351,155.954,3.234,2.0736883952960485
,googlenet_142,191.148,14.183,7.419904995082345
,googlenet_393,156.853,3.222,2.054152614231159
,googlenet_1062,181.297,14.567,8.034881989222106
,googlenet_1445,166.232,10.807,6.501155012272005
,googlenet_1454,187.92,16.481,8.770221370796085
,googlenet_1034,181.351,7.166,3.9514532591493845
,googlenet_1113,153.237,7.647,4.990309128996262
,googlenet_774,164.841,5.76,3.4942763026188874
,googlenet_846,173.934,11.967,6.880195936389666
,googlenet_1054,181.149,2.845,1.5705303369049788
,googlenet_851,161.038,3.228,2.0044958332815854
,googlenet_649,154.815,11.156,7.206020088492718
,googlenet_1157,179.483,10.798,6.0161686622131345
,googlenet_372,193.678,3.21,1.657390101095633
,googlenet_626,189.289,8.382,4.428149549102167
,googlenet_162,179.801,9.711,5.400971073575787
,googlenet_216,179.624,10.995,6.121119672204159
,googlenet_402,164.176,14.04,8.551798070363512
,googlenet_389,166.496,10.575,6.351503940034594
,googlenet_1087,191.363,3.141,1.64138313049022
,googlenet_1629,178.189,14.367,8.062787265207168
,googlenet_1060,177.263,7.456,4.206179518568455
,googlenet_1963,168.971,3.342,1.9778541879967568
,googlenet_1260,201.097,12.656,6.293480260769678
,googlenet_810,155.582,11.705,7.523363885282359
,googlenet_1264,182.457,3.046,1.6694344420877245
,googlenet_232,197.663,10.638,5.381887353728315
,googlenet_1737,162.201,11.18,6.892682535865993
,googlenet_374,135.988,2.542,1.8692825837573903
,googlenet_397,168.807,7.946,4.7071507698140485
,googlenet_1216,168.983,3.129,1.8516655521561338
,googlenet_1101,158.436,2.937,1.853745360902825
,googlenet_568,167.026,8.268,4.950127525055979
,googlenet_962,154.297,2.065,1.338328029708938
,googlenet_1374,152.892,7.359,4.813201475551369
,googlenet_770,155.038,11.225,7.240160476786335
,googlenet_1198,192.888,2.918,1.5127949898386628
,googlenet_1138,147.09,11.514,7.827860493575361
,googlenet_1795,145.347,2.457,1.6904373671283204
,googlenet_1889,161.216,10.497,6.511140333465661
,googlenet_1686,172.82,2.517,1.4564286540909617
,googlenet_1997,143.31,6.622,4.620752215476938
,googlenet_223,182.734,2.989,1.6357109240754317
,googlenet_183,168.404,4.243,2.5195363530557473
,googlenet_598,171.568,10.921,6.3654061363424415
,googlenet_523,152.157,9.852,6.474891066464244
,googlenet_225,199.114,11.045,5.547073535763432
,googlenet_298,144.148,11.29,7.832227987901323
,googlenet_1635,183.109,2.699,1.4739854403661206
,googlenet_1658,161.99,11.66,7.197975183653312
,googlenet_386,177.716,6.283,3.5354160570798356
,googlenet_719,161.206,9.583,5.944567820056326
,googlenet_1659,156.807,5.552,3.540658261429656
,googlenet_447,164.309,9.856,5.998454132153443
,googlenet_1475,187.827,13.665,7.27531185612292
,googlenet_1470,180.386,13.155,7.292694555009812
,googlenet_489,179.981,6.072,3.373689444996972
,googlenet_845,147.091,2.616,1.7784908661984757
,googlenet_1000,189.866,8.673,4.567958454910305
,googlenet_923,145.599,13.521,9.286464879566482
,googlenet_1417,192.266,4.978,2.589121321502502
,googlenet_1762,164.316,9.913,6.032887850239782
,googlenet_1358,173.335,12.084,6.971471428159344
,googlenet_1386,183.098,17.094,9.33598400856372
,googlenet_21,159.065,13.96,8.776286423789017
,googlenet_480,177.833,6.918,3.890166616994596
,googlenet_1813,173.229,3.226,1.8622747923269196
,googlenet_1182,211.472,14.169,6.700177801316487
,googlenet_218,166.661,9.023,5.413984075458565
,googlenet_1200,144.562,9.473,6.552897718625918
,googlenet_1168,209.277,10.467,5.001505182127038
,googlenet_1123,137.288,10.135,7.382291241769128
,googlenet_445,159.016,2.672,1.680334054434774
,googlenet_1359,149.642,2.053,1.3719410325978
,googlenet_1671,185.469,3.193,1.7215815041866835
,googlenet_1561,207.896,6.209,2.986589448570439
,googlenet_934,186.217,2.724,1.4628095179280087
,googlenet_106,145.808,2.872,1.9697135959618128
,googlenet_1203,227.748,12.104,5.314646012259164
,googlenet_314,142.805,12.382,8.670564756135988
,googlenet_1297,175.824,7.115,4.0466602966602965
,googlenet_1400,151.177,4.774,3.157887773933866
,googlenet_1650,206.533,12.82,6.207240489413315
,googlenet_1165,217.364,13.823,6.359378737969489
,googlenet_1029,166.387,6.584,3.9570399129739706
,googlenet_84,163.206,6.774,4.150582699165472
,googlenet_1492,180.021,11.66,6.4770221251965046
,googlenet_1450,154.149,5.22,3.3863340015180112
,googlenet_748,134.707,2.402,1.7831293102808319
,googlenet_1190,169.007,12.484,7.386676291514552
,googlenet_460,167.386,2.831,1.6913003476993298
,googlenet_1295,172.014,6.76,3.9299126815259218
,googlenet_503,156.436,2.665,1.7035720678104784
,googlenet_1685,147.2,8.184,5.559782608695652
,googlenet_1578,145.617,5.996,4.117651098429443
,googlenet_1109,199.477,9.506,4.765461682299212
,googlenet_640,186.463,12.003,6.437202018631043
,googlenet_334,141.542,10.699,7.558887114778652
,googlenet_1307,170.482,7.456,4.373482244459826
,googlenet_1930,155.221,5.287,3.4061112864882976
,googlenet_856,157.463,3.088,1.9610956224636902
,googlenet_164,144.651,2.717,1.8783140109643208
,googlenet_1350,181.836,13.523,7.43692118172419
,googlenet_1609,153.454,11.447,7.459564429731384
,googlenet_1921,162.959,6.627,4.0666670757675245
,googlenet_696,171.154,3.325,1.9426948829708919
,googlenet_529,151.892,11.537,7.595528401759146
,googlenet_206,201.489,8.297,4.117842661385981
,googlenet_305,191.547,3.386,1.7677123630231746
,googlenet_1662,150.995,11.986,7.93801119242359
,googlenet_236,204.249,2.977,1.4575346758123662
,googlenet_1648,137.618,4.183,3.039573311630746
,googlenet_1219,149.621,7.367,4.923774069148047
,googlenet_1668,223.329,3.394,1.519730979854833
,googlenet_908,184.691,7.059,3.8220595481100865
,googlenet_1394,184.067,15.636,8.494732896173675
,googlenet_1215,171.418,12.283,7.1655252073877875
,googlenet_186,162.617,10.301,6.3345160715054405
,googlenet_1876,207.013,12.585,6.079328351359576
,googlenet_1191,174.67,5.394,3.088109005553329
,googlenet_1292,155.638,7.658,4.920392192138167
,googlenet_48,193.724,11.739,6.059651875864633
,googlenet_215,164.095,6.918,4.2158505743624115
,googlenet_456,145.67,6.613,4.539713050044622
,googlenet_265,169.999,3.094,1.820010705945329
,googlenet_560,174.539,8.672,4.968517064953965
,googlenet_1868,187.782,3.25,1.730730314939664
,googlenet_1518,172.383,10.305,5.977967665024973
,googlenet_1511,132.71,2.024,1.5251299826689773
,googlenet_332,133.949,2.737,2.0433149930197314
,googlenet_1390,167.292,10.726,6.411543887334721
,googlenet_343,147.582,10.253,6.947324199428115
,googlenet_54,170.812,3.343,1.9571224504133198
,googlenet_651,165.135,3.694,2.2369576407182
,googlenet_175,178.245,11.987,6.725013324356924
,googlenet_1856,157.032,12.557,7.996459320393296
,googlenet_1089,135.637,6.795,5.009694994728577
,googlenet_794,173.898,5.773,3.3197621594267903
,googlenet_956,153.168,6.209,4.053718792437063
,googlenet_90,211.601,5.227,2.470215169115458
,googlenet_1269,143.634,2.5,1.740534970828634
,googlenet_887,175.334,3.157,1.800563495956289
,googlenet_847,182.89,11.536,6.307616600142161
,googlenet_1137,212.062,12.04,5.677584857258725
,googlenet_921,180.48,2.537,1.4056959219858156
,googlenet_457,180.824,2.851,1.5766712383311947
,googlenet_18,155.727,5.545,3.560718436751494
,googlenet_1765,148.387,3.0,2.0217404489611623
,googlenet_416,164.682,3.279,1.9911101395416624
,googlenet_1254,150.554,11.247,7.470409288361651
,googlenet_754,158.388,3.207,2.024774604136677
,googlenet_937,194.259,11.733,6.039874600404615
,googlenet_1957,179.359,6.356,3.543730729988458
,googlenet_185,145.9,6.148,4.213845099383138
,googlenet_1966,193.042,8.62,4.46534950943318
,googlenet_1132,170.839,2.862,1.675261503520859
,googlenet_826,165.745,2.983,1.7997526320552657
,googlenet_1971,155.988,9.319,5.974177500833398
,googlenet_484,161.495,11.49,7.114771355150314
,googlenet_73,171.787,5.954,3.4659200055883153
,googlenet_327,196.414,5.988,3.0486625189650436
,googlenet_1942,195.002,11.11,5.697377462795253
,googlenet_1107,148.725,10.439,7.018994789040176
,googlenet_192,188.349,5.422,2.8786985861353127
,googlenet_1052,188.397,3.813,2.0239175783053875
,googlenet_963,181.937,3.045,1.6736562656304104
,googlenet_231,205.277,3.312,1.6134296584614936
,googlenet_177,199.607,13.06,6.542856713441914
,googlenet_729,155.142,6.675,4.302509958618556
,googlenet_1037,194.242,12.915,6.648922478145818
,googlenet_1281,143.571,3.106,2.1633895424563456
,googlenet_1642,158.726,6.363,4.0087950304297975
,googlenet_1730,148.926,4.012,2.6939553872393
,googlenet_1799,161.363,8.665,5.3698803319224355
,googlenet_792,182.004,3.077,1.6906221841278213
,googlenet_53,155.918,6.839,4.386279967675317
,googlenet_763,195.757,9.526,4.866237222679138
,googlenet_163,129.282,2.163,1.6730867406135421
,googlenet_1891,178.946,11.761,6.572373788740737
,googlenet_360,158.373,2.68,1.69220763640267
,googlenet_16,179.414,3.324,1.8526982286778066
,googlenet_1441,134.464,9.045,6.726707520228463
,googlenet_1853,168.56,3.256,1.9316563834836258
,googlenet_1992,147.612,10.921,7.398449990515676
,googlenet_1626,168.035,6.305,3.7521944832921714
,googlenet_75,189.091,10.058,5.319132058109587
,googlenet_333,200.544,12.233,6.099908249561194
,googlenet_39,192.962,3.239,1.6785688373876722
,googlenet_1008,201.256,12.422,6.1722383432046755
,googlenet_853,147.535,9.976,6.761785339072085
,googlenet_1902,158.167,14.3,9.041076836508248
,googlenet_1623,169.651,2.618,1.5431680331975643
,googlenet_466,141.983,4.77,3.359557130078953
,googlenet_935,179.662,7.277,4.050383497901615
,googlenet_815,169.205,3.168,1.872285097958098
,googlenet_737,151.09,3.736,2.472698391687074
,googlenet_1990,164.661,10.924,6.6342364008478025
,googlenet_346,177.66,5.912,3.3277046043003486
,googlenet_474,122.11,2.485,2.035050364425518
,googlenet_917,133.877,2.279,1.702308835722342
,googlenet_1488,186.42,11.598,6.221435468297394
,googlenet_1743,169.666,10.996,6.480968491035329
,googlenet_1742,177.362,7.53,4.245554290095963
,googlenet_771,168.215,5.46,3.2458460898255206
,googlenet_1837,146.018,2.495,1.7086934487528935
,googlenet_1815,137.311,6.145,4.4752423330978575
,googlenet_616,187.804,12.341,6.571212540733956
,googlenet_24,159.968,10.437,6.524429885977195
,googlenet_262,163.557,3.597,2.199233294814652
,googlenet_1797,189.769,2.95,1.554521549884333
,googlenet_1456,161.111,2.901,1.800621931463401
,googlenet_159,175.6,3.046,1.734624145785877
,googlenet_594,214.407,4.533,2.114203360897732
,googlenet_1945,166.606,3.587,2.1529836860617264
,googlenet_1878,166.488,5.13,3.081303156984287
,googlenet_1399,185.707,3.23,1.73929900326859
,googlenet_350,147.701,2.806,1.8997840231278058
,googlenet_380,205.767,14.69,7.139142816875397
,googlenet_1258,163.716,7.093,4.332502626499548
,googlenet_429,150.627,4.93,3.2729855869133684
,googlenet_1092,199.066,10.591,5.320346015894225
,googlenet_1077,161.14,9.647,5.986719622688346
,googlenet_284,164.03,6.787,4.137657745534353
,googlenet_237,161.784,6.155,3.8044553231469123
,googlenet_1541,170.627,10.648,6.240512931716551
,googlenet_1550,162.442,8.787,5.40931532485441
,googlenet_1531,165.625,3.002,1.8125283018867924
,googlenet_761,142.69,2.654,1.859976172121382
,googlenet_849,164.76,7.383,4.481063364894392
,googlenet_323,182.039,3.677,2.0198968352935363
,googlenet_955,150.065,8.758,5.836137673674741
,googlenet_1338,164.744,10.107,6.134973049094352
,googlenet_29,198.61,11.288,5.683500327274558
,googlenet_1148,174.625,6.987,4.001145311381532
,googlenet_1181,187.346,3.366,1.796675669616645
,googlenet_514,180.793,3.303,1.8269512647060449
,googlenet_1261,171.521,3.188,1.8586645367039605
,googlenet_687,159.162,10.81,6.791822168608085
,googlenet_577,177.007,10.682,6.0347895845927
,googlenet_1510,182.471,10.717,5.87326205260014
,googlenet_613,138.727,2.874,2.071694767420906
,googlenet_396,160.874,2.624,1.6310901699466664
,googlenet_806,182.484,11.196,6.135332412704675
,googlenet_1013,166.579,11.416,6.8532047857172875
,googlenet_1927,198.606,12.332,6.209278672346254
,googlenet_732,173.646,6.906,3.977056770671366
,googlenet_72,171.438,10.479,6.112413817240052
,googlenet_657,187.779,14.375,7.6552756165492415
,googlenet_174,171.322,13.583,7.928345454757707
,googlenet_685,185.163,4.53,2.4464930898721664
,googlenet_793,136.394,2.667,1.955364605481179
,googlenet_1586,195.098,8.29,4.249146582743031
,googlenet_391,163.696,12.401,7.575627993353533
,googlenet_66,144.217,2.799,1.9408252841204572
,googlenet_1900,188.556,13.774,7.304991620526527
,googlenet_566,187.436,16.138,8.60987216970059
,googlenet_903,169.09,11.338,6.705304867230469
,googlenet_850,177.942,13.215,7.426577199312136
,googlenet_304,148.752,10.436,7.01570399053458
,googlenet_499,159.087,12.548,7.8875080930560015
,googlenet_1897,169.364,3.187,1.8817458255591506
,googlenet_1830,174.996,11.517,6.581293286703696
,googlenet_1955,165.768,3.152,1.9014526325949521
,googlenet_1,136.961,5.561,4.060279933703755
,googlenet_1515,170.254,8.519,5.003700353589343
,googlenet_1495,175.077,9.076,5.184004752194749
,googlenet_125,180.176,11.219,6.226689459195454
,googlenet_1926,208.895,11.43,5.471648435817037
,googlenet_352,165.87,2.932,1.7676493639597273
,googlenet_1205,138.244,9.291,6.72072567344695
,googlenet_1036,191.329,7.762,4.056886305787413
,googlenet_310,143.659,8.463,5.891033628244662
,googlenet_1193,184.328,2.642,1.4333145262792413
,googlenet_1708,159.98,10.727,6.705213151643956
,googlenet_1118,162.092,14.17,8.741949016607851
,googlenet_720,142.229,6.841,4.80984890563809
,googlenet_1638,187.675,7.449,3.969095510856534
,googlenet_404,179.138,2.889,1.612723151983387
,googlenet_1796,176.698,16.406,9.284768361837711
,googlenet_637,142.525,1.977,1.3871250657779337
,googlenet_551,178.016,7.427,4.172096890167176
,googlenet_1615,192.762,3.004,1.5583984395264627
,googlenet_274,176.662,6.555,3.710475371047537
,googlenet_1377,161.158,2.998,1.860286178781072
,googlenet_1630,164.776,9.153,5.5548138078360925
,googlenet_916,168.998,8.148,4.821358832648907
,googlenet_37,162.168,2.602,1.60450890434611
,googlenet_695,173.35,11.511,6.640323045860974
,googlenet_518,166.617,6.018,3.6118763391490663
,googlenet_41,148.339,7.086,4.776896163517349
,googlenet_387,142.62,5.203,3.6481559388585048
,googlenet_1956,183.955,12.296,6.6842434290995065
,googlenet_1059,155.137,9.895,6.378233432385569
,googlenet_533,163.486,5.617,3.4357682003351973
,googlenet_834,169.666,12.237,7.2124055497271105
,googlenet_1911,182.828,9.284,5.0779968057409155
,googlenet_515,179.57,2.407,1.3404243470512893
,googlenet_528,187.612,11.638,6.203227938511396
,googlenet_1873,161.403,9.79,6.065562597969058
,googlenet_756,209.314,12.352,5.901181956295327
,googlenet_743,176.768,5.625,3.182137038377987
,googlenet_947,178.859,7.606,4.252511755069635
,googlenet_663,232.91,9.053,3.8869091065218333
,googlenet_1175,159.949,9.373,5.859992872728181
,googlenet_482,203.692,8.902,4.370323822241423
,googlenet_435,185.139,5.19,2.8032991428062157
,googlenet_1727,136.506,7.83,5.736011603885544
,googlenet_812,117.99,2.388,2.023900330536486
,googlenet_160,165.573,12.039,7.271113043793371
,googlenet_686,157.997,12.13,7.677360962549922
,googlenet_954,197.166,10.311,5.229603481330453
,googlenet_7,196.732,11.125,5.654901083707785
,googlenet_1844,146.045,12.743,8.725392858365574
,googlenet_1704,162.568,5.887,3.621253875301412
,googlenet_116,176.053,8.085,4.592367071279671
,googlenet_1683,175.946,3.421,1.9443465608766326
,googlenet_1110,142.307,9.499,6.675005445972442
,googlenet_639,166.089,2.781,1.6744034824702418
,googlenet_1335,197.202,7.473,3.7895153193172484
,googlenet_1224,156.557,5.369,3.429421871906079
,googlenet_1556,178.846,13.425,7.506458070071459
,googlenet_1299,160.406,6.044,3.7679388551550437
,googlenet_976,172.994,6.848,3.9585187925592797
,googlenet_309,160.299,9.49,5.9201866511955785
,googlenet_1794,167.344,9.496,5.67453867482551
,googlenet_419,205.007,9.602,4.6837425063534415
,googlenet_1339,140.505,2.763,1.9664780612789579
,googlenet_1865,138.202,4.228,3.0592900247463852
,googlenet_1823,164.05,11.053,6.737580006095703
,googlenet_405,146.81,10.081,6.866698453783802
,googlenet_635,154.774,5.424,3.504464574153282
,googlenet_1248,151.916,8.443,5.557676610758577
,googlenet_1071,171.461,6.165,3.595569838038971
,googlenet_110,184.223,2.975,1.6148906488332073
,googlenet_912,130.281,2.649,2.0332972574665527
,googlenet_1753,145.141,2.398,1.652186494512233
,googlenet_1929,205.855,10.665,5.180831167569405
,googlenet_1322,195.546,3.302,1.6886052386650714
,googlenet_1973,148.656,2.5,1.6817350123775696
,googlenet_1907,154.967,10.025,6.469119231836455
,googlenet_1345,171.424,7.631,4.451535374276648
,googlenet_1570,203.296,12.607,6.201302534235794
,googlenet_114,158.554,2.749,1.7337941647640551
,googlenet_1294,190.487,12.883,6.763191188900029
,googlenet_587,155.147,2.524,1.6268442187087087
,googlenet_1375,153.75,14.29,9.29430894308943
,googlenet_1387,125.16,7.008,5.5992329817833175
,googlenet_1872,184.038,3.401,1.8479879155391818
,googlenet_1447,184.344,7.937,4.3055374734192595
,googlenet_247,147.686,2.92,1.9771677748737184
,googlenet_1140,138.521,5.672,4.0946860042881585
,googlenet_266,196.523,17.444,8.876314731609023
,googlenet_67,169.398,9.318,5.500655261573336
,googlenet_276,136.053,11.345,8.338662139019354
,googlenet_450,145.509,2.77,1.9036623164202904
,googlenet_1478,173.732,2.686,1.5460594478852485
,googlenet_1547,161.032,10.633,6.603035421531123
,googlenet_244,179.586,7.964,4.434644125934093
,googlenet_513,162.18,5.174,3.1902824022690837
,googlenet_1460,144.927,2.279,1.572515818308528
,googlenet_322,142.682,4.001,2.804137873032338
,googlenet_852,182.333,13.3,7.294346059133564
,googlenet_773,177.108,11.783,6.653002687625629
,googlenet_1411,153.972,2.346,1.5236536513132257
,googlenet_1056,140.953,4.101,2.9094804651195787
,googlenet_32,170.424,2.856,1.675820306999014
,googlenet_494,143.472,2.77,1.9306903089104495
,googlenet_1641,167.39,2.858,1.7073899277137226
,googlenet_1014,196.748,13.806,7.017098013702808
,googlenet_584,135.878,9.899,7.285211734055549
,googlenet_667,168.075,14.148,8.417670682730924
,googlenet_913,160.491,8.851,5.5149509941367425
,googlenet_1416,147.727,2.7,1.8276956818997203
,googlenet_1996,160.207,10.459,6.528428845181547
,googlenet_57,180.95,11.239,6.211108040895276
,googlenet_1614,147.736,9.879,6.6869280337900046
,googlenet_1845,141.036,10.82,7.671800107773902
,googlenet_1760,180.761,5.484,3.033840264216286
,googlenet_1023,182.299,3.553,1.9489958803942973
,googlenet_1222,183.956,6.724,3.655221900889343
,googlenet_1808,188.221,8.293,4.405990829928648
,googlenet_1676,156.131,10.573,6.771877461874965
,googlenet_313,181.536,3.597,1.981425171866737
,googlenet_1278,178.498,3.487,1.953523288776345
,googlenet_1119,160.239,13.948,8.704497656625417
,googlenet_226,134.307,9.536,7.100151146254477
,googlenet_1939,163.166,4.531,2.776926565583516
,googlenet_718,226.323,12.18,5.381689002001564
,googlenet_999,155.911,4.473,2.868944461904548
,googlenet_1412,173.295,3.278,1.89157217461554
,googlenet_609,135.221,9.403,6.9538015544922755
,googlenet_1325,152.796,6.332,4.1440875415586795
,googlenet_1757,176.675,15.494,8.769775010612706
,googlenet_928,146.378,11.393,7.783273442730467
,googlenet_250,168.544,12.175,7.223632997911525
,googlenet_1464,146.381,2.573,1.757741783428177
,googlenet_344,202.628,8.175,4.034486842884498
,googlenet_901,184.885,3.797,2.0537090623901344
,googlenet_990,188.062,13.959,7.422552137061181
,googlenet_891,148.929,11.161,7.4941750767144075
,googlenet_241,158.499,2.571,1.6220922529479684
,googlenet_648,147.256,3.036,2.061715651654262
,googlenet_172,179.098,12.056,6.731510122949445
,googlenet_1178,167.692,2.819,1.6810581303818906
,googlenet_870,196.168,2.633,1.3422168753313486
,googlenet_986,162.998,2.798,1.7165854795764366
,googlenet_1542,175.988,11.179,6.352137645748574
,googlenet_636,144.605,3.044,2.105044777151551
,googlenet_170,152.428,2.687,1.7627994856588027
,googlenet_1952,167.248,11.621,6.948364105998278
,googlenet_1352,164.123,11.911,7.2573618566562885
,googlenet_1082,167.19,2.691,1.6095460254799927
,googlenet_1793,179.486,4.091,2.2792864067392444
,googlenet_709,193.792,14.367,7.413618725231176
,googlenet_1852,173.806,12.096,6.959483562132491
,googlenet_1100,159.852,4.954,3.0991166829317116
,googlenet_1238,158.04,4.006,2.534801316122501
,googlenet_1256,163.886,7.559,4.612352488925229
,googlenet_1487,163.721,11.793,7.203107725948412
,googlenet_1680,163.299,10.426,6.384607376652643
,googlenet_1481,167.396,12.259,7.323353007240317
,googlenet_1012,176.713,3.2,1.8108458347716356
,googlenet_1564,180.795,3.725,2.060344589175586
,googlenet_914,171.487,7.424,4.329191134021821
,googlenet_1909,187.086,10.475,5.599029323412761
,googlenet_51,164.341,7.603,4.626356174052732
,googlenet_1280,154.319,10.351,6.707534393042984
,googlenet_25,155.511,10.52,6.764794773360084
,googlenet_1763,196.055,12.836,6.54714238351483
,googlenet_290,165.482,6.888,4.162386241403899
,googlenet_1286,168.414,9.374,5.566045578158587
,googlenet_307,158.726,10.294,6.485389917215831
,googlenet_888,178.389,11.964,6.7066915560937055
,googlenet_286,140.268,3.12,2.2243134570964154
,googlenet_375,157.645,7.452,4.72707665958324
,googlenet_134,174.648,9.843,5.635907654253127
,googlenet_1707,133.056,10.425,7.835046897546897
,googlenet_1376,146.988,13.252,9.01570196206493
,googlenet_1439,165.065,4.387,2.657740889952443
,googlenet_143,198.928,7.346,3.6927933724764737
,googlenet_149,127.043,11.79,9.280322410522421
,googlenet_189,192.17,13.199,6.868397772805329
,googlenet_238,148.647,13.342,8.975626820588374
,googlenet_1217,153.861,7.693,4.999967503135948
,googlenet_1920,176.035,5.275,2.9965631834578352
,googlenet_311,163.864,7.957,4.85585607577015
,googlenet_1858,185.906,3.739,2.011231482577216
,googlenet_470,166.928,4.247,2.5442106776574334
,googlenet_1096,147.045,7.999,5.43983134414635
,googlenet_1262,140.819,2.839,2.016063173293377
,googlenet_467,208.794,13.705,6.5638859354196
,googlenet_674,170.72,7.561,4.428889409559512
,googlenet_15,141.305,7.9,5.590743427338028
,googlenet_1443,168.856,2.36,1.3976405931681433
,googlenet_1125,177.203,11.577,6.53318510408966
,googlenet_1356,162.755,10.429,6.407790851279531
,googlenet_1933,133.239,8.617,6.467325632885267
,googlenet_100,134.822,2.521,1.8698728694130036
,googlenet_302,157.92,2.689,1.7027608915906791
,googlenet_120,185.299,9.457,5.103643300827311
,googlenet_804,192.559,13.294,6.90385803831553
,googlenet_1455,178.202,2.771,1.5549769362857881
,googlenet_1553,213.188,15.019,7.0449556260202275
,googlenet_865,167.056,6.109,3.6568575806915042
,googlenet_654,181.171,2.528,1.3953668081536228
,googlenet_104,185.508,14.686,7.916639713651163
,googlenet_959,168.331,8.587,5.101258829330308
,googlenet_1104,170.281,2.573,1.511031765141149
,googlenet_1063,181.149,12.201,6.73533941672325
,googlenet_1106,229.009,12.971,5.663969538315088
,googlenet_950,151.355,8.96,5.9198572891546375
,googlenet_1694,163.508,11.149,6.818626611541942
,googlenet_1744,175.428,14.958,8.52657500513031
,googlenet_1986,166.853,8.622,5.167422821285802
,googlenet_1438,185.417,6.615,3.567634035714093
,googlenet_181,201.809,3.92,1.94243071419015
,googlenet_1272,175.033,3.081,1.7602394976947204
,googlenet_1901,147.849,2.833,1.9161441741235994
,googlenet_1435,171.866,4.843,2.8178930096703243
,googlenet_321,206.09,2.833,1.3746421466349654
,googlenet_1143,171.002,3.242,1.8958842586636413
,googlenet_417,183.156,9.666,5.27746838760401
,googlenet_1591,189.036,14.441,7.639285638714319
,googlenet_280,179.161,8.303,4.6343791338516755
,googlenet_1187,143.37,2.407,1.6788728464811327
,googlenet_1682,163.943,2.47,1.506621203711046
,googlenet_723,202.239,10.9,5.389662725784839
,googlenet_1585,190.052,5.637,2.9660303495885336
,googlenet_6,170.223,10.383,6.099645758798751
,googlenet_1625,150.338,11.184,7.439236919474783
,googlenet_1091,169.711,6.229,3.6703572543912886
,googlenet_1409,199.671,3.525,1.765404089727602
,googlenet_573,145.078,2.592,1.7866251257944004
,googlenet_1526,154.031,6.076,3.9446604904207594
,googlenet_555,168.628,4.666,2.7670375026685963
,googlenet_611,129.552,2.693,2.0787019883907623
,googlenet_45,173.481,5.94,3.4240060871219327
,googlenet_1373,174.945,3.392,1.9388950813112693
,googlenet_1530,207.066,8.242,3.9803734075125807
,googlenet_1507,186.021,6.103,3.280812381397799
,googlenet_618,212.826,13.731,6.451749316342928
,googlenet_1820,180.595,6.879,3.8090755558016554
,googlenet_964,169.626,10.709,6.313301026965205
,googlenet_1566,141.128,2.746,1.9457513746386261
,googlenet_433,147.602,7.121,4.824460373165675
,googlenet_1818,215.795,14.336,6.6433420607521025
,googlenet_415,160.937,3.052,1.8963942412248271
,googlenet_487,128.604,9.083,7.062766321420795
,googlenet_677,156.183,7.192,4.60485456163603
,googlenet_1690,153.301,6.676,4.35483134487055
,googlenet_464,217.029,14.531,6.695418584613116
,googlenet_1919,181.402,10.022,5.524746143923441
,googlenet_1247,185.41,8.454,4.559624615716521
,googlenet_590,175.058,3.145,1.7965474299946307
,googlenet_335,159.485,10.86,6.809417813587484
,googlenet_1987,209.046,15.925,7.617940548970084
,googlenet_1811,169.914,15.994,9.412997163270832
,googlenet_471,178.758,3.498,1.9568354982714058
,googlenet_1759,147.8,2.745,1.8572395128552097
,googlenet_272,193.264,2.764,1.4301680602698896
,googlenet_1153,177.645,10.812,6.0862957021025075
,googlenet_204,164.09,11.678,7.116826132000733
,googlenet_854,170.453,2.809,1.6479616081852475
,googlenet_1551,138.814,10.21,7.355165905456223
,googlenet_131,159.789,6.559,4.104788189424805
,googlenet_1362,230.814,10.427,4.517490273553597
,googlenet_572,125.665,10.607,8.440695499940317
,googlenet_1579,192.047,12.061,6.280233484511603
,googlenet_1972,199.354,14.199,7.122505693389648
,googlenet_864,155.328,3.046,1.9610115368768024
,googlenet_1150,176.305,12.132,6.881256912736451
,googlenet_28,151.244,2.807,1.855941392716405
,googlenet_1881,177.531,8.792,4.952374514873458
,googlenet_173,155.782,5.467,3.509391328908346
,googlenet_765,182.231,3.532,1.938199318447465
,googlenet_165,140.766,9.371,6.657147322506857
,googlenet_997,138.332,12.709,9.187317468120176
,googlenet_1273,146.126,2.754,1.8846748696330562
,googlenet_102,191.652,3.774,1.969194164423017
,googlenet_363,150.749,2.641,1.7519187523631998
,googlenet_127,179.036,11.278,6.299291762550549
,googlenet_1064,143.128,11.395,7.96140517578671
,googlenet_822,201.579,15.408,7.6436533567484695
,googlenet_1943,166.017,3.133,1.8871561346127206
,googlenet_1775,189.031,8.646,4.573852965915644
,googlenet_556,141.546,7.191,5.080327243440295
,googlenet_117,163.718,3.267,1.9955044649946863
,googlenet_1819,155.748,15.142,9.722115211752318
,googlenet_567,167.078,9.912,5.932558445755875
,googlenet_553,175.488,5.383,3.067446207148067
,googlenet_779,138.766,10.662,7.683438306213339
,googlenet_459,154.685,13.29,8.591654006529398
,googlenet_1303,168.118,11.993,7.133679915297589
,googlenet_493,158.101,5.495,3.4756263401243515
,googlenet_306,163.508,10.248,6.26758323751743
,googlenet_1582,149.326,12.497,8.368937760336445
,googlenet_371,153.92,3.16,2.053014553014553
,googlenet_190,154.016,10.85,7.044722626220652
,googlenet_1009,182.895,7.965,4.3549577626507014
,googlenet_472,156.838,6.123,3.904028360473865
,googlenet_357,186.515,5.782,3.1000187652467632
,googlenet_412,164.274,13.291,8.090750818754033
,googlenet_996,177.649,13.871,7.808093487720168
,googlenet_27,165.949,10.149,6.115734352120229
,googlenet_1960,192.591,10.063,5.225062438016314
,googlenet_733,213.513,12.013,5.626355303892503
,googlenet_319,144.687,5.783,3.9969036610061717
,googlenet_329,161.976,12.744,7.8678322714476225
,googlenet_670,165.05,2.663,1.61345046955468
,googlenet_933,150.474,11.574,7.691694246182065
,googlenet_1968,160.783,11.452,7.122643563063259
,googlenet_593,142.232,2.012,1.4145902469205243
,googlenet_1974,164.231,11.038,6.7210210009072595
,googlenet_707,208.965,10.817,5.176464958246596
,googlenet_1041,177.698,3.284,1.8480793255973615
,googlenet_603,157.062,13.324,8.483274121047739
,googlenet_882,201.417,8.033,3.988243296246096
,googlenet_506,170.591,3.358,1.9684508561412972
,googlenet_1401,139.287,5.995,4.304062834291786
,googlenet_26,153.79,11.021,7.166265686975747
,googlenet_1867,163.353,14.028,8.587537418963839
,googlenet_1672,180.994,12.342,6.819010574936186
,googlenet_892,183.1,7.442,4.064445658110323
,googlenet_1577,150.778,6.665,4.420406160049875
,googlenet_1898,185.135,7.925,4.280660058875956
,googlenet_1993,146.566,11.337,7.735081806148765
,googlenet_775,180.805,8.484,4.6923481098420945
,googlenet_382,197.991,4.897,2.473344747993596
,googlenet_1353,132.888,9.503,7.151134790199265
,googlenet_1717,141.589,2.791,1.971198327553694
,googlenet_552,142.146,2.794,1.965584680539727
,googlenet_628,160.205,9.613,6.000436940170406
,googlenet_1709,160.382,12.509,7.799503684952176
,googlenet_1111,147.761,2.355,1.5937899716433974
,googlenet_1364,130.912,7.182,5.486128086042533
,googlenet_455,195.43,13.513,6.91449623906258
,googlenet_31,169.127,2.732,1.6153541421535296
,googlenet_353,163.591,11.818,7.224113795991221
,googlenet_1831,137.67,2.666,1.9365148543618802
,googlenet_1239,208.201,10.036,4.820341881162914
,googlenet_1838,133.276,3.532,2.650139560010804
,googlenet_271,182.996,12.805,6.9974207086493685
,googlenet_1156,155.776,11.405,7.321410230073952
,googlenet_725,179.075,5.904,3.2969426218065054
,googlenet_1051,157.561,11.101,7.045525225150895
,googlenet_86,169.45,11.477,6.773089406904692
,googlenet_890,165.956,4.81,2.8983586010749836
,googlenet_1646,192.284,7.898,4.107466039816106
,googlenet_1494,177.841,8.837,4.969045383235587
,googlenet_782,144.319,2.97,2.0579410888379215
,googlenet_1886,138.559,2.423,1.7487135444106843
,googlenet_202,194.841,3.12,1.601305680016013
,googlenet_1954,181.47,9.33,5.1413456769714
,googlenet_1479,167.319,3.265,1.9513623676928504
,googlenet_93,138.914,3.102,2.2330362670429187
,googlenet_1084,145.186,3.338,2.299119749838139
,googlenet_844,171.575,6.323,3.6852688328719228
,googlenet_1301,187.148,14.915,7.96962831555774
,googlenet_1847,147.886,3.325,2.248353461450036
,googlenet_989,150.816,11.703,7.759786760025461
,googlenet_101,160.369,8.209,5.1188197220161
,googlenet_857,131.698,2.778,2.109371440720436
,googlenet_520,177.91,10.667,5.995728177168231
,googlenet_1195,164.284,14.387,8.757395729346742
,googlenet_1803,187.83,10.553,5.6183783208220195
,googlenet_728,143.034,2.403,1.6800201350727801
,googlenet_1514,148.628,4.251,2.860160938719488
,googlenet_973,120.176,2.452,2.0403408334442816
,googlenet_612,159.513,7.384,4.6290897920545655
,googlenet_1304,165.002,11.145,6.754463582259608
,googlenet_1596,162.805,7.989,4.90709744786708
,googlenet_23,158.279,3.144,1.9863658476487724
,googlenet_473,158.505,10.681,6.738588688054005
,googlenet_211,147.647,6.388,4.326535588261191
,googlenet_1174,166.972,7.808,4.676233140885897
,googlenet_197,188.466,2.702,1.433680345526514
,googlenet_112,174.966,12.55,7.172822148303099
,googlenet_1783,143.659,5.375,3.741498966302146
,googlenet_294,171.639,14.501,8.448546076357937
,googlenet_1053,144.943,12.077,8.332240949890647
,googlenet_675,183.582,3.571,1.9451798106568183
,googlenet_902,178.286,6.361,3.567862872014628
,googlenet_1687,163.342,7.302,4.470375041324337
,googlenet_1627,145.542,6.152,4.226958541177117
,googlenet_19,179.956,9.841,5.468558981084265
,googlenet_1665,182.937,7.238,3.956553348967131
,googlenet_646,152.889,2.242,1.466423352890005
,googlenet_877,181.538,15.39,8.477563926009982
,googlenet_1164,134.69,11.628,8.633157621204248
,googlenet_1936,180.122,4.145,2.3012180633126436
,googlenet_1355,178.92,8.268,4.621059691482228
,googlenet_710,184.292,12.392,6.724111735723742
,googlenet_91,148.369,4.567,3.078136268357946
,googlenet_1050,159.295,14.214,8.92306726513701
,googlenet_69,180.439,6.861,3.802393052499737
,googlenet_1404,184.35,9.607,5.2112828858150255
,googlenet_1171,146.558,2.388,1.62938904733962
,googlenet_1903,182.055,9.076,4.98530663810387
,googlenet_558,173.32,3.111,1.794945765058851
,googlenet_1018,171.963,12.038,7.000343097061577
,googlenet_1752,165.425,2.784,1.6829378872600873
,googlenet_1001,178.101,13.411,7.529997024160448
,googlenet_1807,167.616,3.321,1.9813144329896906
,googlenet_557,181.175,11.354,6.2668690492617625
,googlenet_423,183.91,6.461,3.5131314229786312
,googlenet_809,161.004,13.095,8.133338302153986
,googlenet_126,207.18,17.869,8.624867265180036
,googlenet_1673,189.872,10.745,5.659075587764388
,googlenet_972,179.659,12.611,7.0194089914783016
,googlenet_1135,191.78,9.779,5.099071853165085
,googlenet_1998,191.139,7.435,3.889839331585913
,googlenet_1403,193.481,13.43,6.941250045224079
,googlenet_983,188.75,12.902,6.8354966887417214
,googlenet_248,206.186,7.889,3.8261569650703735
,googlenet_373,203.723,13.285,6.521109545804843
,googlenet_574,172.957,3.331,1.9259122209566542
,googlenet_99,137.7,2.169,1.5751633986928106
,googlenet_14,142.76,8.101,5.674558699915943
,googlenet_1061,149.424,12.398,8.297194560445444
,googlenet_59,189.782,12.596,6.637088870388129
,googlenet_500,180.613,11.545,6.392120168537148
,googlenet_1964,175.847,5.945,3.3807798825115016
,googlenet_1520,132.996,5.022,3.776053415140305
,googlenet_741,141.807,4.829,3.405332599942175
,googlenet_561,156.198,11.601,7.427111742788001
,googlenet_1705,212.597,12.649,5.949754700207434
,googlenet_96,216.982,10.917,5.031292918306588
,googlenet_427,197.186,12.238,6.206322964104957
,googlenet_1323,201.917,6.46,3.1993343799680067
,googlenet_1548,181.69,2.787,1.5339314216522648
,googlenet_840,198.571,9.788,4.929219271696271
,googlenet_213,153.715,12.465,8.109163061509937
,googlenet_554,159.958,12.253,7.660135785643732
,googlenet_1817,153.761,2.849,1.8528755666261276
,googlenet_739,183.505,6.372,3.472384948639002
,googlenet_341,152.345,2.699,1.7716367455446518
,googlenet_617,187.149,9.101,4.862970146781442
,googlenet_716,164.234,8.747,5.325937382028082
,googlenet_1678,142.914,2.448,1.712918258533104
,googlenet_1622,201.618,12.029,5.966233173625371
,googlenet_714,153.258,12.488,8.14835114643281
,googlenet_1841,164.113,7.927,4.8302084539311325
,googlenet_1917,187.992,11.366,6.046001957530108
,googlenet_1663,182.768,12.23,6.6915433773964805
,googlenet_517,166.947,10.118,6.0606060606060606
,googlenet_187,168.08,13.09,7.787958115183245
,googlenet_899,193.289,14.711,7.610883185282143
,googlenet_58,179.692,3.169,1.7635732252966188
,googlenet_884,127.854,2.245,1.755909083798708
,googlenet_597,176.45,5.565,3.153867951260981
,googlenet_1310,197.53,10.29,5.209335290841897
,googlenet_1849,148.765,2.818,1.894262763418815
,googlenet_711,158.298,11.651,7.3601687955627995
,googlenet_1221,167.395,2.643,1.5789002060993456
,googlenet_1599,169.982,3.008,1.7695991340259558
,googlenet_831,189.398,15.397,8.129441704769851
,googlenet_1065,177.348,10.934,6.165279563344384
,googlenet_697,161.907,12.305,7.600041999419418
,googlenet_488,148.449,10.163,6.846122237266671
,googlenet_582,172.799,4.946,2.8622850826683024
,googlenet_799,152.639,2.84,1.8605991915565483
,googlenet_199,176.88,12.604,7.125734961555858
,googlenet_788,151.671,10.202,6.726401223701302
,googlenet_676,200.556,12.23,6.098047428149743
,googlenet_588,182.44,5.795,3.176386757290068
,googlenet_1142,168.519,12.346,7.326176870263887
,googlenet_235,179.158,3.011,1.6806394355820005
,googlenet_1302,163.694,2.679,1.6365902232213765
,googlenet_243,171.943,13.749,7.996254572736314
,googlenet_872,155.137,6.288,4.053191695082411
,googlenet_693,180.516,13.497,7.476899554610118
,googlenet_301,190.022,9.116,4.797339255454632
,googlenet_1369,175.523,12.522,7.1341077807466835
,googlenet_736,155.859,9.041,5.800755811342303
,googlenet_1519,174.37,4.166,2.3891724493892297
,googlenet_1546,220.616,8.348,3.783950393443812
,googlenet_191,133.737,2.508,1.87532246124857
,googlenet_1617,173.863,3.235,1.8606604050315476
,googlenet_713,211.115,5.42,2.567321128295005
,googlenet_861,161.488,13.331,8.25510254631923
,googlenet_1225,151.216,3.051,2.017643635594117
,googlenet_1798,220.834,2.972,1.3458072579403533
,googlenet_449,172.189,4.819,2.79866890451771
,googlenet_767,198.663,8.625,4.341523081801845
,googlenet_1991,154.39,10.996,7.122222941900383
,googlenet_1147,190.523,2.792,1.4654398681524015
,googlenet_1434,180.7,4.813,2.663530713890426
,googlenet_330,165.961,6.879,4.14494971710221
,googlenet_1127,183.793,9.546,5.193886600686642
,googlenet_1621,173.341,2.689,1.5512775396472847
,googlenet_717,125.91,2.219,1.762369946787388
,googlenet_94,165.378,2.992,1.8091886466156324
,googlenet_1925,160.716,9.647,6.002513750964434
,googlenet_1784,219.808,7.441,3.3852271072936384
,googlenet_873,200.132,14.092,7.041352707213239
,googlenet_1025,165.991,3.751,2.259761071383388
,googlenet_629,149.444,11.696,7.826342977971682
,googlenet_1080,168.679,9.84,5.833565529793275
,googlenet_43,173.144,7.432,4.292380908376843
,googlenet_77,167.436,9.503,5.675601423827612
,googlenet_1958,119.677,8.913,7.447546312156889
,googlenet_607,183.264,2.575,1.405076829055352
,googlenet_1859,181.321,7.215,3.979130933537759
,googlenet_1243,170.445,11.359,6.664319868579308
,googlenet_1594,175.824,5.888,3.348803348803348
,googlenet_1675,145.741,2.604,1.786731256132454
,googlenet_1124,155.467,2.715,1.7463513157133022
,googlenet_233,189.45,16.133,8.515703351807865
,googlenet_1712,154.917,4.628,2.987406159427306
,googlenet_1595,151.613,10.764,7.099655042773377
,googlenet_88,167.191,10.383,6.2102625141305445
,googlenet_1524,131.134,2.942,2.243506642060793
,googlenet_1427,179.738,8.74,4.862633388598961
,googlenet_296,155.232,2.924,1.8836322407750978
,googlenet_1073,195.629,9.806,5.012549264168401
,googlenet_1517,171.064,10.437,6.101225272412664
,googlenet_1946,167.629,9.893,5.9017234488065915
,googlenet_875,196.738,14.839,7.542518476349256
,googlenet_1211,207.291,11.772,5.678973037903238
,googlenet_209,132.945,2.482,1.8669374553386742
,googlenet_837,171.595,12.049,7.02176636848393
,googlenet_1141,160.893,6.79,4.2201960309025255
,googlenet_1631,166.366,13.039,7.8375389202120616
,googlenet_1223,187.01,6.276,3.3559702689695743
,googlenet_477,207.683,15.963,7.686233346012913
,googlenet_461,163.264,11.17,6.841679733437866
,googlenet_1020,212.753,13.599,6.391919267883414
,googlenet_1072,196.175,11.868,6.049700522492672
,googlenet_1361,154.645,11.52,7.449319408968928
,googlenet_1780,185.16,12.302,6.643983581767119
,googlenet_1810,206.757,14.588,7.055625686192002
,googlenet_1758,191.331,5.433,2.8395816673722503
,googlenet_531,173.94,9.456,5.436357364608486
,googlenet_1953,148.037,5.89,3.9787350459682376
,googlenet_220,145.899,5.156,3.5339515692362524
,googlenet_742,153.15,2.861,1.8681031668299053
,googlenet_1385,150.271,2.868,1.908551882931504
,googlenet_113,177.704,11.971,6.736483140503309
,googlenet_1576,161.032,13.133,8.155521883849172
,googlenet_906,153.282,2.919,1.9043331898070222
,googlenet_1843,202.719,14.311,7.059525747463237
,googlenet_394,176.538,3.165,1.792815144614757
,googlenet_1246,180.503,10.31,5.7118164241037555
,googlenet_171,192.565,13.555,7.039181575052579
,googlenet_1296,197.205,5.14,2.606424786389797
,googlenet_1287,179.184,13.46,7.511831413519064
,googlenet_1893,200.818,13.617,6.780766664342838
,googlenet_34,152.572,10.538,6.906902970400861
,googlenet_436,178.649,4.871,2.7265755755699725
,googlenet_1848,147.161,2.679,1.820455147763334
,googlenet_1186,211.286,14.987,7.09322908285452
,googlenet_283,153.921,3.28,2.1309632863611854
,googlenet_157,177.306,10.957,6.1797119104824425
,googlenet_356,177.594,11.01,6.199533768032704
,googlenet_1689,138.439,4.673,3.3754938998403627
,googlenet_275,155.859,10.121,6.49368980937899
,googlenet_1755,205.891,6.744,3.2755195710351592
,googlenet_1410,207.634,12.677,6.105454790641224
,googlenet_1058,192.203,11.81,6.144545090347185
,googlenet_1999,171.116,3.459,2.02143575118633
,googlenet_442,181.685,10.325,5.6829127335773455
,googlenet_521,164.213,7.472,4.550187865759716
,googlenet_894,171.157,3.152,1.8415840427210104
,googlenet_1503,183.836,6.685,3.6363933070780474
,googlenet_722,153.504,5.035,3.280044819678966
,googlenet_1315,154.738,3.445,2.2263438845015444
,googlenet_1600,177.594,14.092,7.934952757412976
,googlenet_1869,174.218,9.896,5.6802396996866005
,googlenet_1605,146.933,10.84,7.37751219943784
,googlenet_368,189.723,6.779,3.5731039462795757
,googlenet_1275,161.565,9.353,5.78900133073376
,googlenet_642,199.533,11.997,6.012539279216972
,googlenet_1433,159.909,12.78,7.992045475864399
,googlenet_1691,196.705,8.779,4.4630283927709
,googlenet_1405,201.573,13.124,6.510792616074573
,googlenet_1732,148.062,2.477,1.6729478191568397
,googlenet_1309,161.057,12.216,7.584892305208715
,googlenet_744,181.512,9.085,5.005178720966107
,googlenet_458,160.232,3.075,1.919092316141595
,googlenet_1569,162.015,6.306,3.8922322007221557
,googlenet_1506,166.585,2.631,1.5793738932076715
,googlenet_1398,148.051,2.683,1.8122133589101055
,googlenet_1581,223.545,11.278,5.045069225435595
,googlenet_289,178.256,12.536,7.032582353469167
,googlenet_1746,183.3,11.191,6.105291871249318
,googlenet_1864,190.948,11.795,6.177074386744034
,googlenet_749,184.309,11.195,6.074038706737056
,googlenet_179,170.149,11.381,6.688843307924232
,googlenet_1892,161.739,11.583,7.161538033498414
,googlenet_1055,140.773,5.584,3.9666697449084696
,googlenet_1227,160.165,2.374,1.4822214591202822
,googlenet_1924,163.74,14.126,8.62709173079272
,googlenet_140,154.968,9.877,6.373573899127563
,googlenet_1624,176.142,7.967,4.523055262231609
,googlenet_1442,185.005,13.65,7.378178968135997
,googlenet_1266,172.139,6.912,4.0153596802583955
,googlenet_586,210.326,8.115,3.858296168804618
,googlenet_1120,154.718,9.588,6.197081141172973
,googlenet_1421,220.287,11.265,5.113783382587261
,googlenet_604,174.402,12.051,6.909897822272681
,googlenet_3,146.237,10.738,7.342874922215308
,googlenet_1031,138.562,10.623,7.66660411945555
,googlenet_790,177.431,2.865,1.6147121979811871
,googlenet_1529,156.74,3.642,2.3235932116881455
,googlenet_1169,147.734,9.488,6.4223536897396665
,googlenet_592,186.141,7.638,4.103341015681661
,googlenet_1049,235.368,20.533,8.723785731280378
,googlenet_285,142.086,10.044,7.068958236560956
,googlenet_783,157.048,7.949,5.0615098568590495
,googlenet_1334,160.773,13.623,8.473437704092104
,googlenet_1978,168.348,11.756,6.983153943022785
,googlenet_726,197.155,6.912,3.5058710151910937
,googlenet_282,165.751,2.962,1.7870178762119084
,googlenet_1490,151.331,3.297,2.178667953030113
,googlenet_1695,160.149,12.431,7.762146501070877
,googlenet_214,175.645,11.405,6.493210737567251
,googlenet_952,156.08,11.021,7.061122501281394
,googlenet_960,136.119,5.532,4.064090979216715
,googlenet_1471,132.823,2.617,1.9702912899121385
,googlenet_1722,173.817,12.309,7.0815858057612315
,googlenet_1701,161.959,10.65,6.575738304138702
,googlenet_228,158.604,10.959,6.909661799198001
,googlenet_945,191.369,12.67,6.620717044035346
,googlenet_1501,198.387,4.76,2.3993507639109417
,googlenet_1368,166.08,5.456,3.2851637764932566
,googlenet_1619,175.278,4.1,2.3391412499001585
,googlenet_897,181.595,8.521,4.692309810292135
,googlenet_1436,185.564,8.555,4.61026923325645
,googlenet_1572,200.277,7.707,3.848170284156444
,googlenet_1446,172.018,13.359,7.7660477391900855
,googlenet_653,176.773,12.799,7.2403591046143925
,googlenet_1603,168.502,10.006,5.938208448564408
,googlenet_1336,182.489,13.172,7.217969302259314
,googlenet_421,202.069,6.418,3.1761428027060066
,googlenet_507,193.575,11.185,5.778122174867623
,googlenet_152,177.682,7.223,4.065127587487759
,googlenet_1458,160.935,7.485,4.650946034113152
,googlenet_1152,154.389,2.852,1.8472818659360444
,googlenet_995,220.143,13.958,6.340424178829215
,googlenet_859,155.362,6.585,4.238488176001854
,googlenet_1915,159.889,12.637,7.903608128138896
,googlenet_316,171.665,4.35,2.5340051845163547
,googlenet_1970,217.639,8.703,3.9988237402303812
,googlenet_1102,205.184,14.176,6.908920773549594
,googlenet_813,159.641,12.672,7.9378104622246175
,googlenet_1571,150.722,6.92,4.59123419275222
,googlenet_578,192.09,5.776,3.0069238377843717
,googlenet_293,147.528,7.539,5.110216365706849
,googlenet_691,140.383,10.408,7.4140031200359005
,googlenet_546,171.845,10.295,5.990863859873723
,googlenet_1940,143.942,10.935,7.596809826179989
,googlenet_1406,137.183,10.001,7.29026191291924
,googlenet_1539,159.512,11.743,7.36182857716034
,googlenet_400,166.458,5.636,3.385839070516287
,googlenet_699,137.389,2.496,1.81673933138752
,googlenet_833,157.698,2.552,1.6182830473436567
,googlenet_1698,157.847,6.083,3.853731778240955
,googlenet_1937,223.808,14.406,6.4367672290534745
,googlenet_1498,165.59,12.096,7.304788936529984
,googlenet_1587,193.827,11.768,6.071393562300402
,googlenet_1654,171.223,7.17,4.18752153624221
,googlenet_802,168.063,7.754,4.613746035712799
,googlenet_751,188.817,11.685,6.188531752967159
,googlenet_1910,161.872,7.696,4.754373826233072
,googlenet_1899,192.577,4.553,2.364249105552584
,googlenet_178,160.113,2.526,1.5776357947199788
,googlenet_184,146.544,5.43,3.70537176547658
,googlenet_1090,156.002,12.131,7.776182356636453
,googlenet_1644,146.564,3.014,2.0564395076553588
,googlenet_469,196.385,4.183,2.12999974539807
,googlenet_1923,185.83,3.474,1.8694505731044502
,googlenet_535,192.048,6.353,3.3080271598766977
,googlenet_1754,178.146,5.701,3.200184118644258
,googlenet_953,180.562,4.568,2.5298789335519096
,googlenet_671,165.444,15.205,9.190420927927276
,googlenet_1344,165.502,8.162,4.931662457251272
,googlenet_425,166.955,11.249,6.7377437033931304
,googlenet_1379,154.635,9.278,5.999935331587287
,googlenet_876,186.049,15.618,8.394562722723583
,googlenet_426,222.525,2.713,1.2191888551848107
,googlenet_1332,198.23,14.854,7.4933158452302875
,googlenet_351,171.494,12.294,7.168763921769858
,googlenet_1283,181.161,3.361,1.8552558221692308
,googlenet_1154,148.05,6.815,4.603174603174603
,googlenet_1242,228.894,14.789,6.4610693159278965
,googlenet_1017,146.143,2.596,1.7763423496164716
,googlenet_221,169.091,13.708,8.106877361893892
,googlenet_907,175.154,3.461,1.975975427338228
,googlenet_1814,195.396,2.992,1.531249360273496
,googlenet_1739,210.284,16.764,7.972075859314071
,googlenet_645,172.723,4.999,2.894229488834723
,googlenet_292,172.538,4.701,2.724617185779364
,googlenet_1057,176.599,6.239,3.5328625869908663
,googlenet_89,185.674,6.827,3.676874522011698
,googlenet_705,155.44,3.96,2.547606793618116
,googlenet_1407,147.968,3.346,2.2612997404844295
,googlenet_227,140.344,5.33,3.7978110927435442
,googlenet_690,171.364,8.103,4.728531080040148
,googlenet_724,135.522,3.029,2.235061466035035
,googlenet_1533,227.789,13.628,5.982729631369382
,googlenet_1467,161.536,12.501,7.738832210776544
,googlenet_843,154.943,4.273,2.757788347973125
,googlenet_1300,162.549,2.872,1.766851841598533
,googlenet_20,143.823,4.965,3.45215994660103
,googlenet_740,154.715,8.506,5.4978508871150185
,googlenet_680,176.345,3.045,1.7267288553687372
,googlenet_704,179.014,3.47,1.9383958796518708
,googlenet_885,206.565,11.745,5.685861593203108
,googlenet_1391,199.418,8.039,4.031230881866231
,googlenet_735,203.01,3.172,1.5624846066696223
,googlenet_342,184.356,13.173,7.145414307101477
,googlenet_1976,163.941,3.16,1.9275227063394758
,googlenet_987,194.993,2.837,1.454924022913643
,googlenet_483,172.249,9.16,5.317882832411218
,googlenet_641,143.87,2.537,1.763397511642455
,googlenet_867,180.137,12.91,7.166767515835169
,googlenet_401,188.712,3.794,2.0104709822374836
,googlenet_818,152.472,5.468,3.5862322262448183
,googlenet_991,173.224,14.339,8.277721331917057
,googlenet_1604,146.841,9.398,6.400119857532978
,googlenet_97,180.998,8.637,4.771875932330745
,googlenet_1772,154.878,3.379,2.1817172225881016
,googlenet_1021,180.921,12.838,7.095914791538849
,googlenet_1329,142.337,6.369,4.474591989433527
,googlenet_982,167.011,2.961,1.7729371119267594
,googlenet_979,168.797,5.348,3.168302754195868
,googlenet_1653,134.693,9.677,7.184486201955558
