,mobilenetv1_21,54.8075,0.958,1.747935957670027
,mobilenetv1_945,69.9905,1.134,1.6202198869846622
,mobilenetv1_1329,78.759,3.223,4.092230729186506
,mobilenetv1_120,47.5615,2.164,4.549898552400576
,mobilenetv1_1440,49.7194,1.339,2.6931137543896346
,mobilenetv1_429,58.3461,4.302,7.373243455860802
,mobilenetv1_570,68.05969999999999,1.287,1.8909868835742738
,mobilenetv1_1510,84.9911,2.906,3.419181537831608
,mobilenetv1_1836,78.81439999999999,1.394,1.7687123165309893
,mobilenetv1_1688,49.5505,1.814,3.660911595241219
,mobilenetv1_422,87.4494,1.69,1.9325461352507851
,mobilenetv1_1175,56.8621,1.206,2.1209206132028187
,mobilenetv1_960,61.0867,3.619,5.924366515133409
,mobilenetv1_297,67.0679,1.286,1.9174597683839814
,mobilenetv1_735,75.5493,1.317,1.7432325646961653
,mobilenetv1_1578,38.1494,0.788,2.065563285398984
,mobilenetv1_1121,61.808,1.443,2.3346492363448097
,mobilenetv1_439,65.153,1.194,1.8326093963439898
,mobilenetv1_1296,52.336400000000005,3.061,5.848701859508869
,mobilenetv1_1607,73.3984,2.554,3.4796398831582156
,mobilenetv1_1421,67.51780000000001,1.807,2.6763312785665407
,mobilenetv1_238,91.7974,3.744,4.078546886948868
,mobilenetv1_1496,53.192699999999995,0.846,1.5904438014990778
,mobilenetv1_482,61.584199999999996,3.906,6.342535910184756
,mobilenetv1_435,57.6588,1.353,2.3465628837228665
,mobilenetv1_1082,94.356,3.705,3.9266183390563403
,mobilenetv1_1068,55.2404,3.602,6.5205900029688415
,mobilenetv1_1797,96.4567,2.739,2.8396161179057544
,mobilenetv1_508,50.099199999999996,1.084,2.1637072049054678
,mobilenetv1_357,47.7061,1.285,2.6935758739448414
,mobilenetv1_1900,56.6887,1.217,2.1468123276772975
,mobilenetv1_1714,43.4261,1.124,2.588305189736127
,mobilenetv1_1224,51.0993,3.662,7.1664386791991275
,mobilenetv1_1525,47.411300000000004,1.632,3.442217361683818
,mobilenetv1_1488,65.8162,2.85,4.330240882943714
,mobilenetv1_443,85.5698,3.768,4.40342270286947
,mobilenetv1_1503,68.7686,1.35,1.9631052544329823
,mobilenetv1_598,80.13239999999999,1.926,2.4035221708073142
,mobilenetv1_140,43.5637,1.837,4.21681353971311
,mobilenetv1_862,48.1004,1.015,2.1101695619994842
,mobilenetv1_519,62.3771,1.309,2.0985265425933557
,mobilenetv1_1997,67.0205,1.263,1.8844980267231668
,mobilenetv1_1207,50.1915,1.036,2.0640945179960752
,mobilenetv1_857,90.8963,3.004,3.304864994504727
,mobilenetv1_1211,79.5735,2.349,2.9519877848781317
,mobilenetv1_1292,74.99310000000001,3.456,4.6084239750056994
,mobilenetv1_640,94.0428,1.562,1.6609458672008914
,mobilenetv1_755,80.095,1.651,2.0613022036331854
,mobilenetv1_365,70.34639999999999,1.518,2.1578929412166086
,mobilenetv1_8,45.4483,1.026,2.2575101818989927
,mobilenetv1_167,61.9601,3.66,5.907027264320104
,mobilenetv1_1656,63.5896,4.217,6.631587555197704
,mobilenetv1_312,54.8286,1.068,1.9478885107407449
,mobilenetv1_359,77.98960000000001,1.503,1.927180034260978
,mobilenetv1_1983,65.6062,0.987,1.5044309836570324
,mobilenetv1_925,58.91,3.16,5.364114751315566
,mobilenetv1_0,67.512,1.741,2.578800806
,mobilenetv1_1,66.6363,4.002,6.005735613
,mobilenetv1_10,64.7751,3.07,4.739475508
,mobilenetv1_100,121.366,3.029,2.495756637
,mobilenetv1_1000,90.8669,1.582,1.741008002
,mobilenetv1_1001,69.8602,7.009,10.03289427
,mobilenetv1_1002,80.1598,1.568,1.956092705
,mobilenetv1_1003,73.5241,1.259,1.712363701
,mobilenetv1_1004,66.1869,1.559,2.355451003
,mobilenetv1_1005,79.3946,5.016,6.317810027
,mobilenetv1_1006,43.7828,1.223,2.793334369
,mobilenetv1_1007,88.8871,1.435,1.61440749
,mobilenetv1_1008,83.5261,6.186,7.406068283
,mobilenetv1_1009,49.8763,2.526,5.064529646
,mobilenetv1_101,47.6789,4.46,9.354242652
,mobilenetv1_1010,52.6562,2.999,5.695435675
,mobilenetv1_1011,65.7779,1.334,2.028036772
,mobilenetv1_1012,67.8912,2.918,4.298053356
,mobilenetv1_1013,50.1174,3.898,7.777737871
,mobilenetv1_1014,92.5748,2.386,2.577375268
,mobilenetv1_1015,70.4768,3.786,5.371980567
,mobilenetv1_1016,90.586,3.45,3.808535535
,mobilenetv1_1017,109.903,5.551,5.050817539
,mobilenetv1_1018,90.4738,6.975,7.709414217
,mobilenetv1_1019,60.182,4.364,7.251337609
,mobilenetv1_102,98.3602,1.589,1.615490818
,mobilenetv1_1020,71.6577,4.107,5.731414768
,mobilenetv1_1021,73.5111,1.519,2.066354605
,mobilenetv1_1022,111.687,2.245,2.010081746
,mobilenetv1_1023,70.177,1.317,1.876683244
,mobilenetv1_1024,48.6075,1.267,2.606593633
,mobilenetv1_1025,91.3293,1.981,2.16907389
,mobilenetv1_1026,74.7035,4.054,5.426787232
,mobilenetv1_1027,75.6088,1.541,2.038122547
,mobilenetv1_1028,65.6706,1.419,2.160784278
,mobilenetv1_1029,62.677,3.192,5.092777255
,mobilenetv1_103,80.0123,1.899,2.373385092
,mobilenetv1_1030,92.6208,1.3,1.403572416
,mobilenetv1_1031,72.0233,4.883,6.779750442
,mobilenetv1_1032,96.6438,2.341,2.422297136
,mobilenetv1_1033,43.6888,1.589,3.637087766
,mobilenetv1_1034,74.3738,3.502,4.7086474
,mobilenetv1_1035,78.622,3.579,4.552160973
,mobilenetv1_1036,68.6789,3.881,5.650935003
,mobilenetv1_1037,95.2498,1.746,1.833074715
,mobilenetv1_1038,105.3,3.687,3.501424501
,mobilenetv1_1039,66.3267,1.709,2.576639574
,mobilenetv1_104,37.0115,3.009,8.12990557
,mobilenetv1_1040,83.6523,4.452,5.3220294
,mobilenetv1_1041,75.258,6.721,8.930612028
,mobilenetv1_1042,62.1507,2.921,4.699866615
,mobilenetv1_1043,73.2342,1.138,1.553918798
,mobilenetv1_1044,79.3455,5.331,6.718717508
,mobilenetv1_1045,69.3661,1.167,1.682377992
,mobilenetv1_1046,71.0028,1.735,2.443565606
,mobilenetv1_1047,43.2808,1.175,2.71482967
,mobilenetv1_1048,60.0537,1.382,2.301273693
,mobilenetv1_1049,76.9856,3.684,4.7853105
,mobilenetv1_105,112.502,5.956,5.294128104
,mobilenetv1_1050,46.7655,3.66,7.826282195
,mobilenetv1_1051,86.1932,4.622,5.362371974
,mobilenetv1_1052,51.589,0.851,1.64957646
,mobilenetv1_1053,58.9328,4.376,7.425406565
,mobilenetv1_1054,91.7308,2.053,2.238070528
,mobilenetv1_1055,85.2694,5.664,6.642476668
,mobilenetv1_1056,90.7296,1.439,1.586031461
,mobilenetv1_1057,77.6729,3.946,5.080278965
,mobilenetv1_1058,53.3205,1.141,2.139889911
,mobilenetv1_1059,56.7851,1.751,3.083555369
,mobilenetv1_106,54.3903,1.185,2.178697304
,mobilenetv1_1060,73.5211,5.229,7.112243968
,mobilenetv1_1061,93.5042,5.04,5.390132208
,mobilenetv1_1062,59.9951,1.276,2.126840359
,mobilenetv1_1063,101.724,5.603,5.508041367
,mobilenetv1_1064,74.7418,1.757,2.350759548
,mobilenetv1_1065,68.0379,1.975,2.902793884
,mobilenetv1_1066,81.5063,3.307,4.057355076
,mobilenetv1_1067,99.5534,3.143,3.157099607
,mobilenetv1_1069,65.1196,4.236,6.504953962
,mobilenetv1_107,76.0018,1.805,2.374943751
,mobilenetv1_1070,86.6158,2.372,2.738530384
,mobilenetv1_1071,71.8822,1.673,2.327419027
,mobilenetv1_1072,66.8829,5.251,7.851035167
,mobilenetv1_1073,87.9072,4.016,4.568454006
,mobilenetv1_1074,81.0702,2.061,2.542241169
,mobilenetv1_1075,84.1896,4.12,4.893716088
,mobilenetv1_1076,55.9734,4.353,7.776908317
,mobilenetv1_1077,101.187,5.592,5.526401613
,mobilenetv1_1078,65.6725,2.482,3.779359702
,mobilenetv1_1079,66.1736,2.747,4.151202292
,mobilenetv1_108,75.6329,5.916,7.82199281
,mobilenetv1_1080,96.3456,2.144,2.225322174
,mobilenetv1_1081,68.9128,2.274,3.299822384
,mobilenetv1_1083,79.4154,5.176,6.517627563
,mobilenetv1_1084,47.1682,1.668,3.536280799
,mobilenetv1_1085,82.672,6.231,7.537013741
,mobilenetv1_1086,44.0553,1.031,2.340240561
,mobilenetv1_1087,89.9708,1.709,1.899505173
,mobilenetv1_1088,89.3431,4.247,4.753584776
,mobilenetv1_1089,81.8763,5.824,7.113169501
,mobilenetv1_109,77.8223,3.629,4.663187801
,mobilenetv1_1090,81.5565,1.425,1.74725497
,mobilenetv1_1091,97.1176,1.743,1.794731336
,mobilenetv1_1092,84.557,2.584,3.055926771
,mobilenetv1_1093,103.361,2.29,2.21553584
,mobilenetv1_1094,84.2011,2.497,2.965519453
,mobilenetv1_1095,43.1299,2.219,5.144922664
,mobilenetv1_1096,69.3215,3.78,5.452853732
,mobilenetv1_1097,66.213,3.202,4.835908356
,mobilenetv1_1098,60.0656,1.942,3.233131776
,mobilenetv1_1099,100.095,2.74,2.737399471
,mobilenetv1_11,80.5661,1.693,2.101380109
,mobilenetv1_110,49.3271,1.375,2.787514368
,mobilenetv1_1100,100.406,5.708,5.684919228
,mobilenetv1_1101,64.9843,4.847,7.458724646
,mobilenetv1_1102,105.657,5.93,5.612500828
,mobilenetv1_1103,53.5565,3.169,5.91711557
,mobilenetv1_1104,46.5291,2.038,4.380054632
,mobilenetv1_1105,57.135,4.403,7.706309618
,mobilenetv1_1106,71.1387,1.563,2.197116338
,mobilenetv1_1107,78.6489,4.962,6.309052002
,mobilenetv1_1108,47.195,3.449,7.30797754
,mobilenetv1_1109,100.428,2.136,2.126896881
,mobilenetv1_111,75.4138,2.146,2.845633027
,mobilenetv1_1110,79.5862,6.258,7.863172259
,mobilenetv1_1111,92.0932,1.874,2.034895085
,mobilenetv1_1112,91.6345,4.437,4.84206276
,mobilenetv1_1113,67.0201,2.271,3.388535678
,mobilenetv1_1114,69.4505,1.509,2.172770534
,mobilenetv1_1115,65.0752,3.263,5.014198958
,mobilenetv1_1116,74.0001,3.245,4.385129209
,mobilenetv1_1117,89.158,1.668,1.870836044
,mobilenetv1_1118,103.651,6.601,6.368486556
,mobilenetv1_1119,79.4718,3.325,4.183874028
,mobilenetv1_112,78.0013,1.448,1.856379317
,mobilenetv1_1120,68.5159,1.443,2.106080486
,mobilenetv1_1122,97.7614,7.009,7.169496345
,mobilenetv1_1123,68.1336,2.442,3.5841347
,mobilenetv1_1124,78.0769,1.446,1.852020252
,mobilenetv1_1125,68.5956,1.537,2.240668498
,mobilenetv1_1126,69.089,4.434,6.417808913
,mobilenetv1_1127,59.5686,4.163,6.988581232
,mobilenetv1_1128,51.663,1.337,2.587925595
,mobilenetv1_1129,78.2678,3.497,4.467993223
,mobilenetv1_113,96.0774,4.882,5.081319853
,mobilenetv1_1130,93.0691,6.666,7.16242018
,mobilenetv1_1131,108.605,1.625,1.496247871
,mobilenetv1_1132,83.4144,1.377,1.650794107
,mobilenetv1_1133,68.2733,1.201,1.759106415
,mobilenetv1_1134,79.5031,2.613,3.286664294
,mobilenetv1_1135,85.6791,5.361,6.257068527
,mobilenetv1_1136,77.1996,2.176,2.818667454
,mobilenetv1_1137,57.3413,0.989,1.724760339
,mobilenetv1_1138,58.3874,2.748,4.706494894
,mobilenetv1_1139,63.8561,1.358,2.126656655
,mobilenetv1_114,47.3135,2.087,4.411003202
,mobilenetv1_1140,70.9796,2.932,4.130764332
,mobilenetv1_1141,53.1262,1.501,2.825347945
,mobilenetv1_1142,71.881,1.508,2.097911826
,mobilenetv1_1143,100.19,4.363,4.354726021
,mobilenetv1_1144,49.1573,2.876,5.850606115
,mobilenetv1_1145,74.8723,6.891,9.203670783
,mobilenetv1_1146,59.2941,4.523,7.628077667
,mobilenetv1_1147,89.1821,3.307,3.708143226
,mobilenetv1_1148,66.4574,4.878,7.340040387
,mobilenetv1_1149,85.6557,3.576,4.174853512
,mobilenetv1_115,71.7981,1.913,2.664415911
,mobilenetv1_1150,114.822,5.762,5.018202087
,mobilenetv1_1151,71.1785,2.588,3.635929389
,mobilenetv1_1152,77.4397,4.184,5.402913493
,mobilenetv1_1153,56.3922,1.283,2.275137342
,mobilenetv1_1154,107.257,3.804,3.546621666
,mobilenetv1_1155,57.3145,1.377,2.40253339
,mobilenetv1_1156,104.559,1.758,1.681347373
,mobilenetv1_1157,81.0229,2.377,2.933738486
,mobilenetv1_1158,66.9994,2.961,4.419442562
,mobilenetv1_1159,66.8369,1.785,2.670680418
,mobilenetv1_116,103.177,5.27,5.107727497
,mobilenetv1_1160,97.1903,6.766,6.961600077
,mobilenetv1_1161,89.8479,1.885,2.097990048
,mobilenetv1_1162,39.3479,1.442,3.664744497
,mobilenetv1_1163,79.8988,1.646,2.060106034
,mobilenetv1_1164,82.1492,4.044,4.922750313
,mobilenetv1_1165,125.744,5.085,4.043930526
,mobilenetv1_1166,56.8666,3.31,5.820639884
,mobilenetv1_1167,67.8175,4.382,6.461459063
,mobilenetv1_1168,66.8608,2.862,4.280535082
,mobilenetv1_1169,59.8544,5.793,9.67848646
,mobilenetv1_117,104.786,4.248,4.053976676
,mobilenetv1_1170,103.483,1.789,1.728786371
,mobilenetv1_1171,63.1834,4.118,6.517534669
,mobilenetv1_1172,75.2945,1.517,2.014755394
,mobilenetv1_1173,89.8934,2.256,2.509639195
,mobilenetv1_1174,59.9028,1.045,1.744492745
,mobilenetv1_1176,116.023,2.036,1.754824474
,mobilenetv1_1177,74.3907,2.466,3.314930495
,mobilenetv1_1178,59,4.422,7.494915254
,mobilenetv1_1179,101.131,1.72,1.700764355
,mobilenetv1_118,65.2317,3.907,5.989419255
,mobilenetv1_1180,43.8216,1.02,2.327619256
,mobilenetv1_1181,98.9979,3.463,3.498053999
,mobilenetv1_1182,100.722,3.347,3.323007883
,mobilenetv1_1183,123.967,5.042,4.067211435
,mobilenetv1_1184,62.6901,2.372,3.783691524
,mobilenetv1_1185,132.865,2.201,1.656568698
,mobilenetv1_1186,78.8468,5.342,6.775163989
,mobilenetv1_1187,51.8648,1.812,3.493699002
,mobilenetv1_1188,79.0327,6.718,8.500278998
,mobilenetv1_1189,98.0253,5.19,5.294551509
,mobilenetv1_119,121.698,7.395,6.07651728
,mobilenetv1_1190,55.264,3.599,6.512376954
,mobilenetv1_1191,67.4408,3.184,4.721177685
,mobilenetv1_1192,56.1463,0.936,1.667073342
,mobilenetv1_1193,60.1319,5.03,8.364944397
,mobilenetv1_1194,60.7427,1.373,2.260353919
,mobilenetv1_1195,91.1124,1.557,1.708878265
,mobilenetv1_1196,88.4281,4.707,5.322968604
,mobilenetv1_1197,54.9661,2.672,4.861178072
,mobilenetv1_1198,84.6229,1.41,1.666215646
,mobilenetv1_1199,98.6285,6.675,6.76782066
,mobilenetv1_1200,45.8026,3.542,7.733185452
,mobilenetv1_1201,62.2382,4.153,6.672750819
,mobilenetv1_1202,55.025,1.587,2.884143571
,mobilenetv1_1203,64.7836,1.252,1.932587877
,mobilenetv1_1204,71.792,2.73,3.802652106
,mobilenetv1_1205,76.9941,4.318,5.608221929
,mobilenetv1_1206,60.4793,1.883,3.113461961
,mobilenetv1_1208,74.4703,1.49,2.000797633
,mobilenetv1_1209,50.162,1.469,2.928511622
,mobilenetv1_121,65.2843,1.931,2.957832128
,mobilenetv1_1210,73.8903,2.734,3.700079713
,mobilenetv1_1212,69.6717,1.554,2.230460861
,mobilenetv1_1213,45.2134,3.056,6.759058155
,mobilenetv1_1214,75.7571,1.293,1.706770719
,mobilenetv1_1215,73.4394,3.138,4.272910726
,mobilenetv1_1216,65.6745,1.212,1.845465135
,mobilenetv1_1217,71.8746,2.511,3.49358466
,mobilenetv1_1218,72.938,2.781,3.812827333
,mobilenetv1_1219,87.9045,1.818,2.068153507
,mobilenetv1_122,89.0161,7.439,8.35691521
,mobilenetv1_1220,81.8934,4.197,5.124955125
,mobilenetv1_1221,60.781,3.572,5.876836511
,mobilenetv1_1222,64.5615,2.545,3.941977804
,mobilenetv1_1223,47.2878,4.115,8.702033083
,mobilenetv1_1225,71.6701,1.94,2.706847067
,mobilenetv1_1226,37.1125,2.01,5.415964971
,mobilenetv1_1227,59.888,1.611,2.690021373
,mobilenetv1_1228,71.5799,4.688,6.549324601
,mobilenetv1_1229,97.1756,5.48,5.639275703
,mobilenetv1_123,69.9948,1.31,1.871567602
,mobilenetv1_1230,58.4864,1.708,2.920337036
,mobilenetv1_1231,94.6974,4.133,4.364428168
,mobilenetv1_1232,66.5361,1.413,2.123659187
,mobilenetv1_1233,93.5538,4.223,4.513980191
,mobilenetv1_1234,79.3232,5.107,6.438217319
,mobilenetv1_1235,73.8938,1.674,2.265413336
,mobilenetv1_1236,73.8997,4.61,6.238184999
,mobilenetv1_1237,73.0903,1.815,2.483229649
,mobilenetv1_1238,53.5015,1.468,2.743848303
,mobilenetv1_1239,79.1812,4.755,6.005213359
,mobilenetv1_124,57.4382,1.21,2.106611976
,mobilenetv1_1240,79.1207,4.633,5.855610479
,mobilenetv1_1241,52.8938,1.126,2.128793923
,mobilenetv1_1242,47.2236,3.39,7.178614083
,mobilenetv1_1243,67.7297,2.459,3.630608138
,mobilenetv1_1244,58.0843,3.375,5.810520227
,mobilenetv1_1245,74.5081,3.549,4.763240507
,mobilenetv1_1246,68.3518,1.04,1.521540033
,mobilenetv1_1247,91.4485,3.388,3.704817466
,mobilenetv1_1248,94.2828,3.951,4.190584073
,mobilenetv1_1249,93.3567,1.413,1.513549643
,mobilenetv1_125,64.7926,1.338,2.065050638
,mobilenetv1_1250,92.2039,1.303,1.413172328
,mobilenetv1_1251,87.0078,6.888,7.916531621
,mobilenetv1_1252,107.558,2.133,1.983116086
,mobilenetv1_1253,60.9231,1.267,2.079670929
,mobilenetv1_1254,48.4546,1.779,3.671478043
,mobilenetv1_1255,67.191,3.897,5.799883913
,mobilenetv1_1256,65.4146,1.34,2.048472359
,mobilenetv1_1257,63.7289,5.272,8.272541971
,mobilenetv1_1258,68.5177,3.834,5.595634413
,mobilenetv1_1259,57.5081,2.429,4.223752828
,mobilenetv1_126,139.974,7.934,5.668195522
,mobilenetv1_1260,70.4609,3.509,4.980066959
,mobilenetv1_1261,73.8529,3.262,4.416888166
,mobilenetv1_1262,91.1753,4.99,5.472973492
,mobilenetv1_1263,63.9732,2.406,3.760949898
,mobilenetv1_1264,58.4138,3.721,6.370070086
,mobilenetv1_1265,99.6119,5.864,5.886846853
,mobilenetv1_1266,104.934,3.708,3.533649723
,mobilenetv1_1267,73.1491,4.117,5.628230559
,mobilenetv1_1268,60.3951,1.674,2.771748039
,mobilenetv1_1269,97.666,4.92,5.037577048
,mobilenetv1_127,70.5026,4.663,6.613940479
,mobilenetv1_1270,80.3865,6.443,8.015027399
,mobilenetv1_1271,55.0759,2.309,4.192396311
,mobilenetv1_1272,72.8267,3.213,4.411843459
,mobilenetv1_1273,102.962,5.391,5.235912278
,mobilenetv1_1274,65.2262,4.549,6.974191353
,mobilenetv1_1275,73.8538,2.332,3.157589725
,mobilenetv1_1276,64.2654,3.911,6.085700859
,mobilenetv1_1277,85.2013,5.724,6.718207351
,mobilenetv1_1278,56.4359,2.814,4.98618787
,mobilenetv1_1279,85.651,5.81,6.783341701
,mobilenetv1_128,56.627,2.097,3.703180462
,mobilenetv1_1280,57.4729,1.764,3.069272649
,mobilenetv1_1281,72.1616,6.304,8.735948205
,mobilenetv1_1282,59.5476,5.157,8.660298652
,mobilenetv1_1283,52.2956,1.071,2.047973443
,mobilenetv1_1284,80.5793,4.471,5.548571407
,mobilenetv1_1285,49.496,1.142,2.307257152
,mobilenetv1_1286,45.2489,2.855,6.309545646
,mobilenetv1_1287,68.5042,4.351,6.351435386
,mobilenetv1_1288,67.7055,6.243,9.220816625
,mobilenetv1_1289,62.8846,3.024,4.808808516
,mobilenetv1_129,69.5129,4.262,6.131236073
,mobilenetv1_1290,76.4792,1.431,1.871096978
,mobilenetv1_1291,49.9045,1.037,2.077968921
,mobilenetv1_1293,79.0428,1.418,1.793964789
,mobilenetv1_1294,91.2243,6.221,6.819454904
,mobilenetv1_1295,62.4148,4.266,6.834917359
,mobilenetv1_1297,58.0078,2.192,3.778802161
,mobilenetv1_1298,57.2118,3.234,5.652680042
,mobilenetv1_1299,93.4836,4.886,5.226585198
,mobilenetv1_130,74.0734,1.377,1.858966917
,mobilenetv1_1300,57.3109,1.764,3.077948523
,mobilenetv1_1301,104.748,4.795,4.577653034
,mobilenetv1_1302,96.1305,2.992,3.112435699
,mobilenetv1_1303,64.3287,1.308,2.033307062
,mobilenetv1_1304,35.5491,0.928,2.610473964
,mobilenetv1_1305,120.75,2.164,1.792132505
,mobilenetv1_1306,75.0113,2.944,3.924742006
,mobilenetv1_1307,75.1077,1.292,1.720196465
,mobilenetv1_1308,89.1602,5.413,6.071094502
,mobilenetv1_1309,76.605,1.787,2.332745904
,mobilenetv1_131,79.9117,1.68,2.102320436
,mobilenetv1_1310,75.1451,1.501,1.997468897
,mobilenetv1_1311,59.9621,3.526,5.880381107
,mobilenetv1_1312,94.042,4.852,5.159396865
,mobilenetv1_1313,62.9131,2.349,3.733721594
,mobilenetv1_1314,79.3006,4.583,5.779275314
,mobilenetv1_1315,55.354,3.025,5.46482639
,mobilenetv1_1316,48.8602,1.085,2.220621283
,mobilenetv1_1317,74.2167,5.376,7.243652709
,mobilenetv1_1318,63.5378,3.318,5.222088269
,mobilenetv1_1319,72.3214,4.612,6.377088939
,mobilenetv1_132,62.3111,4.69,7.526748846
,mobilenetv1_1320,92.6522,3.01,3.248708611
,mobilenetv1_1321,53.4909,1.117,2.088205657
,mobilenetv1_1322,89.2246,2.826,3.167287945
,mobilenetv1_1323,57.8459,3.479,6.014255116
,mobilenetv1_1324,69.1947,4.749,6.863242416
,mobilenetv1_1325,85.7499,1.855,2.163267829
,mobilenetv1_1326,120.295,1.883,1.565318592
,mobilenetv1_1327,70.0588,1.154,1.647187791
,mobilenetv1_1328,78.9421,4.656,5.897993593
,mobilenetv1_133,63.2313,1.199,1.896212793
,mobilenetv1_1330,52.7678,1.287,2.438987413
,mobilenetv1_1331,92.1398,5.712,6.199275449
,mobilenetv1_1332,101.11,1.829,1.808920977
,mobilenetv1_1333,66.6421,1.279,1.919207228
,mobilenetv1_1334,69.5206,1.453,2.090027992
,mobilenetv1_1335,70.6175,1.41,1.996672213
,mobilenetv1_1336,76.7575,6.221,8.104745465
,mobilenetv1_1337,86.4421,1.995,2.307903209
,mobilenetv1_1338,78.7142,1.444,1.834484756
,mobilenetv1_1339,54.225,1.013,1.868142001
,mobilenetv1_134,99.2973,3.834,3.861132176
,mobilenetv1_1340,80.2216,1.331,1.659154143
,mobilenetv1_1341,82.2204,1.73,2.104100685
,mobilenetv1_1342,104.044,5.561,5.3448541
,mobilenetv1_1343,60.9548,4.563,7.485874779
,mobilenetv1_1344,88.1293,3.309,3.754710408
,mobilenetv1_1345,87.0792,2.038,2.340398166
,mobilenetv1_1346,60.5408,1.368,2.259633173
,mobilenetv1_1347,55.1138,1.306,2.369642449
,mobilenetv1_1348,92.8573,1.707,1.838304581
,mobilenetv1_1349,42.0745,1.206,2.866344223
,mobilenetv1_135,53.6386,1.278,2.382612522
,mobilenetv1_1350,66.472,2.345,3.527801179
,mobilenetv1_1351,48.8267,2.051,4.200570589
,mobilenetv1_1352,75.3204,1.445,1.918470959
,mobilenetv1_1353,74.8978,3.729,4.978784424
,mobilenetv1_1354,67.9286,1.975,2.907464603
,mobilenetv1_1355,75.4342,1.838,2.436560605
,mobilenetv1_1356,73.0783,1.393,1.90617461
,mobilenetv1_1357,72.3563,1.437,1.986005365
,mobilenetv1_1358,75.6133,4.564,6.035975153
,mobilenetv1_1359,58.1108,4.076,7.014186692
,mobilenetv1_136,65.5397,2.558,3.90297789
,mobilenetv1_1360,85.3458,1.297,1.519699856
,mobilenetv1_1361,80.0407,1.155,1.443015866
,mobilenetv1_1362,67.0485,1.674,2.49670015
,mobilenetv1_1363,69.1464,1.312,1.897423438
,mobilenetv1_1364,74.1377,1.233,1.663121462
,mobilenetv1_1365,68.0417,2.094,3.077524518
,mobilenetv1_1366,58.8106,2.812,4.781450963
,mobilenetv1_1367,62.4466,3.32,5.316542454
,mobilenetv1_1368,50.1958,0.935,1.862705645
,mobilenetv1_1369,84.2641,4.526,5.371207905
,mobilenetv1_137,74.4696,4.091,5.493516818
,mobilenetv1_1370,84.8923,6.291,7.410566094
,mobilenetv1_1371,88.0421,3.293,3.740256082
,mobilenetv1_1372,71.9636,6.196,8.609908343
,mobilenetv1_1373,45.7411,1.455,3.180946676
,mobilenetv1_1374,71.4593,2.04,2.854771877
,mobilenetv1_1375,86.2398,3.241,3.758125599
,mobilenetv1_1376,72.3131,1.766,2.442157783
,mobilenetv1_1377,62.2729,2.408,3.866850588
,mobilenetv1_1378,106.893,1.49,1.393917282
,mobilenetv1_1379,89.0625,5.494,6.168701754
,mobilenetv1_138,85.9786,4.298,4.998918335
,mobilenetv1_1380,71.5058,5.149,7.200814479
,mobilenetv1_1381,66.3195,2.774,4.182781836
,mobilenetv1_1382,71.3905,1.393,1.951240011
,mobilenetv1_1383,64.5009,1.379,2.137954664
,mobilenetv1_1384,71.3506,1.805,2.529761488
,mobilenetv1_1385,104.352,5.621,5.386576204
,mobilenetv1_1386,108.118,2.367,2.189274681
,mobilenetv1_1387,69.9764,1.87,2.672329528
,mobilenetv1_1388,62.8891,4.283,6.810401166
,mobilenetv1_1389,84.444,1.621,1.919615366
,mobilenetv1_139,79.1296,3.392,4.286638628
,mobilenetv1_1390,62.7645,1.894,3.017629392
,mobilenetv1_1391,78.994,2.499,3.163531407
,mobilenetv1_1392,69.2716,4.23,6.106398582
,mobilenetv1_1393,90.8937,5.781,6.360176778
,mobilenetv1_1394,60.0876,1.296,2.156850998
,mobilenetv1_1395,83.526,1.472,1.762325503
,mobilenetv1_1396,81.0879,1.567,1.932470813
,mobilenetv1_1397,84.1532,5.65,6.713945518
,mobilenetv1_1398,55.271,1.314,2.377376925
,mobilenetv1_1399,42.1292,1.154,2.739192769
,mobilenetv1_1400,69.1738,1.666,2.408426312
,mobilenetv1_1401,44.2898,1.141,2.576213936
,mobilenetv1_1402,97.7463,4.816,4.927040717
,mobilenetv1_1403,106.36,6.07,5.707032719
,mobilenetv1_1404,53.0665,3.372,6.354291314
,mobilenetv1_1405,109.989,2.865,2.604805935
,mobilenetv1_1406,112.217,5.409,4.820125293
,mobilenetv1_1407,74.714,1.649,2.20708301
,mobilenetv1_1408,72.0065,2.43,3.37469534
,mobilenetv1_1409,104.5,2.117,2.025837321
,mobilenetv1_141,81.7433,2.943,3.60029507
,mobilenetv1_1410,85.127,6.967,8.184242367
,mobilenetv1_1411,67.06,1.328,1.980316135
,mobilenetv1_1412,105.902,2.172,2.050952768
,mobilenetv1_1413,79.8118,4.044,5.066919929
,mobilenetv1_1414,80.522,3.221,4.000149028
,mobilenetv1_1415,65.3872,3.055,4.672168253
,mobilenetv1_1416,108.855,4.607,4.232235543
,mobilenetv1_1417,49.5268,2.355,4.755001333
,mobilenetv1_1418,55.7047,3.41,6.121566044
,mobilenetv1_1419,53.2626,3.798,7.1307071
,mobilenetv1_142,77.0114,3.667,4.761632693
,mobilenetv1_1420,76.105,4.632,6.086328099
,mobilenetv1_1422,106.469,2.176,2.043787394
,mobilenetv1_1423,78.0942,5.002,6.405085141
,mobilenetv1_1424,99.7646,1.881,1.885438322
,mobilenetv1_1425,64.0874,3.801,5.930963029
,mobilenetv1_1426,99.9424,4.473,4.475577933
,mobilenetv1_1427,73.5914,4.391,5.966729808
,mobilenetv1_1428,90.1867,4.713,5.225825981
,mobilenetv1_1429,51.3022,3.403,6.633243799
,mobilenetv1_143,57.9948,3.618,6.238490347
,mobilenetv1_1430,73.8766,3.006,4.068947407
,mobilenetv1_1431,66.2392,1.451,2.19054578
,mobilenetv1_1432,102.185,4.576,4.478152371
,mobilenetv1_1433,71.5179,5.152,7.203790939
,mobilenetv1_1434,68.6184,4.455,6.492427687
,mobilenetv1_1435,79.3421,2.442,3.077811149
,mobilenetv1_1436,85.6722,2.895,3.379159167
,mobilenetv1_1437,98.6437,1.775,1.799405335
,mobilenetv1_1438,53.7267,1.416,2.63556109
,mobilenetv1_1439,79.6429,5.583,7.010041071
,mobilenetv1_144,76.6154,3.891,5.078613438
,mobilenetv1_1441,88.4997,2.442,2.759331388
,mobilenetv1_1442,85.0556,4.759,5.595163634
,mobilenetv1_1443,80.5717,2.688,3.336158974
,mobilenetv1_1444,53.2618,2.476,4.6487351
,mobilenetv1_1445,44.7511,2.936,6.560732585
,mobilenetv1_1446,98.6604,2.874,2.913022854
,mobilenetv1_1447,68.2102,1.137,1.666906123
,mobilenetv1_1448,64.879,2.798,4.312643536
,mobilenetv1_1449,59.582,1.259,2.113054278
,mobilenetv1_145,68.6196,1.435,2.091239238
,mobilenetv1_1450,56.1231,1.044,1.860196604
,mobilenetv1_1451,57.053,1.992,3.491490369
,mobilenetv1_1452,78.7062,3.269,4.153421204
,mobilenetv1_1453,114.184,1.543,1.351327682
,mobilenetv1_1454,79.8744,3.073,3.847290246
,mobilenetv1_1455,86.0375,6.458,7.506029348
,mobilenetv1_1456,54.2065,1.228,2.265410975
,mobilenetv1_1457,64.7813,4.525,6.985040436
,mobilenetv1_1458,91.3828,1.66,1.816534403
,mobilenetv1_1459,58.6406,1.224,2.087291058
,mobilenetv1_146,99.6563,6.3,6.321727778
,mobilenetv1_1460,34.5621,1.476,4.270573837
,mobilenetv1_1461,119.356,4.42,3.703207212
,mobilenetv1_1462,112.054,3.835,3.42245703
,mobilenetv1_1463,60.8931,1.6,2.627555503
,mobilenetv1_1464,60.2596,1.048,1.739141979
,mobilenetv1_1465,99.9339,1.883,1.884245486
,mobilenetv1_1466,108.365,3.537,3.263968994
,mobilenetv1_1467,94.5774,5.25,5.551009015
,mobilenetv1_1468,71.6904,2.02,2.817671543
,mobilenetv1_1469,65.1311,3.386,5.1987453
,mobilenetv1_147,63.8804,1.328,2.078884916
,mobilenetv1_1470,77.2695,2.324,3.007655026
,mobilenetv1_1471,118.656,6.261,5.276597896
,mobilenetv1_1472,51.178,3.233,6.317167533
,mobilenetv1_1473,78.4225,2.082,2.65485033
,mobilenetv1_1474,52.4808,1.501,2.860093596
,mobilenetv1_1475,67.5649,1.907,2.822471431
,mobilenetv1_1476,80.8633,6.201,7.668497328
,mobilenetv1_1477,65.0922,1.186,1.822030904
,mobilenetv1_1478,77.7223,1.614,2.076624083
,mobilenetv1_1479,63.6048,3.98,6.257389379
,mobilenetv1_148,82.3573,4.221,5.125228729
,mobilenetv1_1480,69.1926,4.249,6.140830089
,mobilenetv1_1481,80.1762,1.532,1.910791482
,mobilenetv1_1482,46.6353,1.077,2.309409396
,mobilenetv1_1483,78.0163,1.783,2.285419842
,mobilenetv1_1484,69.613,2.916,4.188872768
,mobilenetv1_1485,55.3881,1.304,2.35429632
,mobilenetv1_1486,97.2294,1.908,1.962369407
,mobilenetv1_1487,63.5609,1.851,2.912167701
,mobilenetv1_1489,78.5909,5.403,6.874841744
,mobilenetv1_149,74.2379,3.43,4.620281554
,mobilenetv1_1490,85.8717,1.51,1.758437297
,mobilenetv1_1491,97.7677,2.022,2.068167708
,mobilenetv1_1492,96.6163,1.526,1.579443634
,mobilenetv1_1493,73.5882,3.933,5.34460688
,mobilenetv1_1494,38.3446,1.245,3.246871789
,mobilenetv1_1495,95.5211,5.176,5.418698068
,mobilenetv1_1497,63.2374,3.39,5.360751707
,mobilenetv1_1498,73.9743,1.21,1.63570321
,mobilenetv1_1499,68.3802,1.258,1.839713835
,mobilenetv1_150,60.541,0.984,1.625344808
,mobilenetv1_1500,70.9052,5.113,7.211036708
,mobilenetv1_1501,84.7185,1.372,1.619480987
,mobilenetv1_1502,100.143,1.511,1.508842355
,mobilenetv1_1504,47.3767,3.164,6.678388322
,mobilenetv1_1505,78.7492,5.522,7.012134726
,mobilenetv1_1506,75.0126,1.455,1.939674135
,mobilenetv1_1507,59.3751,2.868,4.830307654
,mobilenetv1_1508,48.8166,1.264,2.589283154
,mobilenetv1_1509,47.6243,1.167,2.450429718
,mobilenetv1_151,71.1726,1.4,1.967049117
,mobilenetv1_1511,75.0016,3.694,4.925228262
,mobilenetv1_1512,100.909,2.623,2.599371711
,mobilenetv1_1513,55.5744,1.334,2.400385789
,mobilenetv1_1514,50.2935,1.595,3.171383976
,mobilenetv1_1515,77.5363,5.461,7.043152691
,mobilenetv1_1516,71.0411,4.756,6.694716157
,mobilenetv1_1517,80.4296,2.209,2.746501288
,mobilenetv1_1518,61.5062,3.138,5.101924684
,mobilenetv1_1519,46.0889,1.609,3.491079197
,mobilenetv1_152,85.6709,4.955,5.78376088
,mobilenetv1_1520,84.3368,4.712,5.58712211
,mobilenetv1_1521,86.7204,4.679,5.395500943
,mobilenetv1_1522,66.7685,3.913,5.860548013
,mobilenetv1_1523,63.9929,1.271,1.986157839
,mobilenetv1_1524,68.3186,1.224,1.7916058
,mobilenetv1_1526,79.4984,2.57,3.232769465
,mobilenetv1_1527,105.65,6.143,5.814481779
,mobilenetv1_1528,71.3922,3.761,5.268082508
,mobilenetv1_1529,88.3782,2.405,2.721259315
,mobilenetv1_153,56.2833,1.271,2.25821869
,mobilenetv1_1530,69.012,2.726,3.950037675
,mobilenetv1_1531,71.6451,1.853,2.586359709
,mobilenetv1_1532,72.4685,1.397,1.927734119
,mobilenetv1_1533,93.6765,7.18,7.664675772
,mobilenetv1_1534,71.7297,4.002,5.579278876
,mobilenetv1_1535,72.7697,1.574,2.162988167
,mobilenetv1_1536,74.2772,5.154,6.938872225
,mobilenetv1_1537,72.1666,1.405,1.946884016
,mobilenetv1_1538,58.8724,3.849,6.537868339
,mobilenetv1_1539,82.4648,1.784,2.163347271
,mobilenetv1_154,79.6845,4.798,6.02124629
,mobilenetv1_1540,74.7626,2.381,3.184747454
,mobilenetv1_1541,80.6153,2.272,2.818323569
,mobilenetv1_1542,68.3794,2.191,3.204181376
,mobilenetv1_1543,69.3373,3.995,5.761689596
,mobilenetv1_1544,65.2125,1.749,2.68200115
,mobilenetv1_1545,67.1469,3.925,5.845392714
,mobilenetv1_1546,89.4335,1.681,1.879608871
,mobilenetv1_1547,68.4202,3.14,4.589287959
,mobilenetv1_1548,88.1691,3.922,4.448270426
,mobilenetv1_1549,65.502,1.306,1.993832249
,mobilenetv1_155,74.0852,1.552,2.094885348
,mobilenetv1_1550,63.401,3.284,5.179729026
,mobilenetv1_1551,64.124,1.516,2.364169422
,mobilenetv1_1552,62.2344,4.784,7.68706696
,mobilenetv1_1553,74.6111,1.328,1.779896021
,mobilenetv1_1554,87.8976,1.766,2.009156109
,mobilenetv1_1555,66.0766,3.228,4.885239253
,mobilenetv1_1556,79.5972,1.686,2.118164961
,mobilenetv1_1557,80.0575,4.937,6.1668176
,mobilenetv1_1558,60.1909,1.55,2.575140096
,mobilenetv1_1559,63.0161,2.503,3.972000806
,mobilenetv1_156,52.3655,1.075,2.052878326
,mobilenetv1_1560,61.5481,4.877,7.923883922
,mobilenetv1_1561,74.1088,4.218,5.691631763
,mobilenetv1_1562,71.079,3.838,5.399625769
,mobilenetv1_1563,84.9072,1.616,1.903254377
,mobilenetv1_1564,64.8563,2.01,3.099159218
,mobilenetv1_1565,66.9334,2.392,3.57370162
,mobilenetv1_1566,60.9938,4.179,6.851516056
,mobilenetv1_1567,85.9575,1.523,1.771805834
,mobilenetv1_1568,66.8519,2.894,4.328971951
,mobilenetv1_1569,58.6858,1.665,2.837142886
,mobilenetv1_157,70.7894,1.567,2.213608252
,mobilenetv1_1570,56.2961,2.23,3.961198023
,mobilenetv1_1571,84.0968,3.269,3.887187146
,mobilenetv1_1572,61.3618,2.747,4.476726563
,mobilenetv1_1573,117.836,3.634,3.083947181
,mobilenetv1_1574,62.5272,3.324,5.316086439
,mobilenetv1_1575,66.2397,4.937,7.453234239
,mobilenetv1_1576,42.1543,1.389,3.295037517
,mobilenetv1_1577,65.5472,2.269,3.461627652
,mobilenetv1_1579,50.1343,2.174,4.336352557
,mobilenetv1_158,74.9478,4.036,5.38508135
,mobilenetv1_1580,74.6118,1.431,1.917927191
,mobilenetv1_1581,56.3605,1.057,1.875426939
,mobilenetv1_1582,80.7937,1.907,2.360332551
,mobilenetv1_1583,95.5292,1.686,1.76490539
,mobilenetv1_1584,91.0666,3.954,4.341877263
,mobilenetv1_1585,72.0316,3.438,4.772905225
,mobilenetv1_1586,37.6988,1.628,4.318439844
,mobilenetv1_1587,69.6511,5.747,8.251125969
,mobilenetv1_1588,63.0634,1.257,1.993232208
,mobilenetv1_1589,70.017,2.171,3.10067555
,mobilenetv1_159,59.0435,1.263,2.139100832
,mobilenetv1_1590,86.0386,5.363,6.233248798
,mobilenetv1_1591,52.9674,4.139,7.814240457
,mobilenetv1_1592,72.466,1.999,2.758535037
,mobilenetv1_1593,44.653,1.326,2.969565315
,mobilenetv1_1594,45.1635,1.887,4.178152712
,mobilenetv1_1595,69.5585,5.134,7.380837712
,mobilenetv1_1596,94.5358,2.199,2.326102916
,mobilenetv1_1597,79.646,4.45,5.587223464
,mobilenetv1_1598,53.4512,2.213,4.140225103
,mobilenetv1_1599,100.861,3.156,3.129058804
,mobilenetv1_16,90.9301,4.432,4.874073602
,mobilenetv1_160,75.9542,1.545,2.034120562
,mobilenetv1_1600,45.2123,1.477,3.266810138
,mobilenetv1_1601,104.156,3.934,3.777026768
,mobilenetv1_1602,49.1133,1.801,3.66703113
,mobilenetv1_1603,64.7043,1.555,2.403240588
,mobilenetv1_1604,55.0191,3.168,5.758000403
,mobilenetv1_1605,72.9857,4.601,6.303974614
,mobilenetv1_1606,80.9036,2.485,3.071556766
,mobilenetv1_1608,86.7381,5.382,6.204885742
,mobilenetv1_1609,65.8066,1.626,2.470876781
,mobilenetv1_161,73.0526,3.768,5.157927302
,mobilenetv1_1610,96.6257,1.757,1.818356814
,mobilenetv1_1611,91.8565,1.919,2.089128151
,mobilenetv1_1612,48.6203,1.456,2.994633929
,mobilenetv1_1613,69.5923,3.81,5.474743614
,mobilenetv1_1614,68.9948,1.081,1.566784743
,mobilenetv1_1615,67.267,3.826,5.687781527
,mobilenetv1_1616,56.44,1.41,2.498228207
,mobilenetv1_1617,91.4718,4.305,4.70636852
,mobilenetv1_1618,64.4911,4.127,6.399332621
,mobilenetv1_1619,74.2701,4.048,5.450376396
,mobilenetv1_162,103.468,1.501,1.450690068
,mobilenetv1_1620,61.3319,2.252,3.671824939
,mobilenetv1_1621,82.2363,3.925,4.772831463
,mobilenetv1_1622,68.9278,1.23,1.78447593
,mobilenetv1_1623,94.1444,3.344,3.551990347
,mobilenetv1_1624,49.5871,2.461,4.962984325
,mobilenetv1_1625,57.2253,0.867,1.515064141
,mobilenetv1_1626,67.7364,3.991,5.891957648
,mobilenetv1_1627,52.3584,1.65,3.151356802
,mobilenetv1_1628,74.1003,3.494,4.715230573
,mobilenetv1_1629,45.7774,1.262,2.756818867
,mobilenetv1_163,97.2558,6.041,6.211454741
,mobilenetv1_1630,84.2704,1.663,1.973409406
,mobilenetv1_1631,66.7771,5.051,7.563970283
,mobilenetv1_1632,58.4474,1.533,2.622871163
,mobilenetv1_1633,53.1146,4.854,9.138730217
,mobilenetv1_1634,79.1235,1.572,1.986767522
,mobilenetv1_1635,96.095,6.288,6.543524637
,mobilenetv1_1636,89.3514,6.02,6.737443398
,mobilenetv1_1637,61.2368,2.888,4.716118412
,mobilenetv1_1638,46.4295,2.292,4.936516654
,mobilenetv1_1639,29.605,0.993,3.354163148
,mobilenetv1_164,88.6767,1.787,2.0151855
,mobilenetv1_1640,53.0076,1.107,2.08837978
,mobilenetv1_1641,111.217,4.009,3.604664754
,mobilenetv1_1642,90.8395,3.063,3.371881175
,mobilenetv1_1643,59.9185,1.448,2.416615903
,mobilenetv1_1644,80.4463,1.561,1.940424855
,mobilenetv1_1645,79.5956,4.78,6.00535708
,mobilenetv1_1646,83.5314,5.944,7.11588696
,mobilenetv1_1647,75.0504,7.088,9.444320084
,mobilenetv1_1648,55.125,1.59,2.884353741
,mobilenetv1_1649,87.7906,3.229,3.678070317
,mobilenetv1_165,65.5333,5.028,7.672435235
,mobilenetv1_1650,82.6186,3.798,4.597027788
,mobilenetv1_1651,75.948,2.861,3.76705114
,mobilenetv1_1652,77.369,1.586,2.049916633
,mobilenetv1_1653,66.7893,1.317,1.97187274
,mobilenetv1_1654,72.7543,1.531,2.104342974
,mobilenetv1_1655,52.8714,2.186,4.134560462
,mobilenetv1_1657,118.568,5.854,4.937251198
,mobilenetv1_1658,90.1359,1.626,1.803942713
,mobilenetv1_1659,100.874,6.144,6.090766699
,mobilenetv1_166,70.4291,3.515,4.990834754
,mobilenetv1_1660,97.9125,1.987,2.029362952
,mobilenetv1_1661,70.4002,4.21,5.980096647
,mobilenetv1_1662,119.753,4.626,3.862951241
,mobilenetv1_1663,79.4795,6.125,7.706389698
,mobilenetv1_1664,76.2756,3.538,4.6384427
,mobilenetv1_1665,50.4539,1.278,2.533005377
,mobilenetv1_1666,65.6001,4.266,6.503038867
,mobilenetv1_1667,87.8777,3.921,4.461882821
,mobilenetv1_1668,71.1389,1.741,2.447324881
,mobilenetv1_1669,65.9518,3.035,4.60184559
,mobilenetv1_1670,104.34,6.313,6.050412114
,mobilenetv1_1671,50.3582,1.946,3.86431604
,mobilenetv1_1672,84.4032,4.589,5.436997649
,mobilenetv1_1673,98.3855,5.915,6.012064786
,mobilenetv1_1674,88.913,1.874,2.107678292
,mobilenetv1_1675,108.374,2.089,1.927584107
,mobilenetv1_1676,47.8707,2.268,4.737762347
,mobilenetv1_1677,87.3117,6.188,7.087251766
,mobilenetv1_1678,68.4271,1.649,2.409863928
,mobilenetv1_1679,94.6498,4.194,4.43107117
,mobilenetv1_168,72.1528,5.898,8.174318945
,mobilenetv1_1680,67.8062,4.949,7.298742593
,mobilenetv1_1681,59.3308,2.01,3.387785096
,mobilenetv1_1682,60.4983,1.688,2.790161046
,mobilenetv1_1683,67.4027,4.852,7.198524688
,mobilenetv1_1684,59.3393,3.304,5.5679794
,mobilenetv1_1685,53.9806,0.929,1.720988651
,mobilenetv1_1686,74.1678,1.403,1.891656487
,mobilenetv1_1687,53.5956,1.021,1.905007127
,mobilenetv1_1689,57.7741,2.065,3.574265977
,mobilenetv1_169,106.575,2.142,2.009852217
,mobilenetv1_1690,49.0402,0.894,1.822994197
,mobilenetv1_1691,100.786,5.417,5.37475443
,mobilenetv1_1692,71.3348,2.765,3.876088529
,mobilenetv1_1693,65.3282,1.489,2.279260717
,mobilenetv1_1694,67.0725,1.934,2.883447016
,mobilenetv1_1695,80.9955,1.438,1.775407276
,mobilenetv1_1696,55.9982,2.667,4.762653085
,mobilenetv1_1697,74.4305,4.711,6.329394536
,mobilenetv1_1698,59.8327,1.154,1.928711223
,mobilenetv1_1699,103.277,1.739,1.68382118
,mobilenetv1_17,83.1911,5.544,6.664174413
,mobilenetv1_170,71.2319,1.924,2.701037035
,mobilenetv1_1700,111.381,7.299,6.55318232
,mobilenetv1_1701,63.2426,1.05,1.660273297
,mobilenetv1_1702,74.5001,1.549,2.07919184
,mobilenetv1_1703,64.9237,6.253,9.631305671
,mobilenetv1_1704,78.6868,1.256,1.59620165
,mobilenetv1_1705,70.5583,2.758,3.908824334
,mobilenetv1_1706,71.6102,5.847,8.165037942
,mobilenetv1_1707,60.5378,2.403,3.969420759
,mobilenetv1_1708,111.201,1.861,1.673546101
,mobilenetv1_1709,61.6196,1.872,3.037994404
,mobilenetv1_171,112.804,1.549,1.373178256
,mobilenetv1_1710,64.4701,2.747,4.260889932
,mobilenetv1_1711,77.6491,5.149,6.631113561
,mobilenetv1_1712,95.711,2.507,2.619343649
,mobilenetv1_1713,69.4302,1.475,2.124435764
,mobilenetv1_1715,66.3552,1.752,2.640335648
,mobilenetv1_1716,91.933,5.883,6.399225523
,mobilenetv1_1717,82.1308,1.489,1.812961763
,mobilenetv1_1718,52.9337,1.765,3.334359775
,mobilenetv1_1719,64.2422,4.257,6.626485394
,mobilenetv1_172,87.0273,1.659,1.906298368
,mobilenetv1_1720,62.6581,4.939,7.882460528
,mobilenetv1_1721,90.286,4.497,4.980838668
,mobilenetv1_1722,91.1444,4.491,4.927346057
,mobilenetv1_1723,62.3332,2.558,4.103752094
,mobilenetv1_1724,64.3357,4.348,6.758300601
,mobilenetv1_1725,75.1378,1.621,2.157369526
,mobilenetv1_1726,55.7887,3.469,6.2181051
,mobilenetv1_1727,69.7903,1.58,2.263924929
,mobilenetv1_1728,76.3071,6.131,8.034638979
,mobilenetv1_1729,92.7077,4.07,4.390142351
,mobilenetv1_173,66.6391,1.293,1.940302315
,mobilenetv1_1730,59.3816,2.368,3.987767255
,mobilenetv1_1731,95.9918,5.519,5.749449432
,mobilenetv1_1732,73.9833,2.493,3.369679374
,mobilenetv1_1733,51.6103,1.196,2.317366882
,mobilenetv1_1734,78.8532,2.813,3.567388514
,mobilenetv1_1735,60.9786,1.789,2.933816126
,mobilenetv1_1736,61.2667,2.021,3.298692438
,mobilenetv1_1737,100.691,1.738,1.726072837
,mobilenetv1_1738,79.6317,4.336,5.445067731
,mobilenetv1_1739,72.0344,5.399,7.495030152
,mobilenetv1_174,58.8829,1.288,2.187392265
,mobilenetv1_1740,89.8803,2.482,2.761450507
,mobilenetv1_1741,57.2911,3.495,6.100423975
,mobilenetv1_1742,86.0039,1.733,2.0150249
,mobilenetv1_1743,63.4557,1.781,2.806682457
,mobilenetv1_1744,56.1077,2.501,4.457498703
,mobilenetv1_1745,96.6331,6.317,6.537097537
,mobilenetv1_1746,124.518,1.819,1.460832972
,mobilenetv1_1747,72.5538,1.329,1.831744168
,mobilenetv1_1748,101.296,5.937,5.86104091
,mobilenetv1_1749,101.612,5.283,5.199189072
,mobilenetv1_175,53.6649,2.62,4.882148294
,mobilenetv1_1750,75.4143,3.721,4.934077489
,mobilenetv1_1751,106.821,5.45,5.101993054
,mobilenetv1_1752,59.9789,1.337,2.22911724
,mobilenetv1_1753,76.3488,2.808,3.677857412
,mobilenetv1_1754,61.8335,3.254,5.262519508
,mobilenetv1_1755,88.3797,1.653,1.870339003
,mobilenetv1_1756,76.2588,6.263,8.212822651
,mobilenetv1_1757,73.0817,2.603,3.561767173
,mobilenetv1_1758,69.0215,1.467,2.125424687
,mobilenetv1_1759,73.9192,3.259,4.408868061
,mobilenetv1_176,50.0456,1.581,3.159118884
,mobilenetv1_1760,94.3532,2.623,2.779979905
,mobilenetv1_1761,69.2644,3.821,5.516542409
,mobilenetv1_1762,82.0729,1.253,1.526691514
,mobilenetv1_1763,75.0353,5.555,7.403182236
,mobilenetv1_1764,65.8494,2.494,3.787430106
,mobilenetv1_1765,61.3647,2.993,4.87739694
,mobilenetv1_1766,111.549,5.606,5.025594134
,mobilenetv1_1767,78.6974,3.316,4.213608073
,mobilenetv1_1768,63.941,3.369,5.268919785
,mobilenetv1_1769,60.5658,2.53,4.177274964
,mobilenetv1_177,68.9811,5.004,7.254160922
,mobilenetv1_1770,119.058,1.935,1.625258277
,mobilenetv1_1771,68.5088,1.396,2.037694428
,mobilenetv1_1772,68.4886,4.44,6.482830719
,mobilenetv1_1773,68.1466,2.907,4.26580343
,mobilenetv1_1774,64.6121,3.464,5.36122491
,mobilenetv1_1775,102.454,4.795,4.68014914
,mobilenetv1_1776,79.8689,5.766,7.219330678
,mobilenetv1_1777,69.9908,1.429,2.041696909
,mobilenetv1_1778,65.0517,5.029,7.730774138
,mobilenetv1_1779,84.1292,5.855,6.95953367
,mobilenetv1_178,64.9252,2.576,3.967642764
,mobilenetv1_1780,57.175,2.149,3.758635767
,mobilenetv1_1781,93.444,2.801,2.99751723
,mobilenetv1_1782,69.6945,1.251,1.794976648
,mobilenetv1_1783,73.0448,3.964,5.426806563
,mobilenetv1_1784,52.2831,2.587,4.948061611
,mobilenetv1_1785,82.9135,2.657,3.204544495
,mobilenetv1_1786,54.6483,1.14,2.086066721
,mobilenetv1_1787,119.23,3.352,2.811372977
,mobilenetv1_1788,76.9894,1.409,1.830122069
,mobilenetv1_1789,64.2903,1.275,1.983191866
,mobilenetv1_179,73.692,1.962,2.662432829
,mobilenetv1_1790,48.6735,3.32,6.820960071
,mobilenetv1_1791,113.588,6.846,6.02704511
,mobilenetv1_1792,89.6262,1.528,1.704858624
,mobilenetv1_1793,85.6996,4.337,5.0607004
,mobilenetv1_1794,76.917,1.374,1.786341121
,mobilenetv1_1795,98.6883,5.993,6.072655016
,mobilenetv1_1796,63.5602,5.263,8.280338954
,mobilenetv1_1798,102.935,7.344,7.134599505
,mobilenetv1_1799,87.8417,3.685,4.195046316
,mobilenetv1_18,121.123,9.542,7.877942257
,mobilenetv1_180,134.003,6.257,4.669298449
,mobilenetv1_1800,52.1823,1.356,2.598582278
,mobilenetv1_1801,112.62,2.043,1.814064997
,mobilenetv1_1802,76.2285,3.935,5.162111284
,mobilenetv1_1803,122.191,7.208,5.898961462
,mobilenetv1_1804,56.2166,3.205,5.701163002
,mobilenetv1_1805,51.0187,1.689,3.310550837
,mobilenetv1_1806,80.4166,2.678,3.330158201
,mobilenetv1_1807,48.3188,1.608,3.327897216
,mobilenetv1_1808,66.0632,3.277,4.960401555
,mobilenetv1_1809,62.8628,1.19,1.893011447
,mobilenetv1_181,80.3373,1.489,1.853435453
,mobilenetv1_1810,77.1725,4.142,5.367196864
,mobilenetv1_1811,61.6183,1.243,2.01725786
,mobilenetv1_1812,44.2729,1.853,4.185404615
,mobilenetv1_1813,69.3514,1.519,2.190294644
,mobilenetv1_1814,61.6546,2.284,3.704508666
,mobilenetv1_1815,70.1727,4.839,6.89584411
,mobilenetv1_1816,71.9481,1.502,2.087615934
,mobilenetv1_1817,82.1996,4.869,5.923386488
,mobilenetv1_1818,39.9206,1.149,2.878213253
,mobilenetv1_1819,43.9474,0.955,2.173052331
,mobilenetv1_182,73.5123,5.136,6.986585918
,mobilenetv1_1820,84.0437,4.839,5.757718901
,mobilenetv1_1821,79.3962,7.44,9.370725551
,mobilenetv1_1822,66.7145,2.327,3.487997362
,mobilenetv1_1823,88.5897,4.724,5.332448355
,mobilenetv1_1824,65.2143,4.856,7.446219617
,mobilenetv1_1825,42.7623,1.674,3.91466315
,mobilenetv1_1826,58.8021,2.947,5.011725772
,mobilenetv1_1827,67.9273,4.24,6.241967515
,mobilenetv1_1828,66.955,1.407,2.101411396
,mobilenetv1_1829,82.4271,6.176,7.492681412
,mobilenetv1_183,79.5516,5.81,7.303435757
,mobilenetv1_1830,70.9995,4.545,6.401453531
,mobilenetv1_1831,101.321,2.389,2.357852765
,mobilenetv1_1832,63.393,3.373,5.320776742
,mobilenetv1_1833,79.0867,5.392,6.817834099
,mobilenetv1_1834,63.6777,5.868,9.215156954
,mobilenetv1_1835,72.483,4.209,5.806878854
,mobilenetv1_1837,69.6921,1.487,2.133670818
,mobilenetv1_1838,86.3293,3.526,4.084360698
,mobilenetv1_1839,83.7432,5.719,6.829211208
,mobilenetv1_184,86.274,3.93,4.55525419
,mobilenetv1_1840,55.8764,4.278,7.656184006
,mobilenetv1_1841,54.4693,1.48,2.717126895
,mobilenetv1_1842,66.2345,4.215,6.363753029
,mobilenetv1_1843,110.127,4.548,4.129777439
,mobilenetv1_1844,77.6664,2.34,3.012885881
,mobilenetv1_1845,74.6323,4.167,5.583373419
,mobilenetv1_1846,78.1179,6.738,8.625423879
,mobilenetv1_1847,48.7481,0.913,1.872893508
,mobilenetv1_1848,69.1859,1.597,2.308273796
,mobilenetv1_1849,87.0105,5.36,6.160176071
,mobilenetv1_185,47.5451,1.24,2.608050041
,mobilenetv1_1850,73.2616,3.158,4.310580168
,mobilenetv1_1851,85.5332,3.804,4.447395865
,mobilenetv1_1852,64.7489,1.632,2.52050614
,mobilenetv1_1853,79.0695,1.818,2.299243071
,mobilenetv1_1854,75.3845,1.364,1.809390525
,mobilenetv1_1855,85.7448,3.649,4.255651655
,mobilenetv1_1856,58.1031,4.801,8.262898193
,mobilenetv1_1857,55.4461,5.201,9.38028103
,mobilenetv1_1858,86.0339,7.064,8.210716938
,mobilenetv1_1859,71.9803,4.565,6.342013023
,mobilenetv1_186,49.989,2.302,4.605013103
,mobilenetv1_1860,81.0353,3.875,4.781866668
,mobilenetv1_1861,52.8152,1.435,2.717020858
,mobilenetv1_1862,97.5685,4.733,4.85095087
,mobilenetv1_1863,95.3209,1.78,1.86737641
,mobilenetv1_1864,69.5259,1.439,2.069732287
,mobilenetv1_1865,96.9675,3.163,3.261917653
,mobilenetv1_1866,67.3116,1.545,2.295295313
,mobilenetv1_1867,28.1467,1.162,4.128370289
,mobilenetv1_1868,87.5905,2.398,2.737739823
,mobilenetv1_1869,74.3232,1.403,1.887701283
,mobilenetv1_187,72.1731,4.312,5.974525135
,mobilenetv1_1870,86.0157,1.487,1.728754169
,mobilenetv1_1871,41.7236,1.819,4.359642984
,mobilenetv1_1872,62.0102,1.232,1.986769918
,mobilenetv1_1873,78.4709,3.612,4.602980213
,mobilenetv1_1874,61.7726,1.076,1.74187261
,mobilenetv1_1875,60.1622,1.268,2.107635692
,mobilenetv1_1876,112.471,5.537,4.92304683
,mobilenetv1_1877,76.7092,2.784,3.62929088
,mobilenetv1_1878,55.6972,1.32,2.369957556
,mobilenetv1_1879,71.0569,1.503,2.115206264
,mobilenetv1_188,100.481,5.293,5.267662543
,mobilenetv1_1880,69.0035,1.341,1.943379684
,mobilenetv1_1881,99.4359,6.135,6.169803864
,mobilenetv1_1882,77.2252,1.442,1.867266126
,mobilenetv1_1883,91.3918,2.738,2.99589241
,mobilenetv1_1884,106.202,4.336,4.082785635
,mobilenetv1_1885,92.3096,3.09,3.34743082
,mobilenetv1_1886,57.5469,1.162,2.019222582
,mobilenetv1_1887,47.0985,1.726,3.664660233
,mobilenetv1_1888,79.9184,3.331,4.168001361
,mobilenetv1_1889,65.2814,4.881,7.476861709
,mobilenetv1_189,36.1856,1.168,3.227803325
,mobilenetv1_1890,92.7632,4.505,4.856451696
,mobilenetv1_1891,87.8303,3.162,3.600124331
,mobilenetv1_1892,71.5835,5.048,7.051904419
,mobilenetv1_1893,76.5905,1.323,1.727368277
,mobilenetv1_1894,83.7656,5.405,6.452529439
,mobilenetv1_1895,41.7076,1.85,4.435642425
,mobilenetv1_1896,83.0345,1.19,1.433139237
,mobilenetv1_1897,91.813,1.986,2.163092373
,mobilenetv1_1898,71.6184,1.171,1.635054679
,mobilenetv1_1899,96.6159,2.585,2.675543052
,mobilenetv1_19,88.1625,4.97,5.637317454
,mobilenetv1_190,102.136,5.225,5.115728049
,mobilenetv1_1901,94.5524,5.186,5.484789387
,mobilenetv1_1902,47.2254,0.962,2.03703939
,mobilenetv1_1903,100.224,2.383,2.37767401
,mobilenetv1_1904,76.7456,1.565,2.039204853
,mobilenetv1_1905,104.097,1.9,1.825220708
,mobilenetv1_1906,51.8613,2.056,3.964420483
,mobilenetv1_1907,74.5052,2.781,3.732625374
,mobilenetv1_1908,104.079,1.865,1.79190807
,mobilenetv1_1909,84.3045,4.002,4.747077558
,mobilenetv1_191,80.872,3.586,4.434167573
,mobilenetv1_1910,88.3383,3.863,4.372961671
,mobilenetv1_1911,54.4733,3.64,6.682172734
,mobilenetv1_1912,67.2111,2.27,3.377418313
,mobilenetv1_1913,71.6082,1.326,1.851743236
,mobilenetv1_1914,57.3281,3.13,5.459800691
,mobilenetv1_1915,88.8385,1.617,1.820156801
,mobilenetv1_1916,92.7801,7.195,7.754895716
,mobilenetv1_1917,73.9889,6.723,9.08649811
,mobilenetv1_1918,54.3431,1.544,2.841207071
,mobilenetv1_1919,86.5677,3.201,3.697684009
,mobilenetv1_192,100.747,3.659,3.631869932
,mobilenetv1_1920,39.9017,1.243,3.115155495
,mobilenetv1_1921,61.1789,3.936,6.433590666
,mobilenetv1_1922,72.4628,1.717,2.369491656
,mobilenetv1_1923,66.0776,4.094,6.195745608
,mobilenetv1_1924,68.7564,1.404,2.041991727
,mobilenetv1_1925,61.7727,1.429,2.313319638
,mobilenetv1_1926,111.553,1.697,1.521249989
,mobilenetv1_1927,53.0058,2.192,4.135396504
,mobilenetv1_1928,87.8976,5.104,5.806756954
,mobilenetv1_1929,91.1873,5.08,5.570951218
,mobilenetv1_193,100.878,1.728,1.712960209
,mobilenetv1_1930,60.7812,1.147,1.887096668
,mobilenetv1_1931,87.1576,4.733,5.43039276
,mobilenetv1_1932,92.3875,2.948,3.190907861
,mobilenetv1_1933,97.6382,6.64,6.800616972
,mobilenetv1_1934,70.0542,1.401,1.999880093
,mobilenetv1_1935,71.9881,1.619,2.248982818
,mobilenetv1_1936,102.427,4.343,4.240092944
,mobilenetv1_1937,98.5056,3.613,3.667811779
,mobilenetv1_1938,106.201,4.25,4.001845557
,mobilenetv1_1939,66.5535,1.59,2.389055422
,mobilenetv1_194,59.9994,1.381,2.301689684
,mobilenetv1_1940,77.7025,1.733,2.23030147
,mobilenetv1_1941,99.341,2.27,2.285058536
,mobilenetv1_1942,83.7586,1.507,1.79921823
,mobilenetv1_1943,66.4684,4.898,7.368915154
,mobilenetv1_1944,82.2208,2.673,3.251002179
,mobilenetv1_1945,112.884,5.477,4.851883349
,mobilenetv1_1946,60.9952,2.503,4.103601595
,mobilenetv1_1947,53.3865,1.034,1.936819233
,mobilenetv1_1948,69.9272,3.25,4.647690741
,mobilenetv1_1949,91.3533,1.775,1.94300589
,mobilenetv1_195,106.575,2.163,2.02955665
,mobilenetv1_1950,59.7657,2.65,4.433981364
,mobilenetv1_1951,61.1004,3.975,6.505685724
,mobilenetv1_1952,75.6947,3.534,4.66875488
,mobilenetv1_1953,124.631,4.434,3.557702337
,mobilenetv1_1954,72.1673,1.215,1.683587996
,mobilenetv1_1955,105.662,1.76,1.665688705
,mobilenetv1_1956,52.6901,2.433,4.617565729
,mobilenetv1_1957,41.6598,2.57,6.169016654
,mobilenetv1_1958,82.6764,6.149,7.437430754
,mobilenetv1_1959,89.0676,1.448,1.625731467
,mobilenetv1_196,94.7595,5.416,5.715521927
,mobilenetv1_1960,102.162,4.174,4.085667861
,mobilenetv1_1961,65.0424,2.971,4.567789626
,mobilenetv1_1962,56.9376,1.397,2.453563199
,mobilenetv1_1963,51.2609,1.606,3.132992203
,mobilenetv1_1964,77.1184,1.399,1.814093653
,mobilenetv1_1965,87.2449,2.228,2.553730934
,mobilenetv1_1966,82.3002,5.448,6.619667996
,mobilenetv1_1967,78.8298,1.951,2.474952366
,mobilenetv1_1968,77.9354,1.408,1.806624461
,mobilenetv1_1969,76.474,2.065,2.700264142
,mobilenetv1_197,93.321,2.814,3.015398463
,mobilenetv1_1970,70.7893,3.451,4.875030548
,mobilenetv1_1971,100.417,1.683,1.676011034
,mobilenetv1_1972,66.616,2.571,3.859433169
,mobilenetv1_1973,92.8677,3.197,3.442531688
,mobilenetv1_1974,120.57,7.718,6.401260678
,mobilenetv1_1975,56.683,3.947,6.963287053
,mobilenetv1_1976,56.8884,1.175,2.065447437
,mobilenetv1_1977,76.8687,4.601,5.985531172
,mobilenetv1_1978,75.08,1.373,1.828716036
,mobilenetv1_1979,77.6257,1.624,2.092090635
,mobilenetv1_198,65.0237,1.655,2.545225818
,mobilenetv1_1980,56.0089,1.83,3.26733787
,mobilenetv1_1981,94.521,4.562,4.826440685
,mobilenetv1_1982,99.9788,2.503,2.503530749
,mobilenetv1_1984,67.0583,1.849,2.757302228
,mobilenetv1_1985,99.3314,6.937,6.983692971
,mobilenetv1_1986,65.699,5.005,7.618076379
,mobilenetv1_1987,110.595,7.286,6.588001266
,mobilenetv1_1988,87.6688,4.668,5.324585257
,mobilenetv1_1989,80.0633,1.635,2.042134161
,mobilenetv1_199,91.239,2.106,2.308223457
,mobilenetv1_1990,127.137,8.24,6.481197448
,mobilenetv1_1991,64.0546,1.337,2.087281788
,mobilenetv1_1992,69.8127,1.711,2.450843471
,mobilenetv1_1993,95.8684,5.122,5.342740674
,mobilenetv1_1994,55.652,4.471,8.033853231
,mobilenetv1_1995,99.6332,7.362,7.389103231
,mobilenetv1_1996,93.0789,1.642,1.764094763
,mobilenetv1_1998,91.2494,4.057,4.446056632
,mobilenetv1_1999,64.5638,1.113,1.723876228
,mobilenetv1_2,62.3623,1.033,1.65644949
,mobilenetv1_20,73.415,2.474,3.369883539
,mobilenetv1_200,66.5235,2.969,4.463084474
,mobilenetv1_201,58.4118,1.422,2.434439617
,mobilenetv1_202,67.0806,1.564,2.33152357
,mobilenetv1_203,76.7767,4.397,5.726997904
,mobilenetv1_204,78.0566,2.703,3.462871814
,mobilenetv1_205,84.5114,2.913,3.446872256
,mobilenetv1_206,63.3334,1.353,2.136313541
,mobilenetv1_207,60.9035,1.568,2.57456468
,mobilenetv1_208,86.302,3.027,3.507450581
,mobilenetv1_209,81.6677,3.955,4.842795867
,mobilenetv1_210,69.7627,5.263,7.544146084
,mobilenetv1_211,46.6555,1.045,2.239821672
,mobilenetv1_212,81.5063,2.976,3.651251498
,mobilenetv1_213,73.5967,1.775,2.41179292
,mobilenetv1_214,84.4239,1.465,1.735290599
,mobilenetv1_215,77.0756,4.704,6.103098776
,mobilenetv1_216,27.4729,1.64,5.969519053
,mobilenetv1_217,83.7725,6.175,7.371154018
,mobilenetv1_218,90.2004,5.252,5.822590587
,mobilenetv1_219,75.3101,4.492,5.964671405
,mobilenetv1_22,54.8473,2.545,4.640155486
,mobilenetv1_220,99.8809,1.859,1.861216709
,mobilenetv1_221,60.0387,2.441,4.06571095
,mobilenetv1_222,88.606,3.479,3.926370675
,mobilenetv1_223,91.7339,2.74,2.986900154
,mobilenetv1_224,65.2596,1.497,2.293915378
,mobilenetv1_225,75.4073,1.579,2.093961725
,mobilenetv1_226,46.217,1.482,3.206612286
,mobilenetv1_227,65.6306,1.155,1.759849826
,mobilenetv1_228,81.3462,1.566,1.925105291
,mobilenetv1_229,71.0816,1.479,2.080707244
,mobilenetv1_23,126.852,1.907,1.503326711
,mobilenetv1_230,44.5128,1.685,3.785428012
,mobilenetv1_231,84.9873,2.135,2.512140049
,mobilenetv1_232,91.6428,4.233,4.619020807
,mobilenetv1_233,63.1365,5.008,7.932020305
,mobilenetv1_234,112.789,2.993,2.65362757
,mobilenetv1_235,67.8314,2.412,3.555875303
,mobilenetv1_236,59.3365,1.898,3.198705687
,mobilenetv1_237,94.598,4.802,5.076217256
,mobilenetv1_239,88.0687,4.165,4.729262496
,mobilenetv1_24,71.0453,2.822,3.972113567
,mobilenetv1_240,74.1052,1.686,2.275143984
,mobilenetv1_241,68.0146,1.3,1.911354327
,mobilenetv1_242,39.2408,3.223,8.213390145
,mobilenetv1_243,82.8201,6.399,7.726385262
,mobilenetv1_244,84.5267,5.4,6.388513925
,mobilenetv1_245,66.5609,1.282,1.926055687
,mobilenetv1_246,79.1417,2.508,3.168999402
,mobilenetv1_247,108.255,4.899,4.525426077
,mobilenetv1_248,55.7916,1.976,3.541751805
,mobilenetv1_249,71.0268,1.386,1.9513761
,mobilenetv1_25,84.025,4.182,4.977090152
,mobilenetv1_250,95.2998,1.756,1.842606175
,mobilenetv1_251,41.7638,0.894,2.14060981
,mobilenetv1_252,94.9871,1.621,1.706547521
,mobilenetv1_253,70.7083,1.66,2.34767347
,mobilenetv1_254,75.3399,3.433,4.556682448
,mobilenetv1_255,76.1859,6.305,8.275809566
,mobilenetv1_256,96.0758,5.329,5.546662115
,mobilenetv1_257,94.3805,1.795,1.901875917
,mobilenetv1_258,107.303,1.713,1.596413893
,mobilenetv1_259,47.6521,1.468,3.080661713
,mobilenetv1_26,73.957,1.44,1.947077356
,mobilenetv1_260,54.8053,2.699,4.924706187
,mobilenetv1_261,37.108,1.915,5.160612267
,mobilenetv1_262,62.3403,2.604,4.177073258
,mobilenetv1_263,39.7051,1.046,2.634422278
,mobilenetv1_264,100.762,5.383,5.342291737
,mobilenetv1_265,100.571,6.893,6.853864434
,mobilenetv1_266,85.1639,5.448,6.397076696
,mobilenetv1_267,81.6717,2.161,2.645959371
,mobilenetv1_268,108.83,2.03,1.865294496
,mobilenetv1_269,78.3778,4.751,6.061665421
,mobilenetv1_27,111.435,6.295,5.649033069
,mobilenetv1_270,85.0574,1.629,1.91517728
,mobilenetv1_271,100.36,2.136,2.128337983
,mobilenetv1_272,92.9651,5.323,5.72580463
,mobilenetv1_273,49.5293,1.683,3.397988665
,mobilenetv1_274,55.1996,1.769,3.204733368
,mobilenetv1_275,48.9095,3.02,6.174669543
,mobilenetv1_276,97.4095,4.075,4.183370205
,mobilenetv1_277,67.8257,1.612,2.376680226
,mobilenetv1_278,82.4375,5.145,6.241091736
,mobilenetv1_279,78.2223,3.006,3.842893906
,mobilenetv1_28,74.9698,1.697,2.263578134
,mobilenetv1_280,87.365,3.638,4.164138957
,mobilenetv1_281,58.1698,3.883,6.675285114
,mobilenetv1_282,65.1963,3.148,4.828494869
,mobilenetv1_283,49.8341,0.56,1.123728531
,mobilenetv1_284,90.2579,3.579,3.965303868
,mobilenetv1_285,108.154,4.396,4.064574588
,mobilenetv1_286,89.018,1.51,1.696286144
,mobilenetv1_287,92.7939,5.748,6.19437269
,mobilenetv1_288,87.4539,4.868,5.566361249
,mobilenetv1_289,52.1859,2.131,4.083478487
,mobilenetv1_29,57.695,3.395,5.884392062
,mobilenetv1_290,95.2307,5.346,5.613735907
,mobilenetv1_291,79.7752,1.312,1.644621386
,mobilenetv1_292,57.1477,4.537,7.939077163
,mobilenetv1_293,73.9,2.405,3.254397835
,mobilenetv1_294,94.6369,4.662,4.926196864
,mobilenetv1_295,75.2796,1.739,2.310054782
,mobilenetv1_296,76.9401,1.48,1.923574313
,mobilenetv1_298,49.1064,1.727,3.5168532
,mobilenetv1_299,46.5373,2.88,6.188584211
,mobilenetv1_3,46.8754,2.27,4.842625343
,mobilenetv1_30,57.598,4.132,7.173860203
,mobilenetv1_300,68.5013,6.313,9.215883494
,mobilenetv1_301,65.3201,1.435,2.19687355
,mobilenetv1_302,65.6659,1.55,2.36043365
,mobilenetv1_303,81.6048,4.173,5.113669784
,mobilenetv1_304,69.7757,2.93,4.199169625
,mobilenetv1_305,64.0085,2.389,3.732316802
,mobilenetv1_306,85.6384,1.852,2.162581272
,mobilenetv1_307,117.678,2.05,1.742041843
,mobilenetv1_308,85.1621,3.598,4.224884074
,mobilenetv1_309,91.0808,5.22,5.731174957
,mobilenetv1_31,68.3917,3.757,5.49335665
,mobilenetv1_310,97.451,1.989,2.041025746
,mobilenetv1_311,89.8545,4.218,4.694255713
,mobilenetv1_313,52.7057,3.548,6.731719719
,mobilenetv1_314,54.3004,1.708,3.145464858
,mobilenetv1_315,80.7876,2.629,3.25421228
,mobilenetv1_316,63.2527,1.431,2.262354018
,mobilenetv1_317,72.2464,1.351,1.86998937
,mobilenetv1_318,64.7162,3.968,6.131385959
,mobilenetv1_319,62.4267,4.308,6.900893368
,mobilenetv1_32,50.1487,1.828,3.645159296
,mobilenetv1_320,80.5577,4.591,5.699020702
,mobilenetv1_321,74.2227,4.836,6.515526921
,mobilenetv1_322,70.8941,1.411,1.990292563
,mobilenetv1_323,93.0845,3.856,4.1424727
,mobilenetv1_324,89.4551,6.702,7.492026726
,mobilenetv1_325,72.6001,1.623,2.235534111
,mobilenetv1_326,61.8833,3.537,5.715596938
,mobilenetv1_327,50.243,1.994,3.968712059
,mobilenetv1_328,76.3716,2.184,2.859701774
,mobilenetv1_329,88.0096,3.863,4.389293895
,mobilenetv1_33,96.5903,1.855,1.920482699
,mobilenetv1_330,46.357,1.793,3.867808529
,mobilenetv1_331,68.9895,2.99,4.333992854
,mobilenetv1_332,51.4158,2.967,5.770599699
,mobilenetv1_333,58.9692,1.402,2.377512328
,mobilenetv1_334,51.4273,1.012,1.967826427
,mobilenetv1_335,43.6321,0.935,2.142917714
,mobilenetv1_336,99.8186,1.925,1.928498296
,mobilenetv1_337,61.3514,3.271,5.331581675
,mobilenetv1_338,66.3108,2.1,3.166904939
,mobilenetv1_339,65.1768,1.192,1.828871623
,mobilenetv1_34,54.7527,1.407,2.569736287
,mobilenetv1_340,57.7378,3.35,5.802091524
,mobilenetv1_341,55.9514,1.034,1.8480324
,mobilenetv1_342,78.3025,1.583,2.021646818
,mobilenetv1_343,82.4931,2.21,2.679011942
,mobilenetv1_344,70.8367,4.052,5.720198711
,mobilenetv1_345,56.9997,3.231,5.668450887
,mobilenetv1_346,82.6808,1.693,2.047633792
,mobilenetv1_347,59.394,1.069,1.799845102
,mobilenetv1_348,75.5497,3.51,4.645948296
,mobilenetv1_349,69.5735,1.461,2.099937476
,mobilenetv1_35,59.6717,2.251,3.772307476
,mobilenetv1_350,53.9336,1.81,3.355978462
,mobilenetv1_351,97.2791,3.348,3.441643683
,mobilenetv1_352,107.151,4.859,4.534722028
,mobilenetv1_353,46.3681,1.272,2.743265305
,mobilenetv1_354,86.2678,4.954,5.74258298
,mobilenetv1_355,79.6326,2.462,3.091698626
,mobilenetv1_356,84.8176,1.527,1.800333893
,mobilenetv1_358,82.1621,5.341,6.500564129
,mobilenetv1_36,69.4848,4.147,5.968211753
,mobilenetv1_360,81.0154,4.356,5.37675553
,mobilenetv1_361,98.4829,2.668,2.709099752
,mobilenetv1_362,81.7333,1.501,1.836460782
,mobilenetv1_363,54.7166,3.915,7.155049839
,mobilenetv1_364,130.032,3.09,2.376338132
,mobilenetv1_366,54.4026,1.142,2.099164378
,mobilenetv1_367,78.2744,3.919,5.0067455
,mobilenetv1_368,52.5804,2.335,4.440818252
,mobilenetv1_369,56.9105,3.829,6.72810817
,mobilenetv1_37,99.0283,1.504,1.518757769
,mobilenetv1_370,49.2903,1.456,2.953928055
,mobilenetv1_371,84.6392,1.901,2.246004216
,mobilenetv1_372,49.0137,4.089,8.342565446
,mobilenetv1_373,64.5429,1.828,2.832224768
,mobilenetv1_374,47.8166,3.252,6.800985432
,mobilenetv1_375,86.3638,4.011,4.64430699
,mobilenetv1_376,126.838,2.171,1.711632161
,mobilenetv1_377,82.951,1.896,2.285686731
,mobilenetv1_378,76.4304,1.383,1.809489418
,mobilenetv1_379,58.742,1.083,1.843655306
,mobilenetv1_38,59.565,3.957,6.643162931
,mobilenetv1_380,57.6759,2.107,3.653172296
,mobilenetv1_381,120.886,1.949,1.612262793
,mobilenetv1_382,51.1342,3.118,6.097680222
,mobilenetv1_383,80.9455,2.687,3.319517453
,mobilenetv1_384,106.986,6.156,5.754023891
,mobilenetv1_385,48.4448,1.382,2.852731356
,mobilenetv1_386,74.8855,3.984,5.320122053
,mobilenetv1_387,75.8913,3.886,5.120481531
,mobilenetv1_388,49.7268,1.334,2.682658044
,mobilenetv1_389,69.001,1.217,1.763742554
,mobilenetv1_39,77.9184,3.815,4.896147765
,mobilenetv1_390,84.8002,3.99,4.705177582
,mobilenetv1_391,98.8022,5.828,5.898654079
,mobilenetv1_392,98.2766,3.245,3.301905031
,mobilenetv1_393,95.9261,1.747,1.821193606
,mobilenetv1_394,87.1586,3.734,4.284144078
,mobilenetv1_395,84.407,1.547,1.83278638
,mobilenetv1_396,55.9363,1.766,3.157162701
,mobilenetv1_397,101.453,3.359,3.310892729
,mobilenetv1_398,40.1626,1.079,2.686579056
,mobilenetv1_399,94.4234,4.894,5.183037256
,mobilenetv1_4,72.707,4.99,6.863163107
,mobilenetv1_40,44.1851,1.22,2.761111777
,mobilenetv1_400,98.3125,5.465,5.558804832
,mobilenetv1_401,76.3809,1.377,1.802806723
,mobilenetv1_402,111.973,2.298,2.05228046
,mobilenetv1_403,64.5018,2.883,4.469642708
,mobilenetv1_404,79.4876,1.854,2.332439274
,mobilenetv1_405,64.9912,1.995,3.069646352
,mobilenetv1_406,36.8006,1.685,4.578729695
,mobilenetv1_407,88.4528,6.319,7.143923087
,mobilenetv1_408,59.1735,3.273,5.531192172
,mobilenetv1_409,100.251,2.056,2.050852361
,mobilenetv1_41,73.9679,1.529,2.067112896
,mobilenetv1_410,126.273,2.251,1.782645538
,mobilenetv1_411,87.2632,6.958,7.973578782
,mobilenetv1_412,86.9969,1.55,1.78167268
,mobilenetv1_413,116.605,3.633,3.115646842
,mobilenetv1_414,52.5018,3.313,6.310259839
,mobilenetv1_415,58.3524,1.307,2.239839321
,mobilenetv1_416,77.8829,4.449,5.712422111
,mobilenetv1_417,90.2393,6.665,7.385917222
,mobilenetv1_418,76.8324,4.976,6.476434421
,mobilenetv1_419,46.0036,1.677,3.645366884
,mobilenetv1_42,86.5273,1.62,1.872241478
,mobilenetv1_420,101.185,4.113,4.064831744
,mobilenetv1_421,91.4715,2.336,2.553800911
,mobilenetv1_423,50.5368,1.024,2.026246221
,mobilenetv1_424,71.76,2.277,3.173076923
,mobilenetv1_425,91.3753,6.013,6.58055295
,mobilenetv1_426,55.3973,4.073,7.352343887
,mobilenetv1_427,56.9988,1.211,2.124606132
,mobilenetv1_428,92.4218,1.267,1.370888686
,mobilenetv1_43,63.2428,1.407,2.224759182
,mobilenetv1_430,46.5845,2.616,5.615601756
,mobilenetv1_431,87.1076,5.542,6.362246233
,mobilenetv1_432,61.8935,2.38,3.845314936
,mobilenetv1_433,79.409,5.477,6.897203088
,mobilenetv1_434,68.5015,1.481,2.161996453
,mobilenetv1_436,73.805,3.758,5.091795949
,mobilenetv1_437,115.769,4.585,3.960473011
,mobilenetv1_438,89.4986,4.776,5.336396324
,mobilenetv1_44,84.3438,3.78,4.481657217
,mobilenetv1_440,87.392,5.324,6.092090809
,mobilenetv1_441,91.868,6.032,6.565942439
,mobilenetv1_442,77.7336,1.636,2.104623998
,mobilenetv1_444,72.9894,4.861,6.659871159
,mobilenetv1_445,47.8571,3.415,7.135827286
,mobilenetv1_446,52.1268,1.336,2.562981039
,mobilenetv1_447,75.716,1.569,2.072217233
,mobilenetv1_448,88.9281,4.66,5.240188422
,mobilenetv1_449,91.3502,3.45,3.776674818
,mobilenetv1_45,71.5053,4.16,5.817750572
,mobilenetv1_450,94.4035,1.344,1.423676029
,mobilenetv1_451,72.9378,1.415,1.940009158
,mobilenetv1_452,55.1699,1.822,3.302525471
,mobilenetv1_453,94,6.308,6.710638298
,mobilenetv1_454,38.1514,2.84,7.444025645
,mobilenetv1_455,57.2593,3.497,6.10730484
,mobilenetv1_456,113.41,6.804,5.999470946
,mobilenetv1_457,39.4163,1.712,4.343380784
,mobilenetv1_458,63.8177,1.631,2.555717301
,mobilenetv1_459,90.7701,1.77,1.949981326
,mobilenetv1_46,56.496,3.85,6.814641745
,mobilenetv1_460,65.631,1.994,3.038198412
,mobilenetv1_461,96.2852,1.752,1.819594289
,mobilenetv1_462,90.3069,2.64,2.92336466
,mobilenetv1_463,117.712,7.217,6.131065652
,mobilenetv1_464,75.3238,3.767,5.001075357
,mobilenetv1_465,54.6554,2.093,3.829447776
,mobilenetv1_466,83.5491,5.173,6.19156879
,mobilenetv1_467,73.7457,1.382,1.874007569
,mobilenetv1_468,83.8012,3.662,4.369865825
,mobilenetv1_469,53.7981,1.841,3.422053939
,mobilenetv1_47,69.4001,1.304,1.878959829
,mobilenetv1_470,70.4435,1.654,2.347981006
,mobilenetv1_471,97.1,3.373,3.473738414
,mobilenetv1_472,92.0678,5.517,5.992323049
,mobilenetv1_473,99.3714,4.255,4.281916125
,mobilenetv1_474,58.7381,4.657,7.928414436
,mobilenetv1_475,70.7724,1.487,2.101101559
,mobilenetv1_476,61.4058,1.534,2.498135355
,mobilenetv1_477,88.9664,4.584,5.152507014
,mobilenetv1_478,72.4023,4.459,6.158644131
,mobilenetv1_479,73.4975,4.258,5.793394333
,mobilenetv1_48,68.6701,2.686,3.911454913
,mobilenetv1_480,47.0949,1.307,2.775247426
,mobilenetv1_481,93.9456,3.928,4.18114313
,mobilenetv1_483,86.3488,1.481,1.715136748
,mobilenetv1_484,67.5746,2.603,3.85203908
,mobilenetv1_485,68.9062,4.261,6.183768659
,mobilenetv1_486,81.5506,5.441,6.671931292
,mobilenetv1_487,60.5184,1.31,2.164630922
,mobilenetv1_488,86.992,4.157,4.778600331
,mobilenetv1_489,58.6894,1.072,1.826564933
,mobilenetv1_49,99.4679,2.148,2.15949065
,mobilenetv1_490,62.2545,2.581,4.145885036
,mobilenetv1_491,103.52,6.186,5.975656878
,mobilenetv1_492,85.2879,1.895,2.221886106
,mobilenetv1_493,70.3938,1.666,2.366685702
,mobilenetv1_494,72.1189,6.171,8.556702889
,mobilenetv1_495,87.3163,5.994,6.864697657
,mobilenetv1_496,75.3409,2.933,3.892971812
,mobilenetv1_497,92.444,1.733,1.874648436
,mobilenetv1_498,85.1894,4.656,5.465468709
,mobilenetv1_499,83.8051,1.586,1.892486257
,mobilenetv1_5,45.0611,0.944,2.094933324
,mobilenetv1_50,71.0529,1.787,2.515027536
,mobilenetv1_500,65.8051,1.065,1.618415594
,mobilenetv1_501,66.6554,3.071,4.60727863
,mobilenetv1_502,80.764,4.072,5.041850329
,mobilenetv1_503,62.7594,3.279,5.224715341
,mobilenetv1_504,62.7139,3.516,5.606412613
,mobilenetv1_505,36.322,2.572,7.081107869
,mobilenetv1_506,60.8901,3.742,6.145498201
,mobilenetv1_507,97.6981,5.373,5.499595181
,mobilenetv1_509,91.8888,1.882,2.048127737
,mobilenetv1_51,52.4119,1.118,2.13310336
,mobilenetv1_510,104.756,2.479,2.366451564
,mobilenetv1_511,63.3336,1.413,2.231043238
,mobilenetv1_512,82.1126,2.877,3.503725372
,mobilenetv1_513,74.9103,4.949,6.606568122
,mobilenetv1_514,59.4605,3.991,6.712018903
,mobilenetv1_515,75.485,4.065,5.385175863
,mobilenetv1_516,73.6966,4.91,6.662451185
,mobilenetv1_517,82.4297,1.83,2.22007359
,mobilenetv1_518,92.1641,2.045,2.218868301
,mobilenetv1_52,60.4005,1.418,2.347662685
,mobilenetv1_520,74.4336,5.733,7.702166763
,mobilenetv1_521,66.2595,3.647,5.504116391
,mobilenetv1_522,65.4506,1.768,2.701273938
,mobilenetv1_523,109.111,6.24,5.718946761
,mobilenetv1_524,67.0528,1.701,2.536806815
,mobilenetv1_525,102.489,3.814,3.721374977
,mobilenetv1_526,69.4417,1.624,2.338652424
,mobilenetv1_527,62.5637,4.012,6.412664213
,mobilenetv1_528,75.4592,2.256,2.989695094
,mobilenetv1_529,57.6911,1.139,1.974307996
,mobilenetv1_53,79.8296,1.709,2.140809925
,mobilenetv1_530,69.1004,1.514,2.191014813
,mobilenetv1_531,83.2126,2.186,2.627006006
,mobilenetv1_532,75.921,1.307,1.721526323
,mobilenetv1_533,67.5694,3.904,5.777763307
,mobilenetv1_534,55.8181,1.35,2.41857032
,mobilenetv1_535,126.564,5.053,3.992446509
,mobilenetv1_536,92.4705,3.499,3.783909463
,mobilenetv1_537,59.3459,4.667,7.864064746
,mobilenetv1_538,111.671,4.651,4.164913003
,mobilenetv1_539,113.051,4.069,3.599260511
,mobilenetv1_54,60.6817,2.763,4.553267295
,mobilenetv1_540,73.1308,1.379,1.885662402
,mobilenetv1_541,76.8741,1.501,1.952543184
,mobilenetv1_542,83.3151,3.756,4.508186391
,mobilenetv1_543,78.2392,4.618,5.90241209
,mobilenetv1_544,74.3831,5.861,7.879478
,mobilenetv1_545,61.663,1.368,2.21851029
,mobilenetv1_546,94.3562,1.706,1.808042291
,mobilenetv1_547,67.8862,3.727,5.490070147
,mobilenetv1_548,76.2485,5.646,7.404735831
,mobilenetv1_549,71.5465,2.693,3.76398566
,mobilenetv1_55,99.2152,5.215,5.256251058
,mobilenetv1_550,85.7935,2.184,2.545647398
,mobilenetv1_551,75.1058,1.922,2.559056691
,mobilenetv1_552,48.3419,1.096,2.267184368
,mobilenetv1_553,65.8985,2.528,3.836202645
,mobilenetv1_554,86.1487,3.279,3.806209496
,mobilenetv1_555,82.7215,2.286,2.76348954
,mobilenetv1_556,72.9473,1.984,2.719771671
,mobilenetv1_557,53.2382,1.589,2.984698957
,mobilenetv1_558,91.5926,6.845,7.473311163
,mobilenetv1_559,61.3976,2.505,4.079964038
,mobilenetv1_56,69.8618,4.206,6.020457532
,mobilenetv1_560,53.711,2.179,4.056897097
,mobilenetv1_561,92.8144,2.398,2.583650813
,mobilenetv1_562,117.824,5.306,4.503326996
,mobilenetv1_563,81.9568,1.941,2.368320871
,mobilenetv1_564,86.2785,5.14,5.957451741
,mobilenetv1_565,44.6367,2.499,5.59853215
,mobilenetv1_566,66.0536,1.587,2.402594257
,mobilenetv1_567,65.3415,3.588,5.491150341
,mobilenetv1_568,117.996,4.119,3.490796298
,mobilenetv1_569,80.065,3.119,3.895584837
,mobilenetv1_57,87.7927,4.043,4.605166489
,mobilenetv1_571,82.5169,6.686,8.102582622
,mobilenetv1_572,62.9576,4.521,7.181023419
,mobilenetv1_573,56.5024,1.922,3.401625418
,mobilenetv1_574,79.4022,1.355,1.706501835
,mobilenetv1_575,35.9521,1.009,2.806511998
,mobilenetv1_576,63.2359,4.317,6.82681831
,mobilenetv1_577,90.9215,5.422,5.963385998
,mobilenetv1_578,76.4967,1.509,1.972634114
,mobilenetv1_579,77.3676,3.632,4.694471588
,mobilenetv1_58,96.3726,6.187,6.419874529
,mobilenetv1_580,68.004,5.265,7.742191636
,mobilenetv1_581,76.0735,5.354,7.037930423
,mobilenetv1_582,104.611,4.909,4.692623147
,mobilenetv1_583,53.4104,1.658,3.104264338
,mobilenetv1_584,95.1933,6.417,6.741020639
,mobilenetv1_585,80.1717,1.41,1.758725336
,mobilenetv1_586,72.1,1.623,2.251040222
,mobilenetv1_587,97.9597,1.838,1.876281777
,mobilenetv1_588,64.0944,1.541,2.404266207
,mobilenetv1_589,73.6696,1.774,2.40804891
,mobilenetv1_59,112.881,4.085,3.618855255
,mobilenetv1_590,90.9432,4.23,4.651254849
,mobilenetv1_591,85.6979,4.621,5.392197475
,mobilenetv1_592,64.5716,1.339,2.073667061
,mobilenetv1_593,82.663,5.101,6.170838223
,mobilenetv1_594,72.8967,5.216,7.155330763
,mobilenetv1_595,67.87,3.739,5.509061441
,mobilenetv1_596,46.4213,1.145,2.466540144
,mobilenetv1_597,109.417,5.709,5.217653564
,mobilenetv1_599,100.352,1.512,1.506696429
,mobilenetv1_6,68.8537,4.027,5.848632681
,mobilenetv1_60,98.3289,7.423,7.549153911
,mobilenetv1_600,75.3582,1.623,2.153713863
,mobilenetv1_601,88.8113,1.725,1.942320403
,mobilenetv1_602,108.45,5.46,5.034578147
,mobilenetv1_603,117.066,2.063,1.762253771
,mobilenetv1_604,98.8247,4.075,4.123463061
,mobilenetv1_605,78.2917,1.601,2.044916639
,mobilenetv1_606,57.2412,1.175,2.052717274
,mobilenetv1_607,76.6599,2.835,3.698152489
,mobilenetv1_608,63.4725,1.418,2.234038363
,mobilenetv1_609,95.262,5.676,5.958304466
,mobilenetv1_61,66.2294,1.377,2.07913706
,mobilenetv1_610,106.793,6.539,6.1230605
,mobilenetv1_611,114.856,7.39,6.434143623
,mobilenetv1_612,91.3869,3.868,4.232554119
,mobilenetv1_613,95.8717,7.264,7.576792734
,mobilenetv1_614,97.3799,5.117,5.254677813
,mobilenetv1_615,87.1666,1.809,2.075336195
,mobilenetv1_616,80.9606,4.783,5.907811948
,mobilenetv1_617,60.1445,1.361,2.262883555
,mobilenetv1_618,96.027,3.151,3.281368782
,mobilenetv1_619,62.4774,1.202,1.923895681
,mobilenetv1_62,65.5581,3.089,4.711851015
,mobilenetv1_620,61.5296,1.053,1.711371437
,mobilenetv1_621,47.9454,2.284,4.763752101
,mobilenetv1_622,82.3021,5.005,6.081254306
,mobilenetv1_623,95.5044,1.568,1.641809173
,mobilenetv1_624,99.9668,6.201,6.203059416
,mobilenetv1_625,48.4457,1.017,2.099257519
,mobilenetv1_626,102.765,3.593,3.49632657
,mobilenetv1_627,76.7833,4.612,6.006514437
,mobilenetv1_628,71.6528,5.081,7.091139495
,mobilenetv1_629,107.024,1.488,1.390342353
,mobilenetv1_63,62.4307,2.742,4.392069927
,mobilenetv1_630,40.8322,1.589,3.891536581
,mobilenetv1_631,78.2729,1.376,1.757951986
,mobilenetv1_632,60.4942,1.682,2.780431843
,mobilenetv1_633,60.208,1.618,2.687350518
,mobilenetv1_634,65.7536,4.083,6.209545941
,mobilenetv1_635,77.8811,4.454,5.71897418
,mobilenetv1_636,100.839,1.98,1.963526017
,mobilenetv1_637,58.677,4.425,7.541285342
,mobilenetv1_638,64.533,1.377,2.133792013
,mobilenetv1_639,69.4188,1.222,1.760330055
,mobilenetv1_64,45.8239,1.184,2.583804521
,mobilenetv1_641,72.789,3.827,5.257662559
,mobilenetv1_642,67.1443,1.922,2.862491678
,mobilenetv1_643,58.6366,1.613,2.750841625
,mobilenetv1_644,70.383,1.511,2.146825228
,mobilenetv1_645,32.4855,1.231,3.789382955
,mobilenetv1_646,52.1677,1.243,2.382700407
,mobilenetv1_647,66.6783,5.241,7.860128408
,mobilenetv1_648,63.2939,1.213,1.916456404
,mobilenetv1_649,55.4245,2.564,4.626113001
,mobilenetv1_65,92.7526,4.599,4.958351572
,mobilenetv1_650,64.8426,2.293,3.536255486
,mobilenetv1_651,42.7839,2.402,5.614261439
,mobilenetv1_652,81.5747,3.027,3.710709325
,mobilenetv1_653,68.2632,4.734,6.934922477
,mobilenetv1_654,86.1169,3.608,4.189653831
,mobilenetv1_655,91.9218,1.463,1.591570226
,mobilenetv1_656,63.075,3.64,5.77090765
,mobilenetv1_657,114.417,1.773,1.549594903
,mobilenetv1_658,93.4819,1.703,1.821743033
,mobilenetv1_659,77.8133,5.62,7.222415705
,mobilenetv1_66,64.463,1.461,2.266416394
,mobilenetv1_660,84.9091,5.771,6.796680214
,mobilenetv1_661,88.1907,4.618,5.2363798
,mobilenetv1_662,75.6972,4.481,5.919637714
,mobilenetv1_663,84.8843,3.284,3.868795525
,mobilenetv1_664,51.7879,1.673,3.230484341
,mobilenetv1_665,53.8257,2.569,4.772812987
,mobilenetv1_666,97.6672,3.228,3.305101406
,mobilenetv1_667,82.7095,2.106,2.546261312
,mobilenetv1_668,95.0944,3.531,3.713152404
,mobilenetv1_669,43.1512,0.899,2.083371957
,mobilenetv1_67,73.9815,3.745,5.06207633
,mobilenetv1_670,81.2841,4.246,5.223653827
,mobilenetv1_671,83.1832,1.57,1.88740034
,mobilenetv1_672,44.7054,1.243,2.780424736
,mobilenetv1_673,72.1789,2.276,3.153276096
,mobilenetv1_674,78.2559,3.768,4.814972417
,mobilenetv1_675,71.6137,1.366,1.907456255
,mobilenetv1_676,96.116,5.174,5.38307878
,mobilenetv1_677,67.091,4.631,6.902565173
,mobilenetv1_678,60.0396,1.407,2.343453321
,mobilenetv1_679,63.9861,1.731,2.705275052
,mobilenetv1_68,74.8346,2.693,3.598602785
,mobilenetv1_680,60.3085,0.976,1.618345673
,mobilenetv1_681,128.784,6.498,5.045657846
,mobilenetv1_682,64.0224,1.531,2.391350527
,mobilenetv1_683,92.4638,6.521,7.052489731
,mobilenetv1_684,81.205,1.647,2.028200234
,mobilenetv1_685,97.332,4.185,4.299716434
,mobilenetv1_686,77.7752,6.735,8.659572717
,mobilenetv1_687,84.2789,3.775,4.479175689
,mobilenetv1_688,79.5003,1.883,2.368544521
,mobilenetv1_689,99.3045,3.464,3.488260854
,mobilenetv1_69,79.1244,3.772,4.76717675
,mobilenetv1_690,100.121,1.575,1.573096553
,mobilenetv1_691,93.7626,2.333,2.488198919
,mobilenetv1_692,60.1136,4.572,7.605600064
,mobilenetv1_693,55.7414,2.056,3.688461359
,mobilenetv1_694,91.6529,1.88,2.051217146
,mobilenetv1_695,83.8704,5.307,6.327619756
,mobilenetv1_696,70.5777,3.3,4.675697848
,mobilenetv1_697,63.8084,2.255,3.534017465
,mobilenetv1_698,47.4304,1.287,2.713449602
,mobilenetv1_699,54.7934,1.163,2.122518406
,mobilenetv1_7,76.0059,5.456,7.178390099
,mobilenetv1_70,84.3023,1.824,2.163642036
,mobilenetv1_700,45.4666,2.602,5.722882292
,mobilenetv1_701,71.4037,1.669,2.337413888
,mobilenetv1_702,88.1796,1.317,1.493542724
,mobilenetv1_703,83.9105,5.606,6.680927893
,mobilenetv1_704,76.7896,2.009,2.616239699
,mobilenetv1_705,92.625,1.696,1.831039136
,mobilenetv1_706,60.5992,3.543,5.846611836
,mobilenetv1_707,67.451,1.465,2.171947043
,mobilenetv1_708,60.2536,1.48,2.45628477
,mobilenetv1_709,56.9831,3.531,6.196574072
,mobilenetv1_71,81.8826,1.699,2.0749219
,mobilenetv1_710,87.0919,5.118,5.876551091
,mobilenetv1_711,115.121,1.729,1.501898003
,mobilenetv1_712,66.2066,1.318,1.990738084
,mobilenetv1_713,50.0925,2.093,4.1782702
,mobilenetv1_714,74.1621,3.508,4.730178892
,mobilenetv1_715,79.3245,5.248,6.615862691
,mobilenetv1_716,72.0548,1.303,1.80834587
,mobilenetv1_717,84.9471,6.164,7.256280674
,mobilenetv1_718,65.2495,1.279,1.960168277
,mobilenetv1_719,76.7599,1.242,1.618032332
,mobilenetv1_72,69.2349,1.802,2.602733592
,mobilenetv1_720,78.0919,1.439,1.842700715
,mobilenetv1_721,71.5794,1.551,2.166824533
,mobilenetv1_722,60.6331,1.443,2.379888213
,mobilenetv1_723,75.0072,1.106,1.474525112
,mobilenetv1_724,94.2659,2.256,2.393230214
,mobilenetv1_725,59.1462,2.39,4.040834407
,mobilenetv1_726,52.8298,1.559,2.950985997
,mobilenetv1_727,77.9221,3.785,4.85741529
,mobilenetv1_728,64.328,1.569,2.439062306
,mobilenetv1_729,85.0961,4.609,5.416229416
,mobilenetv1_73,88.1763,4.803,5.447041892
,mobilenetv1_730,76.7393,1.467,1.911667164
,mobilenetv1_731,105.116,4.114,3.913771452
,mobilenetv1_732,85.7511,5.673,6.615658575
,mobilenetv1_733,71.8043,1.191,1.658675038
,mobilenetv1_734,120.512,6.002,4.980416888
,mobilenetv1_736,94.6983,2.241,2.366462756
,mobilenetv1_737,55.7304,3.339,5.991344042
,mobilenetv1_738,84.2034,1.576,1.871658389
,mobilenetv1_739,85.2646,6.778,7.949371721
,mobilenetv1_74,65.9365,4.037,6.122557309
,mobilenetv1_740,99.2901,3.389,3.413230523
,mobilenetv1_741,70.806,1.955,2.761065446
,mobilenetv1_742,57.6431,1.166,2.022791973
,mobilenetv1_743,109.727,8.109,7.390159213
,mobilenetv1_744,62.6858,1.45,2.313123546
,mobilenetv1_745,68.6578,5.278,7.687400412
,mobilenetv1_746,92.2901,3.899,4.224721828
,mobilenetv1_747,80.0172,1.536,1.919587289
,mobilenetv1_748,74.8537,3.323,4.439326313
,mobilenetv1_749,71.7025,3.062,4.270422928
,mobilenetv1_75,104.303,5.693,5.458136391
,mobilenetv1_750,90.0683,3.41,3.786015724
,mobilenetv1_751,50.4112,2.305,4.57239661
,mobilenetv1_752,87.4509,1.327,1.51742292
,mobilenetv1_753,92.5776,1.597,1.725039318
,mobilenetv1_754,67.2359,1.506,2.239874829
,mobilenetv1_756,77.6136,2.389,3.078068792
,mobilenetv1_757,88.2479,6.887,7.804151714
,mobilenetv1_758,68.6824,4.405,6.413579025
,mobilenetv1_759,78.8504,3.246,4.116656352
,mobilenetv1_76,93.5652,6.755,7.219564539
,mobilenetv1_760,76.1581,2.85,3.742215208
,mobilenetv1_761,99.5254,5.192,5.216758737
,mobilenetv1_762,78.2749,1.609,2.055575925
,mobilenetv1_763,82.8883,1.521,1.834999632
,mobilenetv1_764,78.0493,4.768,6.108959337
,mobilenetv1_765,101.517,3.282,3.232956057
,mobilenetv1_766,88.6491,1.784,2.012428778
,mobilenetv1_767,86.4373,2.437,2.819384687
,mobilenetv1_768,68.969,3.907,5.664863924
,mobilenetv1_769,125.47,5.508,4.389893999
,mobilenetv1_77,77.1807,3.927,5.08805958
,mobilenetv1_770,64.0494,1.09,1.701811414
,mobilenetv1_771,84.6698,6.161,7.276502366
,mobilenetv1_772,80.9688,3.308,4.085524301
,mobilenetv1_773,71.0374,1.438,2.024285799
,mobilenetv1_774,78.0645,1.341,1.717810272
,mobilenetv1_775,71.8845,1.409,1.960088753
,mobilenetv1_776,62.9278,1.795,2.852475377
,mobilenetv1_777,68.7831,4.444,6.460889375
,mobilenetv1_778,67.2212,5.276,7.848714394
,mobilenetv1_779,57.4015,1.457,2.538261195
,mobilenetv1_78,78.5301,5.181,6.597470269
,mobilenetv1_780,52.7462,2.935,5.564381889
,mobilenetv1_781,88.1741,6.088,6.904521849
,mobilenetv1_782,70.9325,2.019,2.846368026
,mobilenetv1_783,87.631,1.809,2.064337963
,mobilenetv1_784,74.5822,4.119,5.522765486
,mobilenetv1_785,82.0184,4.479,5.460969734
,mobilenetv1_786,66.401,2.987,4.498426229
,mobilenetv1_787,78.968,1.64,2.076790599
,mobilenetv1_788,102.49,3.41,3.327153869
,mobilenetv1_789,73.8735,4.571,6.187604486
,mobilenetv1_79,67.9764,4.221,6.209508006
,mobilenetv1_790,56.0678,1.494,2.664631036
,mobilenetv1_791,88.0667,5.78,6.563207205
,mobilenetv1_792,57.5877,1.206,2.094197198
,mobilenetv1_793,101.938,5.38,5.277717828
,mobilenetv1_794,73.2275,4.264,5.822949029
,mobilenetv1_795,63.9186,1.285,2.010369439
,mobilenetv1_796,68.8511,1.837,2.668076472
,mobilenetv1_797,87.4798,2.832,3.237318787
,mobilenetv1_798,56.83,2.125,3.739222242
,mobilenetv1_799,61.716,5.625,9.114330157
,mobilenetv1_80,80.8881,5.489,6.78591783
,mobilenetv1_800,67.6221,5.537,8.188151507
,mobilenetv1_801,64.2923,1.524,2.37042383
,mobilenetv1_802,96.7534,1.727,1.784950193
,mobilenetv1_803,47.8063,1.62,3.388674714
,mobilenetv1_804,57.5252,3.006,5.225535939
,mobilenetv1_805,74.352,3.714,4.995158167
,mobilenetv1_806,105.38,1.855,1.760296071
,mobilenetv1_807,96.2463,4.508,4.683816417
,mobilenetv1_808,79.1411,1.464,1.849860565
,mobilenetv1_809,84.8806,2.244,2.64371364
,mobilenetv1_81,59.828,1.169,1.953934613
,mobilenetv1_810,56.7642,1.606,2.829248012
,mobilenetv1_811,86.3963,1.421,1.644746361
,mobilenetv1_812,109.868,1.635,1.488149416
,mobilenetv1_813,51.4817,2.919,5.669975933
,mobilenetv1_814,94.2419,3.177,3.371112
,mobilenetv1_815,77.5287,5.448,7.027075135
,mobilenetv1_816,68.5679,2.947,4.297929498
,mobilenetv1_817,98.137,4.027,4.103447222
,mobilenetv1_818,63.3551,1.61,2.541231882
,mobilenetv1_819,55.7404,4.308,7.728685119
,mobilenetv1_82,82.5628,5.867,7.106105898
,mobilenetv1_820,64.4609,1.402,2.174961876
,mobilenetv1_821,68.1763,1.204,1.766009596
,mobilenetv1_822,65.7767,3.33,5.062582951
,mobilenetv1_823,69.086,1.378,1.994615407
,mobilenetv1_824,66.404,4.497,6.772182399
,mobilenetv1_825,74.0973,1.697,2.290231898
,mobilenetv1_826,86.0794,1.253,1.455632823
,mobilenetv1_827,60.9625,4.152,6.81074431
,mobilenetv1_828,75.9423,4.513,5.942669632
,mobilenetv1_829,52.6071,1.017,1.933199131
,mobilenetv1_83,56.7827,1.526,2.687438251
,mobilenetv1_830,68.7904,4.571,6.644822533
,mobilenetv1_831,87.8191,3.025,3.444580962
,mobilenetv1_832,82.5275,1.465,1.775165854
,mobilenetv1_833,79.6579,2.861,3.591608616
,mobilenetv1_834,111.779,1.883,1.684574026
,mobilenetv1_835,78.542,2.267,2.886353798
,mobilenetv1_836,82.4509,1.485,1.801071911
,mobilenetv1_837,40.0849,1.162,2.898847197
,mobilenetv1_838,94.8765,5.445,5.739039699
,mobilenetv1_839,112.527,4.101,3.644458663
,mobilenetv1_84,60.2305,2.686,4.459534621
,mobilenetv1_840,93.1281,5.144,5.523574517
,mobilenetv1_841,100.26,5.656,5.641332535
,mobilenetv1_842,78.2042,1.585,2.026745367
,mobilenetv1_843,84.9489,1.696,1.996494363
,mobilenetv1_844,39.4095,1,2.537459242
,mobilenetv1_845,107.084,7.245,6.765716634
,mobilenetv1_846,111.893,1.668,1.490709875
,mobilenetv1_847,56.1625,1.202,2.140218117
,mobilenetv1_848,39.3189,1.158,2.945148516
,mobilenetv1_849,98.0373,1.897,1.934977809
,mobilenetv1_85,77.1753,2.305,2.986706887
,mobilenetv1_850,69.6653,1.265,1.815825095
,mobilenetv1_851,61.4678,1.773,2.884437055
,mobilenetv1_852,89.5874,1.496,1.669877684
,mobilenetv1_853,81.6437,3.414,4.181584127
,mobilenetv1_854,90.4106,2.275,2.516297868
,mobilenetv1_855,89.4492,1.744,1.949710003
,mobilenetv1_856,72.2378,1.984,2.746484527
,mobilenetv1_858,54.6108,1.621,2.968277337
,mobilenetv1_859,85.9726,5.229,6.082170366
,mobilenetv1_86,81.6626,2.749,3.366290076
,mobilenetv1_860,88.7521,1.652,1.861364407
,mobilenetv1_861,70.1065,3.969,5.661386605
,mobilenetv1_863,41.7478,2.848,6.821916364
,mobilenetv1_864,90.5934,2.398,2.646991944
,mobilenetv1_865,84.9037,1.056,1.24376205
,mobilenetv1_866,61.6106,2.6,4.220053043
,mobilenetv1_867,78.8296,4.068,5.160498087
,mobilenetv1_868,77.0228,5.088,6.605836194
,mobilenetv1_869,92.1697,4.964,5.385717866
,mobilenetv1_87,74.1411,1.683,2.269995994
,mobilenetv1_870,68.1592,4.72,6.924963908
,mobilenetv1_871,86.765,4.615,5.31896502
,mobilenetv1_872,89.0198,4.031,4.528206084
,mobilenetv1_873,101.433,6.584,6.490984196
,mobilenetv1_874,90.8441,3.338,3.674426848
,mobilenetv1_875,59.9671,1.286,2.144509239
,mobilenetv1_876,68.1084,2.153,3.161137246
,mobilenetv1_877,61.0112,3.49,5.720261198
,mobilenetv1_878,60.3885,1.081,1.790075925
,mobilenetv1_879,65.4356,2.596,3.967259412
,mobilenetv1_88,65.3778,3.447,5.272431926
,mobilenetv1_880,99.772,6.656,6.67121036
,mobilenetv1_881,90.1054,5.774,6.408051016
,mobilenetv1_882,62.1221,1.429,2.300308586
,mobilenetv1_883,102.47,3.1,3.02527569
,mobilenetv1_884,99.214,4.693,4.730179209
,mobilenetv1_885,53.1611,1.433,2.695580039
,mobilenetv1_886,85.5233,3.283,3.838719975
,mobilenetv1_887,71.2108,1.389,1.950546827
,mobilenetv1_888,101.053,5.186,5.131960456
,mobilenetv1_889,111.25,4.45,4
,mobilenetv1_89,83.8969,2.91,3.468542938
,mobilenetv1_890,74.2659,1.418,1.909355438
,mobilenetv1_891,70.5484,2.101,2.978097306
,mobilenetv1_892,42.7523,3.101,7.253410928
,mobilenetv1_893,74.594,6.318,8.469850122
,mobilenetv1_894,85.9278,5.176,6.023661725
,mobilenetv1_895,91.7888,7.048,7.678496723
,mobilenetv1_896,65.3108,2.124,3.252142065
,mobilenetv1_897,105.835,6.373,6.021637455
,mobilenetv1_898,71.8553,3.024,4.208457831
,mobilenetv1_899,86.1081,1.596,1.853484167
,mobilenetv1_9,56.4164,1.196,2.119950936
,mobilenetv1_90,86.9527,6.906,7.942249062
,mobilenetv1_900,40.9303,1.012,2.472495926
,mobilenetv1_901,65.0945,1.463,2.247501709
,mobilenetv1_902,85.4248,1.316,1.540536238
,mobilenetv1_903,90.6552,1.621,1.788093788
,mobilenetv1_904,70.419,3.744,5.316746901
,mobilenetv1_905,105.241,4.561,4.333862278
,mobilenetv1_906,87.5753,3.827,4.369953628
,mobilenetv1_907,75.1408,2.231,2.96909269
,mobilenetv1_908,49.7263,3.228,6.491534661
,mobilenetv1_909,103.396,6.992,6.762350574
,mobilenetv1_91,90.3001,1.779,1.970097486
,mobilenetv1_910,85.6336,1.644,1.919807178
,mobilenetv1_911,76.9538,1.433,1.862156255
,mobilenetv1_912,97.7264,4.208,4.305898918
,mobilenetv1_913,50.5155,1.76,3.484079144
,mobilenetv1_914,85.8994,5.13,5.97210225
,mobilenetv1_915,69.1731,1.182,1.708756728
,mobilenetv1_916,61.2225,2.749,4.490179264
,mobilenetv1_917,56.9924,1.336,2.344172205
,mobilenetv1_918,61.2582,5.045,8.235632128
,mobilenetv1_919,74.5086,1.502,2.015874678
,mobilenetv1_92,107.95,5.78,5.354330709
,mobilenetv1_920,63.385,1.934,3.051195078
,mobilenetv1_921,79.2915,2.315,2.919606767
,mobilenetv1_922,70.6758,1.566,2.21575136
,mobilenetv1_923,101.122,6.406,6.334922173
,mobilenetv1_924,83.7671,1.323,1.579379016
,mobilenetv1_926,100.583,4.602,4.57532585
,mobilenetv1_927,62.9459,1.758,2.792874516
,mobilenetv1_928,86.1749,1.197,1.389035554
,mobilenetv1_929,56.2495,1.218,2.165352581
,mobilenetv1_93,73.8277,1.352,1.831290965
,mobilenetv1_930,61.5513,1.223,1.98696047
,mobilenetv1_931,87.9154,2.533,2.881178952
,mobilenetv1_932,35.5589,2.666,7.497419774
,mobilenetv1_933,62.1788,4.196,6.748280765
,mobilenetv1_934,97.6129,4.745,4.861037834
,mobilenetv1_935,72.8504,1.912,2.624556626
,mobilenetv1_936,97.8061,1.96,2.003964988
,mobilenetv1_937,115.937,7.391,6.375014016
,mobilenetv1_938,119.847,6.578,5.488664714
,mobilenetv1_939,94.6885,5.002,5.282584474
,mobilenetv1_94,92.5016,7.577,8.191209666
,mobilenetv1_940,84.9825,6.128,7.210896361
,mobilenetv1_941,93.1775,5.685,6.101258351
,mobilenetv1_942,74.7259,2.583,3.456632841
,mobilenetv1_943,88.9387,3.402,3.825106506
,mobilenetv1_944,93.6527,1.67,1.783184041
,mobilenetv1_946,80.5928,1.276,1.583267984
,mobilenetv1_947,43.6777,1.296,2.967189206
,mobilenetv1_948,34.7658,2.704,7.777758602
,mobilenetv1_949,80.065,5.31,6.632111409
,mobilenetv1_95,45.3315,1.24,0.02735
,mobilenetv1_950,39.6905,0.945,2.380922387
,mobilenetv1_951,48.5403,1.638,3.374515609
,mobilenetv1_952,75.1932,1.718,2.284781071
,mobilenetv1_953,72.5112,2.951,4.069716127
,mobilenetv1_954,103.569,3.178,3.068485744
,mobilenetv1_955,53.4999,1.08,2.018695362
,mobilenetv1_956,63.1109,2.357,3.734695591
,mobilenetv1_957,39.9942,1.029,2.572873067
,mobilenetv1_958,111.648,3.928,3.518200057
,mobilenetv1_959,69.7993,3.709,5.313806872
,mobilenetv1_96,67.8095,2.617,3.859341243
,mobilenetv1_961,69.4978,1.658,2.385687029
,mobilenetv1_962,74.2028,3.845,5.181745163
,mobilenetv1_963,79.7194,1.408,1.766194929
,mobilenetv1_964,66.3785,4.604,6.935980777
,mobilenetv1_965,56.6488,5.373,9.484755193
,mobilenetv1_966,60.4917,1.481,2.448269763
,mobilenetv1_967,85.2267,5.836,6.847619349
,mobilenetv1_968,88.9451,6.17,6.936863301
,mobilenetv1_969,60.2238,4.017,6.670120451
,mobilenetv1_97,89.239,3.464,3.881710911
,mobilenetv1_970,54.5869,2.42,4.433298099
,mobilenetv1_971,60.89,1.391,2.284447364
,mobilenetv1_972,68.7229,3.205,4.66365651
,mobilenetv1_973,94.6833,6.354,6.710792716
,mobilenetv1_974,43.3325,1.237,2.854670282
,mobilenetv1_975,60.7649,4.915,8.088551121
,mobilenetv1_976,48.6191,2.316,4.76356
,mobilenetv1_977,102.886,1.755,1.705771436
,mobilenetv1_978,48.3704,1.007,2.081851711
,mobilenetv1_979,79.3409,3.282,4.136580251
,mobilenetv1_98,104.541,1.821,1.741900307
,mobilenetv1_980,80.9837,1.572,1.941131363
,mobilenetv1_981,90.3162,5.839,6.465063853
,mobilenetv1_982,60.8957,3.16,5.189200551
,mobilenetv1_983,62.41,2.86,4.582598942
,mobilenetv1_984,43.3021,0.828,1.912147448
,mobilenetv1_985,77.8649,5.345,6.864453688
,mobilenetv1_986,77.7067,1.713,2.204443118
,mobilenetv1_987,115.418,4.714,4.084284947
,mobilenetv1_988,54.7096,2.877,5.258674894
,mobilenetv1_989,103.875,3.044,2.930445247
,mobilenetv1_99,74.3465,3.816,5.132723128
,mobilenetv1_990,61.2459,1.342,2.191167082
,mobilenetv1_991,91.2865,1.446,1.584023925
,mobilenetv1_992,85.5194,2.035,2.379577032
,mobilenetv1_993,50.2315,2.202,4.383703453
,mobilenetv1_994,79.5497,3.458,4.346967996
,mobilenetv1_995,88.8828,5.843,6.573825307
,mobilenetv1_996,75.3873,1.071,1.420663693
,mobilenetv1_997,61.8077,1.253,2.027255504
,mobilenetv1_998,86.6653,4.934,5.6931667
,mobilenetv1_999,70.8029,4.345,6.136754285
