0,proxylessnas_314,99.76480000000001,1.838,1.8423331676102193
1,proxylessnas_1321,100.814,5.919,5.8712083639177095
2,proxylessnas_1177,113.158,2.069,1.828416903798229
3,proxylessnas_1148,68.8454,1.083,1.5730898505927775
4,proxylessnas_243,108.453,1.609,1.483591970715425
5,proxylessnas_151,103.53,1.744,1.6845358833188446
6,proxylessnas_1534,111.627,3.405,3.0503372839904324
7,proxylessnas_1676,93.5414,2.509,2.682234817952265
8,proxylessnas_1695,112.076,2.357,2.1030372247403553
9,proxylessnas_331,99.0217,1.331,1.3441498176662288
10,proxylessnas_623,59.2472,1.284,2.1671910233732565
11,proxylessnas_1422,87.0093,5.739,6.595846650875252
12,proxylessnas_1063,73.3536,2.184,2.977358984426122
13,proxylessnas_587,67.84519999999999,2.756,4.062188629409302
14,proxylessnas_1834,95.5381,1.13,1.1827742021245973
15,proxylessnas_1448,105.782,4.114,3.8891304758843663
16,proxylessnas_1230,92.298,1.733,1.877613816117359
17,proxylessnas_1489,116.39,3.03,2.6033164361199415
18,proxylessnas_360,101.403,2.208,2.1774503712907904
19,proxylessnas_986,99.9947,2.933,2.9331554572392338
20,proxylessnas_1109,72.423,1.239,1.710782486226751
21,proxylessnas_1811,91.54780000000001,1.375,1.5019476164364407
22,proxylessnas_41,127.122,5.426,4.268340649140196
23,proxylessnas_123,75.93539999999999,1.202,1.5829244331365875
24,proxylessnas_1749,117.319,4.151,3.5382163161977167
25,proxylessnas_72,103.375,1.271,1.2295042321644496
26,proxylessnas_236,82.22439999999999,1.256,1.5275271087414444
27,proxylessnas_1478,146.265,3.78,2.5843503230437905
28,proxylessnas_689,101.993,2.464,2.4158520682791957
29,proxylessnas_1801,92.4275,3.573,3.86573260122799
30,proxylessnas_1940,95.8353,1.295,1.351276617279854
31,proxylessnas_34,100.712,4.901,4.866351576773374
32,proxylessnas_1266,64.7425,2.656,4.102405684056068
33,proxylessnas_1736,70.3557,4.09,5.8133171868093125
34,proxylessnas_1576,128.836,3.821,2.965785960445838
35,proxylessnas_747,88.4969,2.356,2.6622401462650105
36,proxylessnas_959,108.188,2.264,2.092653529042038
37,proxylessnas_1624,87.8877,1.491,1.6964831256250879
38,proxylessnas_1653,85.4133,2.712,3.1751495376012873
39,proxylessnas_1933,103.402,2.037,1.9699812382739212
40,proxylessnas_593,102.493,5.142,5.016927985325827
41,proxylessnas_179,108.492,3.354,3.091472182280721
42,proxylessnas_971,78.3133,1.389,1.7736450896591
43,proxylessnas_379,108.711,1.14,1.0486519303474349
44,proxylessnas_1773,131.109,3.516,2.6817380957828982
45,proxylessnas_1945,106.293,4.178,3.930644539151214
46,proxylessnas_549,97.1627,1.584,1.6302552316887036
47,proxylessnas_643,86.942,4.613,5.305836074624463
48,proxylessnas_1962,108.269,2.458,2.270271268784232
49,proxylessnas_887,115.313,1.817,1.5757113248289438
50,proxylessnas_1770,77.0362,1.156,1.5005932275994922
51,proxylessnas_1362,78.83539999999999,0.911,1.1555722429264013
52,proxylessnas_1795,78.5512,3.069,3.9070058764220024
53,proxylessnas_1673,137.014,3.497,2.5522939261681286
54,proxylessnas_1553,91.5823,5.615,6.131097384538279
55,proxylessnas_1322,77.11019999999999,1.061,1.3759528570798676
56,proxylessnas_96,87.6989,1.487,1.6955742888451284
57,proxylessnas_956,75.45530000000001,2.106,2.791056426785129
58,proxylessnas_804,107.499,3.291,3.061423827198393
59,proxylessnas_1452,106.685,2.35,2.202746402961991
60,proxylessnas_916,59.593300000000006,0.775,1.3004817655676058
61,proxylessnas_540,95.7266,2.837,2.96364855745425
62,proxylessnas_1623,120.057,3.196,2.6620688506292844
63,proxylessnas_624,144.794,2.779,1.91927842313908
64,proxylessnas_1363,81.875,3.696,4.514198473282443
65,proxylessnas_815,96.9324,5.021,5.179898568486904
66,proxylessnas_807,98.8858,2.478,2.5059209714640525
67,proxylessnas_161,94.8567,4.04,4.2590560287254355
68,proxylessnas_121,97.2889,2.987,3.0702372007495207
69,proxylessnas_1732,53.778,2.202,4.094611179292648
70,proxylessnas_1784,108.919,2.15,1.9739439399921042
71,proxylessnas_997,110.212,1.4,1.2702790984647767
72,proxylessnas_499,117.552,2.225,1.8927793657275076
73,proxylessnas_1064,82.9104,1.437,1.7331963179528744
74,proxylessnas_1455,73.1053,3.396,4.645354030419135
75,proxylessnas_1625,72.2753,1.829,2.5306017408436907
76,proxylessnas_1238,114.91,3.468,3.018014097989731
77,proxylessnas_468,134.354,5.155,3.836878693600488
78,proxylessnas_917,85.2333,2.188,2.567071790016344
79,proxylessnas_675,94.7789,2.432,2.5659719621139305
80,proxylessnas_844,64.5285,2.506,3.883555328265805
81,proxylessnas_491,65.3013,2.022,3.0964161509801484
82,proxylessnas_1427,72.8776,1.019,1.3982348485680096
83,proxylessnas_573,116.217,1.73,1.488594611803781
84,proxylessnas_1989,60.8943,2.565,4.212216907001148
85,proxylessnas_392,82.7765,1.155,1.3953235519742921
86,proxylessnas_159,100.077,1.619,1.6177543291665417
87,proxylessnas_1105,98.55789999999999,4.186,4.2472495862837985
88,proxylessnas_45,86.1733,1.831,2.1247880724075787
89,proxylessnas_1612,99.94239999999999,2.957,2.9587042136270494
90,proxylessnas_851,68.3841,1.133,1.6568178860290623
91,proxylessnas_218,111.161,1.744,1.568895565890915
92,proxylessnas_1527,110.932,1.419,1.2791620091587639
93,proxylessnas_463,62.789199999999994,1.843,2.9352181585368187
94,proxylessnas_75,112.016,5.237,4.675224967861734
95,proxylessnas_436,65.3824,2.014,3.0803396632732962
96,proxylessnas_552,100.007,3.237,3.23677342586019
97,proxylessnas_69,69.5261,1.237,1.7791879596295492
98,proxylessnas_1307,105.114,1.442,1.371843902810282
99,proxylessnas_884,101.497,3.628,3.574489886400584
100,proxylessnas_772,81.2554,2.248,2.7665853592499703
101,proxylessnas_563,113.69,4.755,4.182425894977571
102,proxylessnas_1352,114.5,4.223,3.6882096069868995
103,proxylessnas_1944,123.631,3.309,2.67651317226262
104,proxylessnas_188,71.3852,1.195,1.6740164627962102
105,proxylessnas_444,96.2682,1.77,1.8386133738867043
106,proxylessnas_604,90.32169999999999,3.788,4.193898033362968
107,proxylessnas_1714,114.17,2.183,1.9120609617237452
108,proxylessnas_830,66.471,2.077,3.1246709091182616
109,proxylessnas_144,100.022,2.51,2.509447921457279
110,proxylessnas_867,101.118,1.035,1.0235566368005697
111,proxylessnas_369,110.275,1.797,1.629562457492632
112,proxylessnas_1738,100.382,3.251,3.2386284393616385
113,proxylessnas_1315,101.966,2.561,2.5116215208991233
114,proxylessnas_891,86.89689999999999,2.078,2.3913396220118326
115,proxylessnas_942,131.072,4.52,3.448486328124999
116,proxylessnas_124,116.465,1.846,1.5850255441548964
117,proxylessnas_128,104.196,2.701,2.5922300280241086
118,proxylessnas_1889,79.20089999999999,1.136,1.4343271351714437
119,proxylessnas_1737,105.457,2.326,2.2056383170391722
120,proxylessnas_1914,111.923,2.444,2.1836441124701804
121,proxylessnas_978,117.139,5.195,4.434902124826062
122,proxylessnas_127,95.3563,1.729,1.813199547381767
123,proxylessnas_1276,72.5303,3.902,5.379820571540446
124,proxylessnas_377,109.278,1.344,1.2298907373853842
125,proxylessnas_1267,84.7403,2.026,2.3908341131669344
126,proxylessnas_696,90.50569999999999,1.336,1.4761501209316101
127,proxylessnas_1805,78.6495,1.966,2.4996980273237592
128,proxylessnas_472,114.279,1.663,1.4552104936165
129,proxylessnas_1285,113.578,3.298,2.9037313564246596
130,proxylessnas_361,96.03139999999999,1.708,1.77858492118203
131,proxylessnas_633,91.8211,1.801,1.9614228102255362
132,proxylessnas_575,115.155,3.113,2.703312926056185
133,proxylessnas_952,71.5338,2.164,3.0251433588038106
134,proxylessnas_762,83.34660000000001,2.081,2.4968025090405606
135,proxylessnas_1846,78.73819999999999,1.486,1.887266917455568
136,proxylessnas_1537,93.39110000000001,2.507,2.6844099705432316
137,proxylessnas_795,91.1732,2.829,3.102885497053959
138,proxylessnas_957,108.75,2.847,2.617931034482759
139,proxylessnas_1169,101.064,1.017,1.0062930420327714
140,proxylessnas_1607,111.695,4.796,4.293835892385514
141,proxylessnas_1613,87.6483,2.394,2.7313707168307886
142,proxylessnas_1170,107.795,2.759,2.5594879168792612
143,proxylessnas_1691,131.608,1.796,1.3646586833627135
144,proxylessnas_995,138.371,1.849,1.3362626561924102
145,proxylessnas_860,105.883,3.467,3.2743688788568517
146,proxylessnas_1385,78.3655,1.625,2.0736165787240557
147,proxylessnas_1103,63.1112,0.717,1.1360899491690857
148,proxylessnas_1436,50.813199999999995,0.956,1.8814008958302173
149,proxylessnas_647,104.342,1.589,1.5228766939487455
150,proxylessnas_1156,108.348,1.832,1.69084800826965
151,proxylessnas_1662,91.56569999999999,3.259,3.5591930165990107
152,proxylessnas_1910,121.394,2.6,2.1417862497322764
153,proxylessnas_578,51.5024,1.473,2.8600608903662743
154,proxylessnas_1769,96.69069999999999,1.713,1.7716285020172573
155,proxylessnas_1836,122.402,2.004,1.6372281498668322
156,proxylessnas_1507,97.702,5.873,6.011135903052138
157,proxylessnas_429,76.9786,1.258,1.6342204197010597
158,proxylessnas_536,127.194,2.771,2.178561881849773
159,proxylessnas_394,83.5126,1.466,1.7554237324667175
160,proxylessnas_178,132.741,3.395,2.557612192163687
161,proxylessnas_627,91.81639999999999,4.553,4.958809101641973
162,proxylessnas_1890,146.838,2.931,1.996077309688228
163,proxylessnas_60,112.468,1.767,1.5711135611907387
164,proxylessnas_129,105.477,2.325,2.204272021388549
165,proxylessnas_21,80.6729,2.532,3.1386004469902535
166,proxylessnas_886,90.20410000000001,2.219,2.4599768746653417
167,proxylessnas_1133,84.53160000000001,3.511,4.153476333110931
168,proxylessnas_671,83.4641,1.016,1.217289828800646
169,proxylessnas_1810,66.56280000000001,2.059,3.0933193916121313
170,proxylessnas_1132,45.719300000000004,2.469,5.400345149641398
171,proxylessnas_553,92.64489999999999,3.318,3.5814167860292367
172,proxylessnas_421,71.8353,1.652,2.2997050196769555
173,proxylessnas_1845,55.607099999999996,2.944,5.294287959631054
174,proxylessnas_1413,109.641,1.925,1.7557300644831768
175,proxylessnas_598,92.13189999999999,2.081,2.2587182072658876
176,proxylessnas_1633,69.696,1.716,2.462121212121212
177,proxylessnas_1043,124.078,1.524,1.22825964312771
178,proxylessnas_59,109.697,1.509,1.3756073548045982
179,proxylessnas_905,123.372,2.258,1.8302370067762541
180,proxylessnas_1584,96.4608,2.76,2.8612659235668785
181,proxylessnas_1196,113.301,2.429,2.1438469210333535
182,proxylessnas_453,125.881,2.915,2.3156790937472693
183,proxylessnas_339,82.6851,1.568,1.8963513377863723
184,proxylessnas_1199,103.537,2.469,2.3846547610998963
185,proxylessnas_1409,108.354,2.088,1.927016999833878
186,proxylessnas_1097,70.9295,1.782,2.512353816113183
187,proxylessnas_1898,111.139,2.94,2.645336020658815
188,proxylessnas_1318,85.2002,2.138,2.5093837807892467
189,proxylessnas_940,106.415,4.375,4.111262509984495
190,proxylessnas_511,67.0915,3.636,5.419464462711372
191,proxylessnas_538,129.697,5.028,3.876728066185031
192,proxylessnas_947,79.4489,2.52,3.171850082254128
193,proxylessnas_965,73.4868,0.941,1.28050207656341
194,proxylessnas_1999,113.185,5.704,5.039537041127358
195,proxylessnas_789,120.25,3.52,2.927234927234927
196,proxylessnas_823,85.33760000000001,3.595,4.212679991000449
197,proxylessnas_114,106.405,4.404,4.138903247027865
198,proxylessnas_366,114.508,2.005,1.7509693645858804
199,proxylessnas_1386,79.8388,1.314,1.6458163198845674
200,proxylessnas_1296,157.421,2.753,1.7488136906765934
201,proxylessnas_714,110.208,4.825,4.378085075493613
202,proxylessnas_811,88.68730000000001,4.426,4.990567984367547
203,proxylessnas_1248,94.27680000000001,1.277,1.3545220032924323
204,proxylessnas_1071,92.3627,1.243,1.3457813597913444
205,proxylessnas_1867,103.25,2.412,2.336077481840194
206,proxylessnas_439,143.572,3.293,2.2936227119494053
207,proxylessnas_150,92.9263,2.5,2.690304036639789
208,proxylessnas_1557,72.4949,2.097,2.8926172737668443
209,proxylessnas_1960,103.54,4.03,3.8922155688622757
210,proxylessnas_984,96.1152,2.298,2.3908809428685576
211,proxylessnas_678,114.25,1.104,0.9663019693654268
212,proxylessnas_568,70.3041,1.808,2.5716850084134495
213,proxylessnas_338,82.1443,1.642,1.998921410250011
214,proxylessnas_661,134.005,6.812,5.083392410730943
215,proxylessnas_1935,80.737,3.74,4.632324708621822
216,proxylessnas_1631,91.8331,4.011,4.367706197438615
217,proxylessnas_1734,56.148300000000006,1.391,2.4773679701789724
218,proxylessnas_1329,71.92160000000001,1.497,2.0814331160597095
219,proxylessnas_230,46.8452,0.827,1.7653889832896432
220,proxylessnas_1689,79.8903,2.775,3.473513054776362
221,proxylessnas_692,92.6694,3.183,3.434790772358513
222,proxylessnas_467,114.555,2.284,1.9938021037929374
223,proxylessnas_238,73.6101,1.314,1.7850811233784494
224,proxylessnas_347,90.3467,3.392,3.7544260055984338
225,proxylessnas_1591,122.237,1.708,1.3972856009227974
226,proxylessnas_1433,112.812,3.496,3.0989611034287132
227,proxylessnas_1249,71.4905,1.533,2.144340856477434
228,proxylessnas_1244,114.542,1.561,1.3628188786645945
229,proxylessnas_138,54.979699999999994,1.355,2.4645460051619055
230,proxylessnas_285,91.43360000000001,1.703,1.862553809540475
231,proxylessnas_1323,74.50489999999999,3.439,4.615803792770677
232,proxylessnas_484,117.042,3.558,3.0399343825293483
233,proxylessnas_767,71.65589999999999,1.269,1.77096373083026
234,proxylessnas_1788,165.395,2.195,1.3271259711599501
235,proxylessnas_4,90.40589999999999,1.435,1.587285785551607
236,proxylessnas_88,96.22160000000001,1.993,2.07126050699635
237,proxylessnas_1277,85.68339999999999,1.324,1.5452234621875418
238,proxylessnas_464,57.0369,1.58,2.7701365256526915
239,proxylessnas_1084,140.68,4.241,3.0146431617856124
240,proxylessnas_617,94.8967,3.22,3.3931633028335026
241,proxylessnas_777,105.97,2.344,2.2119467773898274
242,proxylessnas_1502,101.56,3.566,3.511224891689641
243,proxylessnas_1618,99.829,2.853,2.8578869867473387
244,proxylessnas_1221,111.247,3.803,3.4185191510782316
245,proxylessnas_1140,111.697,1.968,1.7619094514624387
246,proxylessnas_1172,82.2589,3.81,4.631717662161784
247,proxylessnas_1341,107.723,1.336,1.24021796645099
248,proxylessnas_638,117.373,5.197,4.427764477349987
249,proxylessnas_414,76.8004,2.293,2.9856615330128493
250,proxylessnas_1054,79.1145,2.7,3.4127751549968712
251,proxylessnas_713,117.76,1.853,1.573539402173913
252,proxylessnas_147,105.015,2.922,2.7824596486216255
253,proxylessnas_837,75.8724,1.355,1.7858931574591026
254,proxylessnas_529,66.2492,1.995,3.0113571182746357
255,proxylessnas_1822,180.175,2.785,1.5457194394338836
256,proxylessnas_1000,75.8476,1.692,2.230789108686366
257,proxylessnas_397,81.3609,1.283,1.5769245423784644
258,proxylessnas_590,47.1464,1.277,2.708584324571971
259,proxylessnas_1772,73.7861,1.455,1.9719161197027626
260,proxylessnas_634,83.1169,2.449,2.9464525265018304
261,proxylessnas_217,90.5686,1.423,1.5711847152324314
262,proxylessnas_1594,52.831900000000005,1.107,2.095324983579996
263,proxylessnas_1731,72.1544,2.711,3.757220626877918
264,proxylessnas_233,129.196,2.874,2.2245270751416455
265,proxylessnas_1872,71.8006,1.726,2.4038796333178274
266,proxylessnas_407,140.175,1.495,1.0665239878723025
267,proxylessnas_1449,72.80460000000001,1.544,2.1207451177535486
268,proxylessnas_18,69.6926,2.611,3.746452277573229
269,proxylessnas_1685,99.0115,3.015,3.045100821621731
270,proxylessnas_545,89.2735,1.226,1.373307868516413
271,proxylessnas_1681,94.36930000000001,2.084,2.2083452987359236
272,proxylessnas_875,143.024,3.939,2.7540832307864416
273,proxylessnas_707,130.237,5.817,4.466472661378871
274,proxylessnas_589,148.336,5.102,3.4394887282925253
275,proxylessnas_202,94.1,2.348,2.4952178533475027
276,proxylessnas_1457,77.99430000000001,1.346,1.7257671393935197
277,proxylessnas_1510,70.07169999999999,1.503,2.144945819781738
278,proxylessnas_344,118.086,3.861,3.2696509323713228
279,proxylessnas_935,86.2347,2.358,2.7343981019241674
280,proxylessnas_639,114.285,5.179,4.531653322833268
281,proxylessnas_528,134.615,3.104,2.305835159529027
282,proxylessnas_203,135.95,4.279,3.1474806914306734
283,proxylessnas_1402,136.355,3.539,2.595431043966118
284,proxylessnas_248,96.50110000000001,1.255,1.3005033103249597
285,proxylessnas_1115,90.6544,3.456,3.812280485006795
286,proxylessnas_141,133.385,5.222,3.9149829441091586
287,proxylessnas_1669,125.306,3.6,2.872966976840694
288,proxylessnas_924,97.7683,1.749,1.788923403598099
289,proxylessnas_524,106.087,1.543,1.454466617021878
290,proxylessnas_15,71.68939999999999,1.221,1.7031806654819266
291,proxylessnas_107,87.0817,1.582,1.816684791408528
292,proxylessnas_210,117.375,2.343,1.9961661341853034
293,proxylessnas_1517,93.0385,2.474,2.6591142376543044
294,proxylessnas_964,95.4314,1.532,1.605341638077195
295,proxylessnas_1995,76.1775,2.355,3.091464014965049
296,proxylessnas_521,72.95039999999999,1.216,1.6668859937711105
297,proxylessnas_1405,80.3407,3.539,4.404990247782258
298,proxylessnas_1800,108.871,1.637,1.5036143692994461
299,proxylessnas_1214,111.239,2.237,2.0109853558554103
300,proxylessnas_1124,95.1022,6.07,6.382607342416895
301,proxylessnas_1149,80.6973,1.487,1.8426886649243535
302,proxylessnas_282,102.015,3.187,3.124050384747341
303,proxylessnas_292,114.415,3.099,2.7085609404361315
304,proxylessnas_1059,82.7717,2.137,2.581800301310714
305,proxylessnas_1327,98.1055,1.549,1.578912497260602
306,proxylessnas_712,80.1838,3.124,3.8960488278180874
307,proxylessnas_1257,101.395,1.168,1.15193056856847
308,proxylessnas_425,156.902,2.086,1.329492294553288
309,proxylessnas_1414,69.5179,1.386,1.9937311109800497
310,proxylessnas_165,106.046,3.162,2.9817249118307148
311,proxylessnas_1372,151.728,1.525,1.005088052304123
312,proxylessnas_86,111.472,1.478,1.32589349791876
313,proxylessnas_257,123.111,1.442,1.1713006961197618
314,proxylessnas_1151,154.98,1.641,1.0588463027487418
315,proxylessnas_1524,138.794,2.471,1.7803363257777711
316,proxylessnas_1499,84.14139999999999,1.381,1.6412847896517055
317,proxylessnas_1955,132.121,1.327,1.0043823464854185
318,proxylessnas_1275,105.239,2.043,1.9412955273235208
319,proxylessnas_1716,87.546,2.561,2.925319260731501
320,proxylessnas_1226,84.381,3.315,3.928609521100722
321,proxylessnas_116,98.3375,1.543,1.569086055675607
322,proxylessnas_1018,106.012,5.077,4.7890804814549295
323,proxylessnas_266,92.78139999999999,1.521,1.6393371947394628
324,proxylessnas_1265,113.282,1.253,1.106089228650624
325,proxylessnas_1435,91.9114,4.046,4.402065467395775
326,proxylessnas_27,105.058,1.659,1.579127719926136
327,proxylessnas_1861,76.1754,0.907,1.1906731044405412
328,proxylessnas_1665,72.37289999999999,0.853,1.1786179633536864
329,proxylessnas_171,148.915,5.282,3.5469898935634423
330,proxylessnas_1947,79.35839999999999,1.141,1.4377810036492673
331,proxylessnas_93,98.69539999999999,1.128,1.1429104091984024
332,proxylessnas_386,97.1977,3.296,3.3910267424023406
333,proxylessnas_656,77.11189999999999,1.217,1.578225928812544
334,proxylessnas_97,108.052,2.082,1.926850035168252
335,proxylessnas_1108,110.389,1.688,1.5291378669976174
336,proxylessnas_1295,111.251,5.847,5.255683094983416
337,proxylessnas_1821,137.028,3.862,2.818402078407333
338,proxylessnas_1333,63.5075,1.142,1.7982128095106877
339,proxylessnas_1134,149.181,3.802,2.5485819239715513
340,proxylessnas_533,58.4446,1.726,2.9532240788712727
341,proxylessnas_1049,128.408,4.071,3.1703632172450313
342,proxylessnas_897,118.873,2.478,2.084577658509502
343,proxylessnas_1699,72.6735,4.157,5.720104302118378
344,proxylessnas_0,52.047599999999996,3.05,5.860020442825413
345,proxylessnas_840,145.612,1.164,0.7993846660989479
346,proxylessnas_502,59.8257,0.983,1.6431065578839863
347,proxylessnas_889,134.905,4.122,3.055483488380712
348,proxylessnas_1849,103.498,1.146,1.1072677732903051
349,proxylessnas_376,124.66,4.422,3.5472485159634206
350,proxylessnas_1353,96.94439999999999,2.811,2.899600183197792
351,proxylessnas_1550,87.2534,1.344,1.5403411213775051
352,proxylessnas_1522,80.4641,2.21,2.746566481200933
353,proxylessnas_1851,69.9918,1.307,1.8673616052166113
354,proxylessnas_214,108.55,5.173,4.765545831414094
355,proxylessnas_68,146.52,1.664,1.1356811356811356
356,proxylessnas_1899,107.839,4.914,4.556792996967702
357,proxylessnas_999,86.433,1.21,1.3999282681383265
358,proxylessnas_1600,100.793,1.248,1.238181222902384
359,proxylessnas_1622,106.828,4.405,4.1234507806942
360,proxylessnas_1565,122.698,1.653,1.3472102234755252
361,proxylessnas_1735,68.8684,1.274,1.8499050362720788
362,proxylessnas_1160,118.654,1.855,1.5633691236705043
363,proxylessnas_208,138.316,1.455,1.0519390381445386
364,proxylessnas_1535,111.16,3.886,3.4958618207988486
365,proxylessnas_1992,80.1525,4.362,5.442125947412745
366,proxylessnas_447,74.98339999999999,2.654,3.5394500649477085
367,proxylessnas_672,77.0025,2.494,3.2388558813025554
368,proxylessnas_318,51.3621,1.463,2.848403784113189
369,proxylessnas_130,93.48819999999999,5.674,6.069215152286599
370,proxylessnas_716,110.133,1.294,1.174943023435301
371,proxylessnas_1552,136.175,2.375,1.7440793097117677
372,proxylessnas_736,64.561,1.896,2.9367574851690645
373,proxylessnas_1997,115.106,5.341,4.640070891178566
374,proxylessnas_786,82.7195,1.386,1.675542042686428
375,proxylessnas_156,109.717,1.252,1.1411176025593117
376,proxylessnas_310,109.658,2.127,1.9396669645625488
377,proxylessnas_1783,127.858,2.191,1.7136197969622549
378,proxylessnas_1192,113.197,2.747,2.4267427582003056
379,proxylessnas_597,142.522,1.463,1.0265081882095397
380,proxylessnas_1289,88.984,1.798,2.020587970871168
381,proxylessnas_1574,85.8089,1.179,1.3739833513773048
382,proxylessnas_725,110.141,1.772,1.6088468417755422
383,proxylessnas_1201,85.62089999999999,2.279,2.6617332917547
384,proxylessnas_91,76.1067,1.207,1.5859313306187235
385,proxylessnas_1218,100.362,1.385,1.3800043841294514
386,proxylessnas_1829,96.3193,2.593,2.692087670902924
387,proxylessnas_555,87.9328,2.845,3.2354252338149134
388,proxylessnas_610,89.30189999999999,4.44,4.971898694204715
389,proxylessnas_525,142.589,3.538,2.4812573199896204
390,proxylessnas_1721,81.98389999999999,1.389,1.6942350876208625
391,proxylessnas_1542,70.8781,3.404,4.802611808160771
392,proxylessnas_1314,97.1423,3.174,3.2673716805140494
393,proxylessnas_622,66.3232,1.33,2.0053314677217027
394,proxylessnas_370,113.359,2.447,2.15862878112898
395,proxylessnas_946,119.458,3.74,3.1308074804533814
396,proxylessnas_1984,105.654,4.359,4.12573116020217
397,proxylessnas_1492,72.7902,3.874,5.3221450140266136
398,proxylessnas_260,113.326,3.253,2.870479854578826
399,proxylessnas_1174,113.853,1.211,1.0636522533442248
400,proxylessnas_1330,145.007,2.921,2.014385512423538
401,proxylessnas_55,79.7762,1.51,1.8927950942762377
402,proxylessnas_497,98.81110000000001,1.534,1.5524571632134445
403,proxylessnas_794,61.8004,1.44,2.330082005941709
404,proxylessnas_1155,72.90469999999999,1.176,1.6130647269654768
405,proxylessnas_1802,79.274,1.711,2.1583369074349728
406,proxylessnas_1107,118.287,1.515,1.280783179892972
407,proxylessnas_1835,87.1814,4.175,4.788865514891938
408,proxylessnas_1065,86.2835,2.379,2.7571899610006545
409,proxylessnas_94,56.7949,1.255,2.209705448904743
410,proxylessnas_1998,89.5389,3.213,3.588384489869766
411,proxylessnas_320,67.1947,1.128,1.6787038263434466
412,proxylessnas_686,100.131,2.364,2.360907211552866
413,proxylessnas_1696,125.36,2.711,2.1625717932354815
414,proxylessnas_809,101.675,3.996,3.930169658224736
415,proxylessnas_1204,85.2711,4.475,5.2479679516272215
416,proxylessnas_877,79.4575,1.189,1.4963974451750937
417,proxylessnas_1203,109.116,1.634,1.4974889108838298
418,proxylessnas_1496,77.43939999999999,1.948,2.5155153578152727
419,proxylessnas_1839,150.248,3.656,2.433310260369523
420,proxylessnas_16,104.413,2.835,2.715179144359419
421,proxylessnas_1011,97.61510000000001,4.737,4.852732825146928
422,proxylessnas_973,100.004,2.611,2.610895564177433
423,proxylessnas_1943,101.51,1.835,1.807703674514826
424,proxylessnas_1058,98.0528,4.034,4.114109948925476
425,proxylessnas_432,74.3668,1.198,1.610933911369052
426,proxylessnas_1921,109.18,1.827,1.6733834035537642
427,proxylessnas_423,76.8866,0.91,1.1835612447422568
428,proxylessnas_289,54.2667,1.262,2.325551397081451
429,proxylessnas_941,106.028,2.467,2.326743878975365
430,proxylessnas_1005,116.536,4.117,3.532813894418892
431,proxylessnas_28,86.0481,2.598,3.019241563730053
432,proxylessnas_972,96.00580000000001,1.377,1.4342883450791515
433,proxylessnas_197,115.61,1.313,1.1357149035550558
434,proxylessnas_1854,98.25019999999999,5.697,5.798461478958822
435,proxylessnas_1873,90.1333,2.578,2.8602081583610053
436,proxylessnas_728,116.974,3.096,2.64674201104519
437,proxylessnas_1013,98.79939999999999,2.783,2.8168187256197914
438,proxylessnas_727,82.31089999999999,1.243,1.510128063233424
439,proxylessnas_1355,91.5241,2.618,2.8604487779721404
440,proxylessnas_983,121.581,4.927,4.052442404652043
441,proxylessnas_1751,119.873,1.272,1.061123021864807
442,proxylessnas_1217,111.119,1.752,1.5766880551480844
443,proxylessnas_1259,137.003,5.077,3.7057582680671226
444,proxylessnas_82,108.848,2.615,2.4024327502572396
445,proxylessnas_743,116.286,3.623,3.1155943105790893
446,proxylessnas_1306,107.739,1.914,1.776515467936402
447,proxylessnas_1536,90.60430000000001,2.126,2.3464669999106
448,proxylessnas_1121,83.0594,1.087,1.3087019650996756
449,proxylessnas_1709,100.438,2.044,2.035086321910034
450,proxylessnas_1766,81.1585,1.651,2.0342909245488765
451,proxylessnas_842,97.44739999999999,1.601,1.6429376258371184
452,proxylessnas_362,114.0,2.781,2.4394736842105265
453,proxylessnas_690,106.061,1.469,1.3850519983782916
454,proxylessnas_1456,99.8705,1.553,1.5550137427969217
455,proxylessnas_355,98.93730000000001,3.11,3.1434049645583615
456,proxylessnas_327,148.426,4.97,3.3484699446188677
457,proxylessnas_1072,66.92880000000001,0.926,1.3835598426985094
458,proxylessnas_1629,114.79,5.326,4.639776984057844
459,proxylessnas_1017,134.14,3.286,2.449679439391681
460,proxylessnas_720,88.8221,1.331,1.4985009361408927
461,proxylessnas_827,121.859,2.28,1.8710148614382194
462,proxylessnas_1041,93.42060000000001,1.372,1.468626833910294
463,proxylessnas_222,91.6442,2.473,2.698479554625388
464,proxylessnas_381,97.4111,3.838,3.9400027306949617
465,proxylessnas_1305,150.391,5.638,3.7488945482109965
466,proxylessnas_9,109.323,3.809,3.4841707600413456
467,proxylessnas_1077,71.3489,1.418,1.987416764659301
468,proxylessnas_1752,121.955,2.559,2.0983149522364806
469,proxylessnas_309,112.088,1.276,1.1383912640068519
470,proxylessnas_61,61.1205,3.107,5.083400822964472
471,proxylessnas_300,125.708,4.024,3.2010691443663095
472,proxylessnas_520,94.7836,2.204,2.3252967812997185
473,proxylessnas_1337,127.796,1.621,1.2684278068171149
474,proxylessnas_1560,147.711,1.475,0.9985715349567736
475,proxylessnas_192,66.8078,1.115,1.668966797290137
476,proxylessnas_557,70.13669999999999,3.342,4.764980388298851
477,proxylessnas_518,61.3366,2.331,3.8003410687909014
478,proxylessnas_758,74.779,0.999,1.3359365597293358
479,proxylessnas_1509,86.72460000000001,0.863,0.9951040419903925
480,proxylessnas_1794,83.4247,4.261,5.107600027330035
481,proxylessnas_1023,88.9644,2.136,2.4009603841536618
482,proxylessnas_1706,76.06089999999999,2.294,3.0160042807802703
483,proxylessnas_301,99.4044,3.015,3.0330649347513794
484,proxylessnas_1859,80.8082,1.334,1.6508225650367168
485,proxylessnas_1648,103.261,1.427,1.3819350965030361
486,proxylessnas_1268,71.9948,1.218,1.691788851417047
487,proxylessnas_929,78.93039999999999,2.253,2.8544135086101177
488,proxylessnas_1183,88.0285,2.742,3.1149002879749177
489,proxylessnas_126,81.0222,2.168,2.6758098397723096
490,proxylessnas_1075,111.698,1.277,1.143261293845906
491,proxylessnas_1391,64.0302,1.717,2.6815471449409816
492,proxylessnas_1473,103.33,2.81,2.719442562663312
493,proxylessnas_1469,83.7139,1.971,2.3544477082061643
494,proxylessnas_1281,100.187,5.252,5.242197091439009
495,proxylessnas_1862,74.0008,5.143,6.9499248656771275
496,proxylessnas_773,97.5313,2.858,2.930341336576053
497,proxylessnas_1205,89.5271,2.254,2.51767341955676
498,proxylessnas_49,74.65,1.232,1.6503683858004017
499,proxylessnas_1990,38.221199999999996,0.725,1.8968530553724112
500,proxylessnas_1926,75.9051,1.861,2.4517456666284607
501,proxylessnas_1020,121.642,3.514,2.8888048535867545
502,proxylessnas_757,80.314,2.995,3.7291132305700128
503,proxylessnas_1378,77.87060000000001,3.478,4.466383975466992
504,proxylessnas_724,71.8638,1.404,1.953695741110267
505,proxylessnas_1213,132.247,5.805,4.3895135617443115
506,proxylessnas_1743,90.1496,1.154,1.2800944208293767
507,proxylessnas_1074,92.51060000000001,3.404,3.679578340211824
508,proxylessnas_1979,85.6869,1.594,1.8602610200625769
509,proxylessnas_1787,86.237,1.071,1.2419263193292902
510,proxylessnas_6,49.795,2.09,4.197208555075811
511,proxylessnas_501,137.583,4.01,2.914604275237493
512,proxylessnas_1234,102.19,4.706,4.605147274684412
513,proxylessnas_1977,88.8293,1.607,1.8090877672119445
514,proxylessnas_441,128.078,2.406,1.8785427630037945
515,proxylessnas_187,76.4757,1.846,2.4138386441706317
516,proxylessnas_670,87.20739999999999,2.522,2.891956416542633
517,proxylessnas_1351,89.1971,1.509,1.6917590370090507
518,proxylessnas_1603,134.404,5.793,4.310139579179191
519,proxylessnas_1302,34.4928,1.229,3.563062436218573
520,proxylessnas_1187,125.97,3.932,3.1213781058982297
521,proxylessnas_85,89.6058,1.055,1.1773791428679838
522,proxylessnas_1702,119.961,1.77,1.4754795308475255
523,proxylessnas_1408,100.912,1.542,1.5280640558110035
524,proxylessnas_1303,138.678,4.916,3.54490258007759
525,proxylessnas_699,121.526,2.214,1.821832365090598
526,proxylessnas_1748,101.917,2.694,2.643327413483521
527,proxylessnas_599,57.4818,1.773,3.0844545577904654
528,proxylessnas_375,114.642,3.231,2.818338828701523
529,proxylessnas_1884,111.506,3.048,2.733485193621868
530,proxylessnas_427,109.291,4.352,3.9820296273252147
531,proxylessnas_1756,95.34819999999999,1.311,1.3749604082719968
532,proxylessnas_1280,136.776,3.642,2.662747850500087
533,proxylessnas_546,152.668,5.576,3.6523698482982674
534,proxylessnas_359,128.254,1.703,1.3278338297441017
535,proxylessnas_1319,105.322,2.824,2.6813011526556654
536,proxylessnas_1453,61.5389,1.126,1.8297369631241376
537,proxylessnas_765,93.4267,1.257,1.3454397939775244
538,proxylessnas_1118,61.0794,2.039,3.3382777172008895
539,proxylessnas_1390,111.209,6.477,5.824168907192763
540,proxylessnas_1828,110.216,1.409,1.2783987805763228
541,proxylessnas_1009,121.755,3.174,2.6068744610077617
542,proxylessnas_1529,92.5145,3.5,3.7831907430727076
543,proxylessnas_1687,111.387,4.557,4.091141695170891
544,proxylessnas_1659,92.4193,2.521,2.727785213694542
545,proxylessnas_1171,99.0808,1.367,1.3796820372867398
546,proxylessnas_644,69.2762,1.381,1.9934696187146521
547,proxylessnas_1554,113.774,1.773,1.5583525234236293
548,proxylessnas_774,111.664,4.471,4.003976214357357
549,proxylessnas_1870,120.93,2.937,2.4286777474572063
550,proxylessnas_163,75.09389999999999,3.628,4.8312845650578815
551,proxylessnas_276,156.555,1.561,0.9970936731500111
552,proxylessnas_216,97.2117,3.226,3.3185305883962526
553,proxylessnas_854,89.1175,4.216,4.7308328891631835
554,proxylessnas_299,59.8468,1.062,1.77453096907437
555,proxylessnas_268,149.024,2.355,1.5802823706248657
556,proxylessnas_1350,95.13069999999999,2.15,2.260048543740349
557,proxylessnas_449,104.179,1.445,1.3870357749642444
558,proxylessnas_928,120.679,1.965,1.6282866115894232
559,proxylessnas_561,82.1664,3.179,3.8689780737625115
560,proxylessnas_411,83.66380000000001,1.745,2.085728833736933
561,proxylessnas_601,90.80930000000001,2.004,2.2068224289802916
562,proxylessnas_1956,135.989,2.212,1.6266021516446183
563,proxylessnas_135,70.0146,1.806,2.579461997926147
564,proxylessnas_1640,123.515,3.366,2.725175079949804
565,proxylessnas_1242,130.666,2.057,1.5742427257281926
566,proxylessnas_981,101.105,3.081,3.0473270362494436
567,proxylessnas_258,96.7695,2.518,2.602059533220695
568,proxylessnas_1301,103.864,1.652,1.5905414773164908
569,proxylessnas_677,90.8176,5.222,5.749986786702137
570,proxylessnas_477,162.304,6.102,3.7596115930599368
571,proxylessnas_1051,107.357,3.223,3.0021330700373516
572,proxylessnas_1344,93.6461,3.682,3.931824176340499
573,proxylessnas_1497,107.406,2.118,1.971956873917658
574,proxylessnas_384,81.6246,0.931,1.1405875189587453
575,proxylessnas_22,95.8168,4.884,5.097227208589726
576,proxylessnas_1765,102.252,2.446,2.392129249305637
577,proxylessnas_1475,136.17,1.489,1.0934860835720057
578,proxylessnas_1137,77.8427,3.304,4.244457091031015
579,proxylessnas_1961,82.49119999999999,3.945,4.7823282968365115
580,proxylessnas_1087,116.167,2.981,2.566133239215956
581,proxylessnas_1117,135.122,2.646,1.9582303399890466
582,proxylessnas_293,134.351,3.873,2.8827474302387035
583,proxylessnas_205,85.5626,1.793,2.0955417437057777
584,proxylessnas_1139,71.874,2.784,3.8734451957592455
585,proxylessnas_1316,69.5158,1.013,1.4572226745574386
586,proxylessnas_1076,100.531,3.613,3.5939163044235114
587,proxylessnas_1913,95.50789999999999,4.69,4.910588548172456
588,proxylessnas_1099,98.4252,3.684,3.7429438802257957
589,proxylessnas_431,102.689,2.452,2.3877922659681174
590,proxylessnas_337,107.885,1.289,1.1947907494090928
591,proxylessnas_1091,60.479699999999994,0.87,1.4384991989047566
592,proxylessnas_145,113.428,3.038,2.67835102443841
593,proxylessnas_319,90.07589999999999,3.489,3.873400099249633
594,proxylessnas_1096,84.47739999999999,1.296,1.534138124516143
595,proxylessnas_1808,113.034,1.54,1.3624219261461152
596,proxylessnas_11,58.5018,1.024,1.7503734927814187
597,proxylessnas_558,102.666,3.891,3.7899596750628253
598,proxylessnas_1190,75.8538,1.216,1.6030838270462386
599,proxylessnas_224,79.1627,2.573,3.2502681186973157
600,proxylessnas_1831,99.9715,3.43,3.430977828681174
601,proxylessnas_1293,71.36710000000001,1.588,2.2251149339121246
602,proxylessnas_1007,72.1314,1.101,1.526381021302789
603,proxylessnas_822,48.814099999999996,1.439,2.94791873659455
604,proxylessnas_562,87.7407,3.14,3.578726862220156
605,proxylessnas_805,99.5259,0.945,0.9495015870240813
606,proxylessnas_907,136.558,1.75,1.281506759032792
607,proxylessnas_1688,67.77,1.046,1.5434558064040138
608,proxylessnas_1220,121.253,2.352,1.9397458207219613
609,proxylessnas_1718,119.76,1.737,1.4504008016032066
610,proxylessnas_1250,86.4957,2.154,2.490297205525824
611,proxylessnas_1035,60.5727,2.501,4.12892276553629
612,proxylessnas_1025,121.016,1.169,0.9659879685330864
613,proxylessnas_1232,123.186,1.388,1.1267514165570762
614,proxylessnas_653,99.18339999999999,2.0,2.0164664651544517
615,proxylessnas_1399,141.924,4.046,2.8508215664721965
616,proxylessnas_162,114.139,1.776,1.5559975118057807
617,proxylessnas_1912,111.84,1.428,1.2768240343347639
618,proxylessnas_1104,113.958,1.076,0.9442075150494043
619,proxylessnas_881,97.9322,2.914,2.975527967307995
620,proxylessnas_901,100.52,1.404,1.3967369677676085
621,proxylessnas_1930,86.6858,2.337,2.6959432802142915
622,proxylessnas_648,92.9854,4.363,4.6921344641201745
623,proxylessnas_1182,76.36580000000001,3.977,5.207828635331522
624,proxylessnas_832,64.60940000000001,1.314,2.033759793466585
625,proxylessnas_1332,66.4516,1.711,2.574806325205112
626,proxylessnas_667,119.755,1.741,1.4538015114191476
627,proxylessnas_185,141.496,5.022,3.549216938994742
628,proxylessnas_1400,131.952,2.462,1.8658299987874378
629,proxylessnas_111,85.8694,2.709,3.154790880103972
630,proxylessnas_1376,82.3112,1.117,1.3570449707937682
631,proxylessnas_1066,69.658,4.017,5.766746102385943
632,proxylessnas_802,97.236,3.334,3.4287712369904146
633,proxylessnas_535,108.191,5.712,5.279551903577931
634,proxylessnas_723,73.8487,1.415,1.9160797684996487
635,proxylessnas_1903,48.7134,0.772,1.5847795473114175
636,proxylessnas_470,84.27080000000001,3.102,3.680990331170464
637,proxylessnas_352,87.1099,3.551,4.076459736493786
638,proxylessnas_415,124.713,1.306,1.0472043812593717
639,proxylessnas_1410,91.21839999999999,2.596,2.845917051822878
640,proxylessnas_1500,86.0258,2.874,3.340858207653983
641,proxylessnas_1608,92.51960000000001,2.362,2.5529725593279693
642,proxylessnas_847,138.691,3.251,2.3440598164264443
643,proxylessnas_572,112.351,4.789,4.262534378866231
644,proxylessnas_189,90.3356,1.501,1.661581923405612
645,proxylessnas_914,59.2105,1.028,1.7361785494126887
646,proxylessnas_1273,98.91189999999999,1.888,1.9087693189595996
647,proxylessnas_269,118.125,2.621,2.218835978835979
648,proxylessnas_1360,67.51219999999999,2.358,3.492702059775863
649,proxylessnas_1973,104.192,2.846,2.7314957002457003
650,proxylessnas_782,88.38069999999999,3.109,3.5177363383634668
651,proxylessnas_1136,62.7588,1.505,2.3980700714481475
652,proxylessnas_1895,113.055,3.54,3.131219318031047
653,proxylessnas_577,100.549,2.701,2.686252473918189
654,proxylessnas_1661,97.1283,0.955,0.9832355760370561
655,proxylessnas_1596,98.2864,2.751,2.798963030490485
656,proxylessnas_898,111.676,4.091,3.663275905297468
657,proxylessnas_324,108.905,1.641,1.5068178687847207
658,proxylessnas_240,129.97,5.557,4.275602062014312
659,proxylessnas_206,82.3047,3.784,4.597550322156572
660,proxylessnas_1491,68.1541,2.187,3.2089045266535687
661,proxylessnas_1638,99.47510000000001,3.569,3.5878325329655354
662,proxylessnas_451,84.83139999999999,1.224,1.442861959133057
663,proxylessnas_1949,66.1535,1.162,1.7565208190042856
664,proxylessnas_311,104.379,2.693,2.5800208854271456
665,proxylessnas_1245,105.962,2.401,2.265906645778675
666,proxylessnas_1416,125.544,6.145,4.894698273115401
667,proxylessnas_160,93.9611,3.844,4.091054702424727
668,proxylessnas_742,169.8,2.001,1.1784452296819787
669,proxylessnas_1907,133.365,3.883,2.9115585048550967
670,proxylessnas_1026,88.7976,2.418,2.7230465688261845
671,proxylessnas_1526,113.995,2.64,2.315891047852976
672,proxylessnas_365,81.1763,3.399,4.187182712195555
673,proxylessnas_1520,77.4002,1.312,1.6950860592091495
674,proxylessnas_346,79.3892,1.371,1.7269351498692516
675,proxylessnas_1033,132.367,3.637,2.747663692612207
676,proxylessnas_480,112.214,1.445,1.2877181100397457
677,proxylessnas_1838,97.36630000000001,1.313,1.3485158622644589
678,proxylessnas_308,99.3813,1.201,1.2084768462477349
679,proxylessnas_1745,82.5397,2.973,3.601903084212809
680,proxylessnas_1083,100.088,4.513,4.509032051794422
681,proxylessnas_1733,146.507,2.401,1.6388295439808336
682,proxylessnas_1037,81.006,1.218,1.5035923264943338
683,proxylessnas_452,64.357,1.832,2.846621191168016
684,proxylessnas_290,74.4964,1.435,1.9262675780306164
685,proxylessnas_770,74.78410000000001,4.292,5.739187875497597
686,proxylessnas_594,69.4847,0.948,1.3643291256924186
687,proxylessnas_583,84.3975,1.099,1.3021712728457597
688,proxylessnas_223,139.172,2.976,2.1383611646020753
689,proxylessnas_1288,97.6855,3.044,3.116122658941194
690,proxylessnas_810,153.822,1.635,1.0629168779498381
691,proxylessnas_1847,80.6977,4.486,5.559018410685806
692,proxylessnas_1776,89.89280000000001,2.963,3.2961483010875177
693,proxylessnas_1262,123.754,5.66,4.5735895405401035
694,proxylessnas_1024,108.141,2.813,2.601233574684902
695,proxylessnas_1754,71.72760000000001,1.055,1.4708424651040881
696,proxylessnas_112,69.5413,2.928,4.210447604517027
697,proxylessnas_980,84.38589999999999,1.294,1.5334315329930712
698,proxylessnas_899,118.447,1.725,1.456347564733594
699,proxylessnas_307,75.53280000000001,1.908,2.5260549059481443
700,proxylessnas_931,84.6412,1.506,1.7792753410868465
701,proxylessnas_1154,68.29939999999999,0.853,1.2489128747836733
702,proxylessnas_1856,94.1533,3.874,4.114566350834225
703,proxylessnas_1016,86.3011,3.859,4.471553665017016
704,proxylessnas_1004,130.382,3.094,2.3730269515730695
705,proxylessnas_1567,124.633,2.552,2.047611788210185
706,proxylessnas_1760,85.528,1.496,1.749134786268824
707,proxylessnas_1394,93.8218,1.64,1.7479946025337396
708,proxylessnas_1840,80.76039999999999,1.622,2.0084100623572945
709,proxylessnas_845,64.6559,1.192,1.8436059199547141
710,proxylessnas_858,86.1986,0.94,1.090504950196407
711,proxylessnas_1579,80.8767,3.667,4.534062344284571
712,proxylessnas_5,79.0583,2.493,3.1533690959709473
713,proxylessnas_43,56.8261,1.841,3.239708514221458
714,proxylessnas_1578,88.04639999999999,2.458,2.791709825728253
715,proxylessnas_985,91.6127,3.389,3.699268769504664
716,proxylessnas_1704,89.7646,2.998,3.339846665612057
717,proxylessnas_1088,72.4889,0.782,1.078785855489599
718,proxylessnas_1806,102.672,3.596,3.5024154589371985
719,proxylessnas_673,94.3942,2.519,2.668596163747349
720,proxylessnas_201,131.986,1.434,1.0864788689709515
721,proxylessnas_1744,101.497,1.491,1.469008936224716
722,proxylessnas_35,92.3493,2.855,3.091523162601124
723,proxylessnas_53,86.44189999999999,1.185,1.370862972701896
724,proxylessnas_399,79.9632,2.858,3.574144106288893
725,proxylessnas_462,54.4537,1.477,2.712396035531103
726,proxylessnas_294,136.303,1.195,0.8767231829086668
727,proxylessnas_841,106.51,1.51,1.4177072575345038
728,proxylessnas_1209,68.166,1.487,2.1814394272804627
729,proxylessnas_1304,99.2483,1.281,1.2907022085013042
730,proxylessnas_1693,94.03110000000001,4.849,5.156804504041747
731,proxylessnas_1844,77.8278,1.369,1.7590115614214974
732,proxylessnas_184,131.716,2.943,2.234352698229524
733,proxylessnas_1886,97.52489999999999,4.486,4.599850909870198
734,proxylessnas_1501,79.5218,1.585,1.9931641386387131
735,proxylessnas_1920,75.6391,0.957,1.265218650142585
736,proxylessnas_1571,68.1838,1.27,1.862612526729223
737,proxylessnas_693,92.2193,2.366,2.565623464936299
738,proxylessnas_579,158.366,4.685,2.958337016783905
739,proxylessnas_1180,150.522,4.844,3.2181342262260673
740,proxylessnas_457,66.9682,1.509,2.2533082866196192
741,proxylessnas_10,103.725,2.066,1.991805254278139
742,proxylessnas_1258,70.7835,2.467,3.485275523250475
743,proxylessnas_326,69.735,1.199,1.7193661719366173
744,proxylessnas_142,83.4247,3.34,4.003610441511926
745,proxylessnas_1120,57.0414,0.705,1.2359444193164963
746,proxylessnas_998,87.4696,1.145,1.30902622168159
747,proxylessnas_1928,78.6731,1.259,1.6002928574061528
748,proxylessnas_1595,122.814,1.271,1.034898301496572
749,proxylessnas_1820,114.288,1.497,1.3098488030239397
750,proxylessnas_1420,87.7269,4.374,4.985927919486497
751,proxylessnas_1713,93.2381,1.398,1.4993870531467284
752,proxylessnas_250,73.781,1.347,1.8256732763177508
753,proxylessnas_1611,87.1226,0.991,1.1374775316622783
754,proxylessnas_1412,84.55369999999999,3.811,4.507194835944494
755,proxylessnas_1178,151.096,4.631,3.064938846825859
756,proxylessnas_1001,94.34519999999999,3.109,3.2953451791930064
757,proxylessnas_146,64.5554,1.235,1.9130855048531958
758,proxylessnas_1284,68.9344,1.043,1.5130326803453717
759,proxylessnas_1176,128.309,4.043,3.1509870702756624
760,proxylessnas_1670,98.4098,1.526,1.5506585726218323
761,proxylessnas_26,101.826,2.469,2.424724530080726
762,proxylessnas_109,114.882,3.063,2.666214028307307
763,proxylessnas_483,77.66369999999999,1.829,2.355025578230242
764,proxylessnas_679,88.00019999999999,1.701,1.9329501523860175
765,proxylessnas_896,122.748,3.466,2.8236712614462154
766,proxylessnas_1936,69.95089999999999,1.84,2.6304164778437453
767,proxylessnas_25,149.738,4.593,3.067357651364383
768,proxylessnas_1597,79.57239999999999,1.171,1.4716157863781916
769,proxylessnas_704,71.7531,2.5,3.4841700219223974
770,proxylessnas_199,112.071,1.543,1.3768057749105478
771,proxylessnas_1198,164.327,1.834,1.116067353508553
772,proxylessnas_892,82.4122,1.192,1.4463877920987427
773,proxylessnas_1832,95.42960000000001,3.426,3.590081064994509
774,proxylessnas_137,124.854,4.627,3.705928524516635
775,proxylessnas_1950,147.73,1.595,1.0796723752792257
776,proxylessnas_1403,88.56089999999999,4.611,5.206586653929669
777,proxylessnas_1628,65.8755,1.734,2.632238085479427
778,proxylessnas_249,124.794,3.035,2.432007949100117
779,proxylessnas_410,92.32719999999999,1.33,1.440528901558804
780,proxylessnas_1924,108.893,3.133,2.8771362713856723
781,proxylessnas_697,106.079,2.465,2.3237398542595615
782,proxylessnas_264,145.482,2.18,1.4984671643227343
783,proxylessnas_1186,118.219,3.319,2.807501332273154
784,proxylessnas_1336,109.047,5.789,5.308720093170835
785,proxylessnas_662,94.2051,0.948,1.0063149447322914
786,proxylessnas_1445,100.176,1.796,1.792844593515413
787,proxylessnas_616,127.417,2.533,1.9879607901614385
788,proxylessnas_1519,91.23819999999999,2.115,2.3181079854709985
789,proxylessnas_918,81.16839999999999,1.224,1.5079760103685673
790,proxylessnas_925,90.58210000000001,1.363,1.5047122996706852
791,proxylessnas_857,71.30860000000001,2.683,3.76251952779889
792,proxylessnas_446,50.3906,2.815,5.586359360674412
793,proxylessnas_368,89.3435,2.283,2.555306205823591
794,proxylessnas_1406,55.712300000000006,2.573,4.618369731639152
795,proxylessnas_1324,67.7444,1.478,2.1817301503888142
796,proxylessnas_1968,76.04560000000001,2.56,3.366401211904436
797,proxylessnas_1367,90.3451,2.445,2.7062895497376167
798,proxylessnas_849,88.2209,3.133,3.551312670807031
799,proxylessnas_219,78.94789999999999,1.925,2.4383169153327704
800,proxylessnas_1876,106.228,3.003,2.8269382836916823
801,proxylessnas_275,69.2097,2.026,2.927335330163257
802,proxylessnas_1081,128.446,1.666,1.2970431153947963
803,proxylessnas_1780,107.167,1.355,1.2643817593102353
804,proxylessnas_1274,143.644,1.519,1.0574754253571328
805,proxylessnas_934,90.29060000000001,1.263,1.3988167096021067
806,proxylessnas_609,57.8864,1.737,3.00070482876807
807,proxylessnas_1286,60.520199999999996,2.14,3.536009464608511
808,proxylessnas_1440,70.0363,3.838,5.480015363461519
809,proxylessnas_1621,72.15889999999999,2.091,2.897771446072488
810,proxylessnas_1260,91.9967,2.656,2.8870600793289327
811,proxylessnas_1532,65.7988,2.565,3.89824738445078
812,proxylessnas_645,68.9498,2.445,3.546058146651622
813,proxylessnas_1927,63.8296,0.961,1.50557108300851
814,proxylessnas_769,158.707,5.037,3.1737730534885036
815,proxylessnas_493,115.73,1.934,1.6711310809643134
816,proxylessnas_211,91.7891,3.554,3.8719194326995248
817,proxylessnas_356,61.9137,0.899,1.4520211197198682
818,proxylessnas_1598,90.7949,1.91,2.1036423852000494
819,proxylessnas_1684,87.686,1.315,1.4996692744565836
820,proxylessnas_547,89.67389999999999,1.202,1.3404123161811854
821,proxylessnas_1768,128.24,3.619,2.822052401746725
822,proxylessnas_1551,113.502,2.177,1.9180278761607727
823,proxylessnas_927,124.669,3.447,2.7649215121642112
824,proxylessnas_737,74.81039999999999,1.399,1.8700608471549414
825,proxylessnas_746,129.459,2.106,1.6267698653627787
826,proxylessnas_434,59.7556,1.354,2.2658964180762973
827,proxylessnas_1042,104.486,1.566,1.498765384836246
828,proxylessnas_710,118.884,1.506,1.2667810638942163
829,proxylessnas_1138,127.383,5.293,4.155185542811835
830,proxylessnas_532,61.4375,4.18,6.8036622583926745
831,proxylessnas_741,147.13,4.119,2.7995650105349013
832,proxylessnas_620,57.1551,0.831,1.4539384936777295
833,proxylessnas_1555,101.358,2.766,2.7289409814716152
834,proxylessnas_1200,85.6989,1.29,1.5052701960001822
835,proxylessnas_1079,109.892,3.095,2.8164015578932045
836,proxylessnas_766,104.122,1.006,0.9661742955379267
837,proxylessnas_1957,108.764,3.397,3.1232760839983817
838,proxylessnas_1816,80.2239,1.987,2.476818005606808
839,proxylessnas_1300,113.236,1.355,1.1966159171994772
840,proxylessnas_1251,101.538,2.512,2.4739506391695723
841,proxylessnas_1432,96.5077,2.115,2.1915349759656486
842,proxylessnas_1415,132.92,3.552,2.6722840806500154
843,proxylessnas_798,57.8595,2.906,5.022511428546739
844,proxylessnas_183,96.6008,2.336,2.4181994352013647
845,proxylessnas_1462,110.413,1.369,1.2398902303170822
846,proxylessnas_1219,111.863,1.454,1.2998042248107058
847,proxylessnas_424,76.3274,2.914,3.8177640008699365
848,proxylessnas_539,90.8786,1.573,1.730880537332221
849,proxylessnas_1494,95.06389999999999,2.163,2.275311658789509
850,proxylessnas_242,91.5331,5.387,5.885302693779627
851,proxylessnas_422,99.77810000000001,3.266,3.273263371421183
852,proxylessnas_1474,99.9525,4.348,4.350066281483705
853,proxylessnas_1650,76.38380000000001,2.227,2.915539682498121
854,proxylessnas_1726,98.0692,5.631,5.741863908342274
855,proxylessnas_1561,67.0612,1.498,2.2337804870774756
856,proxylessnas_576,95.1197,6.254,6.574873554058729
857,proxylessnas_1540,119.04,2.879,2.4185147849462365
858,proxylessnas_1651,88.5498,2.127,2.4020381751285713
859,proxylessnas_776,137.026,3.803,2.7753856932261027
860,proxylessnas_1592,63.9833,1.047,1.6363644888588116
861,proxylessnas_1135,99.45739999999999,1.643,1.6519635542453355
862,proxylessnas_1383,71.3232,3.134,4.3940821499876614
863,proxylessnas_1683,64.308,1.833,2.8503452136592644
864,proxylessnas_8,72.0921,1.214,1.683957049385439
865,proxylessnas_731,74.1275,2.278,3.0730835384978583
866,proxylessnas_1855,69.4837,1.594,2.2940632119475506
867,proxylessnas_1485,142.358,5.371,3.772882451284789
868,proxylessnas_62,122.591,1.507,1.2292908941113132
869,proxylessnas_1443,44.1405,1.375,3.115053069176833
870,proxylessnas_719,121.252,1.534,1.2651337709893447
871,proxylessnas_688,71.1301,1.93,2.7133379539744777
872,proxylessnas_987,130.16,3.833,2.944837123540258
873,proxylessnas_383,122.063,4.65,3.8095082047794993
874,proxylessnas_348,110.124,1.267,1.150521230612764
875,proxylessnas_1671,99.3685,1.108,1.1150414869903442
876,proxylessnas_1225,105.56,3.177,3.0096627510420615
877,proxylessnas_611,88.98410000000001,3.593,4.037800011462721
878,proxylessnas_1817,112.995,3.314,2.932873135979468
879,proxylessnas_705,79.7132,2.136,2.679606388904222
880,proxylessnas_1916,135.924,4.251,3.1274830052087936
881,proxylessnas_336,62.0156,3.122,5.034217196963345
882,proxylessnas_1616,84.7957,1.396,1.6463098954310182
883,proxylessnas_1254,78.99980000000001,2.631,3.330388178197919
884,proxylessnas_1375,113.266,2.611,2.3051930853036215
885,proxylessnas_908,67.2963,2.97,4.413318414236741
886,proxylessnas_1508,140.842,1.918,1.3618096874511862
887,proxylessnas_1407,84.849,1.995,2.3512357246402433
888,proxylessnas_251,122.611,4.327,3.529047149113864
889,proxylessnas_963,128.853,4.566,3.5435729086633603
890,proxylessnas_51,86.68010000000001,1.247,1.4386231672552292
891,proxylessnas_12,104.163,1.244,1.194282038727763
892,proxylessnas_1047,89.11580000000001,1.483,1.6641269000558825
893,proxylessnas_315,73.41980000000001,1.749,2.3821911800359032
894,proxylessnas_977,70.075,1.38,1.96931858722797
895,proxylessnas_1125,53.832,2.199,4.084930896121266
896,proxylessnas_1185,71.762,1.013,1.4116106017112118
897,proxylessnas_119,101.628,3.091,3.0414846302200185
898,proxylessnas_404,71.90780000000001,2.051,2.8522635931011653
899,proxylessnas_1664,73.131,1.253,1.7133636898169036
900,proxylessnas_1645,118.13,2.622,2.2195885888428
901,proxylessnas_1021,90.05,4.382,4.866185452526374
902,proxylessnas_1758,75.34360000000001,0.912,1.2104545044303696
903,proxylessnas_1764,126.086,2.536,2.011325603159748
904,proxylessnas_544,85.7402,3.151,3.6750555748645324
905,proxylessnas_1472,85.0398,1.124,1.3217340586407778
906,proxylessnas_1056,118.589,4.174,3.5197193668890034
907,proxylessnas_1165,50.625099999999996,1.112,2.1965388710343294
908,proxylessnas_409,64.496,1.323,2.051290002480774
909,proxylessnas_1982,82.869,2.006,2.4206880739480385
910,proxylessnas_1657,46.7304,1.197,2.561501720507421
911,proxylessnas_330,73.2732,2.316,3.1607736525769305
912,proxylessnas_1755,75.4118,1.03,1.3658339941494568
913,proxylessnas_234,80.6287,1.929,2.3924483465564994
914,proxylessnas_909,113.027,2.508,2.218938837622869
915,proxylessnas_1825,121.706,1.708,1.403381920365471
916,proxylessnas_496,120.532,3.512,2.913749045896526
917,proxylessnas_797,50.7586,2.336,4.6021757889303485
918,proxylessnas_1356,81.0421,1.202,1.4831797300415461
919,proxylessnas_164,126.162,5.087,4.032117436312043
920,proxylessnas_659,110.61,1.107,1.000813669650122
921,proxylessnas_1915,131.19,1.437,1.095357877887034
922,proxylessnas_288,93.9767,1.31,1.393962546035347
923,proxylessnas_818,86.4346,4.686,5.421440025175103
924,proxylessnas_530,116.909,2.725,2.3308727300721075
925,proxylessnas_1299,76.0673,1.034,1.3593225998556542
926,proxylessnas_1575,81.16,2.014,2.4815179891572203
927,proxylessnas_1095,84.6965,1.791,2.1146092223409467
928,proxylessnas_655,68.1857,0.925,1.3565894315083662
929,proxylessnas_57,105.83,2.776,2.6230747425115752
930,proxylessnas_1434,93.7758,0.928,0.9895943303069662
931,proxylessnas_1122,90.95639999999999,1.194,1.3127168621449399
932,proxylessnas_888,133.367,3.29,2.466877113528834
933,proxylessnas_1110,97.0112,3.157,3.2542634252539915
934,proxylessnas_1779,78.33239999999999,4.458,5.691131639015274
935,proxylessnas_1573,58.128699999999995,1.432,2.463499097691846
936,proxylessnas_1757,96.7253,1.981,2.0480680855991142
937,proxylessnas_46,128.451,2.919,2.272461872620688
938,proxylessnas_1609,73.4748,1.153,1.5692455100252058
939,proxylessnas_195,75.6867,4.654,6.149032789116185
940,proxylessnas_761,81.294,1.259,1.5486997810416512
941,proxylessnas_419,74.6703,0.938,1.2561888729521642
942,proxylessnas_570,94.5817,2.354,2.488853552008475
943,proxylessnas_1894,82.701,1.667,2.0156950943761265
944,proxylessnas_1727,103.453,3.282,3.1724551245493124
945,proxylessnas_1922,74.1734,1.295,1.7459089107415866
946,proxylessnas_101,94.8305,2.79,2.942091415736498
947,proxylessnas_1246,67.57539999999999,0.994,1.4709494875354052
948,proxylessnas_1381,112.908,2.51,2.223048853934176
949,proxylessnas_334,135.699,1.356,0.9992704441447616
950,proxylessnas_1101,98.48780000000001,1.278,1.2976226497088978
951,proxylessnas_1541,105.695,1.294,1.2242774019584655
952,proxylessnas_838,57.9571,1.307,2.2551162842861356
953,proxylessnas_785,97.0813,2.437,2.5102671678273776
954,proxylessnas_42,85.6587,2.669,3.115853964629396
955,proxylessnas_1781,71.9496,1.254,1.74288668734781
956,proxylessnas_1918,106.936,5.264,4.922570509463604
957,proxylessnas_949,116.845,2.474,2.117334930891352
958,proxylessnas_1493,129.008,1.488,1.1534168423663649
959,proxylessnas_721,68.1732,1.337,1.9611812266403807
960,proxylessnas_1175,99.9932,2.976,2.97620238176196
961,proxylessnas_1675,88.0077,4.671,5.30749014006729
962,proxylessnas_1396,66.1756,1.41,2.1306946971391265
963,proxylessnas_779,81.0332,3.742,4.617860333789114
964,proxylessnas_306,92.2758,5.14,5.570257857423072
965,proxylessnas_40,91.2222,2.476,2.7142515747263274
966,proxylessnas_1451,89.9697,1.227,1.363792476800523
967,proxylessnas_504,108.932,1.649,1.5137884184628942
968,proxylessnas_1617,67.29169999999999,1.858,2.761113183349507
969,proxylessnas_66,106.75,2.176,2.0384074941451993
970,proxylessnas_304,166.397,2.987,1.7951044790470982
971,proxylessnas_1082,62.5249,0.929,1.485808054071258
972,proxylessnas_1975,102.236,2.141,2.0941742634688367
973,proxylessnas_1796,98.7065,3.067,3.107191522341487
974,proxylessnas_1969,76.7494,4.589,5.9791998373928665
975,proxylessnas_871,96.6143,2.542,2.6310804922252706
976,proxylessnas_1145,107.69,1.624,1.5080323149781782
977,proxylessnas_279,75.7043,3.967,5.240125065551098
978,proxylessnas_450,88.5932,4.696,5.300632554191518
979,proxylessnas_1237,88.0024,1.825,2.073807077988782
980,proxylessnas_1658,88.5543,1.325,1.4962570987518393
981,proxylessnas_1031,111.897,3.306,2.954502801683691
982,proxylessnas_676,78.8274,4.287,5.438464290335594
983,proxylessnas_569,85.82889999999999,0.998,1.162778504676164
984,proxylessnas_1701,96.46289999999999,2.201,2.281706231100247
985,proxylessnas_317,70.05510000000001,3.276,4.676319068847235
986,proxylessnas_1465,102.793,3.687,3.586820114210111
987,proxylessnas_323,80.70710000000001,3.046,3.7741413085094115
988,proxylessnas_1142,81.1408,1.101,1.3569005974799362
989,proxylessnas_1270,125.253,5.014,4.003097730194087
990,proxylessnas_1700,84.322,2.2,2.6090462749934775
991,proxylessnas_1570,127.515,4.482,3.514880602282085
992,proxylessnas_1197,67.4469,4.134,6.1292661338030365
993,proxylessnas_1271,67.0218,1.307,1.9501117546828046
994,proxylessnas_1241,85.948,1.302,1.5148694559501095
995,proxylessnas_277,85.70039999999999,4.474,5.220512389673795
996,proxylessnas_333,129.573,3.349,2.584643405647782
997,proxylessnas_1896,84.18430000000001,1.737,2.0633300983675102
998,proxylessnas_1642,77.7002,3.068,3.948509785045599
999,proxylessnas_80,100.776,3.238,3.213066603159483
1000,proxylessnas_1991,130.85,2.406,1.838746656476882
1001,proxylessnas_1559,63.713300000000004,1.38,2.165952791646328
1002,proxylessnas_1498,105.893,2.272,2.145562029595913
1003,proxylessnas_1495,139.888,7.222,5.162701589843303
1004,proxylessnas_1753,77.76769999999999,1.809,2.3261585465431023
1005,proxylessnas_400,72.1157,1.688,2.3406830967459236
1006,proxylessnas_602,119.131,2.502,2.1002090136068694
1007,proxylessnas_498,62.383300000000006,1.37,2.196100558963697
1008,proxylessnas_1826,86.812,1.735,1.9985716260424828
1009,proxylessnas_1614,81.814,4.447,5.435500036668541
1010,proxylessnas_1606,95.0272,1.982,2.085718615301724
1011,proxylessnas_1874,78.8714,1.581,2.0045288913345014
1012,proxylessnas_1866,76.7911,1.181,1.5379386413269247
1013,proxylessnas_278,76.8161,2.541,3.3079002969429583
1014,proxylessnas_297,83.1694,2.43,2.9217476620006884
1015,proxylessnas_682,90.5511,2.592,2.8624721289967763
1016,proxylessnas_1792,74.9278,3.797,5.067545023342471
1017,proxylessnas_1167,99.49119999999999,0.974,0.9789810556109486
1018,proxylessnas_1060,120.63,1.413,1.171350410345685
1019,proxylessnas_221,113.268,4.585,4.047921743122506
1020,proxylessnas_291,50.0369,1.648,3.2935693458227826
1021,proxylessnas_1252,82.5749,1.168,1.4144734053568335
1022,proxylessnas_1430,99.8299,6.165,6.175504533210993
1023,proxylessnas_1981,79.53569999999999,1.232,1.548989950424778
1024,proxylessnas_1191,104.799,2.445,2.333037528984055
1025,proxylessnas_461,55.2482,1.239,2.2426069989610524
1026,proxylessnas_1239,90.2933,2.801,3.10211278134701
1027,proxylessnas_1948,157.596,3.413,2.165664103149826
1028,proxylessnas_1923,117.307,2.548,2.1720783925937925
1029,proxylessnas_1446,145.9,1.908,1.3077450308430432
1030,proxylessnas_459,89.3594,2.273,2.543660767641681
1031,proxylessnas_33,113.332,4.705,4.151519429640349
1032,proxylessnas_351,115.493,4.07,3.5240231009671588
1033,proxylessnas_1044,79.6392,2.65,3.3275070568262866
1034,proxylessnas_664,106.609,3.65,3.4237259518427146
1035,proxylessnas_1774,115.111,4.805,4.1742318284091
1036,proxylessnas_1223,119.259,3.573,2.9960003018640102
1037,proxylessnas_1865,89.4238,3.588,4.012354652788184
1038,proxylessnas_1398,85.3077,4.976,5.833002179170228
1039,proxylessnas_1161,119.456,3.525,2.9508773104741493
1040,proxylessnas_729,86.4441,2.154,2.491783707621457
1041,proxylessnas_608,89.6805,2.054,2.290352975284482
1042,proxylessnas_1712,151.907,1.678,1.104623223419592
1043,proxylessnas_1841,61.956900000000005,2.51,4.0512033365129625
1044,proxylessnas_1256,96.0765,2.5,2.6020931237087113
1045,proxylessnas_1711,55.723699999999994,1.031,1.8502001841227342
1046,proxylessnas_1173,97.875,5.654,5.776756066411239
1047,proxylessnas_1437,112.143,3.807,3.394772745512426
1048,proxylessnas_1983,76.8546,3.487,4.537138961103174
1049,proxylessnas_2,99.2485,3.999,4.029280039496818
1050,proxylessnas_970,64.1649,1.67,2.6026690604988083
1051,proxylessnas_100,92.172,2.613,2.834917328472855
1052,proxylessnas_254,118.857,1.53,1.2872611625735129
1053,proxylessnas_428,100.138,4.532,4.525754458846791
1054,proxylessnas_1130,128.759,1.386,1.0764296088040448
1055,proxylessnas_20,57.4749,2.433,4.233152210791145
1056,proxylessnas_1349,90.6692,1.4,1.544074503800629
1057,proxylessnas_267,74.1625,2.449,3.302207989212877
1058,proxylessnas_684,132.763,1.68,1.26541280326597
1059,proxylessnas_975,118.648,4.178,3.521340435574135
1060,proxylessnas_681,119.596,3.668,3.0669922070972273
1061,proxylessnas_1994,77.6704,2.913,3.750463497033619
1062,proxylessnas_1310,131.974,5.072,3.8431812326670407
1063,proxylessnas_1558,53.9063,2.805,5.203473434459424
1064,proxylessnas_915,89.881,3.277,3.6459318432149175
1065,proxylessnas_1986,70.4933,1.81,2.5676199014658128
1066,proxylessnas_321,84.9646,1.785,2.100874952627329
1067,proxylessnas_1587,72.72019999999999,3.516,4.834970200852033
1068,proxylessnas_722,60.7905,2.529,4.1601895032941
1069,proxylessnas_646,118.373,1.248,1.0542944759362354
1070,proxylessnas_1470,81.7218,1.955,2.3922625297044364
1071,proxylessnas_231,79.0227,2.121,2.684038890091075
1072,proxylessnas_340,78.22439999999999,1.718,2.1962456727057034
1073,proxylessnas_83,110.516,3.152,2.852075717543161
1074,proxylessnas_1791,77.2432,3.01,3.896783147254386
1075,proxylessnas_1425,109.202,3.491,3.196827896924965
1076,proxylessnas_176,61.1411,2.505,4.097080360019692
1077,proxylessnas_1506,86.1583,2.572,2.9852028185328634
1078,proxylessnas_1503,126.077,3.857,3.059241574593304
1079,proxylessnas_209,93.9608,2.846,3.028922699679015
1080,proxylessnas_1159,90.16489999999999,0.925,1.0258981044730269
1081,proxylessnas_1207,118.028,1.253,1.061612498729115
1082,proxylessnas_408,118.546,3.109,2.622610632159668
1083,proxylessnas_850,110.51,2.345,2.121979911320243
1084,proxylessnas_1343,70.4614,1.869,2.652516129398508
1085,proxylessnas_1162,133.09,3.181,2.3901119543166276
1086,proxylessnas_516,86.8899,4.622,5.319375439492967
1087,proxylessnas_1963,130.466,3.722,2.852850551101436
1088,proxylessnas_812,92.57310000000001,1.651,1.7834554530419742
1089,proxylessnas_154,118.475,4.429,3.7383414222409797
1090,proxylessnas_372,91.5959,5.273,5.756807892056304
1091,proxylessnas_1019,120.678,6.779,5.6174281973516305
1092,proxylessnas_1086,77.5505,1.288,1.6608532504626017
1093,proxylessnas_1523,83.5735,1.151,1.377230820774528
1094,proxylessnas_1568,77.8137,3.696,4.749806268047915
1095,proxylessnas_1967,119.835,2.205,1.840030041306797
1096,proxylessnas_166,92.91239999999999,1.333,1.4346847137734038
1097,proxylessnas_1580,66.037,4.193,6.349470751245513
1098,proxylessnas_1667,58.472300000000004,1.118,1.912016459075494
1099,proxylessnas_668,97.448,4.35,4.463919218454971
1100,proxylessnas_1382,108.936,2.061,1.8919365499008591
1101,proxylessnas_717,87.9065,2.561,2.913322678072725
1102,proxylessnas_280,113.465,5.006,4.41193319525845
1103,proxylessnas_778,100.366,4.536,4.5194587808620446
1104,proxylessnas_882,118.883,3.437,2.891077782357444
1105,proxylessnas_1869,64.6315,2.385,3.6901510873181027
1106,proxylessnas_991,78.4783,3.19,4.064817917819321
1107,proxylessnas_784,110.046,2.086,1.8955709430601746
1108,proxylessnas_1421,107.907,1.325,1.2279092181230133
1109,proxylessnas_1887,117.54,2.81,2.3906755147183936
1110,proxylessnas_1123,124.472,2.671,2.145864130085481
1111,proxylessnas_1450,83.92360000000001,1.539,1.833810751683674
1112,proxylessnas_74,89.43589999999999,2.616,2.924999916141058
1113,proxylessnas_1703,84.924,2.847,3.3524092129433374
1114,proxylessnas_1842,58.9002,1.25,2.1222338803603384
1115,proxylessnas_261,80.683,2.866,3.552173320278125
1116,proxylessnas_1530,89.4081,1.928,2.1564041736710653
1117,proxylessnas_651,97.56710000000001,2.161,2.2148859605338274
1118,proxylessnas_256,70.8032,1.293,1.8261886468408206
1119,proxylessnas_1129,69.2531,2.357,3.4034577513497597
1120,proxylessnas_1919,133.094,5.253,3.9468345680496495
1121,proxylessnas_1952,83.994,3.316,3.9479010405505153
1122,proxylessnas_979,68.7332,1.294,1.8826418673945053
1123,proxylessnas_1477,83.2616,1.648,1.9793037846978678
1124,proxylessnas_454,115.008,1.234,1.072968836950473
1125,proxylessnas_1279,80.2582,1.638,2.040912953442763
1126,proxylessnas_630,120.861,2.173,1.7979331628896005
1127,proxylessnas_796,94.8367,2.618,2.7605346875207593
1128,proxylessnas_1929,81.2354,1.541,1.8969562530620887
1129,proxylessnas_674,88.11210000000001,2.162,2.453692512152133
1130,proxylessnas_1113,143.425,4.099,2.85793968973331
1131,proxylessnas_843,59.456199999999995,3.98,6.694003316727272
1132,proxylessnas_531,82.8825,1.805,2.177781799535487
1133,proxylessnas_1521,109.995,2.566,2.3328333106050274
1134,proxylessnas_1694,68.6298,1.45,2.1127848252508383
1135,proxylessnas_1786,92.73780000000001,2.569,2.7701756996607636
1136,proxylessnas_316,55.6394,2.618,4.705298763106719
1137,proxylessnas_271,88.75880000000001,1.91,2.1518993046323294
1138,proxylessnas_443,104.081,4.402,4.229398257126661
1139,proxylessnas_1797,99.9185,2.137,2.1387430756066195
1140,proxylessnas_1397,67.7504,2.982,4.401450028339316
1141,proxylessnas_1556,90.2127,3.469,3.8453565850484464
1142,proxylessnas_976,88.3318,3.487,3.9476156944611116
1143,proxylessnas_1531,84.62689999999999,1.232,1.4558018785988853
1144,proxylessnas_739,115.097,1.963,1.7055179544210537
1145,proxylessnas_1380,100.076,1.418,1.4169231384148047
1146,proxylessnas_1,116.2,2.004,1.7246127366609294
1147,proxylessnas_967,83.171,1.328,1.5967103918433108
1148,proxylessnas_1002,121.72,2.931,2.407985540584949
1149,proxylessnas_1459,109.214,3.738,3.422638123317524
1150,proxylessnas_680,105.303,4.259,4.044519149501914
1151,proxylessnas_1512,72.9115,0.844,1.1575677362281669
1152,proxylessnas_700,105.45,2.205,2.091038406827881
1153,proxylessnas_1978,92.6687,1.528,1.64888468274617
1154,proxylessnas_989,133.464,5.86,4.390697116825511
1155,proxylessnas_1858,113.975,2.419,2.1223952621188857
1156,proxylessnas_1993,123.205,3.342,2.7125522503145167
1157,proxylessnas_1393,67.1153,1.223,1.8222372543965384
1158,proxylessnas_263,88.5548,1.626,1.8361511741881862
1159,proxylessnas_612,85.9076,2.801,3.2604798644124617
1160,proxylessnas_1589,54.2795,1.109,2.0431286213027016
1161,proxylessnas_1442,70.17410000000001,1.046,1.4905784327836051
1162,proxylessnas_873,127.203,3.11,2.4449108904664194
1163,proxylessnas_958,142.583,4.602,3.227593752410877
1164,proxylessnas_1215,96.1002,2.958,3.078037298569618
1165,proxylessnas_177,74.7867,3.792,5.0704202752628476
1166,proxylessnas_430,67.484,1.548,2.2938770671566595
1167,proxylessnas_1837,100.233,3.311,3.303303303303303
1168,proxylessnas_1236,86.2789,1.263,1.4638573278055238
1169,proxylessnas_435,101.223,2.858,2.8234689744425676
1170,proxylessnas_1528,88.0972,1.871,2.1237905404485047
1171,proxylessnas_1417,99.6035,1.523,1.5290627337392761
1172,proxylessnas_868,58.633,2.666,4.5469274981665615
1173,proxylessnas_787,84.58319999999999,1.3,1.5369482355834259
1174,proxylessnas_607,73.255,1.383,1.887925738857416
1175,proxylessnas_402,96.1712,1.523,1.5836341857021645
1176,proxylessnas_237,54.8515,2.603,4.7455402313519235
1177,proxylessnas_1958,69.642,3.735,5.36314293098992
1178,proxylessnas_992,93.60860000000001,3.142,3.3565292077864637
1179,proxylessnas_73,99.7805,1.252,1.2547541854370343
1180,proxylessnas_1292,103.474,1.412,1.364594004290933
1181,proxylessnas_996,87.9485,3.691,4.196774248565922
1182,proxylessnas_473,110.651,1.55,1.4008007157639788
1183,proxylessnas_1546,110.706,7.001,6.323957147760735
1184,proxylessnas_584,72.9875,1.697,2.3250556602157904
1185,proxylessnas_1012,121.596,3.404,2.7994341919142074
1186,proxylessnas_564,134.136,1.474,1.09888471402159
1187,proxylessnas_1116,78.19189999999999,1.124,1.4374890493772376
1188,proxylessnas_1222,64.94330000000001,2.523,3.8849273135180997
1189,proxylessnas_492,102.494,1.841,1.796202704548559
1190,proxylessnas_1334,74.2081,3.429,4.620789374744805
1191,proxylessnas_1881,95.7088,2.753,2.8764335149954867
1192,proxylessnas_373,87.0061,1.697,1.950437957798361
1193,proxylessnas_71,43.6982,1.672,3.826244559272464
1194,proxylessnas_1812,89.932,2.086,2.319530311791131
1195,proxylessnas_735,113.688,5.02,4.415593554288931
1196,proxylessnas_523,101.856,4.526,4.443528118127553
1197,proxylessnas_814,132.173,5.296,4.0068697842978525
1198,proxylessnas_1093,78.9249,2.924,3.7047877159172833
1199,proxylessnas_487,86.88539999999999,2.64,3.03848517702629
1200,proxylessnas_1227,130.13,3.19,2.451394759087067
1201,proxylessnas_1098,142.088,4.897,3.4464557175834694
1202,proxylessnas_1487,116.086,2.513,2.16477439139948
1203,proxylessnas_1897,110.729,2.717,2.4537384063795393
1204,proxylessnas_1073,105.207,1.609,1.5293659167165683
1205,proxylessnas_1028,89.3288,1.109,1.2414809109716014
1206,proxylessnas_1892,99.7338,4.576,4.588213825202689
1207,proxylessnas_1900,74.31530000000001,0.886,1.1922174841519848
1208,proxylessnas_1722,104.359,2.753,2.6380091798503247
1209,proxylessnas_1569,146.227,2.698,1.8450764906617794
1210,proxylessnas_38,95.6747,2.94,3.0729126926972334
1211,proxylessnas_1634,82.2038,1.297,1.5777859417691151
1212,proxylessnas_800,95.6071,1.879,1.965335210460311
1213,proxylessnas_1308,67.5354,1.08,1.5991613287253799
1214,proxylessnas_760,99.2591,2.343,2.3604888619783977
1215,proxylessnas_227,59.1563,0.805,1.360801808091446
1216,proxylessnas_103,106.644,3.765,3.530437718015078
1217,proxylessnas_1767,100.778,1.956,1.9408997995594275
1218,proxylessnas_771,119.6,1.181,0.9874581939799333
1219,proxylessnas_1231,124.629,4.269,3.425366487735599
1220,proxylessnas_1647,77.2591,3.72,4.814966780612251
1221,proxylessnas_1339,88.5566,1.364,1.5402578689787096
1222,proxylessnas_1364,114.448,1.911,1.6697539493918636
1223,proxylessnas_490,103.6,1.406,1.3571428571428572
1224,proxylessnas_968,91.3827,3.846,4.208674070693906
1225,proxylessnas_835,63.6499,0.943,1.4815419977093442
1226,proxylessnas_1157,86.53110000000001,5.08,5.870721624941783
1227,proxylessnas_831,100.153,2.632,2.62797919183649
1228,proxylessnas_1317,103.606,3.328,3.2121691793911546
1229,proxylessnas_1048,123.637,2.679,2.1668270825076634
1230,proxylessnas_1563,74.9902,2.566,3.4217804459782744
1231,proxylessnas_683,101.567,1.37,1.3488633119024882
1232,proxylessnas_1189,54.537699999999994,1.618,2.9667551070177147
1233,proxylessnas_1179,57.505900000000004,1.048,1.8224216993386766
1234,proxylessnas_614,100.518,1.188,1.1818778726198294
1235,proxylessnas_506,74.6815,3.217,4.307626386722281
1236,proxylessnas_1112,84.0216,2.254,2.6826435107162916
1237,proxylessnas_475,88.5302,1.424,1.608490661943608
1238,proxylessnas_14,133.433,2.885,2.162133804980777
1239,proxylessnas_650,86.8045,3.481,4.010160763554885
1240,proxylessnas_930,167.005,6.19,3.706475854016347
1241,proxylessnas_1868,144.8,6.276,4.334254143646408
1242,proxylessnas_933,115.927,2.058,1.7752551174445983
1243,proxylessnas_534,72.5925,1.193,1.6434204635465097
1244,proxylessnas_181,75.0709,2.104,2.8026838628549813
1245,proxylessnas_1707,94.5442,4.207,4.4497705834942805
1246,proxylessnas_1827,48.0739,1.048,2.179977076958599
1247,proxylessnas_885,89.9671,1.645,1.828446176435608
1248,proxylessnas_1549,109.74,1.712,1.5600510297065793
1249,proxylessnas_283,74.1292,3.741,5.046594324503705
1250,proxylessnas_799,106.695,3.465,3.247574862927035
1251,proxylessnas_1338,94.5015,1.673,1.7703422696994229
1252,proxylessnas_1759,124.98,1.837,1.4698351736277804
1253,proxylessnas_1080,90.6694,4.278,4.71824011187898
1254,proxylessnas_938,117.804,1.5,1.2733014159111746
1255,proxylessnas_200,107.774,1.93,1.790784419247685
1256,proxylessnas_1740,123.508,2.938,2.3787932765488877
1257,proxylessnas_1429,91.98689999999999,4.223,4.590871091427149
1258,proxylessnas_1348,100.759,1.984,1.9690548735100586
1259,proxylessnas_387,90.5719,1.996,2.203774018210946
1260,proxylessnas_1298,40.571,1.088,2.6817184688570657
1261,proxylessnas_1247,100.805,2.095,2.07826992708695
1262,proxylessnas_191,108.137,5.08,4.697744527774953
1263,proxylessnas_685,75.4488,3.597,4.767471450838183
1264,proxylessnas_1439,74.9819,1.179,1.5723794675781757
1265,proxylessnas_637,98.799,2.615,2.646787922954686
1266,proxylessnas_168,99.341,2.15,2.1642624898078338
1267,proxylessnas_1045,114.768,1.243,1.0830545099679354
1268,proxylessnas_510,75.3184,1.43,1.898606449420062
1269,proxylessnas_149,66.619,2.429,3.646106966481034
1270,proxylessnas_1235,97.18469999999999,1.393,1.4333531924263798
1271,proxylessnas_878,99.0798,3.971,4.0078805165129525
1272,proxylessnas_660,113.112,1.195,1.056474998231841
1273,proxylessnas_913,108.312,5.23,4.828643178964474
1274,proxylessnas_120,123.623,1.41,1.1405644580701
1275,proxylessnas_412,76.6165,2.063,2.692631482774598
1276,proxylessnas_1119,138.715,6.582,4.7449807158562525
1277,proxylessnas_652,109.293,1.464,1.3395185419011282
1278,proxylessnas_955,88.347,1.433,1.6220131979580519
1279,proxylessnas_1278,59.077,1.15,1.946612048682228
1280,proxylessnas_1966,83.17060000000001,2.343,2.817101235292278
1281,proxylessnas_1282,87.3119,2.636,3.0190615483112846
1282,proxylessnas_753,71.6634,2.858,3.9880887593946146
1283,proxylessnas_182,79.43639999999999,1.916,2.4119924870714184
1284,proxylessnas_1050,113.438,3.837,3.382464429908849
1285,proxylessnas_559,58.476099999999995,1.681,2.8746787148937774
1286,proxylessnas_1039,101.775,2.446,2.403340702530091
1287,proxylessnas_342,115.502,3.425,2.9653166178940626
1288,proxylessnas_507,102.742,3.402,3.3112067119581083
1289,proxylessnas_1615,71.05510000000001,2.076,2.9216762765797246
1290,proxylessnas_345,73.4778,1.253,1.7052769680093849
1291,proxylessnas_833,116.539,1.605,1.377221359373257
1292,proxylessnas_1008,101.549,2.777,2.734640419895814
1293,proxylessnas_1311,104.843,2.052,1.957212212546379
1294,proxylessnas_302,102.332,1.292,1.262557166868624
1295,proxylessnas_1335,100.73,5.03,4.993547106125285
1296,proxylessnas_54,113.151,3.039,2.685791552880664
1297,proxylessnas_1686,100.676,2.627,2.6093607215225076
1298,proxylessnas_1228,84.249,2.533,3.0065638761290936
1299,proxylessnas_733,100.544,3.483,3.4641549968173138
1300,proxylessnas_960,58.0166,1.395,2.4044842338227337
1301,proxylessnas_1778,121.717,6.817,5.6006966980783295
1302,proxylessnas_398,62.4246,1.977,3.1670206937649583
1303,proxylessnas_1389,120.581,1.493,1.238171851286687
1304,proxylessnas_1411,153.222,2.663,1.738001070342379
1305,proxylessnas_1938,75.45439999999999,1.536,2.0356665747789395
1306,proxylessnas_527,62.361,1.641,2.631452350026459
1307,proxylessnas_876,131.43,3.1,2.3586700144563646
1308,proxylessnas_1763,74.29910000000001,2.89,3.8896837242981404
1309,proxylessnas_1564,114.78,1.224,1.0663878724516467
1310,proxylessnas_1672,78.0324,3.422,4.385357876984433
1311,proxylessnas_65,95.0766,3.501,3.6822940660477967
1312,proxylessnas_966,99.5072,1.405,1.4119581296629793
1313,proxylessnas_157,90.33330000000001,2.566,2.840591454092787
1314,proxylessnas_937,139.815,3.497,2.501162250116225
1315,proxylessnas_329,72.12110000000001,2.645,3.6674426762764294
1316,proxylessnas_1875,77.5502,1.503,1.9380994504205016
1317,proxylessnas_950,113.003,2.573,2.276930700954842
1318,proxylessnas_1078,96.0059,2.958,3.0810606431479735
1319,proxylessnas_904,104.003,3.454,3.321058046402508
1320,proxylessnas_1216,80.0416,3.997,4.993653300283852
1321,proxylessnas_1905,87.8446,1.326,1.509483792970769
1322,proxylessnas_393,106.247,3.093,2.9111410204523422
1323,proxylessnas_117,112.744,2.056,1.8236003689775067
1324,proxylessnas_1725,90.9339,4.342,4.774896930627632
1325,proxylessnas_1461,124.27,3.031,2.4390440170596284
1326,proxylessnas_1168,79.84639999999999,3.515,4.402202228278295
1327,proxylessnas_503,69.9706,1.149,1.6421182610982328
1328,proxylessnas_903,89.55030000000001,1.994,2.2266815409886958
1329,proxylessnas_273,83.37039999999999,3.792,4.548376881962903
1330,proxylessnas_220,76.56,4.635,6.054075235109718
1331,proxylessnas_848,95.5365,3.459,3.6206057370743117
1332,proxylessnas_1046,85.946,1.733,2.0163823796337237
1333,proxylessnas_1880,99.7139,1.032,1.0349610234881998
1334,proxylessnas_90,89.8215,1.393,1.5508536374921371
1335,proxylessnas_433,92.026,2.448,2.6601177927976876
1336,proxylessnas_1698,85.2285,4.616,5.416028675853734
1337,proxylessnas_39,95.0471,1.306,1.3740555998026243
1338,proxylessnas_212,130.375,3.821,2.9307766059443914
1339,proxylessnas_99,114.05,3.797,3.3292415607189834
1340,proxylessnas_788,85.664,1.164,1.3587971610011205
1341,proxylessnas_1974,68.9281,1.356,1.9672673408958032
1342,proxylessnas_389,79.409,1.537,1.93554886725686
1343,proxylessnas_606,100.543,4.413,4.389166824144893
1344,proxylessnas_1428,91.17280000000001,1.993,2.185958970219188
1345,proxylessnas_580,132.658,2.995,2.2576851754134695
1346,proxylessnas_253,95.8975,4.311,4.495424802523528
1347,proxylessnas_1505,79.9559,4.055,5.07154568956137
1348,proxylessnas_808,79.7747,1.129,1.4152356574202096
1349,proxylessnas_752,88.5272,1.322,1.4933263448973877
1350,proxylessnas_1809,71.49719999999999,0.952,1.331520674935522
1351,proxylessnas_1705,89.4519,1.857,2.075976027339833
1352,proxylessnas_1368,85.2357,4.18,4.904048421025462
1353,proxylessnas_413,80.05560000000001,1.427,1.7825111547474504
1354,proxylessnas_226,55.061800000000005,0.926,1.6817466918989208
1355,proxylessnas_1891,57.5852,2.908,5.049908657085501
1356,proxylessnas_806,52.3411,1.764,3.3702004734329236
1357,proxylessnas_284,179.141,1.868,1.0427540317403612
1358,proxylessnas_1102,97.4736,1.982,2.0333710871456474
1359,proxylessnas_505,63.5331,0.737,1.160025246682438
1360,proxylessnas_349,119.752,2.799,2.3373304829981962
1361,proxylessnas_1290,123.426,1.322,1.071087129130005
1362,proxylessnas_1655,93.1556,1.839,1.9741164245627743
1363,proxylessnas_922,113.614,3.315,2.9177742179660955
1364,proxylessnas_1085,111.042,1.78,1.6029970641739162
1365,proxylessnas_152,62.1009,1.978,3.1851390237500583
1366,proxylessnas_175,63.036300000000004,1.619,2.568361404460604
1367,proxylessnas_1194,111.82,1.477,1.320872831336076
1368,proxylessnas_1030,81.1943,2.572,3.1677100486117866
1369,proxylessnas_1511,103.693,1.099,1.059859392630168
1370,proxylessnas_1370,86.0386,4.641,5.394090559353593
1371,proxylessnas_305,87.4445,2.257,2.5810657045325893
1372,proxylessnas_1467,66.9087,0.924,1.380986329132086
1373,proxylessnas_106,103.061,2.987,2.8982835408156333
1374,proxylessnas_281,96.4195,1.909,1.9798899600184612
1375,proxylessnas_943,140.738,3.472,2.466995409910614
1376,proxylessnas_1723,65.2834,1.378,2.110796925405233
1377,proxylessnas_1392,94.1491,3.081,3.272468881805561
1378,proxylessnas_567,68.916,1.334,1.9356898252945616
1379,proxylessnas_92,86.8563,1.04,1.1973800403655233
1380,proxylessnas_1419,71.5203,2.948,4.121906647483302
1381,proxylessnas_343,81.9011,3.18,3.8827317337618177
1382,proxylessnas_953,91.8937,1.297,1.4114134048362401
1383,proxylessnas_437,86.3105,1.486,1.7216908719101383
1384,proxylessnas_615,110.227,1.976,1.7926642292723196
1385,proxylessnas_296,134.05,2.194,1.6367027228646025
1386,proxylessnas_133,86.2223,3.757,4.357341430233245
1387,proxylessnas_1619,94.212,1.642,1.742877765040547
1388,proxylessnas_245,78.8885,1.819,2.3057860144380995
1389,proxylessnas_380,116.904,3.067,2.6235201532881685
1390,proxylessnas_1663,98.87519999999999,3.365,3.4032800945029695
1391,proxylessnas_1147,73.0522,3.294,4.509104448599769
1392,proxylessnas_1466,99.5157,4.366,4.387247439348766
1393,proxylessnas_621,53.807199999999995,0.83,1.5425444921869194
1394,proxylessnas_1632,66.9729,3.713,5.5440334821995165
1395,proxylessnas_1482,140.66,1.843,1.3102516706952938
1396,proxylessnas_1739,90.4795,4.106,4.538044529423792
1397,proxylessnas_1202,110.055,4.952,4.499568397619372
1398,proxylessnas_232,110.5,3.54,3.203619909502262
1399,proxylessnas_1384,90.13289999999999,1.831,2.0314446778035546
1400,proxylessnas_262,80.73339999999999,3.463,4.289426680902824
1401,proxylessnas_115,133.463,1.345,1.007769943729723
1402,proxylessnas_1195,91.6635,3.55,3.8728610624730675
1403,proxylessnas_1853,74.8052,1.303,1.7418575179265612
1404,proxylessnas_1070,89.9687,2.31,2.567559606841046
1405,proxylessnas_1401,62.2027,2.589,4.162198746999728
1406,proxylessnas_286,117.785,4.381,3.7194888992656114
1407,proxylessnas_861,65.4717,1.079,1.648040298327369
1408,proxylessnas_1901,172.56,2.794,1.619146963375058
1409,proxylessnas_396,52.9192,1.866,3.5261304025760034
1410,proxylessnas_944,120.312,2.228,1.851851851851852
1411,proxylessnas_836,101.288,2.6,2.566937840612906
1412,proxylessnas_1184,90.78689999999999,1.778,1.9584323288932657
1413,proxylessnas_1003,195.954,4.342,2.2158261632832192
1414,proxylessnas_1649,135.858,3.514,2.586524164936919
1415,proxylessnas_1762,79.0693,2.834,3.5841976595214575
1416,proxylessnas_1882,92.8009,2.107,2.2704521184600583
1417,proxylessnas_626,77.4122,3.464,4.474746874523654
1418,proxylessnas_180,175.926,2.82,1.6029466934961292
1419,proxylessnas_509,81.5425,1.023,1.2545605052579942
1420,proxylessnas_1850,112.74,1.214,1.0768139081071493
1421,proxylessnas_1917,145.558,4.033,2.77071682765633
1422,proxylessnas_1652,63.441,1.514,2.3864693179489604
1423,proxylessnas_1548,100.224,6.076,6.0624201787994885
1424,proxylessnas_1325,98.5008,3.885,3.9441304030018025
1425,proxylessnas_47,115.104,2.892,2.5125104253544617
1426,proxylessnas_252,65.8592,1.644,2.496234390943103
1427,proxylessnas_1985,104.889,1.872,1.784743872093356
1428,proxylessnas_1682,80.6085,1.163,1.442775885917738
1429,proxylessnas_172,63.7839,1.047,1.6414800600151447
1430,proxylessnas_1863,81.9049,1.151,1.405288328292935
1431,proxylessnas_1590,59.122699999999995,1.039,1.7573622314271846
1432,proxylessnas_1454,126.486,1.648,1.302910994102114
1433,proxylessnas_1484,83.9225,4.143,4.936697548333283
1434,proxylessnas_63,67.12230000000001,3.405,5.0728297451070645
1435,proxylessnas_1720,124.906,3.548,2.840536083134517
1436,proxylessnas_781,94.49289999999999,3.477,3.6796415392055914
1437,proxylessnas_750,117.648,2.79,2.371481028151775
1438,proxylessnas_1014,125.674,3.463,2.7555421169056444
1439,proxylessnas_1931,135.071,3.8,2.813335208890139
1440,proxylessnas_1366,79.67660000000001,2.125,2.6670314747366226
1441,proxylessnas_900,60.359300000000005,1.85,3.0649792161274236
1442,proxylessnas_585,101.817,1.506,1.4791243112643273
1443,proxylessnas_225,74.9923,3.153,4.204431654983245
1444,proxylessnas_357,130.217,2.907,2.232427409631615
1445,proxylessnas_274,99.6802,3.939,3.951637336201171
1446,proxylessnas_1654,66.7692,1.005,1.5051850254308872
1447,proxylessnas_173,123.794,2.349,1.8975071489732944
1448,proxylessnas_1692,85.5103,1.318,1.5413347865695712
1449,proxylessnas_939,122.416,1.509,1.2326820023526337
1450,proxylessnas_48,87.98780000000001,2.233,2.5378518385503446
1451,proxylessnas_1481,89.0228,1.317,1.4793962894898833
1452,proxylessnas_1426,114.61,2.605,2.27292557368467
1453,proxylessnas_1877,90.5817,1.383,1.5267984592914463
1454,proxylessnas_1741,89.0015,2.983,3.351628905130813
1455,proxylessnas_1424,121.649,1.508,1.2396320561615797
1456,proxylessnas_1715,99.9537,1.426,1.426660543831794
1457,proxylessnas_1243,71.4067,2.236,3.1313588220713187
1458,proxylessnas_190,128.7,4.559,3.542346542346543
1459,proxylessnas_79,124.97,4.123,3.2991918060334484
1460,proxylessnas_110,112.768,3.157,2.7995530646992055
1461,proxylessnas_78,109.583,1.41,1.2866959291130922
1462,proxylessnas_298,81.0112,1.565,1.9318316479696631
1463,proxylessnas_550,67.4438,1.991,2.9520875158279933
1464,proxylessnas_481,85.862,3.567,4.154340686217419
1465,proxylessnas_1471,78.3702,1.76,2.245751573940095
1466,proxylessnas_1255,115.647,1.91,1.6515776457668594
1467,proxylessnas_367,77.4616,2.988,3.857395148047549
1468,proxylessnas_1583,100.699,5.021,4.9861468336329064
1469,proxylessnas_954,119.267,5.251,4.402726655319578
1470,proxylessnas_403,90.863,1.142,1.2568372164687496
1471,proxylessnas_259,103.776,1.626,1.5668362627197039
1472,proxylessnas_1143,60.8885,1.237,2.0315823185002095
1473,proxylessnas_1331,83.8822,1.515,1.8061042748044283
1474,proxylessnas_1464,127.737,3.83,2.9983481685024698
1475,proxylessnas_1864,89.7162,2.02,2.251544314181831
1476,proxylessnas_1562,71.03110000000001,1.036,1.4585160584589003
1477,proxylessnas_312,101.032,2.336,2.312138728323699
1478,proxylessnas_1750,74.6627,2.14,2.866223696705316
1479,proxylessnas_1980,90.8181,3.651,4.0201237418532205
1480,proxylessnas_1068,90.42139999999999,3.292,3.640731065875998
1481,proxylessnas_1152,86.18939999999999,1.16,1.3458731584162322
1482,proxylessnas_328,104.133,2.399,2.3037845831772827
1483,proxylessnas_595,71.7526,1.722,2.3999130345102473
1484,proxylessnas_50,178.071,3.476,1.9520303699086319
1485,proxylessnas_1976,82.42989999999999,3.293,3.9949096141084737
1486,proxylessnas_803,60.878699999999995,1.768,2.9041356007930523
1487,proxylessnas_1283,95.7734,1.422,1.484754639597216
1488,proxylessnas_478,75.0024,1.389,1.8519407378963875
1489,proxylessnas_870,79.072,1.297,1.6402772157021448
1490,proxylessnas_23,86.20819999999999,2.045,2.372164132878311
1491,proxylessnas_1022,103.795,1.425,1.3728985018546171
1492,proxylessnas_1848,103.585,3.846,3.712892793358112
1493,proxylessnas_1729,79.6841,2.909,3.6506655656523694
1494,proxylessnas_574,80.48410000000001,3.753,4.663032822632047
1495,proxylessnas_148,112.225,1.722,1.5344174649142348
1496,proxylessnas_358,51.381,1.375,2.676086491115393
1497,proxylessnas_515,75.7012,1.871,2.471559235520705
1498,proxylessnas_1627,100.09,1.596,1.594564891597562
1499,proxylessnas_122,94.15289999999999,2.756,2.9271535980304377
1500,proxylessnas_1807,72.3163,3.069,4.24385650261421
1501,proxylessnas_488,105.044,1.547,1.4727161951182361
1502,proxylessnas_649,65.8968,3.58,5.4327372497602315
1503,proxylessnas_170,106.376,3.349,3.1482665262841243
1504,proxylessnas_1605,80.959,4.929,6.088266900529898
1505,proxylessnas_265,113.714,1.384,1.2170884851469475
1506,proxylessnas_1538,127.614,2.468,1.9339570893475637
1507,proxylessnas_890,87.3088,1.608,1.8417387479841667
1508,proxylessnas_1697,84.5979,4.634,5.477677341872552
1509,proxylessnas_1710,110.303,2.115,1.9174455817158196
1510,proxylessnas_1261,92.683,1.479,1.5957618980827122
1511,proxylessnas_1939,82.17410000000001,1.432,1.7426415379054956
1512,proxylessnas_24,82.0138,3.849,4.69311262250987
1513,proxylessnas_350,113.259,1.61,1.4215205855605295
1514,proxylessnas_1111,61.011199999999995,2.749,4.505730095457883
1515,proxylessnas_1224,106.03,2.101,1.9815146656606621
1516,proxylessnas_1114,76.5005,1.033,1.350317971777962
1517,proxylessnas_1777,115.117,1.816,1.5775254740828897
1518,proxylessnas_596,135.871,3.468,2.5524210464337496
1519,proxylessnas_926,152.448,1.591,1.043634550797649
1520,proxylessnas_1514,143.67,1.714,1.1930117630681425
1521,proxylessnas_703,75.2646,1.63,2.1656927692434422
1522,proxylessnas_730,68.9469,1.237,1.7941343265614553
1523,proxylessnas_335,69.74260000000001,2.855,4.093624269815005
1524,proxylessnas_1181,132.998,3.436,2.5834974962029507
1525,proxylessnas_374,118.326,2.738,2.313946216385241
1526,proxylessnas_89,118.791,3.959,3.332744063102424
1527,proxylessnas_869,119.936,2.204,1.8376467449306297
1528,proxylessnas_923,66.49310000000001,1.286,1.9340352608014963
1529,proxylessnas_560,94.02380000000001,2.035,2.1643456231294627
1530,proxylessnas_702,95.01939999999999,1.226,1.290262830537764
1531,proxylessnas_140,80.1581,1.142,1.4246844673214558
1532,proxylessnas_1987,89.6978,4.972,5.543056797379646
1533,proxylessnas_1483,80.226,3.134,3.906464238526163
1534,proxylessnas_1959,82.1425,2.98,3.627841860182001
1535,proxylessnas_95,83.5955,1.771,2.118535088611229
1536,proxylessnas_829,98.8945,1.665,1.6836123343563092
1537,proxylessnas_1996,112.911,1.994,1.7659926845037242
1538,proxylessnas_872,92.5214,2.828,3.056590151035328
1539,proxylessnas_1188,125.019,3.277,2.6212015773602415
1540,proxylessnas_1925,63.5945,2.931,4.608889133494249
1541,proxylessnas_1150,78.8845,4.404,5.582845806210345
1542,proxylessnas_1830,89.514,1.338,1.4947382532341311
1543,proxylessnas_1746,106.083,2.6,2.4509110790607354
1544,proxylessnas_1547,100.594,2.63,2.6144700479153826
1545,proxylessnas_751,91.01660000000001,3.216,3.533421375880883
1546,proxylessnas_856,93.112,4.754,5.105679182060315
1547,proxylessnas_632,111.177,1.846,1.6604153736834055
1548,proxylessnas_1785,90.4496,1.652,1.826431515451699
1549,proxylessnas_1545,118.214,2.903,2.455715905053547
1550,proxylessnas_1690,96.43169999999999,2.314,2.399625849176153
1551,proxylessnas_828,87.0172,1.041,1.1963152112455928
1552,proxylessnas_1620,79.4133,4.099,5.161603912694725
1553,proxylessnas_1036,118.161,1.451,1.2279855451460295
1554,proxylessnas_418,73.7115,1.262,1.7120802045813746
1555,proxylessnas_920,105.875,6.511,6.149704840613931
1556,proxylessnas_1431,86.9875,4.738,5.446759591895388
1557,proxylessnas_1798,92.8774,2.377,2.559287835361455
1558,proxylessnas_303,92.1938,2.39,2.5923652132789843
1559,proxylessnas_665,69.0706,1.91,2.7652865329098053
1560,proxylessnas_1533,87.0555,1.305,1.4990437134931165
1561,proxylessnas_1240,78.7027,2.299,2.9211196058076787
1562,proxylessnas_1233,123.249,1.154,0.9363159133136981
1563,proxylessnas_1951,86.5528,3.851,4.449307243670915
1564,proxylessnas_295,88.0865,3.49,3.962014610638407
1565,proxylessnas_883,88.5565,1.13,1.2760215229825025
1566,proxylessnas_1610,105.241,2.667,2.534183445615302
1567,proxylessnas_1100,104.179,0.939,0.9013332821393947
1568,proxylessnas_701,111.022,5.79,5.215182576426294
1569,proxylessnas_618,105.635,2.167,2.0514034174279354
1570,proxylessnas_1813,127.598,2.55,1.9984639257668615
1571,proxylessnas_108,74.2241,2.554,3.440930910580256
1572,proxylessnas_1911,84.30510000000001,2.242,2.659388340681643
1573,proxylessnas_895,77.8787,4.308,5.53167939372383
1574,proxylessnas_1934,83.3151,3.137,3.765223830974217
1575,proxylessnas_1342,101.567,2.214,2.179841877775262
1576,proxylessnas_820,114.429,2.465,2.15417420409162
1577,proxylessnas_1032,69.8317,1.226,1.755649654812929
1578,proxylessnas_395,101.852,1.587,1.5581431881553627
1579,proxylessnas_1387,92.1839,3.93,4.263217329707249
1580,proxylessnas_1646,100.422,2.163,2.153910497699707
1581,proxylessnas_1860,102.587,2.974,2.89900279762543
1582,proxylessnas_821,85.40360000000001,1.115,1.305565573348196
1583,proxylessnas_1480,84.2171,1.371,1.6279354192913316
1584,proxylessnas_1644,123.635,3.339,2.700691551745056
1585,proxylessnas_745,60.2637,1.662,2.7578791212620533
1586,proxylessnas_537,63.8187,2.512,3.936150375986976
1587,proxylessnas_1347,61.817,1.031,1.6678260025559313
1588,proxylessnas_640,101.493,4.197,4.135260559841566
1589,proxylessnas_1069,128.694,1.642,1.275894758108381
1590,proxylessnas_495,106.292,1.9,1.78752869453957
1591,proxylessnas_880,78.8298,2.598,3.2957079683064014
1592,proxylessnas_613,94.0896,3.345,3.5551219263340474
1593,proxylessnas_1373,106.347,1.193,1.121799392554562
1594,proxylessnas_1513,116.782,1.458,1.2484800739840045
1595,proxylessnas_1441,99.39,4.127,4.152329208169836
1596,proxylessnas_635,96.81460000000001,2.196,2.2682529287937974
1597,proxylessnas_1206,90.8267,2.552,2.8097464732286874
1598,proxylessnas_486,76.5427,4.648,6.072427546977047
1599,proxylessnas_64,79.2705,1.296,1.6349083202452364
1600,proxylessnas_863,92.37819999999999,1.644,1.779640651149297
1601,proxylessnas_1680,137.911,3.134,2.2724800777312906
1602,proxylessnas_636,44.1099,0.903,2.047159481204899
1603,proxylessnas_31,121.293,4.315,3.5575012572860762
1604,proxylessnas_1146,96.161,4.132,4.296960306153222
1605,proxylessnas_1291,147.905,4.76,3.2182820053412664
1606,proxylessnas_70,162.843,2.868,1.7612055783791751
1607,proxylessnas_694,95.952,4.536,4.72736368184092
1608,proxylessnas_1636,92.1633,1.624,1.7620896821185874
1609,proxylessnas_1423,140.343,1.294,0.9220267487512738
1610,proxylessnas_541,122.655,1.549,1.2628918511271452
1611,proxylessnas_1516,104.65,1.481,1.415193502150024
1612,proxylessnas_936,89.31269999999999,1.213,1.358149512891224
1613,proxylessnas_1639,99.7176,2.662,2.6695387775076815
1614,proxylessnas_566,122.118,5.805,4.753598978037635
1615,proxylessnas_1593,93.3336,1.715,1.837494750015
1616,proxylessnas_862,119.085,1.621,1.3612125792501155
1617,proxylessnas_1888,72.86330000000001,4.384,6.016746427899916
1618,proxylessnas_390,112.273,2.579,2.297079440292858
1619,proxylessnas_526,110.65,2.705,2.444645277903299
1620,proxylessnas_813,87.4068,1.707,1.9529373000727632
1621,proxylessnas_1965,118.941,3.973,3.340311583053783
1622,proxylessnas_420,66.2512,2.834,4.277658366942787
1623,proxylessnas_1053,111.31,4.655,4.182014194591681
1624,proxylessnas_1127,99.7826,2.253,2.2579086934996684
1625,proxylessnas_19,165.792,3.593,2.167173325612816
1626,proxylessnas_1857,135.221,2.77,2.048498384126726
1627,proxylessnas_1602,80.1677,3.328,4.15129784189892
1628,proxylessnas_1090,63.1327,1.209,1.9150139309739644
1629,proxylessnas_3,64.5679,1.848,2.8621033052027403
1630,proxylessnas_902,122.589,3.081,2.5132760688153097
1631,proxylessnas_1371,76.2893,2.7,3.53915948894537
1632,proxylessnas_513,119.591,1.176,0.9833515900025921
1633,proxylessnas_641,67.269,1.82,2.7055553077940804
1634,proxylessnas_512,88.3029,1.458,1.6511349004392835
1635,proxylessnas_1824,79.113,4.346,5.493408163007344
1636,proxylessnas_1488,101.344,1.078,1.063703820650458
1637,proxylessnas_36,102.223,5.366,5.249307885700869
1638,proxylessnas_471,111.36,4.177,3.7508979885057467
1639,proxylessnas_1141,144.107,3.279,2.275392590228094
1640,proxylessnas_445,104.842,5.221,4.9798744777856205
1641,proxylessnas_1581,110.479,4.001,3.6215027290254262
1642,proxylessnas_198,101.852,2.444,2.3995601460943328
1643,proxylessnas_229,111.966,1.069,0.9547541217869709
1644,proxylessnas_642,92.75,3.058,3.297035040431267
1645,proxylessnas_1518,108.946,2.189,2.0092522901253833
1646,proxylessnas_228,133.042,2.813,2.1143698982276273
1647,proxylessnas_1468,96.10719999999999,1.132,1.1778513992708142
1648,proxylessnas_67,127.487,1.15,0.9020527583204562
1649,proxylessnas_1357,83.4849,0.895,1.0720501551777628
1650,proxylessnas_382,97.5149,1.136,1.1649501768447692
1651,proxylessnas_748,109.461,1.448,1.322845579704187
1652,proxylessnas_426,98.7716,3.433,3.4756954428195956
1653,proxylessnas_605,98.73530000000001,4.269,4.3236816012105095
1654,proxylessnas_1309,98.9616,3.845,3.885345426913065
1655,proxylessnas_740,86.3198,1.216,1.4087150340941477
1656,proxylessnas_479,86.2998,1.395,1.6164579755688888
1657,proxylessnas_586,121.708,2.813,2.311269596082427
1658,proxylessnas_1883,130.561,3.517,2.693760004901923
1659,proxylessnas_1476,82.82860000000001,1.671,2.017419104029284
1660,proxylessnas_1906,141.837,4.033,2.8434047533436275
1661,proxylessnas_17,127.211,1.789,1.4063249247313518
1662,proxylessnas_1843,81.4381,1.324,1.6257746681221688
1663,proxylessnas_879,98.2746,1.881,1.914024580105134
1664,proxylessnas_388,98.54939999999999,2.842,2.8838328797537076
1665,proxylessnas_77,93.1718,2.278,2.4449457883179244
1666,proxylessnas_494,115.158,1.355,1.1766442626652078
1667,proxylessnas_600,106.967,4.905,4.585526377293933
1668,proxylessnas_1212,89.1743,1.074,1.2043828771293972
1669,proxylessnas_542,81.9254,1.068,1.3036250051876463
1670,proxylessnas_1937,74.6764,1.103,1.4770396001949746
1671,proxylessnas_332,79.4886,1.866,2.3475064348850023
1672,proxylessnas_364,128.267,2.748,2.1424060748282883
1673,proxylessnas_353,59.5366,0.935,1.5704625390096179
1674,proxylessnas_1312,125.54,2.821,2.2470925601401945
1675,proxylessnas_755,122.835,3.265,2.6580372043798595
1676,proxylessnas_1447,148.182,3.516,2.372757824837025
1677,proxylessnas_619,101.628,1.43,1.407092533553745
1678,proxylessnas_1833,59.980199999999996,0.928,1.5471772351542676
1679,proxylessnas_169,59.786199999999994,3.374,5.6434428011815445
1680,proxylessnas_1572,92.3245,1.547,1.675611565727407
1681,proxylessnas_448,93.7357,1.325,1.413548946665998
1682,proxylessnas_354,104.508,1.912,1.829525012439239
1683,proxylessnas_1006,133.746,1.471,1.099845976702107
1684,proxylessnas_581,125.601,1.437,1.1440991711849429
1685,proxylessnas_654,106.595,5.449,5.1118720390262204
1686,proxylessnas_1034,130.843,4.638,3.544706251003111
1687,proxylessnas_1365,42.439800000000005,1.247,2.938279633740027
1688,proxylessnas_514,112.941,2.079,1.8407841262251974
1689,proxylessnas_658,83.61739999999999,1.098,1.313123823510418
1690,proxylessnas_591,90.5274,3.761,4.154543265353915
1691,proxylessnas_1953,103.317,4.898,4.7407493442511885
1692,proxylessnas_993,100.203,5.526,5.5148049459597015
1693,proxylessnas_715,152.418,3.076,2.018134341088323
1694,proxylessnas_744,93.3454,2.027,2.17150496971463
1695,proxylessnas_1089,112.645,4.552,4.041013804429846
1696,proxylessnas_1418,90.0902,1.787,1.9835675800475523
1697,proxylessnas_1131,103.731,2.123,2.0466398665779764
1698,proxylessnas_603,100.602,3.414,3.3935707043597545
