0,resnet18_642,498.051,30.608
0,resnet50_633,132.955,3.371
0,resnet18_582,352.412,4.609
0,resnet50_502,100.296,1.891
0,resnet50_582,205.663,13.638
0,resnet18_577,427.965,17.799
0,resnet50_668,159.727,6.282
0,resnet50_616,173.381,12.95
0,resnet50_654,192.159,2.519
0,resnet34_531,1823.74,103.511
0,resnet50_635,75.3998,3.18
0,resnet50_647,247.107,11.858
0,resnet34_528,440.498,26.088
0,resnet50_527,144.431,9.976
0,resnet34_635,544.052,5.076
0,resnet34_557,529.887,12.429
0,resnet34_561,1035.18,29.965
0,resnet50_621,231.931,10.364
0,resnet18_636,575.735,25.136
0,resnet18_503,576.903,4.185
0,resnet50_520,99.4282,5.091
0,resnet34_659,944.008,6.341
0,resnet34_611,991.53,5.804
0,resnet50_591,143.548,5.984
0,resnet18_540,564.601,5.044
0,resnet34_658,477.509,4.416
0,resnet34_606,1055.6,5.958
0,resnet34_646,707.798,25.889
0,resnet50_667,116.168,6.047
0,resnet18_597,358.54,9.544
0,resnet18_521,379.037,24.456
0,resnet50_666,192.201,3.17
0,resnet18_567,469.196,3.428
0,resnet34_535,998.446,6.418
0,resnet50_555,198.229,6.274
0,resnet50_562,177.078,2.102
0,resnet34_607,672.634,11.392
0,resnet34_569,426.158,22.15
0,resnet50_630,206.546,15.818
0,resnet50_569,124.178,1.822
0,resnet18_538,440.658,29.695
0,resnet34_649,1095.36,22.11
0,resnet18_664,477.563,12.765
0,resnet50_560,197.798,8.643
0,resnet50_625,95.9212,4.419
0,resnet34_520,1060.35,47.608
0,resnet50_622,118.364,8.243
0,resnet34_554,468.225,4.302
0,resnet50_638,121.241,8.419
0,resnet34_568,666.179,49.747
0,resnet18_560,921.179,18.682
0,resnet34_647,384.742,3.566
0,resnet18_501,241.066,15.522
0,resnet18_525,307.031,14.078
0,resnet18_518,693.329,19.344
0,resnet50_522,242.572,19.446
0,resnet18_616,264.348,10.366
0,resnet18_604,592.332,4.315
0,resnet18_586,414.518,18.806
0,resnet34_534,986.942,31.627
0,resnet50_595,71.701,4.126
0,resnet34_642,888.638,10.784
0,resnet34_505,1402.93,8.407
0,resnet18_533,295.955,12.796
0,resnet18_598,178.26,14.096
0,resnet18_526,499.967,9.632
0,resnet34_516,844.856,36.983
0,resnet18_580,304.719,3.47
0,resnet50_571,82.9887,6.593
0,resnet18_605,490.505,9.492
0,resnet50_506,110.342,1.84
0,resnet18_558,422.019,18.257
0,resnet18_611,708.381,43.033
0,resnet34_559,925.654,38.052
0,resnet50_634,175.753,15.422
0,resnet50_521,135.901,8.476
0,resnet18_655,586.781,21.511
0,resnet50_649,155.579,2.545
0,resnet18_579,361.972,14.088
0,resnet50_578,208.61,7.778
0,resnet18_566,340.268,13.217
0,resnet18_547,724.408,23.052
0,resnet18_665,357.517,19.417
0,resnet34_574,1032.0,59.057
0,resnet18_599,393.766,3.88
0,resnet18_573,286.144,10.204
0,resnet34_652,883.743,33.859
0,resnet18_542,1048.47,20.113
0,resnet50_542,198.253,7.4
0,resnet50_574,142.235,4.77
0,resnet50_537,124.593,7.38
0,resnet50_651,194.062,8.213
0,resnet34_593,843.993,44.667
0,resnet50_540,161.398,6.656
0,resnet34_543,524.992,16.764
0,resnet50_530,200.733,10.507
0,resnet34_538,685.018,21.937
0,resnet18_652,611.859,23.269
0,resnet18_516,603.332,16.26
0,resnet50_559,103.84,7.055
0,resnet34_589,378.499,3.999
0,resnet50_588,148.258,10.149
0,resnet18_587,236.729,5.25
0,resnet50_577,128.008,2.54
0,resnet50_603,239.143,3.208
0,resnet18_590,243.871,7.537
0,resnet18_512,322.496,14.313
0,resnet50_543,45.1235,4.046
0,resnet34_628,661.573,19.925
0,resnet34_553,1257.77,30.769
0,resnet18_530,629.575,21.73
0,resnet18_557,234.278,16.634
0,resnet50_606,182.634,12.05
0,resnet34_518,777.164,35.273
0,resnet34_570,885.431,30.553
0,resnet34_657,1019.08,7.25
0,resnet18_578,271.458,18.0
0,resnet18_643,758.966,21.462
0,resnet50_613,243.69,10.868
0,resnet18_524,346.027,14.246
0,resnet34_612,801.996,4.723
0,resnet18_620,230.769,3.387
0,resnet18_661,480.656,3.808
0,resnet18_626,440.504,13.367
0,resnet34_522,951.662,24.254
0,resnet50_513,212.035,4.872
0,resnet18_641,290.44,7.864
0,resnet18_574,164.393,2.755
0,resnet50_605,130.241,2.39
0,resnet34_600,357.403,16.764
0,resnet34_597,707.465,42.004
0,resnet50_514,128.919,10.883
0,resnet18_596,287.562,17.269
0,resnet34_634,457.227,12.633
0,resnet50_619,173.761,12.593
0,resnet18_650,394.916,13.108
0,resnet50_592,130.966,2.292
0,resnet18_537,267.153,5.847
0,resnet50_598,78.7268,4.257
0,resnet50_566,79.30980000000001,1.549
0,resnet18_662,329.02,22.197
0,resnet34_664,1224.03,33.915
0,resnet50_656,259.902,3.79
0,resnet50_655,144.097,3.185
0,resnet34_666,650.88,19.704
0,resnet50_558,119.337,6.55
0,resnet18_629,373.505,11.583
0,resnet18_638,463.206,27.012
0,resnet18_527,371.023,16.393
0,resnet18_570,342.762,24.726
0,resnet34_578,744.781,50.115
0,resnet50_505,118.618,9.747
0,resnet34_552,1078.05,6.844
0,resnet18_646,430.542,19.077
0,resnet18_617,135.539,2.464
0,resnet18_619,535.842,14.607
0,resnet34_583,961.802,23.689
0,resnet50_524,241.532,17.572
0,resnet18_668,705.477,5.983
0,resnet18_622,298.25,4.631
0,resnet18_647,439.472,29.071
0,resnet50_589,93.2605,5.736
0,resnet50_665,102.995,2.175
0,resnet50_507,197.421,12.435
0,resnet50_529,159.002,10.493
0,resnet18_654,1011.37,33.745
0,resnet18_606,479.617,37.473
0,resnet18_575,201.962,4.876
0,resnet34_540,803.166,20.363
0,resnet18_561,245.511,14.172
0,resnet50_620,119.185,1.703
0,resnet34_504,558.049,19.704
0,resnet50_643,147.787,7.137
0,resnet50_583,264.379,9.009
0,resnet18_610,460.972,22.006
0,resnet18_657,261.805,3.621
0,resnet34_588,1210.02,6.026
0,resnet18_585,327.917,12.29
0,resnet34_576,1129.64,5.611
0,resnet34_621,1768.92,9.364
0,resnet34_530,1021.97,60.079
0,resnet50_528,193.751,3.347
0,resnet34_512,1244.44,22.016
0,resnet34_603,632.655,4.896
0,resnet34_639,944.94,26.664
0,resnet34_636,861.492,7.088
0,resnet18_603,584.106,20.595
0,resnet18_502,841.305,30.388
0,resnet18_623,356.566,16.495
0,resnet50_624,61.0555,5.03
0,resnet34_564,468.433,7.949
0,resnet34_563,983.54,22.006
0,resnet18_592,413.283,5.229
0,resnet18_648,622.543,5.252
0,resnet34_599,700.84,13.072
0,resnet34_511,396.627,24.077
0,resnet34_645,1161.82,32.877
0,resnet50_618,126.626,3.905
0,resnet50_600,114.27,2.177
0,resnet50_518,146.924,2.327
0,resnet34_651,351.874,22.643
0,resnet34_585,779.573,22.053
0,resnet50_611,139.145,8.514
0,resnet50_568,193.449,9.276
0,resnet50_554,66.48389999999999,4.188
0,resnet34_653,969.891,51.195
0,resnet50_534,114.381,8.037
0,resnet50_612,91.5126,5.596
0,resnet50_565,161.022,13.027
0,resnet50_609,140.368,6.736
0,resnet50_610,296.494,22.915
0,resnet50_626,194.124,10.918
0,resnet34_650,504.294,4.868
0,resnet34_533,746.844,5.186
0,resnet50_644,56.7579,1.994
0,resnet50_539,96.8945,4.896
0,resnet50_648,180.649,12.251
0,resnet18_529,313.435,8.664
0,resnet50_500,275.788,20.503
0,resnet18_568,831.618,4.436
0,resnet18_663,122.963,1.872
0,resnet34_668,1312.1,27.335
0,resnet18_632,548.344,4.844
0,resnet50_646,132.316,6.76
0,resnet18_613,469.509,10.483
0,resnet50_556,160.299,10.452
0,resnet50_645,124.176,2.063
0,resnet50_597,161.35,11.126
0,resnet50_501,170.721,5.191
0,resnet34_596,1453.08,7.387
0,resnet50_557,138.501,12.669
0,resnet34_617,690.463,44.095
0,resnet18_506,343.011,9.106
0,resnet34_660,985.751,47.9
0,resnet18_608,472.073,4.446
0,resnet18_594,451.009,4.613
0,resnet34_500,438.712,15.478
0,resnet34_556,924.128,22.066
0,resnet34_558,974.761,12.151
0,resnet18_584,532.176,14.322
0,resnet34_548,1101.1,6.865
0,resnet50_641,288.399,25.16
0,resnet18_600,231.099,3.47
0,resnet50_640,93.2766,7.347
0,resnet34_501,1084.56,6.074
0,resnet18_559,635.81,18.136
0,resnet18_556,746.017,23.367
0,resnet50_593,153.926,10.963
0,resnet50_607,64.74730000000001,1.559
0,resnet34_656,973.942,5.774
0,resnet34_637,970.14,29.073
0,resnet34_509,1159.16,29.114
0,resnet18_550,170.912,10.108
0,resnet50_523,206.85,13.449
0,resnet18_504,548.073,14.089
0,resnet34_545,885.611,38.511
0,resnet34_532,394.079,5.602
0,resnet34_613,416.326,4.015
0,resnet50_504,70.9947,4.877
0,resnet18_640,227.346,3.181
0,resnet18_522,326.662,12.391
0,resnet18_507,174.482,9.514
0,resnet34_594,942.112,16.178
0,resnet50_657,185.27,12.6
0,resnet18_667,411.007,9.86
0,resnet18_562,421.605,6.582
0,resnet50_604,222.544,8.576
0,resnet50_516,119.462,8.709
0,resnet18_588,263.402,2.818
0,resnet34_622,823.361,25.043
0,resnet18_514,560.286,30.549
0,resnet34_590,726.925,34.666
0,resnet34_604,558.312,13.398
0,resnet34_610,1070.75,32.812
0,resnet50_546,74.48389999999999,1.79
0,resnet34_661,1028.63,8.505
0,resnet50_511,155.533,10.459
0,resnet18_536,463.587,18.842
0,resnet18_614,476.7,4.46
0,resnet34_521,655.153,5.702
0,resnet50_533,137.024,6.948
0,resnet18_532,641.979,20.042
0,resnet50_586,181.504,14.16
0,resnet18_589,429.347,12.907
0,resnet50_617,88.0054,2.258
0,resnet50_637,192.968,11.023
0,resnet34_648,1520.41,68.508
0,resnet18_607,524.238,25.78
0,resnet34_577,1030.89,72.381
0,resnet34_508,946.73,50.89
0,resnet34_544,674.967,50.353
0,resnet34_591,598.841,9.528
0,resnet50_541,100.855,6.756
0,resnet34_539,949.687,65.979
0,resnet18_552,573.291,13.951
0,resnet34_560,528.174,30.973
0,resnet50_659,175.513,10.45
0,resnet18_666,305.008,3.424
0,resnet18_649,382.414,27.088
0,resnet18_519,543.287,19.293
0,resnet34_541,997.189,51.3
0,resnet34_582,607.63,11.408
0,resnet50_567,103.842,5.77
0,resnet18_633,444.063,25.922
0,resnet50_579,112.758,8.429
0,resnet34_598,823.576,64.606
0,resnet18_656,262.749,12.659
0,resnet50_531,100.56,6.765
0,resnet34_515,917.105,6.999
0,resnet34_506,1401.75,16.3
0,resnet34_629,787.675,19.31
0,resnet34_555,1169.91,53.586
0,resnet50_563,120.756,9.447
0,resnet50_508,147.139,2.479
0,resnet34_579,998.208,9.902
0,resnet34_510,536.935,4.88
0,resnet18_500,174.326,5.143
0,resnet50_573,158.864,2.657
0,resnet18_639,601.744,11.423
0,resnet50_548,94.2867,7.905
0,resnet50_575,142.613,8.792
0,resnet18_615,507.448,23.231
0,resnet18_644,447.83,18.172
0,resnet50_650,146.784,9.493
0,resnet18_572,438.227,4.633
0,resnet50_653,198.264,9.642
0,resnet50_614,228.477,15.857
0,resnet34_627,1283.2,27.168
0,resnet50_532,138.045,8.981
0,resnet34_573,835.471,36.485
0,resnet18_515,219.418,5.406
0,resnet18_634,550.807,21.331
0,resnet34_625,809.416,29.98
0,resnet18_531,616.244,29.416
0,resnet50_642,114.257,1.816
0,resnet50_517,134.974,9.871
0,resnet34_587,734.572,4.348
0,resnet18_583,216.604,4.604
0,resnet50_615,218.964,17.162
0,resnet34_630,1495.5,29.551
0,resnet34_663,1170.35,60.855
0,resnet50_627,169.806,1.831
0,resnet50_535,140.921,10.012
0,resnet50_580,160.065,9.256
0,resnet18_602,392.761,5.824
0,resnet34_562,338.89,9.414
0,resnet50_585,151.902,10.649
0,resnet18_645,460.124,33.099
0,resnet18_658,667.418,5.821
0,resnet50_631,158.928,10.477
0,resnet18_509,466.572,13.595
0,resnet50_639,71.8818,5.085
0,resnet34_633,719.08,5.691
0,resnet34_523,1089.17,35.661
0,resnet34_580,458.455,17.598
0,resnet50_512,155.788,9.479
0,resnet50_661,166.184,11.701
0,resnet50_576,184.676,7.596
0,resnet18_505,721.82,21.242
0,resnet18_508,448.466,3.704
0,resnet18_513,321.853,3.224
0,resnet18_510,298.475,11.373
0,resnet18_564,499.704,12.662
0,resnet34_542,1066.27,11.516
0,resnet34_665,565.144,23.626
0,resnet34_609,615.79,19.262
0,resnet34_619,995.284,5.581
0,resnet50_663,167.662,10.81
0,resnet18_520,320.724,10.059
0,resnet50_549,99.3331,5.416
0,resnet34_638,433.174,23.593
0,resnet34_655,521.346,22.203
0,resnet50_629,148.317,9.666
0,resnet18_618,483.919,17.589
0,resnet34_615,1128.46,17.537
0,resnet18_625,561.64,5.76
0,resnet18_653,263.312,13.904
0,resnet50_525,152.582,10.774
0,resnet18_548,405.448,18.365
0,resnet50_544,121.656,8.325
0,resnet34_575,1147.88,48.79
0,resnet18_517,375.602,15.022
0,resnet18_591,602.701,4.437
0,resnet34_517,381.853,17.948
0,resnet34_644,721.014,22.36
0,resnet18_660,644.263,4.571
0,resnet18_549,485.026,3.484
0,resnet50_660,183.639,6.3
0,resnet18_621,217.464,7.458
0,resnet18_553,336.375,4.538
0,resnet50_584,168.824,2.578
0,resnet50_509,233.115,17.029
0,resnet34_640,295.057,3.575
0,resnet18_635,392.771,3.886
0,resnet18_511,622.109,25.505
0,resnet18_555,249.639,2.746
0,resnet50_572,141.827,5.109
0,resnet34_662,907.351,33.379
0,resnet18_551,334.366,8.718
0,resnet34_601,873.989,15.882
0,resnet18_544,356.724,3.899
0,resnet34_626,902.212,5.515
0,resnet18_593,370.658,9.129
0,resnet34_605,716.903,19.573
0,resnet18_637,509.227,5.209
0,resnet18_631,320.244,13.308
0,resnet34_624,570.31,17.463
0,resnet34_654,491.983,9.343
0,resnet18_528,738.849,5.756
0,resnet34_643,497.16,12.796
0,resnet50_590,208.991,9.46
0,resnet34_527,790.053,5.257
0,resnet34_608,598.826,14.688
0,resnet18_543,478.222,33.303
0,resnet50_581,158.175,2.599
0,resnet18_612,416.869,5.483
0,resnet50_519,197.942,14.4
0,resnet50_550,139.016,6.858
0,resnet34_567,1015.85,5.331
0,resnet34_513,756.996,6.196
0,resnet34_536,449.136,28.057
0,resnet50_552,131.384,8.724
0,resnet34_549,997.288,28.152
0,resnet50_594,150.219,2.547
0,resnet50_547,190.823,9.927
0,resnet50_551,113.919,7.612
0,resnet18_576,184.447,13.292
0,resnet50_570,171.409,2.507
0,resnet18_595,349.058,12.764
0,resnet34_566,340.473,22.531
0,resnet34_551,749.982,5.633
0,resnet50_628,121.861,6.436
0,resnet34_514,867.26,5.748
0,resnet18_545,349.75,13.731
0,resnet18_546,675.757,10.594
0,resnet50_602,212.343,14.862
0,resnet18_627,635.251,12.961
0,resnet18_563,175.931,3.626
0,resnet50_545,309.771,3.325
0,resnet34_584,300.343,2.645
0,resnet34_616,819.759,25.786
0,resnet50_664,173.943,6.283
0,resnet50_510,230.989,11.469
0,resnet18_541,391.922,3.718
0,resnet50_658,123.996,8.925
0,resnet18_565,310.798,6.877
0,resnet34_565,936.996,28.893
0,resnet18_571,450.854,19.154
0,resnet18_624,411.696,16.915
0,resnet50_515,220.936,6.161
0,resnet50_623,128.614,7.484
0,resnet34_595,595.412,19.95
0,resnet34_503,578.548,31.92
0,resnet50_596,127.638,5.903
0,resnet18_601,359.994,15.443
0,resnet50_561,120.485,6.66
0,resnet18_534,373.787,4.032
0,resnet50_538,84.0544,6.594
0,resnet50_662,121.948,9.794
0,resnet50_652,146.166,8.925
0,resnet18_659,333.48,10.663
0,resnet50_587,51.2545,2.242
0,resnet34_602,857.254,53.452
0,resnet50_503,176.484,9.306
0,resnet18_628,473.457,26.322
0,resnet50_526,255.334,12.481
0,resnet18_630,784.81,28.611
0,resnet50_601,256.242,3.576
0,resnet50_536,208.948,6.989
0,resnet34_620,929.075,50.689
0,resnet34_571,1615.69,49.274
0,resnet34_550,924.759,54.119
0,resnet50_553,129.08,1.99
0,resnet50_564,151.472,10.117
0,resnet34_529,1526.79,32.417
0,resnet34_524,1238.99,58.278
0,resnet50_608,115.885,2.824
0,resnet34_519,838.696,24.526
0,resnet34_667,655.625,40.105
0,resnet50_632,254.018,4.022
0,resnet18_539,280.972,18.869
0,resnet34_572,1169.4,67.147
0,resnet34_614,896.391,6.196
0,resnet34_581,376.208,15.942
0,resnet34_537,527.101,40.346
0,resnet18_554,473.294,8.765
0,resnet34_546,1337.7,29.425
0,resnet50_636,126.293,3.902
0,resnet18_523,255.767,9.862
0,resnet34_641,1008.82,23.034
0,resnet18_535,543.919,7.92
0,resnet18_651,367.565,8.61
0,resnet34_547,408.852,19.663
0,resnet50_361,177.654,8.768
0,resnet18_336,604.432,12.752
0,resnet34_199,985.86,16.132
0,resnet50_370,98.6764,2.853
0,resnet34_258,1042.39,56.49
0,resnet18_400,423.202,7.852
0,resnet34_476,744.7,5.953
0,resnet50_497,189.015,12.154
0,resnet50_205,142.232,2.002
0,resnet18_304,360.338,14.236
0,resnet18_309,429.046,3.877
0,resnet50_365,132.385,4.062
0,resnet34_480,960.927,19.967
0,resnet18_351,295.395,3.808
0,resnet50_488,115.438,1.828
0,resnet34_387,1127.77,26.746
0,resnet50_180,147.594,9.668
0,resnet50_298,170.964,7.146
0,resnet50_186,155.972,9.803
0,resnet18_181,414.784,20.34
0,resnet18_143,488.414,4.985
0,resnet50_444,103.781,3.609
0,resnet34_215,564.633,17.682
0,resnet18_489,384.953,5.553
0,resnet50_134,127.672,11.952
0,resnet18_491,608.776,22.961
0,resnet18_397,484.442,15.585
0,resnet18_83,358.039,26.302
0,resnet50_355,323.678,2.986
0,resnet50_3,101.751,8.735
0,resnet34_334,823.246,9.465
0,resnet50_83,199.18,3.061
0,resnet18_78,432.543,25.506
0,resnet34_229,1059.66,6.261
0,resnet18_461,259.464,8.151
0,resnet34_436,630.531,5.816
0,resnet50_169,162.783,10.862
0,resnet50_359,183.005,6.46
0,resnet50_337,214.711,14.636
0,resnet34_292,947.581,53.225
0,resnet34_87,1280.82,8.43
0,resnet50_117,168.094,2.639
0,resnet34_219,770.03,34.32
0,resnet18_282,348.807,9.249
0,resnet50_155,190.758,2.75
0,resnet34_404,409.618,14.135
0,resnet50_230,182.218,4.131
0,resnet50_393,145.097,9.086
0,resnet34_32,1860.58,129.285
0,resnet50_136,75.4278,3.18
0,resnet18_448,645.601,15.098
0,resnet18_360,553.074,23.605
0,resnet50_148,241.429,3.12
0,resnet34_29,444.413,17.549
0,resnet50_472,221.405,3.246
0,resnet18_320,688.654,5.445
0,resnet50_28,147.346,9.418
0,resnet34_136,564.17,26.268
0,resnet50_188,343.168,17.892
0,resnet34_58,527.347,34.678
0,resnet34_198,1612.02,104.278
0,resnet34_62,1109.77,72.524
0,resnet34_485,368.563,19.56
0,resnet34_394,847.599,68.609
0,resnet18_219,565.213,40.529
0,resnet50_397,163.654,2.937
0,resnet50_122,230.91,6.945
0,resnet18_137,598.875,39.12
0,resnet18_4,613.483,30.005
0,resnet18_312,350.199,14.996
0,resnet50_21,90.9199,2.248
0,resnet50_271,113.962,9.156
0,resnet50_233,126.319,2.009
0,resnet34_160,1004.59,69.606
0,resnet18_381,397.644,3.086
0,resnet34_276,571.843,35.553
0,resnet34_112,1120.4,79.995
0,resnet50_275,234.617,15.134
0,resnet50_202,221.988,2.722
0,resnet34_202,1267.88,98.998
0,resnet50_493,165.887,2.631
0,resnet34_368,429.507,15.536
0,resnet50_92,142.043,8.071
0,resnet18_41,594.458,26.266
0,resnet18_284,296.923,7.699
0,resnet34_159,493.685,30.002
0,resnet34_107,1200.92,54.717
0,resnet34_147,697.407,26.209
0,resnet50_168,117.623,7.933
0,resnet18_339,449.123,17.012
0,resnet50_214,237.917,13.943
0,resnet18_264,374.038,19.854
0,resnet50_387,145.045,4.32
0,resnet18_295,546.347,16.843
0,resnet34_257,1329.25,7.845
0,resnet18_98,342.542,11.016
0,resnet34_397,565.957,27.745
0,resnet34_238,1142.69,92.3
0,resnet18_244,323.433,2.581
0,resnet50_360,151.451,11.942
0,resnet18_392,451.783,12.211
0,resnet18_22,370.062,17.521
0,resnet50_167,210.615,9.239
0,resnet34_119,1636.24,116.34
0,resnet34_317,1025.57,69.351
0,resnet34_411,408.135,8.746
0,resnet34_442,755.868,46.678
0,resnet18_68,521.512,30.513
0,resnet34_288,1308.63,6.04
0,resnet34_36,1013.99,22.299
0,resnet50_56,190.988,2.504
0,resnet34_495,353.445,10.128
0,resnet18_268,287.088,15.835
0,resnet34_384,877.263,57.147
0,resnet50_63,175.469,2.583
0,resnet34_93,1643.21,126.241
0,resnet50_194,245.847,12.683
0,resnet34_243,425.652,18.811
0,resnet50_385,97.24789999999999,1.713
0,resnet34_429,618.825,39.673
0,resnet34_108,648.976,3.89
0,resnet34_70,467.98,24.094
0,resnet50_131,197.602,3.385
0,resnet18_480,246.479,7.867
0,resnet50_70,127.232,9.344
0,resnet18_39,460.753,14.264
0,resnet34_150,1100.08,30.237
0,resnet18_308,302.091,11.661
0,resnet18_165,503.733,27.78
0,resnet18_265,407.204,23.166
0,resnet50_405,152.5,11.237
0,resnet50_61,197.363,7.045
0,resnet34_124,1211.43,25.514
0,resnet34_467,522.523,3.84
0,resnet50_302,193.973,10.555
0,resnet50_299,262.047,4.918
0,resnet18_267,241.727,2.947
0,resnet18_321,396.285,15.675
0,resnet34_304,1105.34,83.599
0,resnet50_495,148.707,5.487
0,resnet34_194,943.32,46.018
0,resnet50_327,121.181,7.749
0,resnet50_126,98.9747,5.148
0,resnet18_333,470.506,14.093
0,resnet34_21,1023.01,16.603
0,resnet50_250,244.638,7.469
0,resnet50_321,185.377,8.38
0,resnet34_263,1136.85,52.776
0,resnet18_278,381.851,26.084
0,resnet50_297,145.9,1.913
0,resnet50_123,121.565,6.386
0,resnet34_55,484.975,23.014
0,resnet18_194,446.985,3.953
0,resnet50_270,71.5193,4.772
0,resnet18_425,387.119,14.613
0,resnet18_380,448.959,3.772
0,resnet50_295,105.086,1.702
0,resnet50_139,121.023,7.509
0,resnet34_69,740.294,59.555
0,resnet18_463,286.685,3.774
0,resnet34_461,624.348,34.929
0,resnet34_310,498.371,4.653
0,resnet18_396,541.982,22.078
0,resnet18_61,898.269,5.232
0,resnet50_175,209.063,2.629
0,resnet34_148,413.884,15.805
0,resnet18_297,357.584,1.829
0,resnet18_2,230.213,2.736
0,resnet18_26,290.338,10.34
0,resnet50_171,134.321,7.119
0,resnet18_174,641.75,41.165
0,resnet50_249,125.472,3.956
0,resnet18_70,684.117,34.749
0,resnet18_19,684.333,4.731
0,resnet50_23,236.598,2.595
0,resnet50_340,119.278,6.198
0,resnet34_302,1001.16,83.374
0,resnet18_240,669.005,39.841
0,resnet18_457,217.145,12.538
0,resnet18_117,262.602,14.0
0,resnet34_452,833.875,69.989
0,resnet18_105,586.982,4.602
0,resnet18_87,400.611,24.617
0,resnet34_35,1056.61,81.683
0,resnet50_96,70.222,1.857
0,resnet18_325,328.511,14.694
0,resnet34_372,912.919,61.658
0,resnet50_419,63.107,4.885
0,resnet18_402,362.439,13.772
0,resnet50_280,192.681,10.954
0,resnet18_493,307.687,3.381
0,resnet34_143,968.379,63.084
0,resnet50_364,124.697,5.861
0,resnet34_327,1400.66,113.381
0,resnet50_198,90.19630000000001,7.329
0,resnet34_6,1442.98,31.497
0,resnet18_364,698.42,5.294
0,resnet50_218,179.605,12.404
0,resnet34_378,1029.53,20.186
0,resnet34_236,921.928,10.368
0,resnet18_34,313.548,13.35
0,resnet18_359,639.112,36.313
0,resnet50_258,233.201,3.625
0,resnet18_99,178.67,11.275
0,resnet34_388,960.217,72.244
0,resnet18_445,329.664,4.0
0,resnet34_471,876.255,62.99
0,resnet50_433,155.846,8.489
0,resnet18_27,509.809,18.713
0,resnet34_344,756.198,37.793
0,resnet18_303,192.069,2.48
0,resnet50_418,159.444,5.856
0,resnet34_17,898.942,79.676
0,resnet18_81,308.53,5.724
0,resnet50_0,467.478,33.417
0,resnet50_72,80.0775,1.573
0,resnet18_202,276.82,8.01
0,resnet34_433,652.651,16.93
0,resnet18_106,462.126,4.708
0,resnet50_7,110.383,4.941
0,resnet18_59,422.157,11.109
0,resnet18_496,344.764,6.017
0,resnet18_211,420.446,16.527
0,resnet34_173,424.342,12.281
0,resnet34_441,876.6,67.058
0,resnet18_478,428.067,18.415
0,resnet18_234,723.185,41.689
0,resnet50_486,201.247,3.557
0,resnet50_403,86.2027,2.418
0,resnet34_233,530.517,25.291
0,resnet50_470,136.963,5.11
0,resnet34_251,507.057,24.804
0,resnet50_429,104.337,6.822
0,resnet18_112,788.758,55.116
0,resnet18_330,358.883,4.39
0,resnet34_60,914.931,21.487
0,resnet50_406,219.952,2.5
0,resnet50_135,180.059,9.184
0,resnet50_449,195.638,8.683
0,resnet50_22,139.181,8.942
0,resnet18_156,634.753,58.776
0,resnet34_343,409.032,9.869
0,resnet34_307,612.675,23.066
0,resnet50_150,161.005,9.205
0,resnet34_486,1092.84,70.571
0,resnet18_80,360.287,15.366
0,resnet18_177,644.644,44.102
0,resnet18_409,214.478,17.412
0,resnet50_491,70.7863,1.499
0,resnet50_379,233.684,8.983
0,resnet50_399,206.32,2.901
0,resnet50_79,213.245,5.652
0,resnet34_340,953.227,73.843
0,resnet18_67,342.226,16.305
0,resnet18_48,791.747,50.812
0,resnet50_382,213.946,17.084
0,resnet34_275,1338.88,62.629
0,resnet18_205,438.479,23.434
0,resnet50_189,95.15780000000001,6.787
0,resnet18_166,395.807,22.098
0,resnet18_383,479.537,21.718
0,resnet34_75,1018.17,5.388
0,resnet18_292,507.693,3.769
0,resnet18_172,331.92,7.369
0,resnet18_100,392.656,5.401
0,resnet18_74,289.697,7.308
0,resnet34_153,1005.07,78.537
0,resnet18_43,1015.02,33.388
0,resnet50_43,187.245,2.588
0,resnet50_448,42.2452,1.479
0,resnet18_293,535.883,23.973
0,resnet50_75,135.712,2.382
0,resnet50_38,119.569,4.336
0,resnet50_152,189.755,10.379
0,resnet34_447,1285.5,6.317
0,resnet18_247,578.035,28.97
0,resnet50_430,136.1,2.095
0,resnet34_249,999.817,56.308
0,resnet50_314,115.488,2.149
0,resnet34_226,935.848,18.101
0,resnet34_94,836.045,43.153
0,resnet34_497,601.846,19.443
0,resnet50_41,164.862,6.538
0,resnet50_289,200.824,8.245
0,resnet34_240,998.339,36.62
0,resnet18_255,324.771,10.404
0,resnet34_44,524.125,4.694
0,resnet18_348,405.502,3.476
0,resnet50_31,194.527,8.273
0,resnet18_273,912.365,70.068
0,resnet18_222,368.456,15.696
0,resnet50_201,107.7,6.522
0,resnet50_322,207.834,9.004
0,resnet34_39,679.523,20.57
0,resnet18_153,669.493,39.065
0,resnet18_17,570.033,38.874
0,resnet50_244,167.026,11.234
0,resnet18_450,292.709,2.938
0,resnet18_490,229.047,15.669
0,resnet34_228,299.964,9.053
0,resnet50_60,101.187,4.382
0,resnet50_284,270.081,14.257
0,resnet34_90,415.412,28.043
0,resnet50_89,147.864,9.029
0,resnet34_193,1011.56,73.79
0,resnet18_88,230.366,4.024
0,resnet34_431,783.795,44.209
0,resnet18_218,353.649,3.56
0,resnet50_388,118.132,5.885
0,resnet18_220,250.765,6.673
0,resnet34_227,1105.25,87.215
0,resnet18_216,457.689,5.034
0,resnet34_256,933.272,47.273
0,resnet50_78,127.553,2.909
0,resnet34_277,1085.1,30.307
0,resnet34_357,729.863,20.456
0,resnet34_475,1186.97,38.137
0,resnet50_427,125.116,5.972
0,resnet18_391,700.263,18.822
0,resnet50_404,119.329,2.276
0,resnet50_104,240.468,14.195
0,resnet34_235,734.304,53.534
0,resnet18_315,313.423,5.367
0,resnet34_253,721.394,22.946
0,resnet18_91,237.385,11.777
0,resnet34_494,1074.16,62.066
0,resnet50_499,191.142,4.415
0,resnet34_252,703.599,47.521
0,resnet50_443,266.558,3.82
0,resnet34_487,866.781,6.268
0,resnet34_255,527.099,24.146
0,resnet18_13,327.762,18.053
0,resnet50_44,43.4175,1.219
0,resnet18_468,521.898,32.518
0,resnet50_484,227.989,3.38
0,resnet34_457,819.292,16.987
0,resnet50_325,138.947,9.745
0,resnet34_129,663.028,29.501
0,resnet34_54,1306.29,45.236
0,resnet18_31,595.529,4.222
0,resnet18_192,209.116,3.399
0,resnet18_58,252.449,17.614
0,resnet50_412,154.195,4.504
0,resnet34_410,551.636,34.705
0,resnet34_466,930.846,29.284
0,resnet18_408,490.476,26.414
0,resnet18_466,442.382,31.751
0,resnet50_107,181.268,11.394
0,resnet34_19,869.821,64.85
0,resnet34_220,756.098,5.445
0,resnet34_71,908.938,39.558
0,resnet34_158,1154.88,42.645
0,resnet18_413,367.422,17.076
0,resnet18_79,269.696,18.493
0,resnet18_144,751.172,19.269
0,resnet34_270,664.374,34.423
0,resnet50_456,267.853,13.346
0,resnet50_241,192.642,2.4
0,resnet34_493,590.549,33.738
0,resnet50_114,234.98,11.574
0,resnet18_25,377.296,20.038
0,resnet50_485,257.3,8.78
0,resnet34_113,812.323,22.893
0,resnet50_277,144.189,9.44
0,resnet18_326,393.561,10.272
0,resnet34_455,657.207,38.384
0,resnet18_121,232.202,3.152
0,resnet18_427,343.581,13.886
0,resnet18_162,494.631,15.038
0,resnet18_368,588.823,9.353
0,resnet18_127,432.697,12.952
0,resnet50_366,176.501,12.983
0,resnet34_23,960.854,18.291
0,resnet50_14,221.448,6.806
0,resnet18_394,291.642,5.788
0,resnet34_402,713.768,18.877
0,resnet34_413,628.976,8.617
0,resnet50_408,179.93,7.404
0,resnet18_277,640.392,47.757
0,resnet50_341,97.09389999999999,2.301
0,resnet34_336,661.876,20.603
0,resnet50_207,138.804,8.526
0,resnet18_171,481.324,19.024
0,resnet34_373,914.557,37.03
0,resnet18_142,275.339,3.918
0,resnet34_200,895.612,53.296
0,resnet18_356,526.962,20.743
0,resnet34_293,1076.03,47.361
0,resnet18_75,164.125,4.363
0,resnet18_276,278.227,3.301
0,resnet50_479,168.484,2.524
0,resnet18_434,565.266,37.755
0,resnet34_296,1158.43,26.522
0,resnet34_335,571.025,16.402
0,resnet50_106,134.473,9.046
0,resnet50_268,204.028,3.206
0,resnet34_250,694.305,39.466
0,resnet34_101,341.838,10.265
0,resnet18_498,202.338,4.895
0,resnet18_299,644.735,42.333
0,resnet50_215,131.834,2.054
0,resnet18_296,705.428,50.626
0,resnet34_98,707.051,25.906
0,resnet34_221,967.223,23.772
0,resnet50_369,135.8,3.896
0,resnet34_459,435.53,19.952
0,resnet50_15,130.705,8.577
0,resnet18_173,899.502,57.237
0,resnet18_97,278.245,12.795
0,resnet18_238,575.071,34.989
0,resnet34_416,864.825,6.735
0,resnet50_437,116.78,2.306
0,resnet18_488,179.158,4.031
0,resnet50_204,191.473,12.907
0,resnet50_195,204.918,9.534
0,resnet34_325,1185.23,102.572
0,resnet34_472,702.878,15.977
0,resnet34_135,443.514,17.664
0,resnet50_120,173.917,2.447
0,resnet18_323,450.769,22.25
0,resnet18_151,384.992,23.654
0,resnet50_93,128.536,7.49
0,resnet18_38,273.424,6.245
0,resnet50_99,79.4768,5.776
0,resnet50_67,78.85310000000001,2.051
0,resnet18_302,433.994,10.736
0,resnet34_247,613.92,22.782
0,resnet18_163,334.917,17.583
0,resnet34_260,960.556,17.241
0,resnet34_165,1186.38,63.567
0,resnet50_157,280.862,15.494
0,resnet34_278,1242.97,34.488
0,resnet50_457,122.243,4.25
0,resnet34_426,887.64,45.037
0,resnet50_228,145.71,9.266
0,resnet18_179,741.161,36.464
0,resnet18_201,454.683,6.36
0,resnet50_156,149.362,9.445
0,resnet18_257,384.782,14.36
0,resnet34_167,620.808,5.18
0,resnet18_484,317.307,14.838
0,resnet50_59,115.357,6.016
0,resnet34_371,549.362,34.818
0,resnet50_177,142.336,1.952
0,resnet34_341,1043.82,69.977
0,resnet18_130,364.387,4.11
0,resnet18_139,440.615,5.158
0,resnet50_438,84.40639999999999,4.803
0,resnet18_28,376.134,16.864
0,resnet18_183,356.327,10.217
0,resnet18_71,335.706,3.918
0,resnet18_314,584.548,29.115
0,resnet50_200,153.404,2.15
0,resnet18_447,407.038,16.988
0,resnet50_274,215.445,13.334
0,resnet50_368,126.558,6.825
0,resnet18_230,560.408,42.975
0,resnet34_337,1048.17,17.464
0,resnet18_411,601.511,21.923
0,resnet34_79,734.924,5.421
0,resnet50_6,116.991,2.812
0,resnet34_424,840.097,64.452
0,resnet34_53,1125.52,86.952
0,resnet50_227,77.476,4.12
0,resnet34_295,981.364,56.613
0,resnet34_460,716.349,38.106
0,resnet34_311,786.728,23.814
0,resnet34_362,1182.05,56.601
0,resnet34_374,904.648,44.905
0,resnet50_374,77.20660000000001,2.658
0,resnet50_182,77.56939999999999,2.049
0,resnet50_255,283.938,22.483
0,resnet18_147,431.917,17.983
0,resnet50_307,134.204,4.34
0,resnet34_406,410.582,6.675
0,resnet18_118,137.327,10.063
0,resnet50_398,165.693,5.153
0,resnet50_475,207.85,9.484
0,resnet50_428,82.4914,1.908
0,resnet18_120,537.829,13.476
0,resnet50_285,98.2116,4.884
0,resnet34_84,970.935,23.354
0,resnet18_311,232.851,10.787
0,resnet18_460,487.034,5.394
0,resnet50_221,82.4936,2.074
0,resnet50_377,189.388,5.764
0,resnet50_386,232.984,2.69
0,resnet18_399,562.317,42.602
0,resnet50_301,167.307,6.451
0,resnet50_25,235.72,3.157
0,resnet34_191,920.491,30.221
0,resnet18_169,709.83,24.529
0,resnet18_185,488.654,4.946
0,resnet18_123,317.856,15.991
0,resnet34_208,1321.95,26.596
0,resnet18_262,477.944,9.917
0,resnet18_148,435.546,7.113
0,resnet50_231,124.18,1.872
0,resnet50_90,89.6922,3.077
0,resnet18_495,636.675,36.359
0,resnet50_166,105.228,8.292
0,resnet18_469,722.054,4.096
0,resnet18_454,442.918,21.941
0,resnet18_188,382.647,4.275
0,resnet50_8,189.956,8.014
0,resnet18_212,464.038,3.088
0,resnet18_471,375.532,16.169
0,resnet34_409,1176.31,8.202
0,resnet18_279,298.231,12.109
0,resnet34_189,1128.21,26.496
0,resnet18_467,411.435,8.546
0,resnet50_417,71.6286,5.261
0,resnet34_268,529.156,4.058
0,resnet18_361,355.408,3.555
0,resnet34_361,636.41,20.026
0,resnet50_324,149.763,7.753
0,resnet50_30,157.231,8.334
0,resnet50_184,134.641,6.371
0,resnet18_155,1149.21,98.228
0,resnet18_107,478.938,4.794
0,resnet34_349,1071.53,6.712
0,resnet18_76,208.671,3.303
0,resnet18_494,476.914,17.841
0,resnet34_41,800.876,5.427
0,resnet18_110,377.635,22.396
0,resnet50_279,101.485,5.716
0,resnet18_62,239.206,2.887
0,resnet50_220,176.943,5.753
0,resnet34_365,662.025,11.676
0,resnet34_376,1112.99,55.032
0,resnet50_121,125.564,3.665
0,resnet18_215,375.706,15.001
0,resnet34_5,558.871,39.171
0,resnet34_333,717.033,35.759
0,resnet18_269,215.848,9.366
0,resnet50_196,198.394,11.109
0,resnet50_291,121.73,8.354
0,resnet50_144,145.712,9.274
0,resnet18_328,402.171,26.162
0,resnet50_84,262.516,11.634
0,resnet34_319,1094.47,13.802
0,resnet18_261,354.206,17.798
0,resnet34_399,898.775,6.735
0,resnet50_176,146.964,7.159
0,resnet18_354,787.339,53.39
0,resnet18_472,499.498,8.076
0,resnet18_111,451.788,15.483
0,resnet18_207,710.038,39.781
0,resnet18_158,292.504,15.876
0,resnet34_323,1303.9,80.75
0,resnet34_89,1401.9,102.06
0,resnet18_492,222.579,7.833
0,resnet50_409,156.408,7.227
0,resnet34_483,1683.38,113.602
0,resnet50_311,111.238,2.313
0,resnet18_86,320.547,3.055
0,resnet34_77,1205.51,107.745
0,resnet50_496,198.028,8.865
0,resnet18_462,354.821,4.116
0,resnet34_122,1874.57,134.269
0,resnet18_256,228.414,11.546
0,resnet50_463,199.597,7.95
0,resnet50_174,56.277,3.785
0,resnet34_175,644.267,35.839
0,resnet34_31,1034.03,27.383
0,resnet50_29,219.309,11.48
0,resnet34_177,1056.98,81.812
0,resnet34_299,451.238,12.811
0,resnet34_13,1291.64,94.765
0,resnet18_474,669.736,10.652
0,resnet34_104,637.452,40.807
0,resnet50_347,187.322,11.618
0,resnet34_453,1052.4,29.307
0,resnet18_432,494.573,18.998
0,resnet18_294,412.5,6.736
0,resnet34_140,948.298,51.533
0,resnet34_216,1280.1,105.799
0,resnet34_184,832.346,5.781
0,resnet18_241,489.363,16.743
0,resnet50_178,162.085,2.508
0,resnet34_137,886.347,29.163
0,resnet34_313,1171.06,30.184
0,resnet18_451,175.221,9.873
0,resnet18_355,480.01,17.456
0,resnet50_209,129.281,10.03
0,resnet18_239,739.794,49.925
0,resnet18_104,620.816,40.941
0,resnet34_489,870.665,61.765
0,resnet50_426,213.257,6.226
0,resnet50_474,129.468,5.194
0,resnet50_371,290.38,21.553
0,resnet18_332,509.623,34.093
0,resnet18_497,224.773,10.572
0,resnet50_372,116.72,8.726
0,resnet50_313,198.294,6.675
0,resnet18_251,292.846,10.597
0,resnet34_197,1107.93,8.195
0,resnet34_430,889.792,21.925
0,resnet18_306,527.015,34.708
0,resnet50_336,140.969,10.325
0,resnet34_435,944.487,29.464
0,resnet34_491,1132.21,22.829
0,resnet50_468,117.206,5.932
0,resnet50_451,195.522,10.568
0,resnet18_3,833.805,37.265
0,resnet18_124,361.44,14.38
0,resnet34_395,1109.87,40.535
0,resnet50_125,58.8984,1.667
0,resnet34_65,461.842,11.47
0,resnet18_334,144.097,2.04
0,resnet18_386,733.058,55.403
0,resnet34_64,999.361,21.264
0,resnet18_210,617.755,16.393
0,resnet18_200,453.988,15.92
0,resnet18_93,446.96,20.207
0,resnet50_373,133.404,2.174
0,resnet18_449,335.986,15.573
0,resnet34_423,698.185,32.605
0,resnet50_242,221.995,4.684
0,resnet18_182,392.49,15.834
0,resnet18_252,645.738,8.857
0,resnet18_149,657.028,19.652
0,resnet50_217,161.189,12.132
0,resnet18_191,526.876,28.585
0,resnet34_446,959.158,28.947
0,resnet18_395,242.079,16.479
0,resnet34_100,685.37,23.503
0,resnet34_12,392.056,26.665
0,resnet18_423,439.159,3.731
0,resnet34_146,1234.66,61.853
0,resnet50_119,132.563,4.521
0,resnet18_246,779.824,59.724
0,resnet50_101,111.8,8.852
0,resnet50_191,287.147,16.963
0,resnet50_415,168.947,10.667
0,resnet50_410,100.339,5.854
0,resnet50_461,73.301,1.584
0,resnet50_333,201.646,13.306
0,resnet18_387,640.917,40.819
0,resnet50_19,149.813,5.494
0,resnet18_470,509.172,15.964
0,resnet34_254,1250.2,92.669
0,resnet34_488,449.761,22.175
0,resnet18_254,407.985,10.635
0,resnet34_152,352.683,3.917
0,resnet18_190,387.047,8.743
0,resnet34_363,1065.54,48.436
0,resnet18_441,278.535,8.577
0,resnet34_86,777.85,24.261
0,resnet50_112,132.824,2.356
0,resnet50_69,191.28,10.345
0,resnet18_176,219.545,5.557
0,resnet50_273,276.85,12.773
0,resnet50_389,117.425,1.641
0,resnet50_319,185.614,12.983
0,resnet34_342,764.03,14.955
0,resnet50_55,75.5446,3.573
0,resnet34_201,1151.46,63.039
0,resnet34_154,954.226,40.437
0,resnet50_480,180.428,6.763
0,resnet34_171,805.819,29.682
0,resnet18_274,676.569,31.066
0,resnet50_35,117.738,7.78
0,resnet18_382,237.993,15.964
0,resnet18_249,697.258,58.4
0,resnet34_438,970.365,43.263
0,resnet18_229,421.207,23.241
0,resnet34_412,688.24,19.582
0,resnet34_222,835.725,17.012
0,resnet50_296,285.092,20.635
0,resnet50_113,91.1462,4.888
0,resnet50_66,168.113,6.832
0,resnet18_464,429.309,24.924
0,resnet50_110,133.234,1.894
0,resnet50_465,114.867,8.546
0,resnet34_209,565.441,29.35
0,resnet34_499,1376.63,104.82
0,resnet34_217,632.571,13.081
0,resnet50_111,294.609,4.135
0,resnet18_307,455.301,17.312
0,resnet34_468,654.371,34.375
0,resnet18_196,454.304,21.841
0,resnet50_127,198.992,7.687
0,resnet18_453,402.483,24.222
0,resnet18_370,674.458,24.721
0,resnet18_214,435.382,14.237
0,resnet34_454,815.293,22.706
0,resnet50_293,219.222,5.637
0,resnet34_151,575.481,33.5
0,resnet34_34,757.122,16.312
0,resnet50_216,175.907,12.697
0,resnet50_269,238.756,12.205
0,resnet18_405,491.674,33.532
0,resnet18_329,467.785,4.997
0,resnet18_485,702.558,35.076
0,resnet50_145,56.9092,1.448
0,resnet18_242,521.389,5.202
0,resnet50_40,101.442,4.931
0,resnet50_149,180.924,7.03
0,resnet34_498,642.174,13.604
0,resnet50_251,165.26,4.891
0,resnet18_322,576.138,28.099
0,resnet18_30,301.998,14.109
0,resnet50_181,141.593,6.687
0,resnet18_442,652.713,47.322
0,resnet34_370,782.007,5.762
0,resnet34_474,1224.1,24.497
0,resnet50_1,269.419,6.241
0,resnet34_367,814.761,48.663
0,resnet18_69,843.111,22.644
0,resnet50_498,178.077,11.172
0,resnet18_482,658.482,25.935
0,resnet50_222,187.912,2.51
0,resnet34_261,878.714,43.305
0,resnet50_253,105.578,5.095
0,resnet18_164,124.107,7.672
0,resnet34_180,1026.19,58.603
0,resnet34_290,798.249,18.194
0,resnet34_280,797.953,21.751
0,resnet34_169,1333.45,21.001
0,resnet18_133,557.059,16.146
0,resnet50_466,150.464,5.864
0,resnet50_396,241.582,16.587
0,resnet50_147,135.611,4.402
0,resnet18_114,476.422,18.747
0,resnet34_186,827.391,5.095
0,resnet50_259,272.512,3.578
0,resnet34_450,784.684,16.353
0,resnet50_57,151.529,2.45
0,resnet50_146,130.82,5.685
0,resnet50_328,64.91669999999999,3.066
0,resnet50_98,162.642,5.936
0,resnet50_394,205.846,2.346
0,resnet50_2,173.998,10.74
0,resnet18_260,390.36,24.404
0,resnet34_97,1527.29,76.151
0,resnet34_329,452.408,35.677
0,resnet34_463,397.915,4.475
0,resnet50_58,137.956,2.328
0,resnet34_118,701.048,30.911
0,resnet50_211,145.385,5.284
0,resnet34_432,687.515,27.143
0,resnet18_7,325.943,13.415
0,resnet34_445,1328.79,96.646
0,resnet34_161,903.256,20.398
0,resnet18_109,494.814,12.134
0,resnet18_95,453.146,9.85
0,resnet34_1,433.939,15.312
0,resnet18_217,242.731,5.523
0,resnet18_363,344.388,22.814
0,resnet18_357,951.764,57.241
0,resnet34_174,1027.49,48.164
0,resnet34_57,958.93,69.746
0,resnet34_392,773.736,32.043
0,resnet34_59,1006.86,67.171
0,resnet18_85,565.469,23.108
0,resnet18_404,683.361,37.716
0,resnet18_353,576.265,29.213
0,resnet18_271,214.3,10.35
0,resnet34_178,631.211,14.41
0,resnet34_358,852.239,35.21
0,resnet50_272,97.56269999999999,3.211
0,resnet50_323,206.641,10.853
0,resnet34_490,998.101,27.341
0,resnet34_456,612.91,26.624
0,resnet34_49,1182.52,74.264
0,resnet18_206,439.89,7.313
0,resnet50_489,145.356,8.442
0,resnet50_260,120.706,3.654
0,resnet18_346,303.456,13.0
0,resnet34_187,468.342,20.12
0,resnet18_358,512.263,11.469
0,resnet50_142,291.804,3.025
0,resnet18_337,301.033,12.095
0,resnet50_414,92.0234,4.379
0,resnet34_348,727.194,56.464
0,resnet18_101,241.377,5.598
0,resnet34_390,659.948,6.332
0,resnet50_286,143.7,2.242
0,resnet18_338,673.431,51.818
0,resnet50_141,94.4399,7.732
0,resnet34_271,663.333,21.289
0,resnet34_2,1237.62,71.855
0,resnet18_60,643.705,25.906
0,resnet34_369,808.028,45.671
0,resnet18_57,751.5,14.455
0,resnet34_203,628.102,15.619
0,resnet18_327,582.343,35.58
0,resnet34_170,743.8,15.595
0,resnet50_94,148.014,5.211
0,resnet50_234,171.798,8.792
0,resnet50_108,65.1304,2.827
0,resnet34_312,1708.24,50.645
0,resnet34_157,971.831,11.615
0,resnet34_138,985.913,20.464
0,resnet50_459,139.408,4.072
0,resnet50_208,100.077,2.152
0,resnet34_10,1299.15,105.877
0,resnet18_51,172.456,11.341
0,resnet50_24,215.606,11.468
0,resnet34_303,803.125,56.807
0,resnet18_5,535.429,14.611
0,resnet18_415,377.085,17.492
0,resnet18_228,198.733,6.837
0,resnet34_46,883.746,36.901
0,resnet34_465,631.778,4.63
0,resnet34_33,387.428,5.609
0,resnet18_259,686.467,4.592
0,resnet34_114,433.955,14.31
0,resnet18_232,316.973,20.711
0,resnet50_5,67.98519999999999,1.755
0,resnet18_141,239.438,10.286
0,resnet18_23,330.127,9.194
0,resnet18_8,171.779,10.534
0,resnet34_95,1057.55,67.042
0,resnet18_318,682.7,19.664
0,resnet34_449,784.854,22.289
0,resnet34_408,316.25,13.215
0,resnet34_190,601.933,27.953
0,resnet50_158,185.37,12.044
0,resnet50_473,66.49889999999999,3.829
0,resnet50_252,177.386,12.393
0,resnet18_168,439.894,28.093
0,resnet18_347,280.017,3.572
0,resnet18_63,440.443,10.275
0,resnet50_105,222.189,14.415
0,resnet18_350,475.943,24.769
0,resnet34_244,796.107,24.478
0,resnet50_332,182.651,12.723
0,resnet18_243,509.299,32.534
0,resnet50_17,117.793,5.674
0,resnet18_443,460.927,5.132
0,resnet50_490,35.9244,1.032
0,resnet50_483,143.61,1.774
0,resnet18_446,734.502,63.61
0,resnet50_185,166.497,10.62
0,resnet18_340,683.894,19.728
0,resnet18_89,258.483,20.482
0,resnet34_123,872.82,55.773
0,resnet18_197,492.433,13.727
0,resnet34_282,821.121,44.669
0,resnet18_375,617.388,14.048
0,resnet18_367,504.885,23.121
0,resnet18_248,257.671,11.929
0,resnet50_367,159.585,6.256
0,resnet34_188,1169.83,72.695
0,resnet50_400,154.439,5.747
0,resnet50_179,84.0078,4.853
0,resnet34_353,867.97,42.169
0,resnet18_15,532.158,5.427
0,resnet34_91,735.197,19.191
0,resnet34_105,547.1,8.004
0,resnet50_335,168.967,8.94
0,resnet34_111,1135.97,70.664
0,resnet34_314,930.515,49.91
0,resnet50_47,85.7967,3.107
0,resnet18_366,793.562,49.675
0,resnet34_162,1096.69,65.638
0,resnet34_403,647.881,24.039
0,resnet50_435,61.735699999999994,1.523
0,resnet18_266,438.479,17.835
0,resnet50_12,157.017,10.375
0,resnet18_37,489.577,23.013
0,resnet34_400,951.327,75.101
0,resnet34_185,843.86,25.61
0,resnet18_305,287.003,16.673
0,resnet34_414,1473.69,90.309
0,resnet18_290,267.384,2.781
0,resnet34_259,606.0,33.608
0,resnet18_473,358.386,19.531
0,resnet50_450,182.945,11.002
0,resnet18_115,490.259,25.238
0,resnet34_22,688.851,27.103
0,resnet34_320,837.927,49.557
0,resnet34_176,1023.02,55.966
0,resnet50_34,140.957,8.634
0,resnet18_430,298.714,6.941
0,resnet50_294,171.893,10.127
0,resnet50_439,196.377,11.428
0,resnet18_33,676.812,41.706
0,resnet50_239,265.244,15.552
0,resnet18_0,208.149,12.842
0,resnet50_87,169.392,14.707
0,resnet18_90,452.176,23.376
0,resnet34_386,1066.45,17.42
0,resnet34_231,766.957,22.021
0,resnet50_375,138.248,2.006
0,resnet50_247,217.57,13.898
0,resnet50_118,87.06160000000001,1.545
0,resnet50_138,199.247,7.024
0,resnet50_262,102.875,3.642
0,resnet50_276,265.098,10.304
0,resnet34_298,445.52,11.471
0,resnet34_478,937.884,19.33
0,resnet34_149,1531.96,76.772
0,resnet50_170,178.702,10.407
0,resnet34_218,1258.87,61.933
0,resnet34_458,1135.39,14.587
0,resnet18_108,525.3,15.272
0,resnet18_487,168.294,10.378
0,resnet34_305,912.247,14.232
0,resnet34_78,1040.43,23.01
0,resnet34_9,912.589,6.32
0,resnet34_396,496.219,31.005
0,resnet34_45,694.069,20.565
0,resnet18_390,424.449,15.748
0,resnet18_237,426.637,12.636
0,resnet34_92,600.224,27.919
0,resnet18_204,427.089,30.954
0,resnet18_344,292.544,15.696
0,resnet34_398,454.087,20.564
0,resnet34_196,676.403,12.166
0,resnet50_478,200.427,12.523
0,resnet18_341,464.722,19.345
0,resnet50_256,114.337,8.102
0,resnet50_42,99.27489999999999,2.915
0,resnet34_242,880.789,21.051
0,resnet34_359,924.284,5.374
0,resnet34_40,933.555,17.724
0,resnet18_53,579.512,15.189
0,resnet50_281,95.21130000000001,5.405
0,resnet50_183,103.674,6.927
0,resnet34_61,507.209,3.911
0,resnet50_160,166.445,2.979
0,resnet18_167,339.077,16.878
0,resnet18_150,379.967,3.21
0,resnet18_374,199.34,10.025
0,resnet18_20,604.702,32.401
0,resnet34_42,967.217,5.52
0,resnet18_458,507.816,30.121
0,resnet50_320,151.926,10.758
0,resnet34_83,635.184,42.531
0,resnet34_316,442.682,10.941
0,resnet50_345,159.275,3.361
0,resnet34_281,954.442,68.41
0,resnet34_324,845.756,5.724
0,resnet50_68,100.343,5.312
0,resnet18_291,350.639,17.442
0,resnet18_134,457.022,20.838
0,resnet50_80,115.617,8.366
0,resnet18_420,321.443,12.678
0,resnet50_305,189.709,2.632
0,resnet34_99,866.491,25.92
0,resnet50_425,243.961,14.101
0,resnet18_157,259.181,3.433
0,resnet34_421,578.244,11.137
0,resnet34_183,1247.36,77.132
0,resnet34_0,428.238,19.21
0,resnet50_32,101.509,5.872
0,resnet18_235,699.296,10.502
0,resnet18_199,271.383,8.215
0,resnet34_16,964.57,63.005
0,resnet34_7,1561.88,82.147
0,resnet50_381,233.196,12.343
0,resnet50_492,88.1366,5.637
0,resnet34_130,790.941,11.216
0,resnet34_352,710.748,25.754
0,resnet18_195,656.197,7.814
0,resnet34_56,1238.26,95.479
0,resnet50_64,123.127,4.659
0,resnet50_9,147.874,6.096
0,resnet34_80,1026.16,55.678
0,resnet34_265,730.424,57.46
0,resnet34_11,543.169,8.412
0,resnet18_1,176.118,4.875
0,resnet18_456,643.605,37.884
0,resnet18_281,718.851,19.559
0,resnet50_445,197.407,6.573
0,resnet50_74,159.683,3.776
0,resnet50_219,122.114,4.299
0,resnet34_470,801.212,68.512
0,resnet18_140,589.174,26.141
0,resnet50_338,101.931,5.484
0,resnet50_49,92.7992,2.49
0,resnet50_76,142.718,8.413
0,resnet18_377,488.064,21.252
0,resnet18_384,395.087,14.658
0,resnet18_476,410.222,4.306
0,resnet18_116,529.138,38.345
0,resnet50_240,257.912,13.99
0,resnet18_455,377.267,21.26
0,resnet50_357,139.016,5.289
0,resnet34_262,1008.44,87.062
0,resnet18_417,625.016,20.191
0,resnet50_462,126.593,1.916
0,resnet18_145,463.629,20.542
0,resnet50_151,143.627,2.283
0,resnet50_441,167.407,9.375
0,resnet34_360,782.286,65.627
0,resnet18_73,433.335,4.681
0,resnet18_410,658.987,27.462
0,resnet34_377,1035.51,73.324
0,resnet50_407,193.606,10.216
0,resnet50_424,97.1527,6.544
0,resnet50_154,186.621,6.773
0,resnet18_319,365.781,16.939
0,resnet50_115,213.859,8.905
0,resnet50_306,183.35,2.778
0,resnet34_272,1557.6,108.397
0,resnet18_376,438.571,10.114
0,resnet34_128,1268.48,73.401
0,resnet50_33,143.489,6.109
0,resnet34_331,801.426,31.939
0,resnet34_484,879.821,19.4
0,resnet34_74,841.497,40.995
0,resnet18_16,232.922,12.212
0,resnet34_195,975.67,12.4
0,resnet18_135,523.848,6.867
0,resnet34_126,793.125,26.611
0,resnet50_190,85.401,4.496
0,resnet18_32,587.813,4.662
0,resnet50_143,113.697,2.188
0,resnet18_221,351.939,13.026
0,resnet34_393,548.586,4.99
0,resnet34_339,820.831,17.98
0,resnet18_416,619.408,39.837
0,resnet34_234,1921.68,108.195
0,resnet50_18,147.643,7.748
0,resnet50_248,174.83,3.576
0,resnet34_88,744.452,4.558
0,resnet18_84,205.432,3.017
0,resnet18_426,313.202,10.151
0,resnet18_253,290.847,4.755
0,resnet34_479,806.285,46.242
0,resnet34_286,450.786,16.575
0,resnet50_392,272.482,10.446
0,resnet50_339,92.026,7.322
0,resnet50_383,160.321,7.781
0,resnet34_326,818.045,4.601
0,resnet50_431,132.906,2.053
0,resnet50_116,218.104,5.436
0,resnet18_345,898.224,6.201
0,resnet18_272,348.36,23.116
0,resnet34_345,970.376,17.522
0,resnet50_267,235.048,15.564
0,resnet34_444,973.757,8.206
0,resnet34_131,1572.73,92.194
0,resnet50_411,161.188,6.887
0,resnet34_164,1175.18,69.679
0,resnet50_128,174.428,9.478
0,resnet50_36,143.223,9.651
0,resnet50_81,162.223,6.382
0,resnet18_483,470.64,12.635
0,resnet18_103,384.507,13.797
0,resnet18_369,348.3,5.048
0,resnet18_180,317.529,12.586
0,resnet18_170,263.753,3.477
0,resnet18_331,726.055,30.992
0,resnet50_378,113.597,3.049
0,resnet34_63,312.891,4.072
0,resnet50_86,149.02,2.639
0,resnet34_462,1883.52,121.658
0,resnet18_146,460.497,12.675
0,resnet18_412,421.456,13.309
0,resnet18_372,235.756,2.831
0,resnet18_159,679.564,17.584
0,resnet50_282,166.629,12.764
0,resnet18_459,710.226,31.449
0,resnet50_132,166.657,4.774
0,resnet50_344,59.0659,4.093
0,resnet18_10,465.051,15.981
0,resnet50_140,67.2152,1.257
0,resnet34_285,249.314,7.037
0,resnet34_212,1211.56,71.819
0,resnet34_134,749.942,34.275
0,resnet18_378,366.588,9.872
0,resnet34_132,563.437,35.764
0,resnet34_24,1213.47,73.032
0,resnet34_405,609.332,22.289
0,resnet34_419,1528.15,106.532
0,resnet50_421,85.6505,1.647
0,resnet34_482,857.37,34.941
0,resnet18_226,457.035,25.167
0,resnet18_352,568.734,21.074
0,resnet34_81,461.458,18.497
0,resnet50_13,158.991,11.266
0,resnet50_261,65.0517,5.623
0,resnet50_162,173.098,6.349
0,resnet18_270,668.285,53.891
0,resnet50_77,179.584,5.948
0,resnet18_481,576.228,19.61
0,resnet18_6,711.318,7.66
0,resnet18_285,430.055,21.947
0,resnet50_390,128.175,2.248
0,resnet50_266,290.914,12.578
0,resnet18_9,480.706,25.416
0,resnet18_275,473.813,19.832
0,resnet18_14,323.665,20.876
0,resnet18_324,543.171,19.713
0,resnet18_365,564.347,28.85
0,resnet18_11,322.332,21.058
0,resnet18_65,476.118,17.98
0,resnet34_415,374.805,27.585
0,resnet34_172,1091.36,58.725
0,resnet34_297,558.026,10.613
0,resnet50_213,106.826,7.166
0,resnet34_43,1114.73,65.702
0,resnet34_166,566.904,25.658
0,resnet18_343,287.683,15.902
0,resnet34_232,742.576,4.068
0,resnet18_250,381.111,5.171
0,resnet34_110,615.079,19.812
0,resnet34_266,488.678,28.941
0,resnet34_120,995.948,5.968
0,resnet50_164,160.93,9.648
0,resnet34_322,1321.63,99.668
0,resnet18_21,362.542,11.549
0,resnet18_313,169.818,2.544
0,resnet18_465,198.888,7.36
0,resnet18_187,939.064,28.004
0,resnet50_452,227.43,12.777
0,resnet34_308,923.138,19.342
0,resnet50_50,96.5168,6.753
0,resnet34_139,462.947,25.102
0,resnet50_309,157.456,5.681
0,resnet50_330,123.131,7.884
0,resnet18_385,475.324,24.771
0,resnet34_156,551.378,10.841
0,resnet50_130,143.302,2.355
0,resnet18_371,398.523,16.123
0,resnet18_119,475.203,33.685
0,resnet18_289,321.769,5.839
0,resnet18_342,289.918,25.272
0,resnet34_116,1099.2,6.069
0,resnet18_126,559.518,13.997
0,resnet34_375,947.878,46.587
0,resnet50_236,204.483,10.654
0,resnet50_310,197.503,4.177
0,resnet50_363,100.328,3.041
0,resnet50_354,236.342,14.395
0,resnet18_154,289.994,17.515
0,resnet34_225,931.49,38.005
0,resnet34_417,544.804,29.163
0,resnet50_26,148.35,2.552
0,resnet50_212,183.007,7.953
0,resnet50_476,239.983,8.53
0,resnet50_432,59.8744,3.949
0,resnet18_184,330.833,16.922
0,resnet18_49,415.093,29.266
0,resnet50_45,123.863,6.47
0,resnet34_364,1353.34,26.393
0,resnet50_348,199.925,16.341
0,resnet18_499,523.865,16.796
0,resnet50_469,196.374,12.379
0,resnet34_76,1150.59,32.514
0,resnet34_291,636.231,5.325
0,resnet50_434,213.102,6.181
0,resnet34_223,1276.01,18.581
0,resnet34_383,445.227,19.822
0,resnet18_263,788.095,43.852
0,resnet18_436,293.108,17.614
0,resnet18_435,361.911,12.317
0,resnet50_229,127.487,2.355
0,resnet34_283,472.819,24.4
0,resnet34_439,415.858,23.152
0,resnet34_354,1323.54,75.531
0,resnet34_451,606.188,23.614
0,resnet18_18,382.41,9.927
0,resnet50_238,286.986,3.444
0,resnet18_92,602.039,14.543
0,resnet34_18,370.212,20.305
0,resnet34_145,709.84,5.181
0,resnet34_267,1173.11,30.232
0,resnet18_161,697.3,36.31
0,resnet18_286,541.802,13.634
0,resnet18_50,503.271,16.739
0,resnet34_443,1417.83,98.338
0,resnet50_161,179.411,5.084
0,resnet18_122,214.24,11.294
0,resnet34_321,339.786,13.179
0,resnet18_403,475.976,19.319
0,resnet18_54,349.582,15.628
0,resnet34_309,1452.91,75.04
0,resnet50_245,140.906,3.266
0,resnet50_265,210.027,10.339
0,resnet50_447,185.715,3.878
0,resnet50_85,174.041,10.669
0,resnet50_10,245.824,15.252
0,resnet34_315,1027.9,46.191
0,resnet34_141,293.105,16.76
0,resnet18_287,469.204,30.072
0,resnet34_328,329.158,5.451
0,resnet50_223,92.9376,2.092
0,resnet34_391,845.27,61.154
0,resnet50_477,152.986,9.988
0,resnet18_280,230.011,7.119
0,resnet18_431,173.604,9.494
0,resnet34_428,1157.35,101.984
0,resnet18_136,390.418,3.57
0,resnet50_487,99.9143,4.384
0,resnet18_12,632.103,27.592
0,resnet34_407,1103.63,60.275
0,resnet34_318,692.098,27.902
0,resnet18_56,247.703,2.743
0,resnet50_73,140.74,2.447
0,resnet50_458,260.316,16.414
0,resnet50_353,197.24,8.483
0,resnet34_163,918.393,32.581
0,resnet18_52,379.45,9.965
0,resnet50_187,69.3474,2.856
0,resnet18_388,574.666,5.614
0,resnet34_102,853.961,20.573
0,resnet34_230,771.205,45.65
0,resnet18_393,547.451,29.536
0,resnet18_203,396.701,15.947
0,resnet34_381,1200.0,89.891
0,resnet18_45,353.012,3.207
0,resnet34_279,1513.03,100.828
0,resnet50_308,159.401,5.037
0,resnet18_288,445.227,4.534
0,resnet50_206,245.115,8.424
0,resnet34_350,840.095,34.251
0,resnet34_379,564.687,4.511
0,resnet34_127,915.236,26.19
0,resnet50_203,101.206,6.488
0,resnet18_94,358.88,12.65
0,resnet34_106,706.024,5.513
0,resnet50_362,199.695,12.017
0,resnet18_138,513.299,29.075
0,resnet18_452,450.033,14.539
0,resnet34_346,701.593,40.768
0,resnet50_401,223.108,11.146
0,resnet34_425,775.081,43.981
0,resnet34_389,807.986,16.979
0,resnet18_429,673.227,30.602
0,resnet18_132,316.295,15.299
0,resnet18_223,737.553,17.358
0,resnet18_227,350.784,15.45
0,resnet18_258,548.657,25.722
0,resnet34_125,564.307,10.999
0,resnet50_257,209.731,11.203
0,resnet34_418,495.696,24.447
0,resnet34_284,688.31,11.314
0,resnet34_287,635.039,19.545
0,resnet34_427,776.649,24.055
0,resnet18_213,510.604,8.106
0,resnet18_189,534.781,6.366
0,resnet50_460,196.26,2.778
0,resnet50_413,117.553,7.688
0,resnet50_331,115.319,2.112
0,resnet34_155,504.258,37.044
0,resnet18_29,763.315,35.095
0,resnet50_423,80.1756,1.404
0,resnet34_144,499.236,27.578
0,resnet34_248,635.665,20.539
0,resnet18_440,541.586,14.493
0,resnet50_91,197.296,2.328
0,resnet34_440,633.303,52.052
0,resnet18_178,329.928,5.998
0,resnet50_232,150.513,5.594
0,resnet34_28,869.175,54.623
0,resnet50_283,146.909,6.332
0,resnet18_486,436.258,14.486
0,resnet34_109,570.04,19.788
0,resnet34_473,729.554,26.245
0,resnet18_44,471.546,5.7
0,resnet50_82,165.789,8.15
0,resnet18_438,259.419,5.778
0,resnet50_300,117.442,5.094
0,resnet34_492,1045.23,77.875
0,resnet50_416,179.574,8.378
0,resnet50_342,199.169,7.238
0,resnet18_113,440.679,27.301
0,resnet34_269,792.187,42.359
0,resnet34_181,997.748,8.725
0,resnet34_355,890.887,43.094
0,resnet34_246,810.251,41.702
0,resnet18_301,324.101,4.438
0,resnet50_395,178.665,6.298
0,resnet50_20,201.419,13.953
0,resnet18_421,590.368,5.553
0,resnet50_482,259.49,15.691
0,resnet34_213,623.313,13.646
0,resnet50_51,135.965,2.378
0,resnet50_224,144.001,5.883
0,resnet34_241,1017.38,70.44
0,resnet50_481,109.413,3.529
0,resnet34_68,1052.67,72.227
0,resnet34_294,1197.28,87.309
0,resnet34_14,762.232,15.225
0,resnet34_37,455.479,16.607
0,resnet50_53,126.242,9.012
0,resnet34_437,380.297,4.225
0,resnet34_50,1109.19,48.718
0,resnet50_95,156.246,9.044
0,resnet18_283,249.101,4.039
0,resnet50_48,193.888,9.579
0,resnet18_444,574.477,46.807
0,resnet50_52,111.409,7.467
0,resnet34_27,1224.19,47.036
0,resnet18_77,194.97,10.86
0,resnet18_422,606.732,28.946
0,resnet34_26,1397.11,106.253
0,resnet18_398,349.296,15.494
0,resnet50_454,186.344,3.414
0,resnet34_306,619.751,15.208
0,resnet34_434,705.55,18.116
0,resnet50_440,131.118,6.718
0,resnet50_71,169.972,13.973
0,resnet34_239,1160.09,88.464
0,resnet18_198,516.913,24.731
0,resnet50_420,210.217,7.553
0,resnet50_312,98.76480000000001,5.111
0,resnet18_96,353.738,9.989
0,resnet34_67,357.678,4.424
0,resnet50_226,94.72489999999999,3.498
0,resnet18_300,468.138,30.494
0,resnet34_52,747.21,4.516
0,resnet34_289,286.08,16.29
0,resnet50_129,124.86,7.695
0,resnet18_245,607.659,41.036
0,resnet34_15,883.158,44.61
0,resnet18_46,355.908,19.35
0,resnet18_373,247.784,3.629
0,resnet18_47,761.801,37.439
0,resnet50_210,95.0119,5.559
0,resnet34_481,594.632,4.591
0,resnet50_103,206.394,11.244
0,resnet50_351,101.468,4.034
0,resnet18_475,411.963,19.593
0,resnet18_418,273.885,11.349
0,resnet18_128,633.396,16.261
0,resnet34_8,1515.94,112.195
0,resnet50_292,125.903,3.734
0,resnet18_64,175.147,2.032
0,resnet50_446,106.552,7.19
0,resnet50_46,318.572,11.666
0,resnet34_85,299.595,9.994
0,resnet50_192,96.5715,4.636
0,resnet18_479,298.5,9.94
0,resnet18_233,519.852,11.318
0,resnet34_401,772.377,26.645
0,resnet34_448,1453.08,79.249
0,resnet50_304,119.006,6.323
0,resnet34_117,813.544,6.074
0,resnet50_165,173.244,9.73
0,resnet18_224,553.291,14.686
0,resnet50_11,222.196,2.903
0,resnet18_310,375.562,17.504
0,resnet34_206,916.062,42.268
0,resnet18_42,391.388,3.465
0,resnet50_159,120.438,2.394
0,resnet50_422,77.7447,1.598
0,resnet50_246,76.6083,4.617
0,resnet18_66,330.084,10.985
0,resnet34_66,930.707,23.682
0,resnet18_72,424.638,13.701
0,resnet50_346,169.741,2.409
0,resnet34_245,408.587,17.257
0,resnet34_211,344.913,22.181
0,resnet18_389,531.308,18.077
0,resnet18_414,649.936,18.013
0,resnet50_225,102.834,6.861
0,resnet34_420,520.793,5.508
0,resnet18_125,408.222,3.418
0,resnet50_358,162.199,2.506
0,resnet50_16,212.051,15.997
0,resnet50_334,95.72919999999999,2.251
0,resnet50_288,124.523,7.761
0,resnet50_124,123.179,1.858
0,resnet50_263,72.2736,5.272
0,resnet34_464,642.231,44.531
0,resnet50_352,240.272,2.887
0,resnet18_433,666.739,22.583
0,resnet34_96,692.061,19.604
0,resnet18_175,764.173,20.42
0,resnet34_4,563.871,4.056
0,resnet50_193,201.764,2.525
0,resnet34_274,956.019,54.499
0,resnet34_214,1147.48,37.18
0,resnet50_97,139.762,6.718
0,resnet18_102,379.434,19.238
0,resnet18_406,338.952,3.902
0,resnet34_192,611.432,18.316
0,resnet34_182,1092.14,18.956
0,resnet50_62,119.711,6.204
0,resnet50_173,142.964,2.25
0,resnet18_35,411.042,21.038
0,resnet50_39,80.46839999999999,5.276
0,resnet34_224,352.291,4.824
0,resnet50_303,282.028,21.202
0,resnet50_287,151.5,2.116
0,resnet34_205,678.851,52.661
0,resnet50_163,118.364,8.029
0,resnet18_407,352.493,21.816
0,resnet50_464,187.334,2.95
0,resnet50_436,211.962,7.316
0,resnet18_298,737.428,53.93
0,resnet50_153,157.34,10.148
0,resnet18_316,589.925,25.859
0,resnet18_160,312.873,5.817
0,resnet50_88,50.6202,3.645
0,resnet50_455,223.253,12.184
0,resnet50_467,147.08,6.083
0,resnet50_442,123.948,2.486
0,resnet18_419,370.8,26.882
0,resnet34_210,363.928,17.182
0,resnet18_428,402.63,3.484
0,resnet34_273,531.024,13.968
0,resnet18_362,170.964,4.903
0,resnet50_343,191.746,8.778
0,resnet50_453,96.01469999999999,4.118
0,resnet34_469,895.122,68.28
0,resnet34_332,1527.08,118.885
0,resnet50_199,258.761,7.032
0,resnet50_264,67.3905,1.606
0,resnet34_103,867.461,18.449
0,resnet50_4,187.947,8.289
0,resnet18_437,578.533,28.553
0,resnet50_318,154.444,8.317
0,resnet50_254,95.94160000000001,1.966
0,resnet18_424,339.678,8.339
0,resnet18_208,363.295,6.848
0,resnet18_129,520.329,24.705
0,resnet18_349,630.226,32.321
0,resnet50_100,119.029,5.786
0,resnet50_27,262.66,8.088
0,resnet50_197,91.2512,6.152
0,resnet34_330,905.723,24.941
0,resnet18_131,784.818,19.566
0,resnet50_102,267.449,19.225
0,resnet34_496,380.586,3.718
0,resnet50_37,209.039,7.88
0,resnet34_121,1003.1,88.347
0,resnet50_494,159.32,2.535
0,resnet34_72,1697.5,81.015
0,resnet34_51,964.615,84.449
0,resnet50_54,140.832,3.238
0,resnet50_350,173.762,4.978
0,resnet50_384,127.614,9.38
0,resnet50_65,152.603,8.694
0,resnet18_82,420.882,32.28
0,resnet50_471,79.0392,1.826
0,resnet34_301,402.47,18.158
0,resnet34_179,1069.23,33.996
0,resnet50_290,146.968,2.701
0,resnet50_380,215.21,13.466
0,resnet18_477,325.627,12.749
0,resnet34_204,1035.39,71.393
0,resnet34_30,1549.25,97.415
0,resnet50_237,108.492,3.311
0,resnet18_401,493.037,19.647
0,resnet34_25,1289.77,99.555
0,resnet50_316,298.017,20.773
0,resnet50_109,114.474,2.383
0,resnet34_20,811.621,9.73
0,resnet34_477,899.174,40.8
0,resnet50_356,154.382,6.824
0,resnet34_237,594.48,12.552
0,resnet34_168,659.97,31.264
0,resnet34_351,450.523,4.48
0,resnet50_376,136.368,7.202
0,resnet34_338,1033.91,86.825
0,resnet34_380,365.285,18.602
0,resnet18_225,418.229,14.686
0,resnet50_133,255.776,19.137
0,resnet18_40,319.252,21.276
0,resnet34_73,1273.43,85.156
0,resnet50_243,92.01089999999999,1.984
0,resnet50_326,189.254,10.752
0,resnet34_115,1051.7,41.837
0,resnet50_172,104.811,4.564
0,resnet34_207,837.321,4.986
0,resnet50_315,155.108,10.104
0,resnet50_278,107.878,2.957
0,resnet50_317,211.251,4.776
0,resnet18_193,489.227,29.687
0,resnet34_82,426.97,6.068
0,resnet34_38,561.79,26.084
0,resnet18_55,478.558,21.279
0,resnet18_317,375.425,24.634
0,resnet34_300,1023.28,61.77
0,resnet34_133,814.625,11.628
0,resnet18_186,439.315,32.842
0,resnet34_347,806.184,46.295
0,resnet34_3,438.839,5.451
0,resnet18_231,357.979,26.871
0,resnet18_379,655.757,4.057
0,resnet50_235,197.134,2.722
0,resnet18_335,611.138,9.266
0,resnet34_385,979.647,53.165
0,resnet34_356,682.131,38.165
0,resnet34_47,1344.1,62.941
0,resnet50_329,99.7973,6.299
0,resnet18_236,293.607,7.441
0,resnet34_264,423.123,19.348
0,resnet50_402,141.877,2.491
0,resnet50_137,128.555,7.785
0,resnet50_349,195.326,10.652
0,resnet18_209,183.485,9.647
0,resnet50_391,109.719,1.986
0,resnet18_24,251.408,5.574
0,resnet34_142,1110.56,67.353
0,resnet34_382,828.732,6.656
0,resnet34_366,709.535,5.492
0,resnet18_36,533.932,16.944
0,resnet18_439,390.306,4.104
0,resnet18_152,404.563,17.251
0,resnet34_48,403.724,4.12
0,resnet34_422,1160.43,42.881
