,squeezenet_445,221.577,10.022,4.523032625227348
,squeezenet_1511,318.185,3.846,1.2087307698351588
,squeezenet_747,243.909,13.774,5.647188090640362
,squeezenet_1369,304.541,6.457,2.1202399676890797
,squeezenet_1893,270.574,3.213,1.1874755150162248
,squeezenet_832,146.693,11.37,7.7508810918039694
,squeezenet_1173,233.436,10.73,4.596548947034734
,squeezenet_489,214.789,10.949,5.09756086205532
,squeezenet_1164,239.074,9.391,3.928072479650652
,squeezenet_83,164.525,10.407,6.325482449475764
,squeezenet_1167,98.19019999999999,3.325,3.3862849856706685
,squeezenet_151,188.103,6.886,3.6607603281181054
,squeezenet_1665,166.483,4.41,2.6489191088579616
,squeezenet_1383,222.989,14.046,6.298965419818914
,squeezenet_137,232.484,3.143,1.351920992412381
,squeezenet_1337,115.494,8.589,7.436749961036937
,squeezenet_798,229.126,10.266,4.4805041767411815
,squeezenet_1236,189.03,12.693,6.714807173464529
,squeezenet_790,143.217,8.417,5.877095596193189
,squeezenet_229,145.106,9.544,6.577260761098784
,squeezenet_1510,416.816,13.749,3.2985777897201647
,squeezenet_1245,206.172,10.575,5.129212502182643
,squeezenet_603,91.44539999999999,2.125,2.3237910272140536
,squeezenet_983,227.951,4.519,1.982443595334085
,squeezenet_755,214.202,11.183,5.220772915285572
,squeezenet_903,201.653,13.127,6.509697351390756
,squeezenet_558,179.08,9.548,5.3316953316953315
,squeezenet_939,412.755,3.143,0.7614686678538115
,squeezenet_65,184.37,16.724,9.070890058035472
,squeezenet_1731,128.033,6.203,4.844844688478752
,squeezenet_911,125.401,9.775,7.794993660337638
,squeezenet_1640,79.6849,1.975,2.4785122400856374
,squeezenet_319,57.598800000000004,4.844,8.409897428418647
,squeezenet_687,125.454,3.525,2.809794825194892
,squeezenet_308,70.95660000000001,1.689,2.3803282569908926
,squeezenet_840,155.006,2.296,1.481232984529631
,squeezenet_297,130.636,7.509,5.748032701552406
,squeezenet_1359,157.992,7.591,4.804673654362246
,squeezenet_871,110.277,8.825,8.002575333025018
,squeezenet_1203,144.835,2.277,1.572133807436048
,squeezenet_889,110.426,5.509,4.98886131889229
,squeezenet_1608,140.371,10.457,7.449544421568557
,squeezenet_1201,187.015,6.349,3.3949148464026955
,squeezenet_1541,104.141,8.824,8.473127778684669
,squeezenet_1897,196.278,18.801,9.578760737321554
,squeezenet_1512,87.4408,5.807,6.6410645831236685
,squeezenet_496,197.106,18.038,9.151421062778404
,squeezenet_800,110.083,1.811,1.6451223167973257
,squeezenet_544,168.735,13.234,7.843067531928763
,squeezenet_1589,260.273,15.774,6.060559489459144
,squeezenet_1728,68.2912,1.588,2.3253362073005013
,squeezenet_1046,118.497,7.698,6.496366996632827
,squeezenet_1688,235.384,16.772,7.125378105563675
,squeezenet_981,142.276,9.78,6.873963282633754
,squeezenet_355,140.494,4.673,3.3261206884279755
,squeezenet_1260,442.851,5.244,1.1841454575015071
,squeezenet_13,158.772,5.662,3.566119970775704
,squeezenet_547,230.287,12.434,5.399349507353866
,squeezenet_582,161.503,11.882,7.3571388766772134
,squeezenet_1896,202.893,2.25,1.1089589093758778
,squeezenet_1629,66.5093,4.881,7.338823292381667
,squeezenet_801,99.4477,1.518,1.5264304755162765
,squeezenet_624,148.539,11.747,7.90836076720592
,squeezenet_494,157.659,10.628,6.741131175511706
,squeezenet_1802,80.0053,3.344,4.179723093345065
,squeezenet_804,87.2239,1.845,2.115245936033587
,squeezenet_1028,167.639,6.727,4.012789386717888
,squeezenet_714,160.763,9.515,5.918650435734591
,squeezenet_803,136.019,3.281,2.4121630066387785
,squeezenet_619,252.2,11.685,4.633227597145123
,squeezenet_1319,126.079,2.116,1.6783128038769344
,squeezenet_807,187.968,2.451,1.3039453524004085
,squeezenet_967,94.6002,2.541,2.686040832894645
,squeezenet_1774,179.289,2.768,1.5438760883266682
,squeezenet_335,139.938,7.996,5.713959039002988
,squeezenet_930,114.658,5.213,4.546564565926495
,squeezenet_1970,280.123,18.731,6.686705482948563
,squeezenet_515,112.257,4.736,4.218890581433675
,squeezenet_1683,189.094,8.059,4.261901488148752
,squeezenet_1862,228.257,11.754,5.149458724157419
,squeezenet_670,223.528,3.628,1.623062882502416
,squeezenet_1771,174.775,8.557,4.896009154627378
,squeezenet_1396,87.5174,5.448,6.225047819062268
,squeezenet_192,189.713,12.196,6.4286580255438475
,squeezenet_1801,172.972,4.388,2.536826769650579
,squeezenet_866,94.2277,4.313,4.577210310768489
,squeezenet_1402,141.129,9.462,6.704504389601004
,squeezenet_1215,144.982,11.971,8.256887061842159
,squeezenet_41,179.384,10.303,5.743544574766981
,squeezenet_1472,205.549,14.981,7.288286491298912
,squeezenet_1672,263.597,14.842,5.630564839508796
,squeezenet_766,70.5582,1.711,2.4249484822458625
,squeezenet_831,148.017,2.407,1.6261645621786687
,squeezenet_171,80.9608,6.515,8.047104277625715
,squeezenet_1126,97.1635,6.463,6.6516747544088055
,squeezenet_1619,292.991,22.3,7.611155291459465
,squeezenet_227,84.0,5.201,6.191666666666666
,squeezenet_1231,216.971,3.06,1.4103267256914518
,squeezenet_122,136.12,12.346,9.069938289744343
,squeezenet_408,123.576,2.509,2.030329513821454
,squeezenet_540,330.96,18.188,5.49552816050278
,squeezenet_745,152.832,10.161,6.6484767587939695
,squeezenet_1503,121.349,2.825,2.3279961103923394
,squeezenet_1462,82.77669999999999,5.921,7.152979038787485
,squeezenet_1638,85.3816,3.544,4.15077721663684
,squeezenet_1906,182.557,10.881,5.960330198239454
,squeezenet_1422,272.707,20.389,7.476522421499999
,squeezenet_784,206.262,13.472,6.531498773404698
,squeezenet_5,92.13210000000001,3.5,3.7988931110872324
,squeezenet_1300,189.626,2.327,1.227152394713805
,squeezenet_1813,157.205,10.571,6.724340828854043
,squeezenet_1242,204.689,5.922,2.893169637840822
,squeezenet_922,225.283,12.799,5.681298633274593
,squeezenet_1009,135.79,8.848,6.515943736652184
,squeezenet_180,76.1588,1.576,2.069360336559925
,squeezenet_941,120.21,7.822,6.50694617752267
,squeezenet_728,200.136,9.843,4.918155654155175
,squeezenet_62,121.204,3.92,3.234216692518399
,squeezenet_382,267.891,3.481,1.2994090880246068
,squeezenet_258,128.275,8.382,6.534398752679789
,squeezenet_857,94.1704,2.062,2.189647702462769
,squeezenet_157,143.221,2.55,1.780465155249579
,squeezenet_1082,102.549,8.973,8.74996343211538
,squeezenet_206,152.246,8.201,5.386676825663728
,squeezenet_1746,116.342,2.816,2.420450052431624
,squeezenet_476,82.5985,2.688,3.2542963855275824
,squeezenet_1581,202.071,10.523,5.207575555126663
,squeezenet_733,166.997,2.8,1.6766768265298178
,squeezenet_1286,156.72,12.283,7.837544665645738
,squeezenet_1087,115.128,3.628,3.1512751024946146
,squeezenet_527,149.246,2.524,1.6911676024818085
,squeezenet_1538,117.601,2.131,1.8120594212634245
,squeezenet_904,92.86630000000001,2.266,2.440067064155673
,squeezenet_1414,131.75,2.144,1.6273244781783682
,squeezenet_977,86.43910000000001,7.515,8.693982237205153
,squeezenet_1284,259.52,3.343,1.2881473489519113
,squeezenet_1085,107.5,8.833,8.216744186046512
,squeezenet_1118,247.533,2.792,1.1279304173584936
,squeezenet_116,92.4875,8.179,8.843357210433842
,squeezenet_674,163.714,10.863,6.635351894156884
,squeezenet_193,121.737,9.221,7.5745254113375555
,squeezenet_1507,117.21,8.562,7.304837471205529
,squeezenet_808,127.915,2.49,1.946605167494039
,squeezenet_749,218.282,11.747,5.3815706288196
,squeezenet_464,85.6953,1.975,2.30467715265598
,squeezenet_675,357.006,18.956,5.309714682666398
,squeezenet_1258,248.162,8.198,3.3034872381750633
,squeezenet_870,208.633,3.008,1.4417661635503491
,squeezenet_95,149.607,9.604,6.419485719251104
,squeezenet_510,196.73,13.2,6.709703654755248
,squeezenet_926,154.036,2.042,1.3256641304630086
,squeezenet_303,161.102,12.363,7.674020185969137
,squeezenet_1328,292.848,13.108,4.47604217887778
,squeezenet_344,180.765,3.105,1.7176997759522032
,squeezenet_917,122.73,4.448,3.6242157581683374
,squeezenet_1291,268.861,3.421,1.2724046998263043
,squeezenet_1979,295.426,14.183,4.800863837306127
,squeezenet_247,287.122,12.341,4.298172902111297
,squeezenet_155,268.548,3.435,1.2791009428482059
,squeezenet_1955,139.218,2.716,1.9508971541036362
,squeezenet_467,211.15,7.981,3.7797774094245797
,squeezenet_128,165.756,2.206,1.330871883974034
,squeezenet_338,126.855,5.813,4.582397225178353
,squeezenet_232,126.042,3.438,2.7276622078354835
,squeezenet_1350,123.153,2.761,2.241926709052967
,squeezenet_1666,173.804,12.142,6.986030240961082
,squeezenet_430,248.243,3.579,1.44173249598176
,squeezenet_1267,56.906699999999994,3.024,5.313961273452863
,squeezenet_1474,101.653,5.186,5.101669404739654
,squeezenet_628,61.9957,6.001,9.679703592345922
,squeezenet_676,134.541,4.758,3.5364684371306887
,squeezenet_1986,163.016,3.343,2.050718947833342
,squeezenet_1658,247.009,14.08,5.700197158807979
,squeezenet_1014,182.244,12.426,6.81833146770264
,squeezenet_1606,243.625,8.058,3.307542329399692
,squeezenet_286,332.073,26.954,8.116889960942324
,squeezenet_606,186.15,11.171,6.001074402363685
,squeezenet_1059,132.69,8.367,6.305674881302284
,squeezenet_1035,59.8255,4.004,6.692798221494178
,squeezenet_1590,151.752,7.069,4.658258210764932
,squeezenet_1675,69.8138,2.844,4.0736931666805125
,squeezenet_499,203.73,13.961,6.852697197270899
,squeezenet_1529,111.702,9.306,8.331095235537411
,squeezenet_1311,129.06,3.145,2.436851077018441
,squeezenet_213,188.675,12.305,6.52179674042666
,squeezenet_1480,86.5228,2.482,2.8686080431978627
,squeezenet_1754,311.86,2.505,0.8032450458539087
,squeezenet_1131,142.895,8.515,5.958920885965219
,squeezenet_1246,264.176,15.222,5.762067712434135
,squeezenet_1607,139.341,6.925,4.969822234661729
,squeezenet_58,185.397,11.471,6.187263008570797
,squeezenet_829,259.892,14.071,5.414172040693827
,squeezenet_1142,102.78,3.403,3.310955438801323
,squeezenet_1927,128.317,5.866,4.571490917025803
,squeezenet_117,296.854,9.829,3.3110552662251482
,squeezenet_1310,118.395,7.692,6.496895983783099
,squeezenet_1650,53.594,4.587,8.558793894838974
,squeezenet_216,216.851,2.791,1.2870588560809035
,squeezenet_1887,149.811,5.93,3.9583208175634628
,squeezenet_224,265.59,3.197,1.2037350803870628
,squeezenet_957,319.203,14.155,4.434482132060163
,squeezenet_827,151.379,8.001,5.285409468948797
,squeezenet_1565,292.616,16.888,5.771386390354595
,squeezenet_1568,218.818,15.947,7.2877916807575245
,squeezenet_1517,192.413,9.244,4.804249193141835
,squeezenet_932,119.569,4.103,3.431491440088986
,squeezenet_1010,170.387,4.683,2.748449118770798
,squeezenet_426,284.779,12.143,4.264008230943996
,squeezenet_292,188.568,11.456,6.075261974460141
,squeezenet_108,86.44439999999999,1.697,1.9631115491576094
,squeezenet_1702,84.13369999999999,3.105,3.690554438946582
,squeezenet_10,168.901,12.743,7.544656337144244
,squeezenet_536,190.816,3.091,1.6198851249371122
,squeezenet_552,172.104,6.374,3.7035745828103934
,squeezenet_1857,207.569,11.56,5.569232399828492
,squeezenet_267,103.137,9.687,9.392361616102853
,squeezenet_1,154.75,11.028,7.126332794830372
,squeezenet_1238,419.689,18.522,4.413267919816817
,squeezenet_1273,139.203,11.582,8.320222983700063
,squeezenet_203,189.497,11.873,6.265534546721055
,squeezenet_188,185.207,9.023,4.871846096529829
,squeezenet_1070,112.561,9.594,8.523378434804238
,squeezenet_948,162.854,5.961,3.6603337959153595
,squeezenet_392,198.467,7.517,3.7875314283986756
,squeezenet_1749,192.328,11.802,6.136391997005116
,squeezenet_565,145.944,4.835,3.3129145425642714
,squeezenet_1995,311.875,19.777,6.341322645290582
,squeezenet_1344,172.31,10.316,5.986884104230747
,squeezenet_1788,323.289,10.577,3.271685705359601
,squeezenet_331,132.085,13.185,9.982208426392097
,squeezenet_459,229.572,14.03,6.111372467025595
,squeezenet_928,262.842,9.274,3.5283554378676163
,squeezenet_891,163.122,3.001,1.8397273206557054
,squeezenet_1997,312.247,17.106,5.4783552764318
,squeezenet_1781,77.7423,1.899,2.442685642179354
,squeezenet_1502,146.928,11.408,7.764347163236415
,squeezenet_359,149.153,10.517,7.051148820338847
,squeezenet_1543,156.854,11.671,7.440677317760463
,squeezenet_444,62.3514,1.668,2.675160461513294
,squeezenet_656,101.863,6.764,6.640291371744402
,squeezenet_272,140.751,8.065,5.729977051672812
,squeezenet_718,128.264,2.811,2.191573629389384
,squeezenet_1412,54.6164,2.473,4.527943987520231
,squeezenet_1873,170.058,5.343,3.141869244610662
,squeezenet_918,158.101,3.178,2.010107462950898
,squeezenet_895,235.753,9.568,4.0584849397462595
,squeezenet_897,146.925,9.995,6.802790539390845
,squeezenet_1674,212.836,10.737,5.04472927512263
,squeezenet_472,260.447,20.029,7.69024024081675
,squeezenet_1285,291.678,11.373,3.899162775389299
,squeezenet_580,109.612,10.011,9.13312411049885
,squeezenet_367,118.793,3.792,3.1921072790484284
,squeezenet_1253,171.767,8.633,5.025994515826672
,squeezenet_662,231.585,7.526,3.2497786989658226
,squeezenet_884,83.5868,1.914,2.2898352371427064
,squeezenet_298,158.188,7.445,4.706425266139025
,squeezenet_420,254.137,7.309,2.8760078225524026
,squeezenet_1135,79.2536,2.917,3.6805899038024767
,squeezenet_1223,186.306,13.227,7.099610318508261
,squeezenet_1635,88.2462,5.934,6.724368868007915
,squeezenet_262,200.595,8.365,4.170093970437947
,squeezenet_1465,117.188,4.912,4.191555449363416
,squeezenet_1930,116.194,4.693,4.038934884761691
,squeezenet_1743,100.539,4.563,4.5385372840390295
,squeezenet_415,299.788,21.439,7.151386980132626
,squeezenet_568,189.795,10.424,5.492241629126163
,squeezenet_1408,118.468,2.159,1.8224330620927167
,squeezenet_475,192.965,10.721,5.555929831834789
,squeezenet_1239,315.583,3.34,1.0583586568351273
,squeezenet_341,151.794,11.426,7.527306744667114
,squeezenet_1090,117.217,5.129,4.375645170922306
,squeezenet_571,76.3205,7.349,9.629129788195833
,squeezenet_1993,150.363,6.478,4.30824072411431
,squeezenet_1546,109.045,5.785,5.305149250309505
,squeezenet_1684,249.277,10.927,4.38347701552891
,squeezenet_394,159.246,5.499,3.4531479597603707
,squeezenet_799,218.182,8.02,3.675830270141441
,squeezenet_1306,230.696,11.302,4.8990879772514475
,squeezenet_1527,266.731,17.092,6.407954081077939
,squeezenet_1718,134.222,4.91,3.65811863926927
,squeezenet_1961,97.6693,4.967,5.085528410667425
,squeezenet_502,90.3918,2.628,2.9073433652167564
,squeezenet_1304,108.543,2.948,2.7159743143270405
,squeezenet_1504,120.326,7.103,5.903129830626797
,squeezenet_1443,210.113,11.459,5.453732039426404
,squeezenet_322,158.223,4.084,2.5811670869595438
,squeezenet_966,111.277,4.304,3.8678253367721993
,squeezenet_1645,82.3847,7.603,9.228655320708821
,squeezenet_1450,223.29,11.901,5.329840118231896
,squeezenet_1817,181.347,13.045,7.19339167452453
,squeezenet_1140,118.74,2.528,2.129021391275055
,squeezenet_364,49.8037,2.011,4.037852609344286
,squeezenet_1673,97.9383,7.429,7.58538794322548
,squeezenet_3,319.024,21.349,6.691973017703997
,squeezenet_737,287.053,7.45,2.595339536601255
,squeezenet_336,308.818,15.943,5.1625876729983355
,squeezenet_734,97.9517,4.844,4.945294466558519
,squeezenet_78,69.8442,1.983,2.8391763381927206
,squeezenet_1066,120.607,10.21,8.465511952042586
,squeezenet_1399,221.153,11.968,5.4116380967022835
,squeezenet_468,134.067,2.055,1.5328156817113832
,squeezenet_643,250.284,14.652,5.854149685956753
,squeezenet_49,111.858,7.07,6.320513508197894
,squeezenet_350,240.109,3.06,1.2744212003714979
,squeezenet_634,214.338,8.78,4.09633382787933
,squeezenet_975,190.347,11.144,5.854570862687618
,squeezenet_125,105.929,1.896,1.7898781259145273
,squeezenet_1197,107.352,4.139,3.8555406513152994
,squeezenet_1264,176.155,9.58,5.438392324941103
,squeezenet_789,72.1164,6.575,9.117204963087454
,squeezenet_66,130.895,2.484,1.8977042667787154
,squeezenet_852,71.023,1.794,2.5259423003815664
,squeezenet_1830,95.31389999999999,5.053,5.301430326531598
,squeezenet_748,233.363,11.862,5.083068009924452
,squeezenet_567,223.978,11.327,5.057193117181152
,squeezenet_1579,256.194,8.418,3.285791236328719
,squeezenet_378,128.859,8.747,6.7880396402269145
,squeezenet_1926,273.93,3.299,1.2043222721133136
,squeezenet_1039,303.379,10.781,3.553640825502095
,squeezenet_237,116.225,3.347,2.879759087975909
,squeezenet_1362,296.471,7.313,2.466683081987783
,squeezenet_1826,238.694,2.787,1.167603710189615
,squeezenet_616,100.981,1.964,1.944920331547519
,squeezenet_615,366.15,3.581,0.9780144749419637
,squeezenet_330,354.399,4.052,1.143344083928002
,squeezenet_640,90.6113,1.949,2.150945853331759
,squeezenet_1021,146.935,15.044,10.238540851396877
,squeezenet_644,100.755,3.39,3.36459729045705
,squeezenet_333,137.595,5.925,4.306115774555761
,squeezenet_1012,202.343,16.578,8.193018784934493
,squeezenet_1452,160.232,2.175,1.3574067601977131
,squeezenet_133,195.995,7.141,3.643460292354397
,squeezenet_1297,263.187,20.182,7.668311884705551
,squeezenet_1973,81.89269999999999,1.583,1.9330172286418694
,squeezenet_493,80.52,2.173,2.698708395429707
,squeezenet_146,165.984,7.585,4.5697175631386155
,squeezenet_107,158.671,3.105,1.9568793289258906
,squeezenet_1174,127.377,6.241,4.899628661375288
,squeezenet_1057,288.967,3.939,1.3631314302325181
,squeezenet_1611,302.552,11.054,3.653586821438959
,squeezenet_225,128.012,9.326,7.285254507389932
,squeezenet_576,219.953,15.283,6.948302591917364
,squeezenet_1432,254.567,12.57,4.937796336524372
,squeezenet_1735,116.684,7.847,6.72500085701553
,squeezenet_810,72.8219,1.641,2.2534429889909493
,squeezenet_1576,139.621,2.226,1.5943160412831878
,squeezenet_1117,175.288,2.734,1.5597188626717173
,squeezenet_1657,145.271,4.613,3.1754445140461627
,squeezenet_1289,251.574,10.694,4.250836731935733
,squeezenet_909,187.561,2.824,1.50564349731554
,squeezenet_1698,211.112,12.53,5.935238167418242
,squeezenet_1835,398.29,3.469,0.8709734113334503
,squeezenet_578,301.262,15.382,5.105854704542889
,squeezenet_1823,169.879,3.024,1.7800905350278728
,squeezenet_1703,119.802,7.116,5.939800671107327
,squeezenet_916,135.401,1.951,1.4409051631819558
,squeezenet_1433,198.167,3.593,1.8131172193150222
,squeezenet_29,229.767,9.54,4.152032276175429
,squeezenet_528,157.509,11.153,7.0808652204001055
,squeezenet_1185,160.704,2.788,1.7348665870171243
,squeezenet_1421,161.299,7.102,4.4030031184322285
,squeezenet_1994,161.901,4.351,2.687444796511448
,squeezenet_602,69.2894,1.495,2.157617182426172
,squeezenet_822,146.971,2.881,1.960250661695164
,squeezenet_513,167.004,9.642,5.773514406840555
,squeezenet_584,214.535,8.241,3.8413312513109745
,squeezenet_233,283.042,19.834,7.007440591855627
,squeezenet_984,211.955,12.135,5.725271873746785
,squeezenet_588,147.405,11.606,7.8735456734846165
,squeezenet_1125,203.799,15.454,7.582961643580194
,squeezenet_1270,251.853,8.639,3.430175538905631
,squeezenet_758,201.543,2.384,1.1828741261170073
,squeezenet_987,209.755,11.818,5.634192271936307
,squeezenet_256,158.928,9.06,5.700694654183026
,squeezenet_742,131.711,2.477,1.8806325971255244
,squeezenet_1435,131.082,4.063,3.0995865183625515
,squeezenet_481,281.583,4.669,1.6581256680978607
,squeezenet_982,221.424,18.778,8.480562179348219
,squeezenet_400,257.799,9.079,3.521735926050916
,squeezenet_1549,163.789,2.555,1.5599338172893176
,squeezenet_30,273.414,12.858,4.702758454212294
,squeezenet_1055,104.086,4.503,4.326230232692197
,squeezenet_1334,252.612,5.957,2.3581619242157936
,squeezenet_883,211.103,2.766,1.310260867917557
,squeezenet_1290,104.733,2.302,2.1979700762892307
,squeezenet_1379,358.507,3.973,1.1082070921906684
,squeezenet_1222,347.606,13.52,3.8894610564834897
,squeezenet_1374,240.602,2.957,1.2290005901862826
,squeezenet_1784,171.749,12.031,7.004989839824395
,squeezenet_980,431.203,15.659,3.63146824117643
,squeezenet_1387,190.762,3.635,1.9055157735817403
,squeezenet_556,282.115,3.079,1.0913988976126756
,squeezenet_1537,260.453,3.065,1.1767958134481078
,squeezenet_160,91.11810000000001,5.452,5.98344346512932
,squeezenet_1330,206.313,3.436,1.665430680567875
,squeezenet_1027,169.328,2.208,1.3039780780497023
,squeezenet_846,134.599,2.39,1.7756446927540324
,squeezenet_1234,314.537,13.808,4.38994458521573
,squeezenet_1591,144.937,7.318,5.049090294403775
,squeezenet_1365,236.929,7.665,3.2351463940674208
,squeezenet_1601,340.272,3.807,1.1188108336859923
,squeezenet_173,98.7534,2.249,2.2773899430298097
,squeezenet_1876,188.655,3.855,2.0434125785163393
,squeezenet_1633,150.699,8.009,5.314567449020896
,squeezenet_1985,334.367,15.655,4.68198117637207
,squeezenet_1226,103.519,8.13,7.853630734454545
,squeezenet_209,134.103,8.148,6.075926713048925
,squeezenet_1772,58.6992,1.631,2.778572791452013
,squeezenet_1690,48.935199999999995,3.579,7.313753698768985
,squeezenet_478,107.003,1.697,1.5859368428922556
,squeezenet_163,306.217,3.968,1.2958130998605564
,squeezenet_564,119.704,9.048,7.558644656820157
,squeezenet_1875,184.207,15.018,8.152784639020233
,squeezenet_1406,62.847300000000004,2.309,3.673984403466816
,squeezenet_1855,140.097,9.495,6.777447054540782
,squeezenet_1859,148.573,10.239,6.891561723866382
,squeezenet_185,175.976,5.342,3.0356412238032457
,squeezenet_1199,242.152,9.994,4.127159800455912
,squeezenet_8,94.153,1.74,1.848055824031098
,squeezenet_1481,115.654,9.722,8.406107873484704
,squeezenet_577,202.898,16.162,7.965578763713788
,squeezenet_1097,107.228,1.581,1.474428320960943
,squeezenet_689,65.424,1.493,2.2820371729029105
,squeezenet_716,358.364,8.561,2.388911832661763
,squeezenet_1382,166.964,12.688,7.599242950576173
,squeezenet_1695,60.9579,1.708,2.8019337936510276
,squeezenet_612,140.398,9.295,6.620464678984031
,squeezenet_1074,217.942,3.331,1.5283882867918988
,squeezenet_730,177.306,13.93,7.85647411819115
,squeezenet_974,295.994,3.57,1.2061055291661316
,squeezenet_439,88.6108,7.206,8.132191561299527
,squeezenet_622,157.162,11.976,7.620162634733588
,squeezenet_1914,68.6985,3.662,5.330538512485717
,squeezenet_1206,200.682,12.683,6.319948973998665
,squeezenet_1454,69.24730000000001,3.558,5.138106467688992
,squeezenet_1570,138.145,11.054,8.00173730500561
,squeezenet_818,213.258,10.14,4.754804040176688
,squeezenet_1567,247.221,15.093,6.105063890203502
,squeezenet_950,179.708,2.823,1.5708816524584324
,squeezenet_1885,228.03,9.153,4.0139455334824365
,squeezenet_915,137.805,4.791,3.4766517905736363
,squeezenet_560,98.16460000000001,5.86,5.969565403414266
,squeezenet_1089,172.07,12.529,7.281338989945953
,squeezenet_1429,145.436,7.115,4.892186253747353
,squeezenet_1283,228.312,9.233,4.044027471179789
,squeezenet_1741,141.147,10.41,7.375289591702268
,squeezenet_1514,253.144,16.161,6.384113390007269
,squeezenet_1539,159.495,7.518,4.713627386438446
,squeezenet_85,85.9752,3.617,4.207027142710921
,squeezenet_1764,221.933,15.236,6.865134973167578
,squeezenet_161,133.035,9.799,7.365730822715827
,squeezenet_1221,124.152,6.121,4.930246794252207
,squeezenet_1149,198.836,11.978,6.024060029370938
,squeezenet_1530,296.029,14.388,4.860334629377528
,squeezenet_1727,234.569,12.851,5.478558547804697
,squeezenet_332,225.805,14.927,6.610571067956865
,squeezenet_100,239.656,15.579,6.500567480054745
,squeezenet_1910,375.726,4.074,1.0843007936634674
,squeezenet_278,274.18,18.195,6.636151433364942
,squeezenet_1584,324.8,21.287,6.553879310344827
,squeezenet_121,146.154,2.891,1.9780505494204743
,squeezenet_47,125.755,8.892,7.070891813446781
,squeezenet_1976,92.784,1.847,1.9906449387825487
,squeezenet_1779,285.07,4.013,1.4077244185638615
,squeezenet_423,284.899,19.822,6.957553378565737
,squeezenet_1786,183.773,14.873,8.093136641399989
,squeezenet_294,131.37,9.258,7.0472710664535265
,squeezenet_1954,200.098,10.793,5.393857010065068
,squeezenet_1696,155.45,2.441,1.5702798327436474
,squeezenet_1281,227.16,5.617,2.472706462405353
,squeezenet_1936,196.068,8.186,4.175082114368484
,squeezenet_1457,117.135,4.015,3.427668929013531
,squeezenet_1943,233.963,3.434,1.4677534481948
,squeezenet_608,196.32,11.927,6.075285248573757
,squeezenet_1166,334.197,22.157,6.629921872428538
,squeezenet_1569,109.161,8.863,8.119200080614872
,squeezenet_495,122.317,9.798,8.010333804785926
,squeezenet_754,317.92,15.721,4.944954705586311
,squeezenet_525,281.275,3.913,1.391165229757355
,squeezenet_1262,172.918,8.756,5.063671798193363
,squeezenet_345,175.454,2.98,1.698450876013086
,squeezenet_1639,275.855,18.894,6.849250512044371
,squeezenet_1111,151.57,2.261,1.4917199973609554
,squeezenet_1894,124.546,1.837,1.474957043983749
,squeezenet_636,248.732,9.171,3.687100976151038
,squeezenet_406,85.4074,6.74,7.891587848359745
,squeezenet_672,76.66669999999999,7.076,9.229561204538607
,squeezenet_535,135.794,6.328,4.659999705436175
,squeezenet_666,234.02,15.916,6.801128108708657
,squeezenet_1124,147.149,9.838,6.685740304045559
,squeezenet_1765,199.435,13.702,6.870408905157069
,squeezenet_1170,73.5093,7.03,9.563415785485647
,squeezenet_1339,172.617,13.039,7.553717188921137
,squeezenet_1820,93.3568,3.733,3.998637485432234
,squeezenet_490,179.123,3.198,1.7853653634653286
,squeezenet_781,356.245,13.002,3.6497354348832967
,squeezenet_1655,178.071,13.531,7.598654469284724
,squeezenet_471,117.563,9.033,7.683539889250869
,squeezenet_1195,218.336,2.533,1.160138502125165
,squeezenet_238,130.275,9.329,7.161005565150642
,squeezenet_849,119.975,5.15,4.2925609501979585
,squeezenet_1473,232.748,17.463,7.502964579717119
,squeezenet_1160,322.085,18.815,5.841625657823246
,squeezenet_1902,209.897,7.431,3.5403078652863074
,squeezenet_460,137.984,9.444,6.844271799628943
,squeezenet_717,211.139,2.625,1.243256811863275
,squeezenet_778,281.069,19.249,6.84849627671497
,squeezenet_260,238.383,7.053,2.9586841343552184
,squeezenet_572,164.869,11.032,6.691373150804577
,squeezenet_222,120.352,2.608,2.1669768678542938
,squeezenet_1769,107.346,4.195,3.907923909600731
,squeezenet_1158,119.376,6.83,5.721418040477148
,squeezenet_131,115.387,9.09,7.877837191364712
,squeezenet_1244,160.59,9.832,6.122423563111028
,squeezenet_1956,127.345,2.187,1.7173819152695433
,squeezenet_680,190.326,10.957,5.756964366402909
,squeezenet_1019,108.156,7.384,6.827175561226377
,squeezenet_1797,163.095,4.572,2.803274165363745
,squeezenet_38,109.952,8.037,7.309553259604192
,squeezenet_1265,69.4045,6.125,8.825076183820935
,squeezenet_1613,87.7508,2.089,2.3806050771047103
,squeezenet_1385,69.7616,5.733,8.217988119538543
,squeezenet_1632,194.937,3.209,1.6461728661054595
,squeezenet_82,250.72,3.413,1.361279514996809
,squeezenet_1643,184.491,12.765,6.9190367009772835
,squeezenet_403,140.921,11.046,7.838434300068833
,squeezenet_205,143.992,11.433,7.940024445802544
,squeezenet_1025,131.86,7.332,5.560442893978461
,squeezenet_1742,195.034,14.29,7.32692761262139
,squeezenet_114,94.0048,6.395,6.802844110087995
,squeezenet_952,133.015,8.316,6.25192647445777
,squeezenet_750,176.848,3.692,2.0876685062878857
,squeezenet_1509,81.8571,2.097,2.561781445958872
,squeezenet_563,185.257,2.569,1.3867222291195473
,squeezenet_485,141.28,2.178,1.5416194790486974
,squeezenet_356,138.043,8.565,6.204588425345725
,squeezenet_1604,205.769,10.208,4.960902759890946
,squeezenet_860,181.835,10.201,5.610031072125828
,squeezenet_1418,200.983,10.099,5.024803092798893
,squeezenet_1355,109.681,2.291,2.0887847484979165
,squeezenet_1992,202.74,6.905,3.4058399921081186
,squeezenet_1417,417.94,27.009,6.462410872374025
,squeezenet_724,78.3473,4.71,6.011694085182259
,squeezenet_1493,218.612,3.188,1.4582914021188225
,squeezenet_425,324.114,7.086,2.18626779466484
,squeezenet_301,127.127,3.858,3.034760515075476
,squeezenet_548,190.663,8.547,4.482778514971441
,squeezenet_1776,102.624,8.084,7.877299657000311
,squeezenet_380,112.522,5.148,4.575105312738842
,squeezenet_1338,122.888,6.752,5.494433956122648
,squeezenet_39,254.967,12.322,4.832782281628602
,squeezenet_449,154.78,11.473,7.412456389714434
,squeezenet_566,265.124,4.126,1.5562529231604834
,squeezenet_1491,146.141,11.428,7.819845217974423
,squeezenet_696,152.04,2.708,1.7811102341489082
,squeezenet_1470,143.081,10.9,7.618062496068662
,squeezenet_12,81.8921,1.824,2.2273210724844033
,squeezenet_111,172.18,13.82,8.026483912184922
,squeezenet_1553,181.96,2.663,1.4635084633985491
,squeezenet_1726,313.26,3.393,1.083125837962076
,squeezenet_346,268.684,17.701,6.588036503848387
,squeezenet_448,372.369,20.831,5.594182115052542
,squeezenet_396,93.7165,6.915,7.378636632823462
,squeezenet_1446,256.435,3.279,1.2786866067424492
,squeezenet_806,140.431,8.842,6.296330582278841
,squeezenet_1438,336.806,7.109,2.1107106167942375
,squeezenet_1015,189.514,7.147,3.7712253448294057
,squeezenet_673,341.711,9.72,2.8445089563988284
,squeezenet_418,201.512,3.656,1.8142840128627578
,squeezenet_820,177.585,7.006,3.9451530253118228
,squeezenet_1882,178.97,9.835,5.49533441358887
,squeezenet_228,169.652,3.098,1.8260910569872446
,squeezenet_833,236.546,16.578,7.008362009926188
,squeezenet_167,137.169,4.275,3.1165933993832424
,squeezenet_244,113.725,5.483,4.821279402066389
,squeezenet_811,80.335,2.068,2.5742204518578458
,squeezenet_1302,197.131,7.921,4.018140221477089
,squeezenet_1275,66.6767,1.833,2.7490862625174914
,squeezenet_861,184.983,3.554,1.9212576290794288
,squeezenet_159,161.285,11.706,7.257959512663918
,squeezenet_1661,83.6998,5.947,7.1051543731287286
,squeezenet_653,115.91,4.705,4.059183849538435
,squeezenet_690,185.916,4.446,2.391402568902085
,squeezenet_1252,65.3888,1.578,2.4132573162376434
,squeezenet_103,94.2227,1.711,1.8159106032834975
,squeezenet_1874,250.195,15.69,6.271108535342433
,squeezenet_1505,141.669,12.59,8.88691245085375
,squeezenet_150,224.903,2.368,1.0528983606265812
,squeezenet_736,176.242,5.839,3.3130581813642612
,squeezenet_569,118.59,4.628,3.9025212918458556
,squeezenet_1049,266.798,13.296,4.983545603790133
,squeezenet_1150,254.712,18.998,7.458619931530514
,squeezenet_1378,232.378,15.325,6.594858377299056
,squeezenet_711,201.303,7.09,3.522053819366825
,squeezenet_681,226.308,9.573,4.230075825865635
,squeezenet_973,183.015,2.448,1.3375952790754857
,squeezenet_1351,257.09,19.551,7.604729861138122
,squeezenet_1079,210.995,8.625,4.087774591814972
,squeezenet_862,135.065,3.157,2.3373931070225447
,squeezenet_296,54.4221,5.023,9.229706314162813
,squeezenet_1701,206.955,7.988,3.8597762798676043
,squeezenet_1013,84.734,7.57,8.93384001699436
,squeezenet_1154,189.539,2.486,1.3116034167110728
,squeezenet_517,241.173,23.701,9.827385320910716
,squeezenet_1145,190.224,3.101,1.6301833627723108
,squeezenet_1829,318.997,10.256,3.215077257779854
,squeezenet_1127,321.249,17.011,5.295269401616814
,squeezenet_337,55.6054,3.639,6.544328428533919
,squeezenet_1777,197.809,6.198,3.1333255817480503
,squeezenet_60,182.12,11.284,6.195914781462772
,squeezenet_851,202.71,14.764,7.2833111341325045
,squeezenet_531,200.49,2.754,1.3736345952416578
,squeezenet_1732,186.184,9.846,5.288316933785932
,squeezenet_1766,125.339,7.651,6.1042452867822465
,squeezenet_1963,177.686,5.901,3.321026980178517
,squeezenet_143,154.624,6.803,4.3997050910596025
,squeezenet_529,83.29180000000001,6.299,7.562569184481545
,squeezenet_652,141.629,2.863,2.0214786519709946
,squeezenet_1299,200.577,13.451,6.706152749318218
,squeezenet_212,181.485,11.149,6.143207427611096
,squeezenet_1489,113.555,8.091,7.125181630047113
,squeezenet_158,333.659,4.116,1.2335947779019898
,squeezenet_1996,286.787,12.816,4.4688218085199125
,squeezenet_1575,83.7598,1.677,2.0021537778265945
,squeezenet_1043,208.223,7.577,3.638887154637096
,squeezenet_1478,350.997,12.164,3.4655566856696782
,squeezenet_1555,74.4978,2.336,3.1356630665603547
,squeezenet_1277,222.476,9.645,4.335299088441
,squeezenet_1935,165.194,8.528,5.162415099822028
,squeezenet_473,202.459,7.869,3.886712865320879
,squeezenet_764,195.418,13.11,6.708696230644056
,squeezenet_101,155.451,11.449,7.3650217753504315
,squeezenet_1163,233.892,11.907,5.090811143604741
,squeezenet_520,244.194,9.447,3.868645421263422
,squeezenet_1506,83.1393,3.665,4.4082642023687955
,squeezenet_1880,160.293,5.311,3.313307505630314
,squeezenet_234,228.982,13.953,6.093492064878462
,squeezenet_1984,101.21,8.931,8.824226855053848
,squeezenet_1190,190.734,6.64,3.4812880765883376
,squeezenet_1103,159.077,5.318,3.343035133928852
,squeezenet_1532,65.5121,1.545,2.358342962597749
,squeezenet_912,241.407,13.628,5.6452381248265375
,squeezenet_1045,235.018,10.089,4.292862674348348
,squeezenet_414,91.5442,7.386,8.06823370568534
,squeezenet_1600,46.170199999999994,2.451,5.308618979341654
,squeezenet_848,173.135,13.483,7.787564617206227
,squeezenet_600,177.822,2.727,1.5335560279380502
,squeezenet_1889,97.52,7.139,7.320549630844956
,squeezenet_545,149.505,11.208,7.496739239490319
,squeezenet_1181,58.573800000000006,4.81,8.211862641658897
,squeezenet_1271,219.113,10.331,4.714918786197076
,squeezenet_609,210.218,2.952,1.4042565336935942
,squeezenet_231,126.807,8.692,6.854511186290978
,squeezenet_874,296.898,10.595,3.5685656353360415
,squeezenet_135,111.643,7.527,6.742025921911808
,squeezenet_1878,106.341,2.772,2.6067086072164076
,squeezenet_129,130.949,6.921,5.285263728627175
,squeezenet_1941,209.997,6.64,3.161949932618085
,squeezenet_14,150.282,10.856,7.2237526782981325
,squeezenet_432,242.823,10.999,4.529636813646154
,squeezenet_1459,206.334,11.401,5.525507187375808
,squeezenet_1981,115.404,2.285,1.980000693216873
,squeezenet_1573,109.435,2.029,1.8540686252113125
,squeezenet_907,325.569,15.305,4.701000402372461
,squeezenet_498,135.501,2.845,2.0996155009926127
,squeezenet_1723,153.396,6.983,4.552269941849853
,squeezenet_1148,158.291,1.594,1.007006083731861
,squeezenet_1952,120.272,2.6,2.1617666622322735
,squeezenet_1928,157.633,3.031,1.922820729162041
,squeezenet_693,258.813,3.904,1.5084250018353018
,squeezenet_1987,263.37,6.25,2.3730872916429355
,squeezenet_1752,235.498,20.246,8.597100612319425
,squeezenet_1775,137.036,4.582,3.3436469248956477
,squeezenet_664,195.631,4.457,2.2782687815325793
,squeezenet_986,199.622,18.2,9.11723156766288
,squeezenet_855,159.504,2.344,1.4695556224295314
,squeezenet_1656,128.923,11.711,9.083716637062434
,squeezenet_868,318.604,8.803,2.7629910484488587
,squeezenet_43,126.755,3.713,2.9292730069819735
,squeezenet_398,198.311,11.712,5.905875115349123
,squeezenet_949,218.472,17.896,8.19143871983595
,squeezenet_243,335.071,14.125,4.215524470933025
,squeezenet_138,123.79,5.996,4.843686889086356
,squeezenet_1108,109.404,5.069,4.633285803078499
,squeezenet_1500,194.121,11.301,5.8216267173567005
,squeezenet_1047,96.4267,2.007,2.0813737274012283
,squeezenet_306,356.552,6.373,1.7873970697121317
,squeezenet_1332,136.362,4.943,3.6249101655886538
,squeezenet_1386,295.093,16.001,5.422358375156307
,squeezenet_589,149.921,10.437,6.961666477678244
,squeezenet_678,150.594,7.389,4.906569982867843
,squeezenet_1516,364.537,15.367,4.215484299261804
,squeezenet_1468,189.182,9.271,4.900571936019284
,squeezenet_1494,101.648,6.583,6.476271053045806
,squeezenet_715,130.835,4.628,3.5372797798754156
,squeezenet_854,153.638,2.094,1.3629440633176686
,squeezenet_54,74.579,5.76,7.723353759101088
,squeezenet_914,125.722,6.123,4.8702693243823685
,squeezenet_1056,115.872,7.103,6.130040044186689
,squeezenet_1071,207.571,11.357,5.47138087690477
,squeezenet_257,273.049,2.982,1.0921116722639528
,squeezenet_437,74.7149,5.061,6.773749278925623
,squeezenet_943,160.924,10.084,6.266312047923243
,squeezenet_512,201.805,8.029,3.9785931964024677
,squeezenet_363,277.893,15.03,5.408556530751045
,squeezenet_1755,256.594,7.456,2.90575773400781
,squeezenet_1597,160.872,6.977,4.336988413148341
,squeezenet_1649,449.822,14.888,3.3097536358826383
,squeezenet_772,87.44739999999999,5.963,6.818956309735912
,squeezenet_1442,332.398,13.167,3.9612151697663642
,squeezenet_37,164.724,2.324,1.410844807071222
,squeezenet_387,168.875,9.589,5.678164322723908
,squeezenet_1622,185.472,3.002,1.6185731538992407
,squeezenet_858,190.544,3.329,1.74710303132085
,squeezenet_210,225.152,8.638,3.836519329164298
,squeezenet_1721,211.8,4.581,2.162889518413598
,squeezenet_419,161.77,8.05,4.9762007788836
,squeezenet_148,131.393,3.367,2.5625413834831385
,squeezenet_722,139.984,5.191,3.708280946393873
,squeezenet_251,280.797,15.991,5.694861412337026
,squeezenet_826,190.793,8.173,4.283700135749215
,squeezenet_893,175.62,10.484,5.969707322628402
,squeezenet_1381,113.528,7.765,6.8397223592417715
,squeezenet_1860,256.235,13.234,5.164790134056627
,squeezenet_1292,279.813,21.114,7.545753771268669
,squeezenet_53,243.462,14.947,6.139356449877188
,squeezenet_885,189.126,12.265,6.485094593022642
,squeezenet_1740,199.314,7.96,3.9936983854621353
,squeezenet_1200,495.197,35.058,7.079606701979212
,squeezenet_123,240.715,4.261,1.7701431153023286
,squeezenet_277,155.369,8.881,5.716069486190939
,squeezenet_775,123.461,12.636,10.234810992945139
,squeezenet_1488,90.00389999999999,5.237,5.8186367479631445
,squeezenet_1301,182.594,2.524,1.3823017185668751
,squeezenet_881,105.53,8.592,8.14176063678575
,squeezenet_570,331.345,3.844,1.160120116494892
,squeezenet_1188,141.873,8.832,6.225285995221079
,squeezenet_102,332.49,17.821,5.359860446930735
,squeezenet_1921,305.08,11.991,3.9304444735807
,squeezenet_1660,132.979,4.111,3.0914655697516147
,squeezenet_1531,129.349,9.132,7.059969539772244
,squeezenet_1725,261.154,12.425,4.757729155976934
,squeezenet_104,99.5913,5.001,5.02152296435532
,squeezenet_1574,379.909,14.287,3.760637415802206
,squeezenet_1101,197.028,9.359,4.7500862821527905
,squeezenet_240,273.328,18.391,6.728545922847275
,squeezenet_668,184.681,11.912,6.450040881303437
,squeezenet_1724,141.776,7.75,5.466369484256855
,squeezenet_353,142.965,4.45,3.1126499492882873
,squeezenet_1405,327.116,10.066,3.0771958571271356
,squeezenet_794,174.058,2.229,1.2806076135541027
,squeezenet_961,267.482,11.673,4.364031972244861
,squeezenet_405,229.414,7.321,3.1911740347145336
,squeezenet_1736,72.68310000000001,5.284,7.26991556496627
,squeezenet_999,138.499,11.656,8.415945241481888
,squeezenet_1564,163.045,10.338,6.340580821245669
,squeezenet_1247,138.64,5.642,4.069532602423544
,squeezenet_1596,207.15,2.907,1.4033309196234613
,squeezenet_692,475.191,22.015,4.6328739391108
,squeezenet_769,275.724,20.269,7.351191771481626
,squeezenet_1007,143.719,10.133,7.0505639477035045
,squeezenet_477,143.616,4.933,3.4348540552584663
,squeezenet_1663,250.257,9.173,3.665431935969823
,squeezenet_1890,175.502,10.36,5.903066631719296
,squeezenet_638,146.886,11.888,8.093351306455347
,squeezenet_1692,91.47460000000001,7.566,8.271148493680212
,squeezenet_1729,96.3268,8.405,8.725505259180206
,squeezenet_1029,208.911,10.718,5.13041438698776
,squeezenet_901,106.566,2.014,1.8899086012424224
,squeezenet_1722,154.27,10.653,6.90542555260258
,squeezenet_1947,143.495,8.679,6.048294365657339
,squeezenet_1295,127.342,2.333,1.832074256725982
,squeezenet_434,167.175,2.822,1.6880514430985494
,squeezenet_631,74.1571,5.509,7.428823403288424
,squeezenet_16,126.158,5.902,4.678260593858495
,squeezenet_1872,243.829,9.73,3.9905015400136983
,squeezenet_1595,144.797,2.853,1.9703446894617984
,squeezenet_79,154.908,10.405,6.716890025047125
,squeezenet_1557,100.335,6.941,6.917825285294264
,squeezenet_127,323.435,22.79,7.046238038554888
,squeezenet_641,176.648,5.23,2.9606901861328745
,squeezenet_281,138.001,2.185,1.583321859986522
,squeezenet_109,254.907,6.405,2.5126810954583436
,squeezenet_1266,234.252,12.291,5.246913580246913
,squeezenet_86,165.684,7.423,4.480215349701842
,squeezenet_1980,146.458,2.88,1.966434063007825
,squeezenet_1411,260.979,12.999,4.980860529008082
,squeezenet_141,90.6435,1.96,2.162317209728221
,squeezenet_241,60.9511,3.941,6.465839008647917
,squeezenet_1737,121.012,7.411,6.124186031137407
,squeezenet_583,118.291,3.361,2.841298154551065
,squeezenet_417,166.369,6.598,3.965883067157944
,squeezenet_607,138.272,10.84,7.839620458227263
,squeezenet_727,151.884,10.022,6.598456716968213
,squeezenet_35,120.278,2.456,2.0419361811802657
,squeezenet_970,66.6912,1.553,2.3286430593541576
,squeezenet_139,179.337,14.396,8.02734516580516
,squeezenet_453,117.091,2.276,1.9437873107241377
,squeezenet_783,144.741,10.788,7.453313159367421
,squeezenet_283,177.322,3.836,2.163296150505859
,squeezenet_147,133.639,6.634,4.964119755460607
,squeezenet_1745,231.703,11.472,4.9511659322494745
,squeezenet_620,104.492,4.24,4.057726907323049
,squeezenet_1476,50.020300000000006,1.35,2.69890424487658
,squeezenet_1155,129.715,8.747,6.743244805920671
,squeezenet_1497,179.968,10.697,5.94383445945946
,squeezenet_282,137.925,8.743,6.3389523291644005
,squeezenet_625,48.501,1.57,3.237046658831777
,squeezenet_1198,124.306,6.953,5.59345486139044
,squeezenet_1053,299.177,3.771,1.2604578560517685
,squeezenet_650,45.8331,3.255,7.101854336712986
,squeezenet_1004,245.334,14.215,5.794141863744935
,squeezenet_70,181.656,7.35,4.046109129343374
,squeezenet_1102,106.234,6.864,6.461208276069809
,squeezenet_887,139.738,2.256,1.614449899096881
,squeezenet_1918,114.644,9.974,8.69997557656746
,squeezenet_265,90.6645,6.749,7.443927887982617
,squeezenet_413,166.449,11.128,6.68553130388287
,squeezenet_824,338.739,14.284,4.2168158966047615
,squeezenet_1648,237.23,8.319,3.50672343295536
,squeezenet_601,147.437,2.37,1.6074662398176849
,squeezenet_1630,94.0715,1.985,2.11009710698777
,squeezenet_1652,166.131,3.065,1.844929603746441
,squeezenet_1048,124.9,1.695,1.3570856685348278
,squeezenet_164,175.649,3.063,1.7438186383070784
,squeezenet_343,205.385,13.362,6.505830513426006
,squeezenet_249,91.777,2.124,2.314305327042723
,squeezenet_1971,98.0105,4.959,5.059661974992475
,squeezenet_1036,301.684,3.014,0.9990586176263904
,squeezenet_1084,255.299,5.089,1.993348975123287
,squeezenet_1816,91.82719999999999,3.472,3.7810147755784786
,squeezenet_91,177.998,6.253,3.512960819784492
,squeezenet_533,130.166,4.876,3.745985894934161
,squeezenet_1715,254.142,3.414,1.34334348513823
,squeezenet_965,122.122,5.016,4.107368041794271
,squeezenet_813,117.962,9.436,7.999186178599888
,squeezenet_1162,141.502,2.629,1.8579242696216307
,squeezenet_1143,105.724,7.649,7.234875714123566
,squeezenet_1390,90.28410000000001,5.529,6.124001900666895
,squeezenet_1730,187.269,5.515,2.944961525933283
,squeezenet_1792,140.148,9.422,6.722892941747297
,squeezenet_1288,272.846,3.901,1.4297442513359184
,squeezenet_796,189.13,13.378,7.07344154814149
,squeezenet_1929,307.896,8.789,2.8545352976329665
,squeezenet_1884,247.27,8.337,3.371618069316941
,squeezenet_1989,105.912,2.551,2.408603368834504
,squeezenet_33,93.142,6.644,7.13319447724979
,squeezenet_1235,271.949,4.967,1.826445399688912
,squeezenet_118,190.312,8.358,4.391735676152844
,squeezenet_647,207.34,13.806,6.6586283399247606
,squeezenet_773,128.167,10.099,7.879563382149851
,squeezenet_1269,239.218,3.222,1.3468886120609653
,squeezenet_894,172.98,2.745,1.5868886576482832
,squeezenet_1794,217.082,2.596,1.1958614717019376
,squeezenet_959,138.525,5.637,4.069301570113697
,squeezenet_1831,300.801,7.886,2.621666816267233
,squeezenet_1413,91.191,3.93,4.309635819324276
,squeezenet_1257,235.378,10.023,4.258256931403954
,squeezenet_1391,152.295,7.291,4.787419153616337
,squeezenet_623,142.682,2.238,1.5685230092092908
,squeezenet_1128,67.93480000000001,3.74,5.50527859064868
,squeezenet_1403,315.244,11.882,3.769143901232061
,squeezenet_1441,346.256,26.913,7.772572894043714
,squeezenet_708,186.8,9.872,5.284796573875802
,squeezenet_1033,139.214,8.445,6.066200238481763
,squeezenet_962,233.973,3.332,1.4240959426942423
,squeezenet_1287,423.162,21.823,5.157126585090344
,squeezenet_1837,217.758,7.577,3.4795506938895473
,squeezenet_759,134.768,3.532,2.6208001899560727
,squeezenet_1315,60.8916,1.462,2.4009879852064984
,squeezenet_1844,121.117,1.991,1.6438650230768594
,squeezenet_1296,99.4928,7.526,7.5643664667192
,squeezenet_1525,352.014,9.047,2.570068235922435
,squeezenet_637,199.407,8.57,4.297742807424012
,squeezenet_469,126.805,2.581,2.0354086983951736
,squeezenet_1342,210.327,15.069,7.164558045329416
,squeezenet_735,145.524,5.422,3.7258459085786533
,squeezenet_1563,338.401,13.131,3.8803076823059035
,squeezenet_1558,277.931,14.545,5.233313304381303
,squeezenet_1404,152.79,6.614,4.3288173309771585
,squeezenet_972,124.701,8.373,6.71446099068973
,squeezenet_25,311.247,15.802,5.076996726072861
,squeezenet_1317,268.405,9.068,3.3784765559508956
,squeezenet_1416,326.821,14.9,4.559070561561222
,squeezenet_144,141.731,8.541,6.026204570630279
,squeezenet_1988,100.184,5.792,5.78136229338018
,squeezenet_1175,238.645,3.538,1.4825368224769007
,squeezenet_1213,227.469,10.807,4.7509770562142535
,squeezenet_461,72.4902,2.245,3.096970349095464
,squeezenet_402,225.318,7.057,3.132017859203437
,squeezenet_1133,238.797,9.799,4.103485387169855
,squeezenet_1384,141.229,2.63,1.862223764241055
,squeezenet_1756,328.638,20.708,6.301158113182286
,squeezenet_1843,242.478,15.618,6.4409967089797835
,squeezenet_93,325.839,13.983,4.291383167760766
,squeezenet_1280,407.375,24.55,6.026388462718626
,squeezenet_1109,382.316,18.703,4.89202649117484
,squeezenet_207,102.451,3.039,2.9662960830055347
,squeezenet_1208,143.159,2.776,1.939102676045516
,squeezenet_371,183.833,6.454,3.5107951238352197
,squeezenet_1184,253.82,3.725,1.4675754471672842
,squeezenet_11,77.80980000000001,2.059,2.6461962374919357
,squeezenet_1240,73.3129,4.253,5.801161869193553
,squeezenet_501,147.097,2.341,1.591466855204389
,squeezenet_1259,140.492,9.153,6.5149617060046126
,squeezenet_1719,162.604,8.573,5.272318024156847
,squeezenet_802,262.438,3.387,1.2905905394798012
,squeezenet_456,206.996,12.483,6.030551315001256
,squeezenet_1032,239.97,3.728,1.5535275242738675
,squeezenet_562,205.555,9.769,4.752499331079274
,squeezenet_1685,327.957,13.989,4.265498220803337
,squeezenet_1932,241.466,11.76,4.870250884182452
,squeezenet_658,208.087,8.204,3.9425817086122636
,squeezenet_1592,249.358,8.303,3.32975080005454
,squeezenet_386,120.097,9.04,7.527248807214168
,squeezenet_1526,220.317,10.71,4.861177303612522
,squeezenet_299,172.681,2.837,1.6429138121738927
,squeezenet_1850,142.157,3.771,2.652700887047419
,squeezenet_1969,147.012,6.273,4.266998612358175
,squeezenet_1804,152.081,13.452,8.845286393435078
,squeezenet_1458,216.458,12.714,5.8736567833020725
,squeezenet_699,90.0993,2.002,2.221992845671387
,squeezenet_391,144.067,2.768,1.921328270873968
,squeezenet_1920,218.66,2.682,1.226561785420287
,squeezenet_1477,233.921,3.292,1.4073127252362978
,squeezenet_557,104.876,2.52,2.4028376368282545
,squeezenet_649,185.887,9.473,5.096106774545826
,squeezenet_36,99.98360000000001,4.063,4.063666441296372
,squeezenet_1625,180.645,7.677,4.249771651581832
,squeezenet_1849,164.014,11.987,7.308522443206067
,squeezenet_1572,280.623,8.613,3.0692423643108366
,squeezenet_1669,208.846,15.918,7.621884067686237
,squeezenet_774,215.682,10.253,4.753757847200972
,squeezenet_1453,88.3825,6.284,7.110004808644245
,squeezenet_1624,117.364,4.454,3.7950308442111718
,squeezenet_1060,100.993,1.985,1.9654827562306303
,squeezenet_195,56.7789,1.281,2.2561197909786905
,squeezenet_1898,164.568,2.466,1.4984687180982936
,squeezenet_945,92.1519,7.29,7.910851539686105
,squeezenet_523,231.019,3.632,1.5721650600167085
,squeezenet_358,178.765,12.441,6.959415993063519
,squeezenet_1753,71.5227,4.981,6.964222547526869
,squeezenet_1354,216.734,10.786,4.9766072697407875
,squeezenet_42,122.258,1.97,1.6113464967527686
,squeezenet_189,169.918,7.367,4.335620711166563
,squeezenet_112,176.703,8.834,4.999349190449511
,squeezenet_1800,149.538,6.618,4.42563094330538
,squeezenet_1065,304.394,5.572,1.8305222836192565
,squeezenet_374,116.326,3.071,2.6399944982205183
,squeezenet_18,139.341,3.668,2.632391040684364
,squeezenet_1612,133.202,8.028,6.0269365324844975
,squeezenet_1469,191.486,3.015,1.574527641707488
,squeezenet_1016,170.75,2.465,1.4436310395314786
,squeezenet_1496,371.896,23.176,6.231849764450276
,squeezenet_1762,73.1365,3.787,5.177989102568485
,squeezenet_6,154.003,5.556,3.6077219274949197
,squeezenet_87,193.541,11.83,6.112399956598344
,squeezenet_1680,177.834,2.367,1.331016566010999
,squeezenet_32,357.647,15.342,4.28970465291195
,squeezenet_1793,97.329,6.075,6.2417162407915425
,squeezenet_856,165.704,10.447,6.304615458890551
,squeezenet_1176,141.76,8.207,5.789362302483071
,squeezenet_886,174.561,9.673,5.5413293920176905
,squeezenet_1811,152.495,2.746,1.8007147775336896
,squeezenet_713,137.685,8.921,6.4792824200167045
,squeezenet_555,250.131,7.057,2.8213216274672073
,squeezenet_1999,104.26,8.339,7.9982735469019755
,squeezenet_505,58.511900000000004,4.367,7.463439061114063
,squeezenet_1642,200.634,11.577,5.770208439247586
,squeezenet_1042,379.188,8.182,2.157768705760731
,squeezenet_828,97.2778,2.427,2.494916620236066
,squeezenet_1827,133.413,6.469,4.848852810445758
,squeezenet_1209,118.043,8.779,7.437120371390087
,squeezenet_7,97.7499,5.852,5.986706891771757
,squeezenet_204,279.481,10.967,3.9240592383739865
,squeezenet_1230,259.599,12.914,4.974595433726632
,squeezenet_1437,167.98,8.617,5.129777354446959
,squeezenet_1967,118.581,6.29,5.304391091321544
,squeezenet_153,170.494,6.644,3.8969113282578864
,squeezenet_1370,323.541,19.056,5.88982540079928
,squeezenet_1243,240.022,9.51,3.9621368041262888
,squeezenet_1958,152.552,4.153,2.7223504116629083
,squeezenet_890,130.541,6.212,4.758658199339671
,squeezenet_1848,58.6839,5.221,8.896818377783344
,squeezenet_253,90.9422,3.906,4.295035747980585
,squeezenet_218,148.532,5.892,3.9668219642905234
,squeezenet_254,383.123,23.116,6.033571463994592
,squeezenet_995,272.75,13.31,4.879926672777269
,squeezenet_1536,274.162,6.054,2.2081834827583693
,squeezenet_1768,106.907,6.311,5.903261713451879
,squeezenet_549,155.674,9.702,6.232254583295862
,squeezenet_1041,72.2238,1.362,1.8858049562609558
,squeezenet_1540,66.5823,1.246,1.8713682164779528
,squeezenet_263,115.164,8.121,7.05168281754715
,squeezenet_1609,115.305,2.013,1.7458046051775724
,squeezenet_989,255.774,11.655,4.556757137160148
,squeezenet_1092,139.852,3.43,2.4525927408975203
,squeezenet_24,143.493,2.359,1.6439826332991854
,squeezenet_1653,222.454,7.888,3.545901624605536
,squeezenet_617,298.512,5.337,1.787867824409069
,squeezenet_55,258.056,12.771,4.948925814551881
,squeezenet_59,174.603,10.299,5.898524080342262
,squeezenet_119,304.355,20.943,6.881109230996698
,squeezenet_1747,135.55,4.856,3.5824419033566945
,squeezenet_611,173.019,9.007,5.205786647709211
,squeezenet_1346,141.751,9.01,6.356216181896423
,squeezenet_1400,308.185,11.042,3.582912860781673
,squeezenet_1324,117.905,6.389,5.418769348204062
,squeezenet_1870,103.808,4.923,4.742409062885327
,squeezenet_1147,164.897,10.874,6.594419546747364
,squeezenet_863,292.851,10.413,3.5557331202556934
,squeezenet_554,84.7953,4.913,5.793953202594956
,squeezenet_1626,300.568,9.842,3.274467009129382
,squeezenet_1423,239.518,9.694,4.047294984093054
,squeezenet_451,298.573,6.772,2.2681220338074777
,squeezenet_1534,235.445,3.982,1.6912654760135064
,squeezenet_1710,120.74,6.762,5.60046380652642
,squeezenet_792,79.7792,2.099,2.631011591993903
,squeezenet_179,83.12310000000001,2.052,2.4686278543509563
,squeezenet_245,169.632,9.564,5.638087153367289
,squeezenet_1856,467.781,21.769,4.653673407000284
,squeezenet_756,206.36,15.06,7.297925954642372
,squeezenet_443,103.045,3.404,3.3034111310592458
,squeezenet_50,127.361,7.75,6.085065286861755
,squeezenet_1521,276.482,2.834,1.0250215203883073
,squeezenet_1347,75.5718,1.36,1.799613083187115
,squeezenet_1614,127.544,9.509,7.4554663488678425
,squeezenet_845,306.413,19.546,6.378972171546246
,squeezenet_1965,305.387,13.692,4.483491438731839
,squeezenet_312,83.9881,5.286,6.293748757264421
,squeezenet_15,99.134,7.928,7.9972562390299995
,squeezenet_1471,82.5807,1.772,2.145779825068085
,squeezenet_1818,185.439,11.063,5.965843215289126
,squeezenet_1153,82.1995,7.527,9.156990006021934
,squeezenet_1393,71.97810000000001,1.769,2.4576919924254734
,squeezenet_614,350.979,3.449,0.9826798754341427
,squeezenet_411,111.033,4.025,3.6250484090315496
,squeezenet_743,125.432,10.398,8.289750621850883
,squeezenet_320,275.922,11.668,4.22873130812331
,squeezenet_452,175.765,12.661,7.20336813358746
,squeezenet_1062,286.292,7.851,2.742305059170358
,squeezenet_1333,150.295,4.904,3.2629162646794643
,squeezenet_412,251.214,17.157,6.829635291026774
,squeezenet_1551,228.793,8.95,3.9118329669176934
,squeezenet_837,245.66,5.845,2.379304730114793
,squeezenet_732,176.571,3.608,2.0433706554303934
,squeezenet_875,187.863,9.014,4.7981773952295015
,squeezenet_1621,113.602,5.146,4.52984982658756
,squeezenet_1693,243.76,11.971,4.910978011158517
,squeezenet_318,214.374,7.191,3.3544179797923257
,squeezenet_869,137.284,6.61,4.814836397540865
,squeezenet_1676,288.493,21.25,7.3658632965097945
,squeezenet_1853,153.011,4.137,2.703727183012986
,squeezenet_823,104.418,6.989,6.693290428853263
,squeezenet_389,139.313,9.227,6.623215349608437
,squeezenet_1580,202.647,3.131,1.5450512467492734
,squeezenet_661,311.63,15.481,4.967750216603023
,squeezenet_1738,290.795,6.518,2.241441565363916
,squeezenet_170,92.03580000000001,5.899,6.409462404846809
,squeezenet_340,225.498,18.087,8.02091371098635
,squeezenet_1063,77.0266,1.969,2.5562597855805658
,squeezenet_1187,109.213,3.427,3.137904828179796
,squeezenet_1034,183.795,4.215,2.2933159226311925
,squeezenet_988,254.989,10.124,3.9703673491797686
,squeezenet_1578,196.831,14.143,7.185351900869275
,squeezenet_1341,88.3858,2.587,2.926940752926375
,squeezenet_605,138.903,3.7,2.663729365096507
,squeezenet_201,240.719,3.125,1.2981941599956797
,squeezenet_1931,75.21589999999999,3.813,5.069406867430956
,squeezenet_958,223.074,14.618,6.55298241839031
,squeezenet_1939,167.169,6.729,4.025267842722036
,squeezenet_1008,260.25,10.926,4.198270893371758
,squeezenet_762,45.758900000000004,1.417,3.096665348161778
,squeezenet_1366,92.46730000000001,2.778,3.004305305767552
,squeezenet_592,293.512,5.28,1.7989043037422663
,squeezenet_776,181.165,7.848,4.331962575552673
,squeezenet_342,115.856,2.698,2.3287529346775306
,squeezenet_1524,98.33619999999999,6.51,6.62014598896439
,squeezenet_1144,136.86,2.176,1.589945930147596
,squeezenet_1821,93.5677,7.653,8.179104541417603
,squeezenet_1005,184.463,11.937,6.471216449911364
,squeezenet_491,177.349,2.972,1.6757918003484658
,squeezenet_165,345.55,16.24,4.6997540153378665
,squeezenet_1840,241.48,10.053,4.163077687593176
,squeezenet_991,211.067,17.613,8.344743612217922
,squeezenet_1361,138.536,2.746,1.9821562626320954
,squeezenet_997,153.011,8.878,5.8021972276503
,squeezenet_1268,144.253,11.636,8.066383368110195
,squeezenet_130,175.129,8.052,4.5977536558765255
,squeezenet_1081,232.792,15.375,6.604608405787141
,squeezenet_1224,129.571,4.693,3.621952443062105
,squeezenet_924,299.358,14.485,4.838688125922808
,squeezenet_1451,238.45,8.417,3.529880478087649
,squeezenet_1067,231.472,6.853,2.9606172668832516
,squeezenet_1908,154.191,3.001,1.9462873968000727
,squeezenet_310,278.99,16.269,5.831391806157926
,squeezenet_178,219.291,12.769,5.822856387175032
,squeezenet_181,170.958,6.83,3.995133307596018
,squeezenet_1646,138.985,9.619,6.920890743605425
,squeezenet_1409,234.844,16.443,7.001669193166528
,squeezenet_546,195.111,3.323,1.7031330883445834
,squeezenet_873,212.74,4.846,2.2778979035442326
,squeezenet_326,319.255,13.743,4.304709401575543
,squeezenet_1130,272.585,20.454,7.503714437698333
,squeezenet_1832,67.2822,2.24,3.3292609337982406
,squeezenet_259,176.191,3.453,1.9598049843635599
,squeezenet_1900,261.694,14.566,5.566042782792116
,squeezenet_1420,305.724,11.64,3.807355654119402
,squeezenet_274,286.584,10.229,3.5692850961672664
,squeezenet_1598,246.092,13.198,5.3630349625343365
,squeezenet_314,120.073,5.507,4.586376620888959
,squeezenet_1050,197.022,13.249,6.724629736780664
,squeezenet_454,169.01,6.415,3.7956333944737
,squeezenet_293,123.374,4.076,3.303775511858252
,squeezenet_1054,163.611,3.269,1.9980319171693837
,squeezenet_793,164.519,7.544,4.585488606179225
,squeezenet_1542,164.051,11.816,7.202638203973155
,squeezenet_1186,264.335,13.794,5.218378194336733
,squeezenet_1360,327.177,25.261,7.720897251334903
,squeezenet_1907,248.641,12.005,4.828246347143071
,squeezenet_551,82.1533,5.423,6.601073846090174
,squeezenet_585,141.732,11.22,7.916349166031667
,squeezenet_920,111.557,2.051,1.8385220111691782
,squeezenet_73,120.387,2.338,1.942070157076761
,squeezenet_324,258.206,22.347,8.654717551102607
,squeezenet_1704,117.72,2.883,2.4490316004077473
,squeezenet_740,265.486,4.289,1.6155277491091808
,squeezenet_682,194.685,5.881,3.0207771528366334
,squeezenet_1977,196.385,9.029,4.597601649820506
,squeezenet_1883,147.019,9.124,6.2060005849584075
,squeezenet_183,91.5476,1.915,2.091807977489306
,squeezenet_978,267.508,14.132,5.282832662948398
,squeezenet_1168,141.899,9.808,6.911958505697714
,squeezenet_1114,140.404,2.006,1.4287342240961796
,squeezenet_1372,85.19319999999999,7.038,8.261222726696499
,squeezenet_1430,243.133,3.457,1.4218555276330238
,squeezenet_110,278.573,14.267,5.1214582892096505
,squeezenet_208,195.483,10.48,5.3610799916105245
,squeezenet_1888,147.716,11.665,7.896910287308076
,squeezenet_1937,166.939,7.712,4.619651489466213
,squeezenet_1279,212.987,11.548,5.421927159873608
,squeezenet_691,416.697,24.033,5.767500125990828
,squeezenet_1211,177.206,6.946,3.919731837522432
,squeezenet_1641,334.728,18.063,5.396321789632178
,squeezenet_990,257.5,7.589,2.9471844660194177
,squeezenet_1836,149.797,8.774,5.857260158748172
,squeezenet_1899,172.854,10.181,5.889941800594721
,squeezenet_1834,281.199,3.656,1.3001468710770665
,squeezenet_351,225.813,13.387,5.928356649085749
,squeezenet_120,105.419,7.799,7.39809711721796
,squeezenet_1367,162.312,7.042,4.338557839223224
,squeezenet_1924,296.128,10.458,3.531580937972769
,squeezenet_936,178.027,4.327,2.430530200475209
,squeezenet_1110,134.512,3.224,2.3968121803259193
,squeezenet_882,102.074,2.16,2.1161118404294923
,squeezenet_785,89.5933,7.352,8.205970758974166
,squeezenet_69,95.624,8.317,8.69760729523969
,squeezenet_440,118.171,9.96,8.428463836305015
,squeezenet_21,282.036,15.161,5.375554893701513
,squeezenet_1974,139.141,3.45,2.479499213028511
,squeezenet_817,289.284,15.881,5.489760926978333
,squeezenet_1694,234.941,9.706,4.131249973397576
,squeezenet_1073,341.592,13.405,3.924272231199794
,squeezenet_372,412.099,22.628,5.4909135911516405
,squeezenet_198,279.921,15.626,5.582289288763615
,squeezenet_1371,259.962,11.837,4.553357798447466
,squeezenet_1217,91.2852,5.511,6.037123213839702
,squeezenet_506,166.879,9.682,5.801808495976127
,squeezenet_1705,123.715,3.735,3.01903568686093
,squeezenet_388,84.8309,5.795,6.831237202481642
,squeezenet_404,299.795,23.321,7.778982304574793
,squeezenet_519,150.488,4.933,3.278002232736165
,squeezenet_839,210.249,7.311,3.4773054806443793
,squeezenet_1376,116.969,5.714,4.885055014576512
,squeezenet_1846,150.199,10.728,7.142524251160127
,squeezenet_154,146.421,2.489,1.699892774943485
,squeezenet_1249,413.415,14.172,3.428032364573129
,squeezenet_1912,172.567,12.469,7.2255993324332
,squeezenet_447,136.323,11.368,8.339018360804854
,squeezenet_1810,164.821,2.796,1.6963857760843581
,squeezenet_931,69.6011,2.138,3.0717905320461885
,squeezenet_376,174.915,4.741,2.7104593659777603
,squeezenet_1706,74.0217,3.905,5.275480028153906
,squeezenet_215,112.553,2.147,1.9075457784332714
,squeezenet_1389,167.494,11.836,7.0665217858550164
,squeezenet_955,141.534,11.858,8.378198878008112
,squeezenet_1313,158.799,8.252,5.196506275228434
,squeezenet_1467,207.847,10.866,5.227883972345042
,squeezenet_438,292.005,14.026,4.803342408520402
,squeezenet_1895,99.4095,4.904,4.933130133437951
,squeezenet_1599,61.64,3.987,6.468202465931213
,squeezenet_1261,204.697,12.24,5.979569803172494
,squeezenet_770,191.622,12.744,6.650593355668972
,squeezenet_1966,232.228,12.342,5.314604612708201
,squeezenet_1011,368.887,28.466,7.716726260345309
,squeezenet_1647,99.4426,2.395,2.408424558489018
,squeezenet_697,250.954,11.442,4.559401324545534
,squeezenet_250,227.259,10.187,4.482550746065062
,squeezenet_1329,260.602,14.277,5.478469083122923
,squeezenet_1068,111.593,6.09,5.457331553054403
,squeezenet_963,91.49430000000001,6.361,6.952345665249091
,squeezenet_1321,187.468,3.202,1.7080248362387183
,squeezenet_76,203.456,13.974,6.868315508021391
,squeezenet_925,180.602,11.926,6.603470614943356
,squeezenet_1587,145.547,9.273,6.37113784550695
,squeezenet_1594,140.319,11.609,8.273291571348143
,squeezenet_349,150.75,4.617,3.062686567164179
,squeezenet_630,166.871,6.912,4.142121758723805
,squeezenet_1415,272.779,13.7,5.02238075511678
,squeezenet_1377,179.813,3.533,1.9648190064122173
,squeezenet_1628,179.795,3.419,1.9016101671347925
,squeezenet_1006,108.295,5.531,5.107345676162334
,squeezenet_75,82.814,8.057,9.729031323206222
,squeezenet_779,168.19,12.812,7.617575361198645
,squeezenet_596,142.902,4.821,3.373640676827476
,squeezenet_847,188.928,10.635,5.629128556910569
,squeezenet_1159,98.4528,2.708,2.7505566118993063
,squeezenet_573,88.94489999999999,1.808,2.032719132856409
,squeezenet_1020,65.5361,1.806,2.755733099772492
,squeezenet_1323,87.33139999999999,2.245,2.5706675949314914
,squeezenet_395,185.863,2.526,1.3590655482801848
,squeezenet_1940,148.488,4.228,2.847368137492592
,squeezenet_1605,67.2985,3.361,4.994167774913259
,squeezenet_1795,150.885,9.923,6.576531795738477
,squeezenet_998,152.648,7.21,4.723284943137152
,squeezenet_379,436.164,19.925,4.5682358012123885
,squeezenet_1679,223.076,12.336,5.529953917050691
,squeezenet_629,118.901,10.516,8.844332680128847
,squeezenet_1307,96.7898,8.883,9.17761995582179
,squeezenet_1495,211.889,11.136,5.255581932049328
,squeezenet_524,130.5,3.726,2.8551724137931034
,squeezenet_1136,149.716,5.096,3.403777819337946
,squeezenet_1851,110.966,2.231,2.0105257466250923
,squeezenet_370,152.469,9.74,6.388183827532154
,squeezenet_329,303.899,8.369,2.7538754652038997
,squeezenet_1528,254.669,4.346,1.7065288668821097
,squeezenet_4,109.576,3.33,3.0389866394100897
,squeezenet_1204,121.889,7.809,6.406648672152533
,squeezenet_504,138.035,12.222,8.854276089397617
,squeezenet_1212,288.055,17.214,5.975942094391695
,squeezenet_1431,124.902,2.4,1.9215064610654753
,squeezenet_835,206.924,6.337,3.062477044712068
,squeezenet_669,208.394,15.604,7.487739570237147
,squeezenet_1808,77.734,5.188,6.674042246635964
,squeezenet_712,198.995,12.698,6.381064850875651
,squeezenet_1819,192.122,10.718,5.578746837946721
,squeezenet_261,119.968,7.683,6.404207788743664
,squeezenet_933,97.033,2.038,2.1003163872084754
,squeezenet_1274,185.926,7.319,3.936512375891484
,squeezenet_1588,148.688,7.433,4.999058431077155
,squeezenet_1957,334.951,6.605,1.9719302226295785
,squeezenet_1901,144.616,3.072,2.1242462798030646
,squeezenet_1410,131.918,5.056,3.832683940023348
,squeezenet_1911,72.4789,1.636,2.257208649689772
,squeezenet_1419,244.318,5.789,2.3694529261045028
,squeezenet_880,209.808,12.192,5.81102722489133
,squeezenet_954,118.026,10.128,8.581160083371461
,squeezenet_1364,190.299,13.162,6.9164840592961605
,squeezenet_763,94.6563,3.435,3.628918518894147
,squeezenet_1456,102.41,7.035,6.869446343130554
,squeezenet_786,178.469,10.196,5.713036998022066
,squeezenet_836,251.786,12.486,4.958973096200743
,squeezenet_888,172.495,7.372,4.273747065132323
,squeezenet_1080,253.865,12.235,4.81949067417722
,squeezenet_751,75.3328,3.918,5.200921776437355
,squeezenet_1651,296.388,18.845,6.358219631024198
,squeezenet_1946,189.324,8.281,4.373983224525153
,squeezenet_1129,52.3101,1.638,3.1313264551205213
,squeezenet_305,77.49210000000001,5.639,7.276870803604496
,squeezenet_777,171.766,12.903,7.511963950956535
,squeezenet_1113,384.801,23.085,5.9992047837713525
,squeezenet_1375,125.971,9.661,7.669225456652722
,squeezenet_921,313.946,21.162,6.740649665866104
,squeezenet_938,131.641,7.041,5.348637582516086
,squeezenet_1560,226.013,13.704,6.063368036351891
,squeezenet_1865,106.944,7.686,7.18693895870736
,squeezenet_175,142.049,11.037,7.769854064442552
,squeezenet_465,241.445,3.941,1.6322557932448385
,squeezenet_1282,161.69,12.453,7.701775001546168
,squeezenet_458,280.122,5.723,2.0430383904156044
,squeezenet_705,97.4526,4.192,4.301578408374943
,squeezenet_1972,77.88369999999999,4.734,6.078293660932905
,squeezenet_791,144.328,10.41,7.212737653123441
,squeezenet_84,175.521,12.194,6.947316845277774
,squeezenet_1327,118.316,2.141,1.8095608370803609
,squeezenet_236,95.69330000000001,6.515,6.808209143168852
,squeezenet_61,97.4374,8.343,8.562420590040375
,squeezenet_1069,79.85260000000001,6.372,7.979702602044266
,squeezenet_503,104.858,2.175,2.074233725609872
,squeezenet_1603,61.4357,1.296,2.1095226391169954
,squeezenet_1017,309.909,3.731,1.2039017905256058
,squeezenet_186,154.426,2.394,1.5502570810614795
,squeezenet_1959,170.773,9.733,5.699378707406908
,squeezenet_1822,178.997,8.4,4.692816080716437
,squeezenet_598,173.415,10.569,6.094628492344953
,squeezenet_1112,245.732,5.194,2.1136848273729103
,squeezenet_1464,117.367,5.652,4.815663687407874
,squeezenet_377,178.118,13.13,7.371517757890837
,squeezenet_706,216.389,8.821,4.076454902975659
,squeezenet_56,283.992,7.756,2.731062846840756
,squeezenet_169,326.846,16.761,5.128103143376391
,squeezenet_746,126.008,9.237,7.33048695320932
,squeezenet_279,185.663,9.546,5.1415737115095625
,squeezenet_521,208.924,7.003,3.351936589381785
,squeezenet_1461,89.5836,3.105,3.466036194124817
,squeezenet_618,284.428,14.586,5.128187098316621
,squeezenet_1803,131.398,5.32,4.04876786556873
,squeezenet_149,115.848,2.717,2.3453145501001313
,squeezenet_1533,98.6333,1.874,1.899966846896535
,squeezenet_1805,357.24,7.243,2.0274885231217112
,squeezenet_541,108.064,4.017,3.717241634586912
,squeezenet_561,128.84,2.122,1.6470040360136602
,squeezenet_17,117.835,5.252,4.457079814995544
,squeezenet_399,166.814,3.632,2.177275288644838
,squeezenet_1325,275.764,5.226,1.8950987075905483
,squeezenet_953,85.03269999999999,5.814,6.837369623685947
,squeezenet_1445,96.15639999999999,2.928,3.045039123760873
,squeezenet_771,58.5561,3.55,6.062562226651023
,squeezenet_1248,198.108,12.508,6.313727865608658
,squeezenet_992,174.129,12.325,7.078085786974025
,squeezenet_115,165.644,2.556,1.54306826688561
,squeezenet_842,150.9,9.084,6.019880715705765
,squeezenet_594,237.651,3.756,1.5804688387593568
,squeezenet_1343,107.905,3.836,3.554978916639637
,squeezenet_40,135.444,9.14,6.748176368093088
,squeezenet_1913,230.366,3.086,1.3396074073430975
,squeezenet_902,134.3,1.88,1.399851079672375
,squeezenet_375,175.535,12.077,6.880109379895748
,squeezenet_255,136.744,5.767,4.217369683496168
,squeezenet_1038,132.874,4.931,3.711034513900387
,squeezenet_90,276.148,8.157,2.953850833610962
,squeezenet_1761,167.869,5.348,3.185817512465077
,squeezenet_812,198.78,14.557,7.323171345205755
,squeezenet_46,172.698,10.992,6.364868151339333
,squeezenet_1336,280.978,19.402,6.9051669525728
,squeezenet_397,82.7348,2.275,2.7497498029849585
,squeezenet_487,186.133,6.407,3.4421623247892636
,squeezenet_516,119.85,5.851,4.881935753024615
,squeezenet_753,105.177,5.504,5.233083278663585
,squeezenet_1000,120.883,12.067,9.982379656361937
,squeezenet_89,152.236,2.373,1.5587640242780947
,squeezenet_1072,72.5763,5.81,8.005368143595085
,squeezenet_1194,143.118,2.406,1.681130256152266
,squeezenet_1748,123.612,9.808,7.934504740640068
,squeezenet_1664,289.787,11.94,4.120267644856394
,squeezenet_124,123.702,6.415,5.185849864998141
,squeezenet_834,105.13,1.634,1.5542661466755445
,squeezenet_1086,287.188,3.674,1.279301363566723
,squeezenet_317,262.509,7.669,2.9214236464273604
,squeezenet_1237,195.529,7.386,3.777444778012469
,squeezenet_1352,110.047,1.72,1.5629685498014485
,squeezenet_1358,324.91,19.052,5.863777661506263
,squeezenet_1232,329.237,18.005,5.4687049146967075
,squeezenet_1716,242.084,17.046,7.04135754531485
,squeezenet_106,190.064,15.034,7.909967168953616
,squeezenet_919,177.861,11.995,6.744030450745245
,squeezenet_1585,148.983,8.776,5.890604968352093
,squeezenet_757,164.839,9.037,5.482319111375342
,squeezenet_1938,234.805,11.24,4.786950874129596
,squeezenet_1183,158.016,9.567,6.054450182260025
,squeezenet_780,111.24,2.146,1.9291621718806187
,squeezenet_1152,333.497,9.23,2.7676410882256812
,squeezenet_1678,92.6761,3.755,4.051745811487535
,squeezenet_1205,84.028,1.904,2.26591136287904
,squeezenet_184,149.628,7.708,5.151442243430374
,squeezenet_1219,120.069,7.319,6.095661661211469
,squeezenet_1942,191.297,11.33,5.922727486578462
,squeezenet_1487,93.2231,1.859,1.9941409371711516
,squeezenet_1388,127.837,2.182,1.7068610809077183
,squeezenet_1177,103.057,5.015,4.866239071581745
,squeezenet_1123,102.689,7.082,6.896551724137931
,squeezenet_177,218.597,2.839,1.2987369451547826
,squeezenet_1040,105.666,4.071,3.8527056953040715
,squeezenet_671,165.31,9.838,5.951243118988566
,squeezenet_31,253.281,13.387,5.28543396464796
,squeezenet_550,67.5591,1.854,2.744263911153346
,squeezenet_1424,86.9617,5.566,6.400518849102537
,squeezenet_94,148.703,8.878,5.9702897722305535
,squeezenet_126,350.577,4.565,1.3021390450600012
,squeezenet_1178,130.776,4.46,3.4104116963357187
,squeezenet_729,171.51,11.0,6.413620197073057
,squeezenet_442,190.309,4.456,2.341455212312608
,squeezenet_586,110.006,7.831,7.118702616220935
,squeezenet_80,228.826,4.106,1.79437651315847
,squeezenet_825,270.457,10.47,3.871225370391597
,squeezenet_302,105.883,4.41,4.164974547377766
,squeezenet_51,85.0648,4.109,4.83043515061459
,squeezenet_522,119.595,5.642,4.717588527948493
,squeezenet_703,265.792,12.001,4.515184806164219
,squeezenet_1881,132.41,5.19,3.919643531455329
,squeezenet_597,94.0735,9.905,10.529001259653356
,squeezenet_1475,204.318,14.558,7.125167630849949
,squeezenet_1214,195.633,8.969,4.584604846830544
,squeezenet_252,300.64,10.929,3.635244811069718
,squeezenet_1394,316.964,11.114,3.50639189308565
,squeezenet_761,162.987,6.591,4.0438808003092275
,squeezenet_1077,243.147,4.721,1.9416237913690075
,squeezenet_1960,111.293,2.781,2.498809448932098
,squeezenet_64,115.406,8.305,7.1963329462939525
,squeezenet_1276,306.37,18.551,6.055096778405196
,squeezenet_142,155.617,2.326,1.4946953096384072
,squeezenet_1758,134.513,10.395,7.7278776029082685
,squeezenet_1627,139.616,8.143,5.832426082970433
,squeezenet_1858,110.985,4.862,4.380772176420237
,squeezenet_1778,153.446,11.319,7.376536371101235
,squeezenet_1026,122.684,9.542,7.777705324247661
,squeezenet_1654,181.919,5.354,2.9430680687558746
,squeezenet_814,164.212,11.032,6.718144837161718
,squeezenet_271,112.784,3.782,3.3533125265995176
,squeezenet_659,138.254,10.12,7.319860546530299
,squeezenet_1709,151.725,8.481,5.589718240237271
,squeezenet_1917,195.363,8.24,4.217789448360232
,squeezenet_1720,113.771,2.446,2.1499327596663473
,squeezenet_23,200.967,14.038,6.985226430209934
,squeezenet_723,324.406,6.855,2.113092852783241
,squeezenet_1523,507.28,45.862,9.040766440624507
,squeezenet_1789,110.505,5.821,5.267634948644858
,squeezenet_273,356.609,26.311,7.3781087970298005
,squeezenet_1044,108.06,2.569,2.377382935406256
,squeezenet_211,134.593,6.742,5.009175811520659
,squeezenet_508,117.396,5.786,4.92861767010801
,squeezenet_226,286.179,6.607,2.308694907732573
,squeezenet_1138,197.574,6.021,3.047465759664733
,squeezenet_1216,212.027,11.01,5.192734887537908
,squeezenet_1220,206.841,10.109,4.887328914480205
,squeezenet_168,162.024,9.42,5.813953488372093
,squeezenet_1312,251.145,5.411,2.1545322423301276
,squeezenet_1356,86.40889999999999,5.965,6.903224089185259
,squeezenet_483,163.22,7.397,4.531920107829923
,squeezenet_196,198.271,9.016,4.547311507986544
,squeezenet_162,236.55,12.539,5.300782075671105
,squeezenet_655,111.231,4.314,3.8784151900099797
,squeezenet_1064,197.31,14.617,7.408139475951549
,squeezenet_898,142.79,2.307,1.6156593598991527
,squeezenet_1687,102.483,1.938,1.8910453441058517
,squeezenet_1298,334.084,9.837,2.944469055686594
,squeezenet_1798,265.814,10.71,4.029133153257541
,squeezenet_1335,201.343,12.867,6.390587206905629
,squeezenet_940,72.02560000000001,3.189,4.427592411586991
,squeezenet_1933,72.0146,1.719,2.3870159662068526
,squeezenet_1780,240.114,6.976,2.905286655505302
,squeezenet_685,42.6626,2.514,5.892749152653612
,squeezenet_266,195.222,10.679,5.470182663839116
,squeezenet_479,230.064,8.773,3.8132867376034496
,squeezenet_744,245.449,17.141,6.98352814637664
,squeezenet_44,224.8,9.217,4.10008896797153
,squeezenet_1407,155.052,5.916,3.8154941567990095
,squeezenet_739,129.854,4.473,3.4446378240177427
,squeezenet_1427,150.577,10.686,7.096701355452692
,squeezenet_1373,222.686,9.404,4.222986626909639
,squeezenet_384,135.772,10.676,7.863182394013493
,squeezenet_910,378.381,10.271,2.7144597641002064
,squeezenet_1620,174.551,7.92,4.537355844423693
,squeezenet_511,89.853,7.798,8.678619522998677
,squeezenet_284,158.661,3.134,1.9752806297703909
,squeezenet_667,94.2714,2.558,2.7134422528996067
,squeezenet_1018,333.75,16.01,4.797003745318353
,squeezenet_816,292.946,11.001,3.7552996115325006
,squeezenet_830,174.37,5.218,2.9924872397774847
,squeezenet_1434,142.656,9.008,6.3144908030506945
,squeezenet_923,147.431,5.017,3.4029478196580096
,squeezenet_1229,199.237,6.466,3.2453811290071624
,squeezenet_235,253.831,12.386,4.879624632137131
,squeezenet_1610,215.385,7.504,3.4839937785825383
,squeezenet_1734,107.653,5.327,4.948306131738084
,squeezenet_1750,164.006,11.203,6.830847651915173
,squeezenet_221,239.67,6.414,2.6761797471523345
,squeezenet_1623,186.779,6.652,3.5614282119510223
,squeezenet_410,326.639,12.832,3.9284959848640244
,squeezenet_1100,286.914,9.196,3.2051416103780226
,squeezenet_859,166.46,10.723,6.441787816892948
,squeezenet_1839,204.824,14.335,6.998691559582862
,squeezenet_77,440.868,35.934,8.150738996706497
,squeezenet_1815,369.912,18.11,4.895758991327667
,squeezenet_1713,177.306,12.44,7.016119025864888
,squeezenet_1712,134.826,6.856,5.085072612107457
,squeezenet_1868,228.182,13.522,5.9259713737279895
,squeezenet_1141,218.154,8.466,3.880744794961357
,squeezenet_1439,138.799,6.476,4.6657396667122955
,squeezenet_1058,163.037,11.602,7.116176082729687
,squeezenet_1096,352.983,14.645,4.14892501905191
,squeezenet_1305,167.577,5.675,3.386502921045251
,squeezenet_651,224.576,5.73,2.5514747791393564
,squeezenet_876,123.122,5.656,4.593817514335374
,squeezenet_1134,54.1246,4.328,7.9963639454148385
,squeezenet_1218,222.953,13.424,6.020999941691747
,squeezenet_702,134.743,6.067,4.502645777517199
,squeezenet_1316,125.966,2.247,1.783814680151787
,squeezenet_1807,333.375,13.504,4.050693663292089
,squeezenet_81,106.987,8.324,7.780384532700236
,squeezenet_223,260.702,4.212,1.6156377779994018
,squeezenet_1401,113.093,6.09,5.384948670563165
,squeezenet_407,173.744,12.136,6.984989409706234
,squeezenet_1105,305.041,10.847,3.5559154343186656
,squeezenet_1806,326.669,13.764,4.213439291760161
,squeezenet_1602,130.709,5.511,4.216236066376455
,squeezenet_575,81.2258,7.796,9.597935631289566
,squeezenet_1700,377.9,14.066,3.7221487165916916
,squeezenet_191,295.652,18.863,6.380136105962415
,squeezenet_429,117.278,2.388,2.0361875202510276
,squeezenet_1397,109.92,2.316,2.1069868995633185
,squeezenet_327,136.952,7.328,5.350779835270751
,squeezenet_1548,75.3304,1.754,2.3284092477937195
,squeezenet_968,113.824,5.746,5.048144503795333
,squeezenet_1093,150.336,9.086,6.043795232013623
,squeezenet_1449,288.493,18.862,6.5381135764125995
,squeezenet_381,120.062,3.211,2.674451533374423
,squeezenet_1227,169.775,5.11,3.009865999116478
,squeezenet_239,118.996,6.13,5.151433661635686
,squeezenet_1717,295.143,5.722,1.9387212300478078
,squeezenet_1165,240.802,6.038,2.5074542570244436
,squeezenet_360,91.5023,2.884,3.1518333418941378
,squeezenet_67,74.38669999999999,3.102,4.170100300188071
,squeezenet_635,377.737,7.062,1.8695547431149186
,squeezenet_1842,298.652,21.31,7.135395041720799
,squeezenet_1552,177.897,11.097,6.2378792222465815
,squeezenet_1098,175.35,10.312,5.880809808953521
,squeezenet_518,417.432,24.667,5.9092259338047874
,squeezenet_466,286.5,16.806,5.865968586387435
,squeezenet_1763,305.121,6.107,2.0015010438481786
,squeezenet_1156,259.322,11.99,4.623595375633382
,squeezenet_590,178.034,8.714,4.894570699978656
,squeezenet_385,246.558,3.05,1.2370314489896899
,squeezenet_500,268.456,11.033,4.109798253717554
,squeezenet_1975,220.056,6.52,2.9628821754462495
,squeezenet_172,286.422,14.946,5.218174581561471
,squeezenet_537,233.49,4.957,2.1230031264722258
,squeezenet_648,403.587,19.271,4.774930807979445
,squeezenet_1968,250.823,9.374,3.7372968188722724
,squeezenet_99,284.112,13.343,4.696387340203863
,squeezenet_190,151.267,8.402,5.5544170242022375
,squeezenet_424,141.396,9.376,6.631022093977198
,squeezenet_559,141.485,8.967,6.337774322366328
,squeezenet_879,170.814,11.315,6.624164295666632
,squeezenet_428,242.511,3.459,1.426327053205834
,squeezenet_726,55.3196,3.645,6.588984735970614
,squeezenet_1309,258.3,19.612,7.592721641502129
,squeezenet_642,108.831,7.511,6.901526219551414
,squeezenet_768,120.724,2.152,1.7825784433915377
,squeezenet_289,407.764,15.969,3.9162358619201303
,squeezenet_441,106.685,6.333,5.936167221258846
,squeezenet_19,282.26,14.218,5.037199744916035
,squeezenet_1637,135.498,8.824,6.512273243885519
,squeezenet_1052,233.611,18.995,8.131038350077693
,squeezenet_665,212.007,7.022,3.3121547873419277
,squeezenet_1161,209.356,9.774,4.668602762758172
,squeezenet_1037,101.719,8.155,8.017184596781329
,squeezenet_1485,208.37,17.542,8.41867831261698
,squeezenet_1119,361.344,11.702,3.2384652851576337
,squeezenet_838,97.4881,2.365,2.425937114376011
,squeezenet_1326,133.28,10.135,7.604291716686674
,squeezenet_587,128.082,4.356,3.4009462687965524
,squeezenet_1022,136.779,7.82,5.71725191732649
,squeezenet_695,290.246,11.012,3.7940230011783114
,squeezenet_1169,207.839,3.639,1.7508744749541714
,squeezenet_1847,171.783,6.223,3.622593621021871
,squeezenet_1320,121.145,1.994,1.6459614511535763
,squeezenet_1395,254.602,6.697,2.6303799655933573
,squeezenet_1001,115.695,5.875,5.078006828298544
,squeezenet_1518,121.995,5.991,4.910857002336161
,squeezenet_486,184.747,9.582,5.1865524203370015
,squeezenet_1864,141.949,4.916,3.4632156619631
,squeezenet_1923,315.223,6.676,2.117865764871218
,squeezenet_1833,193.756,5.745,2.9650694688164494
,squeezenet_1116,182.599,9.531,5.219634280582041
,squeezenet_2,104.877,6.102,5.818244228953918
,squeezenet_1699,192.011,2.875,1.4973100499450553
,squeezenet_230,56.7719,2.414,4.252103593503124
,squeezenet_1368,102.88,8.947,8.69653965785381
,squeezenet_935,164.794,7.212,4.376372926198769
,squeezenet_707,63.5505,1.395,2.1951046805296572
,squeezenet_1107,99.3173,1.949,1.9623972862733885
,squeezenet_1440,170.999,10.688,6.2503289492921015
,squeezenet_97,88.072,6.402,7.269052593332728
,squeezenet_725,128.57,2.316,1.8013533483705373
,squeezenet_1447,92.9627,4.294,4.619056890559332
,squeezenet_1455,93.6328,2.055,2.194743722285353
,squeezenet_964,114.898,2.09,1.8190046824139672
,squeezenet_20,175.076,7.986,4.561447599899473
,squeezenet_361,171.382,5.762,3.3620800317419564
,squeezenet_268,209.995,10.581,5.038691397414223
,squeezenet_369,323.938,15.711,4.8500021609073345
,squeezenet_248,87.0885,1.907,2.18972654254006
,squeezenet_1303,200.351,15.282,7.6276135382403885
,squeezenet_646,248.07,5.101,2.0562744386665055
,squeezenet_45,219.116,2.993,1.3659431533981998
,squeezenet_721,139.209,10.806,7.762429153287502
,squeezenet_270,170.154,2.554,1.5009932179084828
,squeezenet_1667,111.237,7.306,6.567958503016083
,squeezenet_1189,203.159,6.37,3.135475169694673
,squeezenet_507,62.2206,2.337,3.7559907811882245
,squeezenet_152,158.22,5.643,3.5665529010238908
,squeezenet_1137,220.777,3.167,1.4344791350548292
,squeezenet_22,205.046,11.459,5.588502092213455
,squeezenet_1562,173.341,3.552,2.0491401341863726
,squeezenet_1854,290.352,5.433,1.8711770540585222
,squeezenet_1207,120.019,10.19,8.490322365625442
,squeezenet_1711,161.545,8.03,4.970751183880653
,squeezenet_1618,154.481,9.339,6.0454036418718164
,squeezenet_1172,181.319,3.312,1.8266149714039897
,squeezenet_145,320.579,14.639,4.5664251245402845
,squeezenet_657,102.692,3.138,3.055739492852413
,squeezenet_1254,255.309,17.375,6.805478851117665
,squeezenet_457,265.431,10.75,4.0500167651856795
,squeezenet_132,193.992,5.047,2.6016536764402654
,squeezenet_325,224.15,11.244,5.016283738567924
,squeezenet_480,203.162,3.176,1.5632844724899342
,squeezenet_1659,158.014,3.004,1.9010973711190144
,squeezenet_701,90.7711,3.532,3.891106310268356
,squeezenet_867,110.899,7.966,7.18311256188063
,squeezenet_291,204.426,5.562,2.720788940741393
,squeezenet_1998,119.169,1.956,1.6413664627545752
,squeezenet_1146,146.98,2.467,1.6784596543747448
,squeezenet_463,149.408,4.972,3.3278003855215252
,squeezenet_956,91.7226,7.321,7.981675181471087
,squeezenet_1151,178.446,15.027,8.4210349349383
,squeezenet_1945,139.945,3.528,2.520990389081425
,squeezenet_1566,241.874,13.745,5.6827108329130045
,squeezenet_1869,138.935,7.093,5.105265052002736
,squeezenet_534,131.197,2.426,1.8491276477358476
,squeezenet_156,93.2799,7.922,8.492719224613234
,squeezenet_613,128.122,8.467,6.608544980565398
,squeezenet_1398,53.570699999999995,2.769,5.168870296636035
,squeezenet_321,236.1,7.012,2.969927996611605
,squeezenet_422,132.335,6.278,4.744020856160501
,squeezenet_1799,166.126,9.301,5.5987623851775155
,squeezenet_401,157.248,5.183,3.2960673585673588
,squeezenet_1689,182.432,6.192,3.3941413787054904
,squeezenet_610,190.182,9.305,4.892681746958178
,squeezenet_1922,153.652,2.626,1.7090568297191058
,squeezenet_654,67.1219,3.148,4.689974509064851
,squeezenet_633,205.912,3.013,1.4632464353704493
,squeezenet_348,183.457,6.009,3.275426939282775
,squeezenet_1345,325.568,9.435,2.89801208964026
,squeezenet_1905,299.78,14.676,4.895590099406231
,squeezenet_1094,128.953,2.638,2.0457065752638557
,squeezenet_1483,160.774,8.865,5.513951260775996
,squeezenet_1561,100.881,3.224,3.1958446089947565
,squeezenet_1978,204.734,7.237,3.5348305606298904
,squeezenet_1550,73.95110000000001,4.095,5.537442985973162
,squeezenet_455,134.301,10.733,7.991749875280156
,squeezenet_365,116.264,2.93,2.52012660840845
,squeezenet_1486,100.463,7.052,7.019499716313468
,squeezenet_509,68.9345,5.134,7.447649580398785
,squeezenet_1314,216.093,11.512,5.327335915554878
,squeezenet_1348,129.78,8.725,6.722915703498228
,squeezenet_1783,207.438,11.933,5.752562211359539
,squeezenet_264,327.349,16.433,5.02002449984573
,squeezenet_985,97.9795,2.381,2.430100174015993
,squeezenet_1691,307.475,11.361,3.694934547524189
,squeezenet_621,125.235,6.166,4.923543737772987
,squeezenet_1498,122.233,2.649,2.167172531149526
,squeezenet_1157,267.269,4.195,1.5695797118259132
,squeezenet_1331,294.895,18.766,6.3636209498296
,squeezenet_704,119.024,5.355,4.499092619975804
,squeezenet_1617,235.842,10.967,4.650147132402202
,squeezenet_581,196.333,8.896,4.531077302338375
,squeezenet_323,177.49,10.995,6.194715195222265
,squeezenet_539,185.528,3.369,1.8158984088655084
,squeezenet_383,152.096,2.168,1.4254155270355566
,squeezenet_1340,311.827,17.678,5.669169122622479
,squeezenet_96,308.68,18.17,5.8863548010885065
,squeezenet_574,92.7277,2.047,2.207538847615114
,squeezenet_1547,167.736,11.016,6.5674631563886114
,squeezenet_1255,283.829,9.453,3.3305264789714935
,squeezenet_660,345.867,15.144,4.378561701463279
,squeezenet_1866,141.605,4.815,3.400303661593871
,squeezenet_976,124.777,7.46,5.9786659400370255
,squeezenet_34,210.276,8.834,4.201145161597139
,squeezenet_677,270.839,6.015,2.2208766093509427
,squeezenet_1681,75.3715,2.561,3.397836052088654
,squeezenet_797,275.931,20.461,7.4152596120044505
,squeezenet_1787,120.035,5.052,4.208772441371266
,squeezenet_362,171.387,10.939,6.3826311213802684
,squeezenet_390,213.226,14.275,6.69477455844972
,squeezenet_1122,175.745,7.596,4.322171327776039
,squeezenet_1852,202.973,11.35,5.591876752080325
,squeezenet_1982,115.96,2.219,1.9135908934115213
,squeezenet_821,245.705,16.193,6.5904234753057525
,squeezenet_347,75.4893,6.68,8.848936206853155
,squeezenet_366,177.675,2.41,1.3564091740537498
,squeezenet_1757,178.613,10.875,6.088582577975847
,squeezenet_969,224.611,9.658,4.2998784565315145
,squeezenet_1616,320.473,20.682,6.453585793498984
,squeezenet_526,65.4805,2.66,4.062278082788005
,squeezenet_543,215.017,12.3,5.720477915699689
,squeezenet_694,132.536,9.412,7.101466771292329
,squeezenet_599,139.571,9.359,6.705547714066676
,squeezenet_1925,112.813,6.067,5.37792630281971
,squeezenet_1499,324.815,15.361,4.729153518156489
,squeezenet_98,301.341,5.526,1.833802901032385
,squeezenet_892,150.756,5.664,3.757064395446947
,squeezenet_700,152.912,1.911,1.2497384116354504
,squeezenet_1845,194.59,14.578,7.491649108381725
,squeezenet_1983,108.393,2.271,2.0951537460906144
,squeezenet_219,97.345,1.761,1.8090297395860087
,squeezenet_960,145.797,2.188,1.500716750001715
,squeezenet_1791,123.522,9.748,7.89171159793397
,squeezenet_1251,161.523,12.76,7.899803743120175
,squeezenet_934,283.119,7.839,2.7688003984190392
,squeezenet_1751,210.152,11.725,5.579294986485972
,squeezenet_553,202.983,8.691,4.281639349108054
,squeezenet_1892,110.502,3.698,3.346545763877577
,squeezenet_841,318.779,13.458,4.221733552084673
,squeezenet_593,163.666,12.643,7.724878716410251
,squeezenet_908,302.883,12.217,4.033570718726373
,squeezenet_187,120.967,9.239,7.637620177403756
,squeezenet_1115,275.846,8.633,3.1296448018097047
,squeezenet_1024,116.77,4.639,3.9727669778196457
,squeezenet_288,283.228,14.506,5.1216687615631225
,squeezenet_899,214.299,5.057,2.359787026537688
,squeezenet_276,148.283,3.844,2.592340322221698
,squeezenet_906,176.893,9.028,5.103650229234622
,squeezenet_482,125.224,3.14,2.5075065482655083
,squeezenet_1944,192.195,12.7,6.607872213116886
,squeezenet_462,107.607,2.019,1.8762719897404447
,squeezenet_1522,103.641,3.822,3.687729759458129
,squeezenet_809,129.309,9.003,6.962392408881053
,squeezenet_200,288.814,21.571,7.468820763536393
,squeezenet_334,329.637,15.665,4.752197113794871
,squeezenet_285,265.835,21.777,8.191923561607766
,squeezenet_604,138.664,2.769,1.9969134021808115
,squeezenet_1879,72.914,4.294,5.889129659598979
,squeezenet_844,235.764,13.159,5.581428886513632
,squeezenet_752,88.7954,6.005,6.7627377093858465
,squeezenet_1863,69.4322,1.949,2.807054939927008
,squeezenet_741,240.954,14.731,6.113615046855416
,squeezenet_698,108.219,2.419,2.2352821593250725
,squeezenet_1051,111.867,2.337,2.089087934779694
,squeezenet_194,122.631,2.365,1.9285498772740988
,squeezenet_1707,237.818,7.792,3.2764551043234738
,squeezenet_246,171.463,12.345,7.19980403935543
,squeezenet_214,129.42,1.989,1.5368567454798334
,squeezenet_1241,246.333,10.318,4.188638956209684
,squeezenet_1919,143.42,4.536,3.162738809092177
,squeezenet_474,66.4775,2.314,3.4808769884547406
,squeezenet_1767,112.953,6.111,5.410214868130992
,squeezenet_27,155.313,2.296,1.4783051000238228
,squeezenet_900,346.266,28.066,8.105329428820616
,squeezenet_944,185.349,9.44,5.09309464847396
,squeezenet_1714,255.638,3.439,1.3452616590647712
,squeezenet_92,104.748,2.376,2.2683010654141365
,squeezenet_197,150.125,10.688,7.119400499583681
,squeezenet_176,93.2329,5.376,5.766204848288534
,squeezenet_1668,224.398,10.441,4.652893519550085
,squeezenet_1121,122.7,9.796,7.983700081499593
,squeezenet_1950,356.893,7.531,2.11015626532322
,squeezenet_1120,66.0042,4.423,6.701088718596695
,squeezenet_1256,199.113,10.092,5.068478703048019
,squeezenet_1466,123.331,2.521,2.0440927260786013
,squeezenet_136,213.462,11.89,5.570078046678098
,squeezenet_896,222.996,6.156,2.760587633858903
,squeezenet_1934,131.288,9.624,7.330449089025653
,squeezenet_1293,236.08,11.077,4.692053541172483
,squeezenet_354,228.621,13.614,5.954833545474825
,squeezenet_1002,246.614,5.499,2.229800416845759
,squeezenet_1460,106.097,5.62,5.29703950158817
,squeezenet_719,159.884,6.961,4.353781491581397
,squeezenet_1636,189.779,10.387,5.473208310719311
,squeezenet_1909,276.071,21.659,7.8454455556722715
,squeezenet_1426,261.056,7.106,2.7220213287570485
,squeezenet_1556,257.22,8.677,3.3733768758261404
,squeezenet_182,231.755,3.712,1.6016914413928502
,squeezenet_48,166.277,8.903,5.354318396410809
,squeezenet_514,195.465,11.821,6.047630010487811
,squeezenet_88,79.44669999999999,1.741,2.19140631391864
,squeezenet_1484,170.787,2.989,1.7501332068600068
,squeezenet_767,143.314,2.939,2.0507417279540032
,squeezenet_1308,139.444,10.29,7.3793063882275325
,squeezenet_1796,106.076,2.068,1.9495456088087788
,squeezenet_368,117.162,11.569,9.874361994503337
,squeezenet_1263,104.049,7.411,7.122605695393516
,squeezenet_1210,167.722,2.16,1.287845363160468
,squeezenet_1773,91.6674,5.497,5.996679299292878
,squeezenet_373,134.078,8.74,6.518593654439952
,squeezenet_765,275.065,3.023,1.0990129605729555
,squeezenet_1191,184.164,5.582,3.0309941139419214
,squeezenet_1790,329.468,10.532,3.196668568722911
,squeezenet_979,140.072,11.309,8.073704951739105
,squeezenet_242,191.503,6.001,3.1336323712944445
,squeezenet_1076,147.386,7.548,5.121246251340019
,squeezenet_9,106.444,4.69,4.406072676712638
,squeezenet_1686,92.808,6.949,7.487501077493319
,squeezenet_1886,272.716,22.129,8.11430205781839
,squeezenet_1513,191.485,7.635,3.98725748753166
,squeezenet_1770,178.094,7.669,4.3061529304749175
,squeezenet_1733,203.022,5.097,2.510565357448947
,squeezenet_538,222.703,10.116,4.542372576929813
,squeezenet_484,306.312,10.816,3.531040246546006
,squeezenet_937,189.901,6.9,3.633472177608333
,squeezenet_1964,169.993,5.064,2.9789461919020197
,squeezenet_1180,67.5798,1.771,2.6206055655684093
,squeezenet_815,280.707,16.451,5.860559230799375
,squeezenet_996,258.713,13.726,5.3054929593796984
,squeezenet_1615,69.5715,4.57,6.568781756897581
,squeezenet_1867,212.876,3.45,1.620661793720288
,squeezenet_416,200.89,2.294,1.1419184628403605
,squeezenet_905,156.06,7.844,5.026271946687172
,squeezenet_166,185.515,11.942,6.437215319515943
,squeezenet_1520,150.591,3.99,2.6495607307209594
,squeezenet_843,98.57589999999999,10.311,10.459960294554756
,squeezenet_929,131.045,5.014,3.8261665839978636
,squeezenet_971,160.178,10.316,6.440335127171022
,squeezenet_1444,305.871,11.108,3.631596326555967
,squeezenet_1322,310.842,19.002,6.113073522883008
,squeezenet_850,126.843,7.477,5.894688709664703
,squeezenet_760,246.875,15.948,6.4599493670886075
,squeezenet_328,152.098,8.17,5.371536772344146
,squeezenet_492,190.637,11.026,5.7837670546641
,squeezenet_421,174.027,5.223,3.001258425416746
,squeezenet_1508,155.215,5.244,3.3785394452855715
,squeezenet_632,177.781,5.893,3.3147524201123852
,squeezenet_1586,165.976,3.608,2.173808261435388
,squeezenet_1078,175.799,6.49,3.691716107600157
,squeezenet_1739,100.441,8.42,8.383030834021962
,squeezenet_220,431.814,20.238,4.68674012422015
,squeezenet_627,156.706,5.615,3.583142955598382
,squeezenet_304,498.709,21.13,4.236939778508108
,squeezenet_287,172.721,9.853,5.704575587218693
,squeezenet_1760,133.875,9.497,7.093930905695611
,squeezenet_927,144.191,2.542,1.7629394345000726
,squeezenet_1272,125.798,9.707,7.7163388925102145
,squeezenet_1083,184.678,5.546,3.003064793857417
,squeezenet_1501,330.378,8.812,2.6672478191647144
,squeezenet_947,325.525,19.99,6.140849397127717
,squeezenet_1644,95.153,6.113,6.424390192637121
,squeezenet_530,154.432,3.559,2.3045741815167844
,squeezenet_731,153.958,3.121,2.027176242871432
,squeezenet_1233,135.067,3.325,2.4617412099180407
,squeezenet_1349,91.9399,3.015,3.279316161971027
,squeezenet_1991,79.0825,2.936,3.712578636234312
,squeezenet_1099,52.3375,4.697,8.974444709816098
,squeezenet_639,134.682,2.001,1.48572192275137
,squeezenet_470,146.143,2.412,1.6504382693663056
,squeezenet_532,203.144,16.52,8.132162406962548
,squeezenet_1182,348.675,6.361,1.824334982433498
,squeezenet_913,236.873,9.413,3.973859409894754
,squeezenet_28,108.442,2.664,2.4566127515169405
,squeezenet_269,109.457,2.0,1.8272015494669143
,squeezenet_645,109.074,8.684,7.961567376276656
,squeezenet_795,270.928,4.129,1.5240211421484673
,squeezenet_1490,255.549,4.381,1.714348324587457
,squeezenet_1593,253.593,10.248,4.041121008860655
,squeezenet_315,145.133,6.603,4.549620003720724
,squeezenet_1104,181.239,2.15,1.186278891408582
,squeezenet_1519,75.0588,5.532,7.370221746151017
,squeezenet_1759,166.644,6.236,3.7421089268140464
,squeezenet_1363,74.90060000000001,2.136,2.851779558508209
,squeezenet_1428,265.116,3.496,1.3186680547383032
,squeezenet_1535,219.399,12.209,5.564747332485562
,squeezenet_68,104.983,4.841,4.61122276940076
,squeezenet_1425,239.221,15.004,6.2720246132237545
,squeezenet_1903,114.316,2.688,2.351376885125442
,squeezenet_300,127.809,2.097,1.640729526089712
,squeezenet_352,267.063,16.065,6.015434560384629
,squeezenet_1228,63.2389,4.69,7.416321283260778
,squeezenet_1838,203.893,5.349,2.623434840823373
,squeezenet_1662,222.299,3.966,1.7840835991165052
,squeezenet_1948,437.4,18.723,4.280521262002743
,squeezenet_488,58.167699999999996,3.026,5.202199846306455
,squeezenet_1559,211.177,3.162,1.4973221515600659
,squeezenet_663,268.066,4.913,1.8327576044705411
,squeezenet_1380,87.1039,3.795,4.3568657660564
,squeezenet_1492,165.55,11.912,7.195409241920869
,squeezenet_1132,315.893,7.824,2.47678802632537
,squeezenet_313,109.598,7.408,6.759247431522473
,squeezenet_26,316.441,19.364,6.119308180671911
,squeezenet_1294,155.153,6.153,3.9657628276604386
,squeezenet_1554,279.086,7.067,2.5321943773603834
,squeezenet_1193,233.09,13.887,5.957784546741602
,squeezenet_1392,168.827,8.405,4.978469083736606
,squeezenet_1670,160.792,7.031,4.372729986566496
,squeezenet_1915,250.328,5.06,2.0213479914352366
,squeezenet_275,391.637,23.206,5.9253849866074955
,squeezenet_1196,107.18,6.321,5.897555514088449
,squeezenet_686,236.685,12.959,5.4752096668567924
,squeezenet_339,117.754,6.919,5.875808889719244
,squeezenet_1463,63.265,5.716,9.03501145973287
,squeezenet_1091,169.721,12.586,7.415699883927152
,squeezenet_217,80.04480000000001,6.277,7.841858559206844
,squeezenet_1871,161.718,12.862,7.953350894767436
,squeezenet_679,267.997,16.244,6.061261879797161
,squeezenet_1677,175.859,10.63,6.044615288384445
,squeezenet_993,218.721,15.282,6.986983417230169
,squeezenet_1278,113.395,4.449,3.923453415053574
,squeezenet_865,215.689,10.892,5.049863460816268
,squeezenet_951,281.306,6.391,2.2719031943861845
,squeezenet_1990,296.516,16.392,5.528200839077823
,squeezenet_446,166.923,2.422,1.450968410584521
,squeezenet_52,130.271,7.492,5.751088116311382
,squeezenet_295,85.4418,7.387,8.645651191805417
,squeezenet_1179,107.814,2.54,2.355909251117666
,squeezenet_1962,167.106,10.203,6.105705360669276
,squeezenet_1812,212.594,6.096,2.8674374629575623
,squeezenet_1353,187.074,9.068,4.847279686113517
,squeezenet_311,235.915,11.968,5.073013585401522
,squeezenet_427,128.678,4.088,3.1769222400099473
,squeezenet_684,129.691,9.922,7.65049232406258
,squeezenet_280,191.939,6.699,3.4901713565247294
,squeezenet_199,102.911,1.991,1.9346814237545065
,squeezenet_864,134.823,4.193,3.110003486052083
,squeezenet_1448,176.617,2.823,1.598373882468845
,squeezenet_1828,105.889,2.533,2.3921276053225546
,squeezenet_787,177.233,12.778,7.209718280455671
,squeezenet_1545,87.96039999999999,3.693,4.198480225192245
,squeezenet_140,190.455,8.775,4.6073875718673705
,squeezenet_710,202.359,12.112,5.985402181271898
,squeezenet_1631,133.123,4.208,3.1609864561345526
,squeezenet_946,131.608,10.426,7.922010820010941
,squeezenet_788,191.598,9.966,5.201515673441267
,squeezenet_431,114.27,1.773,1.551588343397217
,squeezenet_1075,97.9675,1.976,2.016995432158624
,squeezenet_720,221.57,2.948,1.3305050322697116
,squeezenet_74,272.598,14.347,5.26306135775024
,squeezenet_878,166.828,3.155,1.891169348071067
,squeezenet_1782,235.596,18.138,7.698772474914685
,squeezenet_1479,171.944,8.574,4.986507234913693
,squeezenet_357,102.541,5.297,5.1657385826157345
,squeezenet_1436,129.538,4.895,3.778813938767002
,squeezenet_1515,137.944,2.414,1.7499855013628722
,squeezenet_1814,193.731,3.376,1.742622502335713
,squeezenet_1916,180.872,2.713,1.4999557698261754
,squeezenet_1088,141.035,10.448,7.4080901903782745
,squeezenet_853,65.5257,2.427,3.703890229329866
,squeezenet_1671,108.844,1.946,1.7878799015104185
,squeezenet_1030,159.306,10.158,6.3764076682610815
,squeezenet_877,141.35,7.643,5.40714538379908
,squeezenet_1582,261.311,11.278,4.315930060349546
,squeezenet_113,138.661,9.552,6.888743049595776
,squeezenet_1202,256.486,14.584,5.686080331869966
,squeezenet_71,306.944,7.686,2.504039824854045
,squeezenet_1953,218.388,8.11,3.7135740058977595
,squeezenet_819,179.498,11.387,6.343803273574079
,squeezenet_307,311.699,13.653,4.380187296077305
,squeezenet_393,145.511,8.305,5.707472287318485
,squeezenet_1571,125.086,7.232,5.7816222438962
,squeezenet_1824,127.234,2.148,1.6882279893739096
,squeezenet_942,196.367,9.719,4.949405959249772
,squeezenet_436,182.862,6.101,3.3363957519878378
,squeezenet_435,295.223,5.827,1.9737622068741256
,squeezenet_1697,120.18,8.189,6.813945748044599
,squeezenet_433,150.265,2.99,1.9898179882208105
,squeezenet_1357,124.875,4.11,3.2912912912912913
,squeezenet_1809,164.678,3.331,2.0227352773290908
,squeezenet_872,218.998,10.776,4.920592882126777
,squeezenet_63,220.868,17.463,7.906532408497384
,squeezenet_1785,60.0283,4.271,7.114977435642855
,squeezenet_72,118.397,2.555,2.157993868087874
,squeezenet_1634,113.795,3.928,3.4518212575244958
,squeezenet_1577,322.225,20.489,6.358600356893475
,squeezenet_1825,140.414,8.485,6.042844730582421
,squeezenet_0,92.376,3.182,3.4446176496059575
,squeezenet_1951,335.852,6.874,2.046734871312364
,squeezenet_1250,249.676,11.341,4.542286803697592
,squeezenet_1544,148.994,12.979,8.711089037142434
,squeezenet_1682,185.369,2.882,1.5547367682838016
,squeezenet_309,254.261,13.018,5.119935813986416
,squeezenet_497,192.899,7.604,3.94195926365611
,squeezenet_626,182.213,6.166,3.38395174877753
,squeezenet_450,140.207,6.533,4.65953911003017
,squeezenet_1482,156.268,5.36,3.430004863439732
,squeezenet_1003,169.541,11.977,7.064367911006777
,squeezenet_1949,70.6772,3.109,4.398872620873492
,squeezenet_709,206.858,7.898,3.818078101886318
,squeezenet_688,131.692,2.647,2.0099930140023687
,squeezenet_683,132.451,3.57,2.695336388551238
,squeezenet_105,89.40610000000001,2.19,2.4494972938088115
,squeezenet_290,92.00139999999999,8.139,8.846604508192266
,squeezenet_1891,192.116,9.319,4.850715192904287
,squeezenet_1031,314.846,21.193,6.7312273301868215
,squeezenet_595,333.607,6.54,1.9603905193835858
,squeezenet_202,98.9752,2.587,2.6137860797452293
,squeezenet_134,333.049,4.949,1.4859675303033488
,squeezenet_1318,238.698,13.481,5.647722226411616
,squeezenet_1904,74.70639999999999,1.935,2.5901395328914263
,squeezenet_316,133.428,2.282,1.7102856971550202
,squeezenet_1841,210.525,3.26,1.5485096781854886
,squeezenet_1095,154.139,7.352,4.769720836387935
,squeezenet_591,133.722,10.353,7.7421815408085415
,squeezenet_1023,149.729,2.553,1.7050805121252395
,squeezenet_57,168.64,8.172,4.845825426944972
,squeezenet_579,154.365,3.978,2.5770090370226413
,squeezenet_1861,102.848,4.423,4.300521157436217
,squeezenet_805,239.37,7.732,3.2301457993900655
,squeezenet_1708,260.286,19.403,7.4544923660896085
,squeezenet_542,250.69,12.532,4.999002752403367
,squeezenet_1744,73.1038,4.526,6.19119662726151
,squeezenet_994,135.635,5.023,3.703321414089284
,squeezenet_1192,147.852,2.668,1.8045072099126154
,squeezenet_1583,273.498,8.815,3.2230583038998457
,squeezenet_738,215.668,6.698,3.105699501085001
,squeezenet_1225,145.845,4.616,3.1650039425417393
,squeezenet_174,273.722,3.835,1.4010565464230134
,squeezenet_782,256.213,9.358,3.652429814256107
,squeezenet_1139,130.548,2.849,2.1823390630266264
,squeezenet_1171,202.461,10.496,5.184208316663455
,squeezenet_1877,207.78,3.232,1.5554913851188759
,squeezenet_409,131.314,7.741,5.895030232876921
,squeezenet_1061,160.392,6.015,3.7501870417477177
,squeezenet_1106,261.459,12.343,4.720816648116913
