0,vgg11_436,3071.19,42.797,1.393498937
1,vgg13_268,2049.32,80.82,3.943747194
2,vgg19_230,8781.26,628.675,7.159280103
3,vgg16_103,5078.55,26.419,0.52020754
4,vgg16_143,3479.17,184.847,5.312962574
5,vgg11_365,2262.51,67.393,2.978682967
6,vgg16_135,3785.54,84.627,2.235533108
7,vgg13_369,2570.1,164.205,6.38905101
8,vgg13_174,2647.08,49.179,1.85785847
9,vgg13_194,1942,31.689,1.63177137
10,vgg19_24,4075.98,45.974,1.127925063
11,vgg16_213,3887.46,52.174,1.342110273
12,vgg19_486,4147.84,27.832,0.670999846
13,vgg16_450,2512.77,70.946,2.823417981
14,vgg13_334,2848.72,28.829,1.011998371
15,vgg16_206,3359.14,66.867,1.990598784
17,vgg19_439,5540.24,402.583,7.26652636
18,vgg19_463,3672.39,48.948,1.332864973
19,vgg16_124,3618.55,218.476,6.037667021
20,vgg16_485,5680.97,340.047,5.985720748
21,vgg11_25,1297.15,88.603,6.83059014
22,vgg19_391,3954.64,655.401,16.57296239
23,vgg16_170,2094.08,36.519,1.743916183
24,vgg13_489,2022.88,142.498,7.044313059
25,vgg16_160,5478.68,342.462,6.250812239
26,vgg16_67,2648.9,205.712,7.765940579
27,vgg13_338,707.388,23.795,3.363783383
28,vgg11_490,464.173,12.106,2.608079315
29,vgg13_483,1298.34,9.453,0.728083553
30,vgg11_349,1068.64,7.916,0.740754604
31,vgg11_383,855.787,53.608,6.264175548
32,vgg16_461,2781.18,137.66,4.94969761
33,vgg11_14,922.02,70.15,7.608294831
34,vgg19_95,2399.8,71.394,2.974997916
35,vgg16_236,4055.7,212.02,5.227704219
36,vgg11_384,2987.3,45.231,1.514109731
37,vgg19_210,5431.52,336.155,6.188967361
38,vgg13_95,3566.15,302.468,8.481639864
39,vgg19_293,5237.91,364.012,6.949565762
40,vgg11_175,1428.56,96.243,6.737063897
41,vgg16_141,4225.59,36.467,0.863003746
42,vgg19_401,6590.72,431.636,6.549147893
43,vgg11_497,1860.94,141.131,7.583855471
44,vgg16_5,4136.82,214.995,5.197107923
45,vgg13_453,3082.41,516.756,16.76467439
46,vgg19_369,6786.86,390.708,5.75683011
48,vgg19_273,8723.39,236.35,2.709382476
49,vgg11_221,1135.2,93.45,8.232029598
50,vgg19_27,1577.79,114.569,7.261359243
51,vgg11_371,525.768,35.484,6.748984343
52,vgg11_327,693.75,34.133,4.920072072
53,vgg19_71,2942.94,208.215,7.075067789
54,vgg19_270,4440.9,321.001,7.228287059
55,vgg16_253,3333.63,251.051,7.530859753
56,vgg11_188,1559.48,111.488,7.149049683
57,vgg16_10,1407.59,54.754,3.889911125
58,vgg19_399,5243.33,874.849,16.685
59,vgg13_116,1909.93,85.872,4.496081008
60,vgg11_101,3786.17,230.46,6.086889918
61,vgg19_16,2081.2,145.596,6.99577167
62,vgg19_435,6349.63,388.182,6.113458579
63,vgg13_469,2820.86,24.935,0.8839502846649602
64,vgg13_61,2588.1,141.331,5.46080136
65,vgg16_477,4240.53,235.394,5.551051402
66,vgg16_264,4007.38,258.103,6.440691923
67,vgg11_99,1476.1,98.55,6.676376939
68,vgg16_240,3950.72,259.251,6.562120322
69,vgg11_28,974.08,67.619,6.941832293
70,vgg13_425,890.803,8.409,0.943979758
71,vgg11_286,1424.82,44.756,3.141168709
72,vgg11_17,1018.87,32.901,3.229165644
73,vgg19_402,4294.88,333.311,7.760659204
74,vgg13_290,4916.99,333.076,6.773981643
75,vgg19_493,6932.59,456.727,6.588114976
76,vgg11_211,3649.25,173.191,4.745934096
77,vgg13_378,5034.72,325.772,6.470508787
78,vgg11_340,3662.64,273.557,7.468847607
79,vgg11_65,1547.23,114.26,7.384810274
80,vgg19_180,3542.02,282.69,7.981039068
81,vgg11_225,948.073,82.305,8.681293529
82,vgg11_460,317.39,14.709,4.634361511
83,vgg13_411,4538.42,246.935,5.440990477
84,vgg13_269,2688.03,155.463,5.783529202
85,vgg13_380,2969.02,227.356,7.657610929
86,vgg11_486,4004.76,161.626,4.035847342
87,vgg13_344,1609.73,26.567,1.650400999
88,vgg16_172,4814.63,336.743,6.994161545
89,vgg11_499,5704.3,278.268,4.87821468
90,vgg13_419,1422.45,90.782,6.382087244
91,vgg11_477,1664.36,70.634,4.243913576
92,vgg16_416,6017.39,202.286,3.361690035
93,vgg13_420,1348.94,93.028,6.896377897
94,vgg11_316,1811.52,134.157,7.40576974
95,vgg16_114,3378.03,229.16,6.783835549
96,vgg13_321,1709.82,60.882,3.56072569
97,vgg11_421,985.419,36.909,3.74551333
98,vgg19_498,1820.54,89.255,4.902666242
99,vgg11_366,2509.59,125.558,5.003128001
100,vgg16_74,6282.67,363.428,5.784610683
101,vgg13_371,2309.58,134.655,5.83028083
102,vgg11_287,1167.25,64.97,5.566074106
103,vgg16_454,4221.82,122.724,2.906897973
104,vgg16_182,2919,226.4,7.75608085
105,vgg13_131,4794.84,314.457,6.558237605
106,vgg19_347,9101.29,486.442,5.34475882
107,vgg16_186,3874.81,269.366,6.951721504
108,vgg16_26,3850.33,242.62,6.301278072
109,vgg11_385,1115.15,65.999,5.918396628
110,vgg11_50,2425.91,185.763,7.657456377
111,vgg11_450,2140.72,174.722,8.161833402
112,vgg13_386,5005.68,403.993,8.070691694
113,vgg11_310,2173.04,145.227,6.683125943
114,vgg11_239,654.393,52.568,8.033093264
115,vgg19_81,3804.47,296.836,7.802295721
116,vgg19_253,3475.35,106.283,3.058195577
117,vgg19_407,4994.56,68.905,1.379601006
118,vgg11_95,1501.41,123.528,8.227466182
119,vgg19_214,5303.54,249.886,4.71168314
120,vgg13_64,4283.13,259.46,6.057719472
121,vgg11_367,2320.48,156.058,6.725246501
123,vgg11_141,1110.26,18.2,1.63925567
124,vgg16_209,1907.38,120.404,6.312533423
125,vgg13_56,3104.54,108.132,3.483028081
126,vgg11_206,1356.81,102.997,7.591114452
127,vgg13_480,1689.7,48.239,2.854885483
128,vgg13_187,3831.26,270.635,7.063864107
129,vgg19_207,6594.09,213.653,3.240068
130,vgg13_277,2066.48,10.617,0.513772212
131,vgg13_436,1404.83,88.706,6.314358321
132,vgg16_418,6643.87,266.728,4.014648089
133,vgg11_162,255.423,14.182,5.552358245
134,vgg19_444,4219.9,43.529,1.031517335
135,vgg13_434,3696.85,239.411,6.476080988
136,vgg11_1,2851.05,237.459,8.328826222
138,vgg16_296,3872.24,81.738,2.110871227
139,vgg19_496,5967.96,363.465,6.090272053
140,vgg13_82,1494.35,30.029,2.009502459
141,vgg16_308,4511.36,301.199,6.676456767
142,vgg19_120,7256.7,264.056,3.638788981
143,vgg16_43,2903.67,71.336,2.456753006
144,vgg19_66,4571.27,334.981,7.327963564
145,vgg16_121,1733.01,72.702,4.195128707
146,vgg11_398,2315.08,46.225,1.996691259
147,vgg16_347,3476.36,225.574,6.488798628
148,vgg19_152,6207.93,499.155,8.040602906
150,vgg13_390,2880.54,195.464,6.785672131
151,vgg16_446,2488.32,136.805,5.497886124
152,vgg11_38,1216.85,93.97,7.722397995
153,vgg16_398,3075,196.76,6.398699187
154,vgg19_390,6100.79,353.088,5.78757833
155,vgg11_123,2601.94,179.458,6.897084483
156,vgg11_83,931.112,56.866,6.107321139
157,vgg16_313,1367.04,83.354,6.097407537
158,vgg16_79,4008,243.293,6.070184631
159,vgg13_373,1073.07,36.473,3.398939491
160,vgg11_358,4267.48,157.062,3.680439041
161,vgg19_394,3971.72,272.469,6.860226804
162,vgg16_431,2634.64,182.302,6.919427322
163,vgg11_249,1691.55,114.729,6.782477609
164,vgg11_311,414.404,20.225,4.880503084
165,vgg16_331,2006.8,114.165,5.688907714
166,vgg11_411,2965.92,109.899,3.705393268
167,vgg11_426,1610,100.819,6.262049689
168,vgg13_495,2841.54,153.472,5.401014943
169,vgg16_306,1416.37,50.955,3.597576904
170,vgg16_316,8228.45,493.218,5.994057204
171,vgg19_418,6039.15,344.037,5.69677852
172,vgg13_214,2456.96,161.645,6.579065186
173,vgg11_56,2493.04,138.936,5.572955107
174,vgg19_330,4129.73,147.292,3.566625421
175,vgg11_282,1872.62,129.33,6.906366481
176,vgg19_166,3506.43,157.564,4.493573235
177,vgg19_387,5856.15,87.481,1.493831271
178,vgg19_107,5483.67,298.112,5.436359227
179,vgg11_400,1310,97.199,7.419770992
180,vgg13_199,1844.22,111.204,6.029866285
181,vgg11_246,1072.74,64.993,6.05859761
182,vgg16_328,4258.25,235.383,5.527693301
183,vgg13_294,1543.69,108.507,7.029066717
184,vgg19_447,2142.79,142.917,6.669668983
185,vgg16_223,2260.05,158.841,7.028207341
186,vgg16_175,3522.15,260.167,7.386596255
187,vgg16_129,3727.97,238.898,6.408259723
188,vgg11_370,684.457,34.1,4.982051466
189,vgg16_458,3806.86,244.324,6.417992781
190,vgg19_252,7353.48,470.471,6.397936759
191,vgg16_225,2611.08,166.846,6.389922944
192,vgg19_21,3674.9,157.116,4.275381643
193,vgg13_333,1474.47,74.787,5.072127612
194,vgg13_100,5545.61,375.453,6.770274145
195,vgg16_14,7645.77,244.781,3.201521887
196,vgg19_359,5128.63,299.097,5.831908326
197,vgg13_92,4177.37,323.487,7.743795738
198,vgg16_25,3393.99,125.556,3.699362697
199,vgg19_326,5099.34,306.503,6.010640593
201,vgg11_217,800.677,57.05,7.125220282
202,vgg16_349,1889.05,146.836,7.773007596
203,vgg19_281,4027.19,342.014,8.492621406
204,vgg11_18,1623.5,104.045,6.40868494
205,vgg11_378,2548.78,171.352,6.722902722
206,vgg13_192,2412.88,102.858,4.262872584
207,vgg16_16,6244.36,143.19,2.293109302
208,vgg11_475,3603.3,192.843,5.351844143
209,vgg16_474,2650.36,70.885,2.674542326
210,vgg16_148,4034.69,251.424,6.231556823
212,vgg16_167,1038.73,44.038,4.239600281
213,vgg11_81,2272.82,168.573,7.41690939
214,vgg11_124,3867.43,255.755,6.613047941
215,vgg19_305,4981.88,334.197,6.708250701
216,vgg16_367,3401.11,235.664,6.929031992
217,vgg13_127,4779.18,362.343,7.581698116
218,vgg13_279,1771.26,141.879,8.010060635
219,vgg13_358,2981.63,90.187,3.024754916
220,vgg11_405,1145.29,81.022,7.074365445
221,vgg13_330,4022.36,184.119,4.577387404
222,vgg11_255,300.564,3.863,1.285250396
223,vgg11_298,1126.1,117.451,10.42989077
224,vgg16_138,4946.27,264.972,5.357006391
225,vgg13_222,4224.57,240.516,5.693265824
226,vgg19_453,4384.31,70.363,1.604881954
227,vgg19_45,6703.96,426.758,6.365759939
228,vgg11_181,2040.08,117.028,5.736441708
229,vgg11_49,768.689,66.09,8.597755399
230,vgg19_47,5983.2,330.975,5.531738869
231,vgg19_275,3813.09,300.138,7.871254022
232,vgg16_403,8479.57,463.005,5.460241498
233,vgg19_196,4798.73,362.27,7.549289083
234,vgg13_177,2624.55,182.451,6.951706007
236,vgg11_71,717.846,16.563,2.307319397
237,vgg16_283,4875.76,390.718,8.013478924
240,vgg11_331,1326.42,66.976,5.049381041
241,vgg11_325,1961.9,155.4,7.920893012
242,vgg16_293,1711.49,105.6,6.170062343
243,vgg13_410,5453.36,409.171,7.503099007
244,vgg16_230,2631.52,137.383,5.220670943
246,vgg16_168,3562.56,265.868,7.462835714
247,vgg11_452,689.476,28.011,4.062650477
248,vgg16_109,4230.66,194.941,4.607815329
249,vgg19_310,4346.19,296.868,6.83053433
250,vgg11_494,2019.83,40.711,2.015565666
252,vgg13_91,1530.34,28.616,1.869911262
253,vgg11_102,1717.65,115.818,6.742817221
254,vgg19_117,2964.06,203.891,6.878774384
255,vgg13_229,3049.53,111.999,3.672664312
256,vgg13_15,3121.59,68.937,2.208393799
257,vgg11_122,960.428,75.298,7.840046313
258,vgg16_183,2048.58,7.57,0.369524256
259,vgg13_337,1837.1,130.409,7.098633716
260,vgg19_48,3245.71,212.571,6.549291218
261,vgg13_379,1947.05,136.412,7.00608613
262,vgg11_129,1660.63,116.658,7.024924276
263,vgg11_309,1637.98,10.433,0.636943064
264,vgg11_24,3150.59,194.108,6.161004764
266,vgg16_176,4432.78,303.266,6.84144036
267,vgg16_235,2214.67,98.937,4.46734728
268,vgg11_315,3127.79,212.124,6.781913108
269,vgg16_277,5058.33,89.697,1.773253228
270,vgg11_320,2136.44,133.261,6.237525978
271,vgg11_149,821.457,54.207,6.598884665
272,vgg11_337,2056.59,113.641,5.52570031
273,vgg16_357,6954.01,310.499,4.465035282
274,vgg13_142,4424.81,217.133,4.907171155
275,vgg11_39,461.063,16.862,3.65720086
276,vgg11_176,4129.92,303.676,7.353072214
277,vgg16_272,2547.81,183.967,7.220593372
278,vgg11_127,2314.85,119.986,5.183316414
279,vgg19_478,2760.09,206.706,7.489103616
280,vgg13_52,2765.69,188.565,6.818009249
281,vgg16_340,3476.66,228.18,6.563195711
283,vgg16_443,1849.33,129.586,7.007186386
284,vgg19_175,4422.9,296.416,6.701847204
285,vgg19_298,3239.04,196.72,6.073404466
286,vgg19_3,4671.25,309.012,6.615188654
287,vgg19_111,6016.11,403.229,6.702487155
288,vgg11_151,1526.5,32.801,2.1487717
289,vgg11_323,2354.81,150.321,6.383572348
290,vgg16_82,4560.05,286.026,6.272431223
291,vgg19_139,1401.22,109.074,7.784216611
292,vgg16_363,4323.16,117.162,2.710100945
293,vgg16_4,1552.49,113.046,7.281592796
294,vgg16_21,1605.87,108.456,6.753722281
295,vgg19_183,4644.84,281.729,6.06541883
296,vgg13_384,2832.11,188.177,6.644409998
297,vgg13_427,3040.31,227.237,7.47413915
298,vgg13_94,517.217,14.497,2.802885443
299,vgg19_380,5673.31,261.091,4.602092958
300,vgg13_21,4605.05,278.39,6.045319812
301,vgg16_468,2717,43.127,1.587302172
302,vgg16_189,6538.81,108.332,1.656754058
303,vgg16_476,3012.82,175.693,5.831513333
304,vgg13_226,1576.58,88.544,5.616207233
305,vgg19_147,7739.78,492.867,6.367971699
306,vgg16_266,3692.5,290.111,7.85676371
308,vgg11_51,3293.87,194.586,5.907519119
309,vgg16_245,4675.86,334.239,7.148182366
310,vgg11_21,3618.69,242.37,6.697727631
311,vgg16_475,2200.74,154.875,7.0374056
312,vgg11_11,1247.44,79.627,6.383232861
313,vgg19_285,5564.26,354.648,6.373677722
314,vgg11_171,815.342,31.378,3.848446419
315,vgg11_271,794.197,60.001,7.554926548
316,vgg13_472,3497.06,254.825,7.286835227
317,vgg11_203,2046.54,149.723,7.315908802
318,vgg11_419,1092.18,86.3,7.901627937
319,vgg16_258,7811.07,556.251,7.121316286
320,vgg19_181,2535.82,157.287,6.202609018
321,vgg19_110,4811.57,369.267,7.674563604
322,vgg11_493,1254.22,97.104,7.742182392
323,vgg19_432,6650.29,459.103,6.903503456
324,vgg16_190,2949.06,223.492,7.578414817
325,vgg19_373,4675.69,305.199,6.52735746
326,vgg16_318,2477.86,23.719,0.957237293
327,vgg13_313,4126.32,302.12,7.321778243
328,vgg19_87,8087.44,506.377,6.261276745
329,vgg11_147,589.286,27.678,4.69687045
330,vgg13_396,4308.59,268.844,6.239721115
331,vgg16_335,2513.97,197.955,7.874198976
332,vgg19_242,8846.3,464.594,5.251845404
333,vgg11_459,1882.47,157.047,8.342603069
334,vgg11_190,815.479,67.36,8.260175921
335,vgg19_376,2632.57,192.593,7.315778878
336,vgg19_9,4169.27,166.655,3.997222535
337,vgg16_243,2889.59,47.247,1.635076256
338,vgg11_488,889.569,66.727,7.50104826
339,vgg11_428,1337.59,106.947,7.995499368
340,vgg19_36,2689.18,196.663,7.313121472
341,vgg13_135,2459.72,35.839,1.45703576
342,vgg19_324,4116.46,111.964,2.719909825
343,vgg13_149,1507.43,91.768,6.087712199
344,vgg16_333,2763.53,97.239,3.518651869
345,vgg11_387,2121.2,177.26,8.356590609
346,vgg11_109,1507.27,26.372,1.749653347
347,vgg16_107,5346.82,306.599,5.734230814
348,vgg13_49,2656.97,178.745,6.727400008
349,vgg11_318,178.425,4.415,2.474429032
350,vgg16_290,4509.24,335.289,7.435598904
351,vgg19_60,7459.27,560.696,7.516767727
352,vgg11_73,974.445,21.661,2.222906372
353,vgg11_306,3061.45,178.717,5.837658626
354,vgg19_149,3900.35,161.838,4.149319933
355,vgg19_482,4901.71,354.859,7.239493973
356,vgg11_422,1314,32.503,2.473592085
357,vgg16_70,3677.44,234.56,6.378350157
358,vgg13_24,1325.95,84.461,6.369848033
359,vgg13_299,4100.68,149.291,3.640640089
360,vgg11_326,1121.55,81.44,7.261379341
361,vgg16_211,2537.9,11.713,0.461523307
362,vgg11_395,637.526,49.043,7.692705866
363,vgg16_276,8904.4,321.669,3.612472486
364,vgg11_165,1981.5,30.516,1.54004542
365,vgg11_290,1268.31,93.061,7.337401739
366,vgg13_448,1189.77,89.109,7.48959883
367,vgg11_391,3486.01,185.352,5.317024334
368,vgg11_79,2087.67,34.997,1.676366476
369,vgg16_484,2605.21,116.086,4.455917181
370,vgg13_217,3941.1,234.187,5.942173505
371,vgg13_161,2129.45,111.79,5.249712367
372,vgg19_128,6756.6,301.911,4.468386467
373,vgg19_229,4208.02,218.639,5.195769032
374,vgg19_77,5202.78,388.821,7.473331565
375,vgg16_442,4785.02,323.302,6.756544382
376,vgg11_5,1467.17,121.797,8.301491988
377,vgg16_482,1992.89,52.169,2.617756123
378,vgg19_172,6063.58,353.514,5.83012016
379,vgg19_191,2868.31,199.125,6.94224125
380,vgg11_215,1623.92,118.128,7.274249963
381,vgg16_483,4292.22,257.41,5.99712969
382,vgg16_493,4257.91,307.625,7.224788687
383,vgg16_311,3878.73,254.335,6.557172064
384,vgg13_238,2600.49,162.777,6.259474176
385,vgg16_177,6189.16,356.195,5.755142863
387,vgg16_269,2210.24,108.067,4.889378529
388,vgg19_386,4575.39,257.789,5.634251944
389,vgg11_374,1004.11,60.12,5.98739182
390,vgg11_423,809.182,64.817,8.010188066
391,vgg19_46,4255.26,286.908,6.74243172
392,vgg11_330,2454.38,173.752,7.07926238
393,vgg19_69,2783.66,116.583,4.188119239
394,vgg13_235,5887.52,246.212,4.181930592
396,vgg19_84,5413.76,392.21,7.244687611
397,vgg13_48,2300.74,137.892,5.993376044
398,vgg13_462,4976.64,207.185,4.163150238
399,vgg11_84,1084.31,78.48,7.237782553
400,vgg16_154,4924.58,357.014,7.249633471
401,vgg16_364,3237.33,151.253,4.672152669
402,vgg19_410,5976.21,394.57,6.602344964
403,vgg19_289,2110.13,160.763,7.618630132
404,vgg13_210,2441.61,156.366,6.40421689
405,vgg16_62,3837.89,166.175,4.329853122
406,vgg19_10,6529.3,273.842,4.194048367
407,vgg13_357,2042.83,144.26,7.061772149
408,vgg16_435,6417.74,263.421,4.104575754
409,vgg13_493,1997.09,86.251,4.318833903
410,vgg19_156,5643.28,409.519,7.256754937
411,vgg16_119,3671.6,263.682,7.181664669
412,vgg16_187,4066.9,256.049,6.295925644
413,vgg16_457,2064.69,126.325,6.118351908
414,vgg11_59,2343.35,126.366,5.392536326
415,vgg19_368,4649.96,244.704,5.262496882
416,vgg16_274,2889.33,212.72,7.362260455
417,vgg13_216,3938.51,239.455,6.079837299
418,vgg16_163,6742.34,354.412,5.256513317
419,vgg11_229,2535.42,161.429,6.36695301
420,vgg16_87,4218.41,292.053,6.923295744
421,vgg19_400,5860.01,402.546,6.869373943
422,vgg13_176,1858.65,45.297,2.437091437
423,vgg11_100,1047.32,76,7.256616889
424,vgg13_209,876.429,47.469,5.416183171
425,vgg16_386,2486.87,134.604,5.412586906
426,vgg16_233,2525.11,178.562,7.071454313
427,vgg13_343,1434.95,86.567,6.032753754
428,vgg11_412,1876.28,129.256,6.888950476
429,vgg16_317,4142.47,274.407,6.624236265
430,vgg13_431,888.034,24.208,2.726021751
431,vgg11_68,675.306,43.272,6.407761815
432,vgg19_228,6579.78,375.387,5.705160355
433,vgg16_465,6041.85,370.708,6.135670366
434,vgg13_215,4807.1,218.837,4.552370452
435,vgg16_133,2247.08,156.016,6.943054987
436,vgg19_171,4114.19,248.803,6.047435826
437,vgg11_260,3350.27,169.951,5.07275533
438,vgg13_105,2171.93,157.174,7.236605231
439,vgg13_188,2382.52,179.385,7.529212766
440,vgg19_433,5267.43,351.852,6.679766034
441,vgg11_252,3153.83,104.898,3.326051182
442,vgg16_153,1263.85,96.084,7.602484472
443,vgg11_43,595.984,21.206,3.558149212
444,vgg19_76,2330.6,113.826,4.883978375
445,vgg13_466,1026.91,92.089,8.967582359
446,vgg16_273,2437.08,188.749,7.744883221
447,vgg16_379,6101.63,175.499,2.876264211
448,vgg13_359,1751.28,114.373,6.530823169
449,vgg13_461,1978.72,40.314,2.037377699
450,vgg11_82,2344.12,135.491,5.780036858
451,vgg13_111,2072.18,41.883,2.021204722
452,vgg11_291,628.041,43.076,6.858787882
453,vgg13_211,3377.22,127.992,3.789862668
454,vgg16_8,4178.63,187.355,4.483646554
455,vgg16_344,2102.31,39.947,1.900147933
456,vgg19_388,4527.2,31.055,0.685964835
457,vgg13_143,1908.15,91.041,4.771165789
458,vgg11_372,2510.85,120.268,4.789931696
459,vgg13_123,2537.83,182.437,7.188700583
460,vgg16_385,3227.7,239.538,7.421321684
461,vgg19_356,4474.03,111.296,2.487600664
462,vgg16_438,7177.05,452.092,6.299134045
463,vgg19_451,5597.08,105.552,1.885840474
464,vgg13_19,3190.58,63.767,1.998602135
465,vgg13_381,1466.5,117.573,8.01725196
466,vgg11_348,3005.01,214.162,7.126831525
467,vgg19_130,2849.11,194.482,6.826061472
468,vgg13_293,1054.07,46.322,4.3945848
469,vgg11_346,1138.23,7.359,0.646530139
470,vgg11_321,2476.09,51.398,2.07577269
471,vgg13_485,2132.17,104.973,4.923294109
472,vgg13_8,4016.98,146.676,3.651399808
473,vgg19_304,1977.6,26.966,1.363572006
474,vgg19_59,8481.83,611.289,7.207041405
475,vgg13_191,1514.37,6.378,0.421165237
476,vgg13_475,2252.87,130.378,5.787195888
477,vgg13_4,1391.51,18.313,1.316052346
478,vgg13_430,1978.88,57.781,2.919883975
479,vgg13_78,6782.06,325.573,4.800503092
480,vgg11_148,1955.35,147.958,7.566829468
481,vgg19_476,2735.98,183.219,6.696649829
482,vgg19_332,6997.41,341.23,4.876518598
483,vgg19_200,4544.22,137.674,3.029650853
484,vgg11_27,859.839,67.839,7.889732845
485,vgg13_22,963.709,6.517,0.67624148
486,vgg19_213,5606.32,436.782,7.790886
487,vgg13_96,2696.75,181.781,6.740743488
488,vgg16_231,4880.08,324.639,6.65232947
489,vgg16_432,1969.3,11.704,0.594322856
490,vgg19_279,3175.02,216.247,6.810886231
491,vgg11_213,2791.58,155.321,5.563910044
492,vgg19_411,2823.24,53.092,1.880534421
493,vgg11_443,725.802,39.495,5.441566708
494,vgg11_314,789.005,31.437,3.984385397
495,vgg11_216,1338.13,82.173,6.140883173
496,vgg11_308,721.895,28.458,3.942124547
497,vgg13_353,1040.89,20.187,1.939398015
498,vgg19_345,3987.38,16.78,0.420827711
499,vgg19_329,5752.51,420.594,7.311486638
500,vgg16_80,4798,365.322,7.61404752
501,vgg11_360,1084.93,81.476,7.509793259
502,vgg19_225,5948.66,372.703,6.265326981
503,vgg19_429,3095.4,208.561,6.737772178
504,vgg16_246,2600.36,38.624,1.4853328
505,vgg13_154,1745.92,101.016,5.785832111
506,vgg11_232,1690.45,40.613,2.402496377
507,vgg16_91,1131.92,70.224,6.203972012
508,vgg19_300,5309.84,347.096,6.536844801
509,vgg16_118,4818.16,288.92,5.996479984
510,vgg16_212,900.245,64.745,7.191931085
511,vgg13_148,4334.54,241.889,5.580499892
512,vgg16_393,6473.43,385.656,5.957521747
514,vgg11_430,2947.34,202.45,6.868905522
515,vgg11_26,1036.02,83.099,8.020984151
516,vgg19_127,6508.1,239.722,3.683440636
517,vgg13_491,4105.24,160.897,3.919308006
518,vgg11_243,7226.88,326.682,4.520373937
519,vgg11_193,1344.6,14.592,1.085229808
520,vgg19_99,3538.83,29.228,0.825922692
521,vgg19_277,4150.63,189.767,4.572004732
522,vgg13_266,2387.81,188.352,7.888064796
523,vgg11_317,1409.66,60.285,4.276563143
524,vgg11_489,2684.34,161.297,6.008814085
525,vgg19_442,3923.21,159.091,4.055123228
526,vgg19_118,3614.06,195.235,5.402096257
527,vgg11_389,2357.38,175.515,7.445341863
528,vgg19_90,2758.12,170.925,6.197156034
529,vgg11_265,1642.25,132.863,8.090302938
530,vgg19_144,7671.55,524.407,6.835737237
531,vgg13_417,2696.91,116.808,4.331179016
532,vgg19_247,3221,121.818,3.78199317
534,vgg16_173,8044.5,435.505,5.4136988
535,vgg19_497,5130.33,191.673,3.736075457
536,vgg11_91,2340.36,144.352,6.167939975
537,vgg11_156,737.604,51.963,7.044837067
538,vgg13_460,6555.99,410.052,6.254616008
539,vgg19_246,4477.52,350.023,7.817340849
540,vgg19_343,3118.11,221.329,7.098178063
541,vgg11_67,854.467,50.977,5.965941341
542,vgg13_393,2836.74,263.469,9.287738742
543,vgg13_103,3478.17,259.418,7.458462352
544,vgg11_40,985.528,67.084,6.806909596
545,vgg11_432,1128.41,94.523,8.376653876
546,vgg11_284,1795.08,114.848,6.397932126
547,vgg13_228,1233.99,25.385,2.057147951
548,vgg16_356,3474.37,235.15,6.768133503
549,vgg19_114,4786.49,263.818,5.511721533
550,vgg13_391,6338.63,365.163,5.760913636
551,vgg11_469,600.921,24.932,4.148964673
552,vgg19_278,3835.42,246.898,6.437313254
553,vgg16_36,2038.43,168.476,8.264988251
554,vgg19_198,8339,467.738,5.609041852
555,vgg11_125,1371.9,83.239,6.067424739
556,vgg19_327,4942.49,344.224,6.964586676
557,vgg13_70,2282.35,150.553,6.59640283
558,vgg11_472,1357.89,103.093,7.592146639
559,vgg19_88,6637.12,375.11,5.651698327
560,vgg11_29,864.973,51.056,5.902611989
561,vgg13_471,3712.37,314.716,8.477495508
562,vgg11_442,683.058,32.497,4.757575491
563,vgg13_474,5691.65,419.715,7.374223643
564,vgg13_457,1710.04,60.113,3.515297888
565,vgg16_375,3053.89,241.677,7.9137428
566,vgg11_153,2871.66,132.69,4.620672364
568,vgg16_248,4655.23,336.599,7.230555741
569,vgg19_7,3960.05,272.455,6.880089898
570,vgg19_470,4920.83,335.801,6.824072362
571,vgg19_480,4547,302.441,6.65144051
572,vgg11_184,379.307,20.525,5.41118408
573,vgg13_207,6325.9,357.631,5.653440617
574,vgg13_106,2978.83,177.957,5.974056928
575,vgg13_247,2534.19,188.916,7.454689664
576,vgg13_400,2027.5,32.497,1.602811344
577,vgg16_427,1869.89,91.28,4.881570574
578,vgg13_119,3083,249.823,8.103243594
579,vgg11_381,843.648,61.654,7.3080242
580,vgg16_391,3289.13,201.689,6.13198627
582,vgg16_439,4143.91,295.641,7.13434896
583,vgg11_209,732.819,21.898,2.988186715
584,vgg11_58,1173.25,88.588,7.550649904
585,vgg13_308,1311.41,83.37,6.357279569
586,vgg16_429,3511.62,231.272,6.58590622
587,vgg11_295,567.589,20.357,3.586574088
588,vgg19_263,6565.94,316.526,4.820726354
589,vgg19_437,5298.35,395.556,7.465644965
590,vgg16_470,1264.22,5.955,0.471041433
591,vgg11_4,400.639,17.021,4.24846308
592,vgg19_73,5030.06,229.588,4.564319312
594,vgg13_449,5770.4,255.604,4.429571607
595,vgg11_495,2271.7,117.021,5.151252366
596,vgg13_295,2663.76,194.372,7.296903625
597,vgg19_317,3416.32,270.414,7.915359217
598,vgg13_120,1057.37,23.694,2.240842846
599,vgg19_397,4003.57,18.647,0.46575931
600,vgg11_313,1119.03,76.773,6.860673977
601,vgg13_336,3017.6,127.656,4.23038176
602,vgg13_84,3950.05,74.423,1.884102733
603,vgg19_353,7522.71,477.559,6.34823089
604,vgg11_60,866.861,48.09,5.547602211
605,vgg16_486,2980.96,104.19,3.49518276
606,vgg11_438,2147.58,147.171,6.852876261
607,vgg11_345,657.743,45.196,6.871376814
608,vgg16_434,3358.74,250.344,7.453509352
609,vgg19_209,4911.33,347.491,7.075293251
610,vgg19_78,2721.87,62.643,2.301469211
611,vgg11_117,1085.66,86.298,7.948897445
612,vgg19_280,2323.14,119.722,5.153456098
613,vgg13_97,3763.68,187.834,4.990700591
614,vgg16_15,4234.83,230.018,5.431575766
615,vgg19_179,4430.54,218.332,4.927886894
616,vgg19_440,5165.34,330.746,6.403179655
617,vgg16_47,2043.72,10.171,0.497670914
618,vgg11_6,589.705,37.769,6.404727788
619,vgg11_380,1137.22,100.447,8.832679693
620,vgg13_347,1247.27,95.601,7.664819967
621,vgg19_425,2339.93,99.081,4.234357438
622,vgg11_397,773.15,26.699,3.453275561
623,vgg13_7,1251.33,95.063,7.596956838
624,vgg16_63,6656.65,412.966,6.203811226
625,vgg19_290,4965.87,81.265,1.636470548
626,vgg11_207,1275.27,61.937,4.856775428
627,vgg13_325,1671.46,127.069,7.602275855
628,vgg19_288,8455.4,575.075,6.801274925
629,vgg19_153,8841.07,416.109,4.706545701
630,vgg16_146,5040.6,361.445,7.170674126
631,vgg16_370,3390.83,230.802,6.806652059
632,vgg19_322,1327.71,17.232,1.297873783
633,vgg16_275,3934.05,127.238,3.234275111
634,vgg19_31,5405.13,150.65,2.787167006
635,vgg16_322,2694.63,50.227,1.863966481
636,vgg11_297,1935.81,27.439,1.417442828
637,vgg19_161,6476.47,342.23,5.284205748
638,vgg16_72,2587.81,194.707,7.524006786
639,vgg11_425,2448.5,173.905,7.102511742
640,vgg16_42,6096.35,485.793,7.968587762
641,vgg19_82,6722.03,243.679,3.625080519
642,vgg19_335,4754.85,302.726,6.366678234
643,vgg16_59,3526.52,165.055,4.680393135
644,vgg19_331,6243.58,402.416,6.445276588
645,vgg16_348,4548.92,296.057,6.508292078
646,vgg19_243,6834.91,270.071,3.951346836
647,vgg19_412,6970.6,421.969,6.053553496
648,vgg13_473,3114.39,212.549,6.824739355
649,vgg19_292,4516.19,318.296,7.047887711
650,vgg13_141,2489.07,111.563,4.48211581
651,vgg13_182,5470.82,390.072,7.130046318
652,vgg13_323,3672.77,200.353,5.455092478
653,vgg19_489,6611.87,415.106,6.278193612
654,vgg11_468,1842.89,90.106,4.889385693
655,vgg19_197,3071,201.618,6.565223054
656,vgg16_164,2432.21,189.689,7.799038734
657,vgg13_446,1791.29,109,6.085000195
658,vgg19_475,1294.05,49.62,3.834473166
659,vgg13_162,2544.44,148.156,5.822735062
660,vgg13_71,2137.5,148.252,6.935766082
661,vgg16_495,4144.21,246.411,5.945910077
662,vgg11_45,2056.16,43.666,2.123667419
663,vgg19_299,4316.27,70.599,1.635648372
664,vgg19_405,3214.26,152.737,4.751855793
665,vgg16_238,5176.58,392.29,7.578169371
666,vgg16_355,5402.24,331.738,6.140749023
667,vgg16_57,2951.16,216.055,7.321019531
668,vgg11_139,1734.47,79.479,4.582321977
669,vgg11_199,1477.25,77.174,5.224166526
670,vgg16_312,2407.4,167.22,6.946082911
671,vgg16_374,1669.83,106.582,6.382805435
672,vgg19_315,10288.8,675.641,6.566761916
673,vgg19_157,7676.06,272.295,3.547327665
674,vgg11_126,1288.01,108.83,8.44946856
675,vgg13_43,1696.51,89.86,5.296756282
677,vgg16_420,2541.84,125.573,4.940240141
679,vgg11_8,2022.09,111.821,5.529971465
680,vgg13_319,963.934,63.48,6.585513116
681,vgg19_341,3662.36,273.432,7.466005526
682,vgg19_448,6861.95,430.106,6.267985048
683,vgg13_412,4411.78,165.223,3.745041684
684,vgg13_496,3209.21,232.3,7.238541573
685,vgg19_232,5333.75,168.82,3.165127724
686,vgg19_100,3312.1,194.245,5.864708191
688,vgg13_206,3992.32,311.364,7.799074223
689,vgg16_413,2896.58,53.057,1.831711881
690,vgg13_361,1584.91,73.936,4.664996751
691,vgg19_287,2134.37,41.943,1.965123198
692,vgg16_407,3510.39,252.504,7.193046926
693,vgg16_267,4734.05,255.656,5.400365438
694,vgg16_402,5556.2,370.335,6.66525683
695,vgg16_319,3939.74,260.597,6.614573551
696,vgg13_372,2827.76,225.478,7.973731858
697,vgg13_109,3384.71,228.296,6.74492054
698,vgg11_274,1784.7,31.05,1.7397882
699,vgg11_382,872.994,61.285,7.020094067
700,vgg13_490,2048.66,124.007,6.053078598
701,vgg19_338,3094.51,224.383,7.251002582
702,vgg13_256,3598.86,268.491,7.460445808
703,vgg11_420,1962.36,24.478,1.247375609
704,vgg16_218,1566.56,99.544,6.354304974
705,vgg11_491,947.647,18.624,1.965288763
706,vgg13_75,957.338,57.109,5.965395712
707,vgg13_113,1023.35,77.499,7.573068843
708,vgg13_164,2270.19,117.232,5.16397306
709,vgg16_279,5089.03,281.275,5.527084729
710,vgg16_409,1890.46,52.712,2.788316071
711,vgg19_75,5720.43,362.314,6.333684706
712,vgg13_198,2212.03,129.254,5.843229974
713,vgg11_307,1655.67,105.989,6.401577609
714,vgg16_373,1988.57,42.324,2.128363598
716,vgg16_472,4384.54,250.761,5.719208857
717,vgg13_482,1937.29,57.277,2.95655271
718,vgg19_417,4396.87,323.085,7.348068058
719,vgg16_165,3690.34,38.618,1.046461844
720,vgg19_52,5808.15,368.96,6.352453019
721,vgg11_283,3194.59,99.523,3.115360657
722,vgg13_225,737.97,42.639,5.777877149
723,vgg19_350,5569.63,291.293,5.230024257
724,vgg11_424,1404.71,100.547,7.157847527
725,vgg16_69,7803.22,385.816,4.944317859
726,vgg19_244,2530.43,159.115,6.288061713
727,vgg11_254,1385.88,105.68,7.62547984
728,vgg16_428,2856.44,192.476,6.738317626
729,vgg13_14,4568.9,183.122,4.008010681
730,vgg16_90,8215.14,425.424,5.178536215
731,vgg13_282,598.187,32.138,5.372567441
732,vgg13_60,3819.27,264.879,6.935330574
733,vgg19_185,4292.59,176.531,4.112458912
735,vgg16_351,2988.9,197.584,6.610592526
736,vgg19_426,4726.1,174.84,3.6994562112524068
737,vgg19_34,4689.48,331.131,7.061145372
738,vgg19_360,1884.7,83.01,4.404414496
739,vgg16_228,5238.89,266.175,5.080751839
740,vgg11_440,306.146,9.424,3.078269845
741,vgg19_208,3047.72,226.039,7.416659011
742,vgg13_183,2938.82,113.959,3.8777128235141998
743,vgg13_50,1359.66,98.564,7.249165232
744,vgg19_294,4102.17,310.53,7.569895933
745,vgg19_131,2152.04,134.203,6.236082972
746,vgg19_39,5658.84,305.503,5.39868595
747,vgg19_492,3314.85,191.065,5.763910886
748,vgg13_421,3241.31,35.845,1.1058800299878753
749,vgg19_382,4915.68,129.693,2.6383531881652185
750,vgg11_376,2883.22,36.29,1.2586621901901347
751,vgg11_294,553.202,11.076,2.002161958922781
752,vgg19_186,3717.58,148.976,4.007338107
753,vgg11_44,2002.92,148.011,7.389760949
754,vgg16_9,3104.34,164.516,5.299548374
755,vgg19_22,2764.17,192.893,6.97833346
756,vgg16_488,3829.38,268.358,7.007870726
757,vgg11_98,610.723,39.333,6.44039933
758,vgg11_353,1864.9,18.245,0.9783366400343182
759,vgg11_226,1540.09,110.442,7.171139349
760,vgg19_222,5284.62,188.392,3.564911006
761,vgg19_392,3530.65,247.021,6.996473737
762,vgg13_302,3091.97,239.215,7.736653331
763,vgg19_189,4034.14,295.165,7.31667716
764,vgg13_13,5377.75,358.214,6.661038538
765,vgg11_328,1041.2,75.749,7.275163273
766,vgg16_390,3981.32,48.892,1.2280349230908343
767,vgg16_171,3478.67,220.288,6.332535136
768,vgg11_305,1274.17,80.387,6.308969761
769,vgg11_103,3025.58,179.069,5.918501577
770,vgg19_491,6052.74,20.035,0.33100711413343376
771,vgg13_169,2374.48,90.143,3.7963259324146756
772,vgg16_498,4426.22,123.731,2.7954100790290584
773,vgg11_414,4415.66,182.193,4.12606496
774,vgg11_93,825.06,72.881,8.833418176
775,vgg16_342,2446.36,142.375,5.81987115551268
776,vgg13_179,3255.71,231.267,7.103427517
777,vgg16_30,5076.95,319.411,6.291395424
778,vgg19_133,3589,268.609,7.48422959
779,vgg11_269,3663.24,266.773,7.282433037
780,vgg13_399,2228.47,177.456,7.963131655
781,vgg13_401,1829.15,135.023,7.381734686
782,vgg16_469,3501.58,46.199,1.3193758246277394
783,vgg19_372,4238.53,165.121,3.895713844186546
784,vgg11_47,359.496,15.081,4.195039722277856
785,vgg16_17,1947.59,27.26,1.399678577113253
786,vgg11_244,821.744,45.022,5.478835258
787,vgg16_48,1817.07,105.808,5.823000765
788,vgg13_170,1245.55,40.348,3.2393721649070693
789,vgg16_227,3647.56,195.824,5.368629988
790,vgg16_257,3074.85,127.1,4.133534969
791,vgg16_222,3698.05,204,5.516420816
792,vgg11_304,1833.77,101.646,5.543007029
793,vgg11_106,2699.37,178.77,6.622656398
794,vgg11_158,3312.99,39.507,1.1924877527550644
795,vgg16_284,5366.94,175.003,3.2607593898944276
796,vgg16_11,5034.11,88.582,1.759635765
797,vgg16_463,4172.72,317.84,7.617093886
798,vgg16_371,3882.41,298.411,7.686230975
799,vgg11_429,734.243,21.964,2.991380238
800,vgg19_266,3583.81,272.109,7.592729525
801,vgg13_405,3482.79,62.175,1.785206688
802,vgg11_485,2504.57,190.212,7.594597077
803,vgg13_451,2045.37,144.506,7.065029799
804,vgg11_12,1260.17,98.44,7.811644461
805,vgg16_0,1643.29,46.912,2.854760876
806,vgg16_399,3806.34,262.491,6.896152209
807,vgg13_130,1124.58,77.089,6.854914724
809,vgg19_371,2383.15,31.068,1.3036527285315653
810,vgg11_441,222.062,5.153,2.320523097
811,vgg19_12,5563.19,220.334,3.960569385550377
813,vgg13_241,3311.68,214.459,6.475837037
814,vgg16_31,2952.34,37.935,1.2849129842768785
815,vgg11_386,1772.17,135.918,7.669580232
816,vgg16_116,2183.75,136.023,6.228872353
817,vgg16_33,3582.39,237.373,6.626107152
819,vgg11_427,1145.79,65.409,5.708637708
820,vgg11_9,1417.16,86.69,6.117163905
821,vgg16_181,5015.61,255.393,5.091962892
822,vgg13_261,4929.74,262.573,5.326305241
823,vgg16_105,7629.15,433.298,5.679505581
824,vgg19_28,7929.27,377.724,4.763666769
825,vgg19_223,3428.54,211.651,6.173210754
826,vgg13_245,3581.7,193.799,5.410810509
827,vgg19_83,4499.47,99.717,2.2161943517792095
828,vgg16_459,6151.58,348.439,5.664219599
829,vgg11_169,4570.33,156.237,3.4185058846954157
830,vgg13_150,1786.6,41.092,2.300011194447554
831,vgg19_484,2465.53,121.496,4.927784289787591
832,vgg13_477,4526.89,105.114,2.3219914775927846
833,vgg11_85,1393.52,98.126,7.041592514
834,vgg19_389,5150.53,309.414,6.007420596
835,vgg13_68,4804.69,54.089,1.1257542109896788
836,vgg16_400,3753.74,243.37,6.483400555
837,vgg16_84,3396.94,264.406,7.783652346
838,vgg13_0,1206.02,17.793,1.475348668
839,vgg13_252,898.182,50.402,5.611557569
840,vgg13_426,2567.39,162.204,6.317855877
841,vgg16_487,2803.79,179.608,6.405900585
843,vgg11_451,2196.23,152.015,6.921633891
844,vgg13_167,2414.99,164.825,6.825080021
845,vgg16_255,3720.62,258.859,6.9574157
846,vgg13_346,2650.51,187.212,7.063244432
847,vgg16_234,2152.77,38.28,1.7781741663066655
848,vgg16_449,4396.32,276.921,6.298927285
849,vgg13_110,7213.54,227.399,3.152391198
850,vgg13_101,2626.67,105.858,4.0301217891855465
851,vgg16_120,3210.85,134.302,4.182755345157824
852,vgg11_302,1624.36,61.162,3.765298333
853,vgg11_336,2070.36,30.918,1.493363473
855,vgg11_22,520.887,9.54,1.8314912831381855
856,vgg13_304,2407.02,156.746,6.512035629
857,vgg13_306,3016.69,197.026,6.531198101
858,vgg13_267,2510.15,80.841,3.2205645080971257
859,vgg11_143,1662.87,13.477,0.8104662420995027
860,vgg13_478,3077.31,214.106,6.957570086
861,vgg11_155,4071.62,49.68,1.2201531577111813
862,vgg11_278,1592.13,107.657,6.761822213
863,vgg13_392,989.869,26.528,2.679950579
864,vgg19_67,7956.72,307.016,3.85857489
865,vgg16_96,1579.05,97.142,6.151926791
866,vgg11_435,1420.72,99.647,7.013838054
867,vgg11_157,1269.93,114.077,8.982936067
868,vgg13_144,2148,160.417,7.46820298
869,vgg16_358,3312.31,142.484,4.301650509765089
870,vgg13_317,2879.69,228.934,7.949952946
871,vgg19_13,9082.72,92.761,1.0212909789138056
872,vgg19_231,4841.64,198.994,4.110053618
873,vgg16_422,1926.23,150.738,7.825545236
874,vgg16_280,3865.51,133.507,3.4538004040863948
875,vgg11_136,620.556,12.219,1.969040666756908
876,vgg19_20,5383.48,352.751,6.552471635
877,vgg16_259,2315.76,192.333,8.305394341
878,vgg19_284,6824.17,132.326,1.9390783054935616
879,vgg16_430,3432.44,219.272,6.388225286
880,vgg11_259,3246.73,152.735,4.704271682585247
881,vgg13_450,3289.7,213.286,6.483448339
882,vgg19_436,3760.28,228.548,6.077951642
883,vgg19_160,3606.84,179.403,4.9739661310177326
884,vgg16_157,2281.17,10.068,0.44135246386722604
885,vgg11_20,2375.71,171.52,7.219736416
887,vgg13_403,4147.7,172.472,4.158256383
888,vgg19_422,3938.39,30.521,0.7749613420712526
889,vgg16_265,5492.61,355.786,6.477539822
890,vgg11_63,457.306,38.43,8.403563478
891,vgg11_90,698.742,24.055,3.442615443
893,vgg13_158,1637.08,115.177,7.035514453
894,vgg16_131,4707.87,327.56,6.957711237
895,vgg16_19,2342.43,170.749,7.289396055
896,vgg16_323,5176.86,341.028,6.587545346
897,vgg16_161,4122.38,272.611,6.612951741
898,vgg13_37,3849.64,255.851,6.646101973
899,vgg19_201,4524.44,60.584,1.3390386434564279
900,vgg11_379,749.061,37.529,5.010139361
901,vgg11_89,1390.47,112.516,8.091940135
902,vgg11_192,1324.35,93.193,7.03688602
903,vgg11_137,671.079,16.686,2.486443474
904,vgg11_140,1327.88,48.493,3.651911317
905,vgg16_426,3817.01,280.315,7.343837192
906,vgg16_270,4900.92,61.893,1.262885336
907,vgg19_274,2369.79,187.679,7.919646889
908,vgg11_444,1456.67,118.145,8.110622172
909,vgg11_135,2902.87,212.404,7.317034521
910,vgg19_362,4427.85,311.494,7.034881489
911,vgg16_76,4992.52,200.057,4.007134673
912,vgg13_351,3305.15,40.923,1.2381586312270245
913,vgg19_291,3147.32,228.906,7.273045003
915,vgg11_458,555.104,28.13,5.067518879
916,vgg11_332,1321.55,114.526,8.666036094
917,vgg16_324,4689.64,150.461,3.208369939
918,vgg19_140,3537.07,257.817,7.288999087
919,vgg13_51,3142.17,214.07,6.812807709
920,vgg16_53,4505.54,73.821,1.6384495532167067
921,vgg16_303,1772.19,147.514,8.323825323
922,vgg16_408,4158.88,64.118,1.541713153541338
923,vgg16_327,2102.58,108.389,5.155047608176621
924,vgg13_292,932.416,8.708,0.9339179078866086
925,vgg19_354,6597.42,362.139,5.489100285
926,vgg13_42,4242.67,265.29,6.252902064
927,vgg19_124,2117.88,152.863,7.217736605
928,vgg19_483,2965.36,200.99,6.777929155
929,vgg19_456,3681.19,243.748,6.621445782
930,vgg16_326,2563.18,89.225,3.481027474
931,vgg16_404,3781.42,230.139,6.086047041
932,vgg19_464,2118.37,146.867,6.933019255
933,vgg13_356,2820.58,143.735,5.095937714938064
934,vgg19_248,3174.65,242.019,7.623486054
935,vgg13_26,2299.25,200.303,8.711666848
936,vgg19_260,4640.31,246.613,5.3145802758867395
937,vgg13_157,2533.38,38.695,1.527406074098635
938,vgg11_78,1402.46,97.409,6.945581336
939,vgg16_156,2881.71,46.005,1.5964479423675526
940,vgg13_350,2611.94,176.494,6.757199629
941,vgg11_439,1674.36,134,8.003057885
942,vgg16_127,1033.11,29.481,2.8536167494264895
943,vgg13_348,1823.66,32.986,1.8087801454218437
944,vgg16_115,5429.75,283.791,5.2265942262535106
945,vgg13_244,2052.45,95.608,4.658237715900509
946,vgg11_454,3168.64,31.275,0.9870165118157948
947,vgg11_409,2917.32,131.446,4.5057107207985405
948,vgg11_404,433.889,22.572,5.202252188923895
949,vgg11_261,2277.71,14.687,0.6448143091087101
950,vgg13_447,3620.93,62.998,1.739829270380814
951,vgg13_98,2435.37,54.558,2.240234543416401
952,vgg16_452,2487.73,149.667,6.0162075466389044
954,vgg11_241,2107.97,83.286,3.9510049953272586
955,vgg13_89,2514.79,85.18,3.387161552256849
956,vgg16_294,1704.83,91.412,5.361942246440995
957,vgg11_121,3572.58,146.659,4.105128506569482
958,vgg11_66,2772.77,108.983,3.930473858271692
959,vgg19_132,3496.87,12.818,0.36655637756050413
960,vgg11_449,1659.23,7.0,0.4218824394448027
961,vgg19_176,2525.78,24.084,0.9535272272327755
962,vgg19_499,4816.93,16.004,0.3322448115293351
964,vgg16_300,2824.39,18.123,0.6416606771727701
965,vgg11_390,213.094,3.04,1.4266004673993637
966,vgg13_286,1495.75,15.862,1.060471335450443
967,vgg19_68,4500.32,47.413,1.0535473033028762
968,vgg13_345,4390.65,17.251,0.39290310090761055
969,vgg19_337,5994.31,18.162,0.30298733298744973
970,vgg11_364,803.072,11.718,1.4591468759961745
971,vgg11_273,1105.79,25.564,2.3118313603848835
972,vgg19_357,2693.51,42.162,1.565318116509684
973,vgg19_474,4434.42,49.997,1.1274755210377005
974,vgg13_429,5261.75,146.319,2.780804865301468
975,vgg11_16,823.486,18.694,2.2701053812693837
976,vgg19_363,5642.66,108.1,1.9157631329904687
977,vgg11_498,512.858,36.018,7.022996618947156
978,vgg13_263,3576.41,126.845,3.546713044645329
979,vgg11_201,1950.62,102.102,5.234335749659083
981,vgg19_6,1718.68,25.277,1.4707217166662787
982,vgg19_19,6774.74,55.724,0.8225260305192524
983,vgg16_81,4324.6,85.588,1.979096332608796
984,vgg19_385,3519.91,48.999,1.392052637709487
985,vgg11_189,620.176,25.058,4.0404659322514895
986,vgg19_276,3225.52,38.878,1.2053250328629184
987,vgg16_85,2745.99,44.387,1.6164297757821406
988,vgg13_366,2372.16,11.9,0.5016525023607177
989,vgg19_150,1135.91,7.411,0.6524284494370152
990,vgg11_492,3885.0,39.028,1.0045817245817246
991,vgg13_388,2295.96,11.934,0.5197825746093138
992,vgg16_251,6287.29,149.152,2.372278040300352
993,vgg19_51,3061.89,139.56,4.5579690975182
994,vgg13_108,2617.42,19.478,0.7441679210825929
996,vgg11_352,438.553,24.169,5.511078479
997,vgg19_226,4229.78,34.724,0.8209410418508765
998,vgg16_83,4125.29,17.316,0.4197523083225664
999,vgg16_142,3575.28,55.561,1.5540321317491217
1000,vgg11_111,831.054,8.384,1.008839377465243
1001,vgg11_272,1413.55,15.798,1.1176116868876234
1002,vgg19_105,2913.78,108.406,3.7204593346100254
1003,vgg11_37,3571.56,170.53,4.774664292354042
1004,vgg13_301,3669.1,40.196,1.0955275135591835
1005,vgg13_309,1451.53,10.237,0.7052558334998243
1006,vgg19_239,8012.58,69.94,0.8728774002880471
687,vgg16_196,2019.23,8.937,0.442594454
1007,vgg13_132,6400.48,69.208,1.081293903
1008,vgg16_144,5215.1,90.557,1.7364384192057678
1009,vgg19_349,3678.69,70.883,1.9268543965378977
1010,vgg13_259,494.938,27.726,5.601913775
1011,vgg11_407,596.602,5.055,0.847298534
1012,vgg19_220,3987.59,286.588,7.18699766
1013,vgg13_395,2069.57,109.689,5.300086491
1014,vgg11_408,504.193,17.397,3.450464405
1015,vgg19_352,4301.88,194.388,4.518675556
1016,vgg19_101,2211.87,35.587,1.6089101077368926
1017,vgg16_155,3204.45,21.56,0.6728143675201673
1018,vgg13_315,4236.61,167.599,3.9559695133609187
1019,vgg11_2,1317.57,25.338,1.9230856804572056
1020,vgg16_292,3895.08,45.087,1.157537200776364
1021,vgg19_126,6112.37,238.834,3.907387805
1022,vgg13_459,3127.5,50.336,1.6094644284572344
1023,vgg13_494,3556.64,78.378,2.2037091187187907
1024,vgg16_38,4069.74,242.547,5.959766472
1025,vgg11_224,2403.73,18.619,0.774587828083853
1026,vgg13_355,1634.51,30.624,1.8735890266807789
1027,vgg11_3,1180.31,75.119,6.364344960222315
1028,vgg11_202,3003.65,138.852,4.622775622992027
1029,vgg19_254,2647.04,42.469,1.6043958534816247
1031,vgg16_395,3748.94,58.335,1.5560398405949414
1032,vgg13_221,3088.17,83.874,2.7159774235226686
1033,vgg19_438,4139.94,170.887,4.127765136692803
1034,vgg19_56,7512.97,195.696,2.6047754749453276
1035,vgg19_495,5469.96,36.306,0.6637342869052059
1036,vgg13_364,3274.0,30.798,0.9406841783750763
1037,vgg13_498,1314.76,26.153,1.9891843378259149
1039,vgg19_366,3836.74,147.63,3.8477978700667754
1040,vgg19_70,6541.89,71.283,1.0896392326988071
1041,vgg11_356,837.379,9.804,1.170796019484606
1042,vgg19_490,4512.54,121.985,2.7032447357807357
1043,vgg11_104,1949.86,14.725,0.7551824233534715
1044,vgg19_396,3004.23,45.621,1.518558832046814
1045,vgg19_91,3609.43,8.935,0.24754601142008575
1046,vgg16_437,2383.23,127.373,5.344553400217352
1047,vgg13_248,2424.48,111.704,4.607338481
1048,vgg19_138,4854.37,13.38,0.27562793936185337
1049,vgg16_40,2365.64,17.875,0.7556094756598637
1050,vgg19_18,2362.43,121.318,5.135305596356295
1051,vgg16_29,2958.49,113.546,3.8379713975710583
1052,vgg13_28,2601.59,157.601,6.0578723011696685
1053,vgg16_252,3461.59,160.777,4.644599736
1054,vgg16_201,1136.46,50.621,4.454270277880436
1055,vgg13_59,1329.46,27.263,2.0506822318836218
1056,vgg16_353,3679.93,12.775,0.3471533425907558
1057,vgg16_137,4503.29,68.66,1.5246630796595377
1058,vgg16_368,6130.77,271.956,4.4359191422937085
1059,vgg13_443,3383.35,37.52,1.1089600543839686
1060,vgg11_406,719.788,15.724,2.1845321122330463
1061,vgg19_37,3343.66,49.305,1.4745817457516615
1062,vgg19_159,4764.69,230.858,4.845184051848075
1063,vgg19_23,4674.18,96.439,2.0632282025938236
1064,vgg19_256,5104.49,187.765,3.6784282073233565
1065,vgg16_304,3085.97,192.371,6.23372877895767
1066,vgg11_118,1387.5,24.341,1.7543063063063062
1067,vgg11_75,1629.53,119.071,7.307076273526722
1068,vgg13_463,3789.44,35.741,0.943173662
1069,vgg16_140,2730.84,96.244,3.5243368340876797
1070,vgg19_190,4380.14,167.062,3.8140790020410305
1071,vgg11_476,1577.81,79.682,5.050164468472123
1072,vgg11_312,992.619,30.192,3.0416504217630327
1073,vgg19_146,6923.56,335.104,4.840053383
1074,vgg19_235,1615.42,66.722,4.130319050154139
1075,vgg16_68,4112.75,64.616,1.5711142179806699
1076,vgg13_424,3783.47,189.34,5.004400722
1077,vgg11_276,1931.43,32.781,1.6972398689054222
1078,vgg19_409,5863.19,58.311,0.9945268701850017
1079,vgg19_434,3448.8,36.067,1.0457840408257943
1080,vgg19_494,5612.96,58.028,1.0338217268606937
1081,vgg13_18,2701.41,166.4,6.159746206610622
1082,vgg19_309,7008.99,185.308,2.6438616690849894
1083,vgg13_63,2578.8,40.627,1.5754226772142084
1084,vgg16_281,3431.11,33.905,0.9881641801049806
1085,vgg16_381,2574.52,35.104,1.3635163059521775
1086,vgg13_354,2774.82,23.713,0.8545779546060644
1087,vgg16_104,1438.85,11.7,0.8131493901379574
1088,vgg13_339,1319.91,23.621,1.7895917145866005
1089,vgg13_291,1075.08,55.157,5.130501916
1090,vgg11_263,1986.25,46.07,2.3194461925739462
1091,vgg13_246,2261.62,38.109,1.6850310839133014
1092,vgg11_132,4184.61,13.349,0.3190022487161289
1093,vgg13_99,1864.8,37.04,1.9862719862719862
1094,vgg11_64,1381.86,69.633,5.039077764751856
1095,vgg19_479,3741.85,39.544,1.0568034528375
1096,vgg16_44,3095.06,185.049,5.978850167686572
1097,vgg11_236,1713.7,79.789,4.655949115947949
1098,vgg13_414,1767.55,97.818,5.534100874091257
1099,vgg19_173,2677.28,38.568,1.4405665451503016
1100,vgg13_80,1016.91,60.946,5.993254073615168
1101,vgg13_408,4216.18,19.529,0.4631917992116086
1102,vgg16_464,1795.15,70.653,3.935771384006908
1103,vgg16_387,2822.32,84.642,2.999022081
1104,vgg11_277,2519.59,41.365,1.6417353617056742
1105,vgg19_257,5681.95,20.369,0.35848608312287156
1106,vgg13_314,5074.35,228.065,4.4944672716702625
1107,vgg13_202,7158.66,197.647,2.760949675
1108,vgg13_223,1526.69,15.255,0.9992205359306736
1109,vgg13_418,1163.11,29.408,2.528393703089132
1110,vgg16_126,1262.78,8.72,0.6905399198593579
1111,vgg11_463,1568.24,24.274,1.5478498189052696
1112,vgg19_35,3046.99,57.605,1.8905542847203305
1113,vgg16_249,3343.24,38.828,1.1613883538124694
1114,vgg11_401,2440.43,107.676,4.412173264547642
1115,vgg16_208,2287.71,121.295,5.302026917747442
1116,vgg16_241,5031.56,36.422,0.7238709267106026
1117,vgg13_487,2172.16,41.9,1.9289555097230409
1118,vgg13_257,2302.57,57.536,2.4987731100465997
1119,vgg11_410,1580.86,14.887,0.9417026175625925
1120,vgg19_5,2469.86,49.046,1.985780570558655
1121,vgg13_156,3551.7,69.481,1.95627446011769
1122,vgg16_376,1000.38,8.091,0.8087926587896598
1123,vgg16_101,5825.28,246.137,4.225324791254669
1124,vgg13_385,4042.66,172.01,4.254871792334749
1125,vgg13_318,1712.97,26.854,1.567686532747217
1126,vgg16_451,3935.67,52.097,1.3237136243638312
1127,vgg16_471,3836.28,20.73,0.5403672307547936
1128,vgg19_471,2909.75,14.165,0.4868115817510095
1129,vgg19_261,5435.32,44.212,0.813420368993914
1130,vgg19_15,3322.33,48.572,1.4619860158382822
1131,vgg16_185,2369.16,7.647,0.3227726282733121
1132,vgg13_32,2251.97,29.922,1.3287033130991979
1133,vgg19_182,2810.25,142.169,5.058944933724758
1134,vgg16_436,3189.98,47.702,1.495369876927128
1136,vgg11_351,823.87,52.513,6.373942491
1137,vgg16_117,5373.05,39.097,0.7276500311741003
1138,vgg19_321,7804.56,327.579,4.197276976536793
1139,vgg19_85,4683.11,271.752,5.802810525484134
1140,vgg11_471,1596.39,14.82,0.9283445774528781
1141,vgg16_210,5192.86,223.332,4.300751416367858
1142,vgg13_283,1550.52,66.059,4.2604416582823825
1143,vgg19_174,3121.98,145.871,4.672387395178701
1144,vgg19_250,3463.39,15.151,0.4374615622266046
1145,vgg11_267,2107.35,32.367,1.5359100291835717
1146,vgg13_270,2553.0,90.117,3.529847238542891
1147,vgg19_381,4469.71,168.963,3.7801781323620545
1148,vgg11_197,2127.31,78.948,3.7111657445318262
1149,vgg19_193,8782.63,76.279,0.8685211605179771
1150,vgg13_470,1615.17,20.359,1.2604865122556759
1151,vgg19_251,2905.31,38.785,1.334969418065542
1152,vgg16_100,1620.49,47.109,2.9070836598806533
1154,vgg19_43,4563.07,29.603,0.6487518271689894
1155,vgg11_112,1749.7,70.162,4.009944561924902
1156,vgg13_232,3546.86,58.346,1.6450043136746302
1157,vgg13_180,4199.73,44.674,1.0637350496341431
1158,vgg13_46,3170.02,123.983,3.911110970908701
1159,vgg11_133,1431.12,43.285,3.024554195315557
1160,vgg11_238,1167.3,30.878,2.645249721579714
1161,vgg19_316,5949.52,29.946,0.5033347228011672
1162,vgg16_421,2079.14,122.126,5.873870927402677
1163,vgg16_254,1614.69,28.504,1.7652924090692332
1164,vgg13_367,1013.95,55.597,5.483209231
1165,vgg11_131,2135.36,41.035,1.9216900194814923
1166,vgg19_164,3682.65,17.279,0.46920016835702544
1167,vgg16_77,4252.69,196.877,4.629469817927006
1168,vgg19_192,4957.7,71.547,1.4431490408858947
1169,vgg11_113,953.723,15.014,1.5742516432968483
1170,vgg11_487,557.704,8.465,1.5178302468693072
1171,vgg13_190,2962.99,48.869,1.6493137000124873
1172,vgg13_264,3431.05,191.045,5.568120546188484
1173,vgg13_34,1211.31,74.508,6.151026574535008
1174,vgg19_364,2753.94,47.83,1.7367843889118864
1176,vgg11_280,2700.81,138.234,5.118242305
1178,vgg16_261,5150.34,52.87,1.026534171
1179,vgg19_449,5717.1,16.798,0.2938202935054485
1180,vgg11_264,2755.92,11.667,0.4233432029957328
1181,vgg11_198,773.474,9.608,1.2421878434181368
1182,vgg13_55,4037.48,240.657,5.960574418
1183,vgg13_253,2863.92,30.667,1.0708050504204027
1184,vgg16_229,5592.22,20.545,0.3673854032924313
1186,vgg13_3,2504.62,145.508,5.809583888973179
1187,vgg16_204,4463.94,263.175,5.895576553
1188,vgg16_389,2555.58,42.081,1.6466320756931891
1189,vgg11_266,2226.62,33.947,1.5245978209124145
1190,vgg13_213,1708.34,31.324,1.8335928445157288
1191,vgg19_108,3189.06,188.368,5.906693508
1192,vgg13_307,1929.4,40.526,2.10044573442521
1193,vgg11_167,401.341,11.905,2.966305461
1194,vgg16_34,4001.19,208.432,5.209250248
1195,vgg13_435,2159.29,165.573,7.667937146
1197,vgg16_108,3478.29,54.603,1.5698231027315146
1198,vgg13_242,1354.91,11.652,0.8599833199253085
1199,vgg11_227,2719.48,123.869,4.554878138
1200,vgg19_295,4022.84,66.865,1.6621342136401147
1201,vgg19_143,6644.21,271.746,4.089967054
1202,vgg13_1,2412.58,32.115,1.3311475681635427
1203,vgg16_310,6374.85,73.663,1.155525228
1204,vgg11_119,1092.87,10.772,0.985661606595478
1205,vgg13_488,1400.39,94.823,6.771185169845542
1206,vgg19_237,4607.72,162.073,3.5174229336852068
1207,vgg19_346,4299.16,36.912,0.8585863284920775
1208,vgg11_334,2529.27,19.959,0.789120972
1209,vgg19_271,4019.78,12.487,0.3106388906855599
1210,vgg13_250,5660.61,142.495,2.517308205
1211,vgg13_265,1002.63,25.529,2.5462034848348845
1212,vgg19_178,6243.62,39.583,0.633975162
1213,vgg19_383,3806.56,204.02,5.359694842587533
1214,vgg13_153,880.382,60.708,6.8956430276857095
1215,vgg13_147,4480.56,67.908,1.5156141196636135
1216,vgg11_194,1581.77,27.171,1.717759219102651
1217,vgg13_87,1502.15,32.722,2.1783443730652734
1218,vgg13_58,1707.56,81.407,4.767445946262503
1219,vgg11_357,4247.08,134.146,3.158546578
1220,vgg13_25,938.984,25.499,2.7155947279186865
1221,vgg16_271,597.383,34.792,5.824069316
1222,vgg16_106,5028.06,53.425,1.0625370421196245
1223,vgg11_344,1829.23,79.359,4.338382817
1224,vgg19_462,3613.6,11.636,0.3220057560327651
1225,vgg13_33,1131.85,46.486,4.107081327030967
1226,vgg16_377,1381.42,83.196,6.022498588409028
1227,vgg16_134,3818.6,197.241,5.165269994238727
1228,vgg16_423,2766.77,38.615,1.3956707641039914
1229,vgg11_417,667.878,42.024,6.292167132
1230,vgg16_394,4446.52,27.777,0.6246907694106851
1231,vgg11_418,2444.61,157.673,6.449822262037708
1232,vgg13_107,1081.99,61.49,5.683046978253034
1233,vgg11_480,779.118,5.107,0.6554847917773687
1234,vgg19_457,4261.57,8.011,0.18798236330741955
1235,vgg13_262,1789.04,98.412,5.500827259312258
1236,vgg19_142,3122.28,17.329,0.5550110816454642
1237,vgg13_16,2344.17,33.368,1.423446251765017
1238,vgg16_28,1641.82,117.455,7.153951103
1239,vgg13_86,2925.85,70.827,2.4207324367277883
1240,vgg16_75,2800.73,58.798,2.0993812327500327
1241,vgg13_104,3046.36,148.814,4.884977481
1242,vgg13_368,2062.0,97.084,4.708244422890398
1243,vgg16_35,2984.2,129.14,4.327457945177937
1244,vgg19_137,3076.48,124.003,4.030677917620137
1245,vgg16_378,7567.07,92.738,1.225547008
1246,vgg11_54,483.961,7.884,1.62905688681526
1247,vgg19_485,5791.41,122.096,2.108225803
1248,vgg11_433,961.132,21.73,2.2608757173832523
1249,vgg19_265,3763.8,12.516,0.332536266539136
1250,vgg16_309,2965.41,43.108,1.4536944301125307
1251,vgg16_285,2306.83,20.405,0.8845471924675854
1252,vgg16_123,1659.19,37.776,2.2767736063983026
1253,vgg19_306,4265.95,33.783,0.7919220806619862
1254,vgg19_441,4229.68,190.28,4.498685479752605
1255,vgg19_314,4093.49,37.567,0.9177254616476406
1256,vgg11_210,356.084,16.399,4.605374012873368
1257,vgg11_200,1350.57,18.685,1.3834899338797693
1258,vgg11_464,1764.31,117.753,6.674167238
1259,vgg16_455,1487.92,11.641,0.7823673315769666
1260,vgg19_58,3671.6,13.083,0.3563296655409086
1261,vgg19_365,4103.89,55.287,1.3471852315729709
1262,vgg19_303,3621.99,49.603,1.369495774422348
1263,vgg19_311,1022.95,8.865,0.8666112713231341
1265,vgg13_479,2630.37,155.877,5.926048427
1266,vgg11_465,2847.31,111.848,3.928198897
1268,vgg19_477,8039.63,289.425,3.599979104
1269,vgg11_478,1068.06,52.73,4.936988559
1270,vgg19_249,3126.29,41.457,1.326076595581344
1271,vgg13_349,1827.03,28.057,1.5356617023256323
1272,vgg19_109,5008.14,159.225,3.1793240604296202
1273,vgg16_89,1525.25,18.981,1.2444517292247173
1274,vgg19_374,2716.24,56.27,2.0716137012929643
1275,vgg19_264,7098.22,89.415,1.259682005
1276,vgg13_389,1192.24,50.825,4.262983962960478
1277,vgg16_383,4365.61,38.222,0.8755248407439054
1278,vgg19_205,1736.07,29.71,1.711336524448899
1279,vgg16_152,5636.38,63.211,1.121482227954822
1280,vgg16_180,4153.77,50.821,1.22349094918592
1281,vgg13_428,1654.4,26.683,1.6128505802707929
1282,vgg19_318,6790.78,30.978,0.45617734634313
1283,vgg11_55,1248.42,55.474,4.4435366303007
1284,vgg11_413,893.664,13.276,1.4855695205356825
1285,vgg11_235,1345.1,24.941,1.8542115827819494
1286,vgg19_129,4960.71,157.004,3.1649501785026732
1287,vgg19_134,4634.6,81.174,1.7514780132050232
1288,vgg16_433,3877.21,38.302,0.9878753020857781
1289,vgg11_354,2830.58,177.213,6.260660359360978
1290,vgg13_102,1218.93,30.102,2.469542959809013
1291,vgg13_72,1354.59,77.628,5.730737713994641
1292,vgg16_366,4686.59,34.391,0.733817125031206
1293,vgg16_462,2102.52,6.895,0.3279398055666533
1294,vgg11_144,568.491,19.955,3.5101699059439815
1295,vgg11_268,605.048,35.043,5.791771892477952
1297,vgg11_359,3796.05,60.642,1.5975026672462165
1298,vgg19_403,5939.26,201.26,3.38863764172641
1299,vgg19_194,2995.71,54.591,1.82230589743333
1300,vgg13_254,1266.51,67.604,5.337818098554295
1301,vgg13_370,3530.89,155.541,4.405149976351572
1302,vgg11_377,2104.04,50.7,2.409650006653866
1303,vgg16_447,1776.42,57.995,3.2647121739228333
1304,vgg11_48,1186.64,16.476,1.3884581675992718
1305,vgg19_136,6664.36,13.963,0.20951749305259618
1306,vgg13_458,3258.92,15.102,0.4634050544352117
1307,vgg13_258,3487.64,186.571,5.349491346583936
1308,vgg16_45,2380.94,28.682,1.2046502641813737
1309,vgg13_240,699.45,45.773,6.544141825720209
1310,vgg13_327,3318.69,11.41,0.34381035890667705
1311,vgg16_217,4860.85,24.804,0.5102811236717858
1312,vgg13_274,2275.87,62.417,2.7425555941244446
1313,vgg11_470,1005.72,27.519,2.736248657678081
1314,vgg13_128,1243.56,68.404,5.500659397214449
1315,vgg19_452,4683.16,31.007,0.6620956789859839
1317,vgg19_336,3808.47,173.297,4.550304978114571
1318,vgg13_365,2408.79,12.718,0.5279829291885137
1319,vgg11_445,1021.46,11.768,1.152076439606054
1320,vgg19_30,3096.78,136.231,4.399117793320804
1321,vgg11_482,543.95,12.132,2.230352054416766
1323,vgg19_103,4422.11,40.557,0.9171413646426707
1324,vgg11_114,1786.9,29.042,1.6252728188482848
1325,vgg11_180,1250.71,59.173,4.73115270526341
1326,vgg13_335,1172.4,51.966,4.432446264073694
1327,vgg11_164,913.38,39.576,4.332917296196545
1328,vgg13_455,2647.47,15.46,0.5839537369639695
1329,vgg13_484,1128.41,57.696,5.113035155661506
1330,vgg19_199,7712.25,26.223,0.3400175046192745
1331,vgg19_416,4628.63,80.428,1.737619986907573
1332,vgg11_293,1324.62,25.737,1.9429723241382435
1333,vgg19_319,2342.36,45.649,1.9488464625420514
1334,vgg11_368,1604.47,96.17,5.993879598870655
1335,vgg19_104,3855.49,11.693,0.30328181372536306
1336,vgg19_361,4091.89,30.464,0.7444970417093324
1337,vgg16_299,3302.05,32.516,0.9847216123317333
1339,vgg19_168,4577.04,192.816,4.212678936605317
1340,vgg19_184,2412.07,14.942,0.6194679258893813
1341,vgg16_250,4992.67,63.569,1.2732465794855259
1342,vgg11_247,1093.48,13.389,1.2244394044701319
1343,vgg19_450,1537.91,94.424,6.139761104355912
1344,vgg13_255,4974.45,195.384,3.9277508066218374
1345,vgg13_303,2358.02,18.849,0.7993570877261432
1346,vgg19_286,2254.37,32.549,1.4438180068045618
1347,vgg13_201,1544.13,75.909,4.915972100794622
1348,vgg16_417,3908.04,60.29,1.5427170653319822
1349,vgg11_160,2659.23,8.612,0.3238531454593999
1350,vgg19_297,4353.0,28.782,0.6611991729841489
1351,vgg19_80,2080.05,39.519,1.8999062522535513
1352,vgg13_173,2510.81,56.861,2.2646476635030126
1353,vgg13_433,663.394,6.164,0.9291612525889592
1354,vgg11_350,2016.73,80.316,3.982486500423954
1355,vgg16_289,3166.18,50.893,1.6073943995603537
1356,vgg16_282,2295.82,30.325,1.3208788145412096
1357,vgg16_401,1170.4,6.651,0.5682672590567327
1358,vgg11_7,1457.82,18.508,1.2695668875444157
1359,vgg16_197,3054.42,46.196,1.5124311653276235
1360,vgg16_139,2019.29,30.95,1.5327169450648497
1361,vgg16_263,1563.92,64.486,4.123356693437005
1362,vgg16_467,4080.21,45.58,1.1170993649836651
1363,vgg16_315,2748.93,29.17,1.0611401527139652
1364,vgg19_119,3474.63,132.401,3.8105064424125734
1366,vgg16_216,4292.13,46.898,1.0926509681673202
1367,vgg16_425,4185.73,45.298,1.0822007152874171
1368,vgg19_55,5800.34,86.336,1.488464469324212
1369,vgg13_407,1594.51,65.353,4.098625910154216
1370,vgg16_162,4958.3,168.248,3.3932597866204137
1371,vgg16_207,1638.8,41.843,2.5532706858677083
1372,vgg16_55,1184.83,29.143,2.4596777596786037
1373,vgg19_44,5269.49,80.138,1.520792334742072
1374,vgg13_383,514.748,33.854,6.576810400428947
1375,vgg11_462,2232.31,13.203,0.5914501122155973
1376,vgg19_97,3168.11,11.218,0.3540912405187951
1377,vgg19_431,3100.75,122.739,3.958364911714908
1378,vgg11_134,2988.14,33.564,1.1232405442850737
1379,vgg13_444,1239.4,18.305,1.4769243182184926
1380,vgg11_41,2837.68,23.325,0.821974288855685
1381,vgg13_57,1961.92,47.769,2.434808758766922
1382,vgg11_116,1146.62,32.577,2.841133069369102
1383,vgg13_35,2143.24,141.445,6.5995875403594555
1384,vgg16_321,3777.92,50.93,1.3480963069625616
1385,vgg16_50,2019.81,123.253,6.10220763339126
1386,vgg11_230,1258.89,29.773,2.3650199779170538
1387,vgg16_219,1581.97,10.126,0.6400879915548335
1388,vgg16_307,3526.1,12.842,0.3641984061711239
1389,vgg11_191,762.074,10.987,1.4417235071659709
1390,vgg16_2,2048.56,14.588,0.7121099699300972
1391,vgg19_419,2796.96,38.71,1.384002631428408
1392,vgg11_177,913.503,5.25,0.5747107562865147
1393,vgg19_459,4034.84,218.197,5.4078228628644505
1394,vgg16_419,5771.37,20.241,0.3507139552653876
1395,vgg19_259,4069.82,24.82,0.6098549813013843
1396,vgg19_163,4413.29,185.569,4.204776935120964
1397,vgg19_302,5604.94,79.698,1.4219242311246862
1398,vgg13_467,806.679,8.817,1.092999817771381
1399,vgg13_397,904.426,24.058,2.6600296762808675
1400,vgg11_205,2741.81,38.313,1.3973615969013171
1401,vgg11_496,698.202,26.536,3.8006193050148815
1402,vgg13_275,3217.69,107.882,3.352777924535925
1403,vgg19_8,5546.33,34.98,0.6306873193625334
1404,vgg11_174,535.084,23.006,4.299511852344679
1405,vgg16_60,2670.13,62.457,2.3390995944017705
1406,vgg19_38,2880.42,98.204,3.4093639122072474
1407,vgg13_326,2626.36,27.023,1.0289145433223168
1408,vgg13_39,1168.65,17.492,1.4967697770932271
1409,vgg19_25,5508.22,209.117,3.7964533007033117
1410,vgg19_348,5558.58,44.967,0.8089655991278348
1411,vgg11_301,2007.84,106.801,5.3191987409355335
1412,vgg11_196,1468.45,33.229,2.262862201641186
1413,vgg11_178,1476.36,14.452,0.9788940366848196
1414,vgg13_41,2565.9,111.941,4.362640788807046
1415,vgg16_332,3859.9,22.683,0.587657711339672
1417,vgg13_332,2911.7,44.178,1.5172579592677817
1418,vgg11_0,795.345,14.333,1.8021110335766242
1419,vgg16_147,3808.19,117.766,3.0924402406392537
1420,vgg19_238,3227.56,12.045,0.37319213275663354
1421,vgg11_481,2194.88,33.978,1.5480572969820674
1422,vgg19_465,1517.16,11.088,0.730839199557067
1423,vgg11_292,1275.87,26.726,2.094727519261367
1424,vgg13_122,1127.2,8.27,0.7336763662171752
1425,vgg16_320,2483.5,113.418,4.566861284477552
1426,vgg11_172,1320.76,86.935,6.58219509979103
1427,vgg13_285,2873.67,107.838,3.752622952531084
1428,vgg16_405,4798.93,52.144,1.0865755491328275
1429,vgg11_61,1024.79,19.671,1.91951521775193
1430,vgg19_116,1689.48,32.389,1.9170987522788077
1431,vgg16_305,1435.63,45.922,3.19873505011737
1432,vgg11_170,6150.96,27.277,0.4434592323799862
1433,vgg13_413,1967.02,9.489,0.4824048560767049
1434,vgg13_88,3088.25,158.024,5.116943252651178
1435,vgg16_456,2518.82,11.585,0.4599375898238064
1436,vgg13_360,2606.17,30.95,1.1875664288975776
1437,vgg16_93,2402.56,34.548,1.4379661694192862
1438,vgg13_234,4454.3,42.955,0.96434905596839
1439,vgg19_443,4871.88,203.489,4.176806489486605
1440,vgg13_316,2189.99,55.927,2.553755953223531
1441,vgg19_487,2534.02,40.575,1.6012107244615277
1442,vgg19_370,2286.56,65.724,2.8743614862500877
1443,vgg11_212,1438.09,102.377,7.1189563935497775
1444,vgg11_288,487.135,15.508,3.1835117575210155
1446,vgg11_335,1200.24,8.409,0.7006098780243951
1447,vgg16_7,2827.13,201.493,7.127121851488965
1448,vgg11_88,1122.08,27.905,2.486899329816056
1450,vgg19_269,4261.41,10.418,0.24447307346629402
1451,vgg19_98,5244.31,25.89,0.49367790996336974
1452,vgg19_458,4402.36,188.309,4.277455728291189
1453,vgg13_168,1550.51,68.201,4.398617229169757
1454,vgg16_453,2562.3,12.913,0.5039612847832026
1455,vgg13_486,3115.35,36.186,1.1615388319129472
1456,vgg13_133,3051.82,34.266,1.1228054079205194
1457,vgg13_236,3670.29,52.745,1.4370799037678221
1458,vgg11_388,1601.19,11.099,0.6931719533596887
1459,vgg19_41,3169.23,46.324,1.4616799664271762
1460,vgg13_200,1025.6,6.959,0.6785296411856475
1461,vgg13_47,1873.11,12.635,0.6745466096491931
1462,vgg13_439,5271.42,102.484,1.9441440826191043
1464,vgg13_10,1865.48,113.898,6.105559963119411
1465,vgg19_283,3208.66,12.723,0.3965206659477789
1466,vgg16_359,5247.09,181.392,3.4570018810426353
1467,vgg13_178,3266.26,33.898,1.0378230759339429
1468,vgg11_362,1882.83,60.886,3.233749196687965
1469,vgg19_154,3555.07,139.674,3.9288677860070265
1470,vgg16_145,4760.67,138.517,2.909611462252162
1471,vgg13_62,2580.76,62.301,2.41405632449356
1472,vgg16_354,2428.06,13.088,0.5390311606797196
1473,vgg19_308,7649.33,294.514,3.8501934156324804
1474,vgg16_112,2757.86,47.206,1.7116894983791782
1475,vgg16_478,3187.85,6.502,0.20396191790705334
1476,vgg13_204,4300.19,91.751,2.1336499084924156
1477,vgg13_171,2641.54,55.755,2.110700576179047
1478,vgg13_160,3324.26,36.26,1.0907690734178432
1479,vgg19_455,3943.43,48.731,1.2357516172469145
1480,vgg11_299,1101.12,14.171,1.286962365591398
1482,vgg16_382,5443.05,152.643,2.80436519965828
1483,vgg16_214,3426.71,150.492,4.391734345771892
1484,vgg13_260,989.027,15.139,1.5306963308382884
1485,vgg13_175,1043.28,19.958,1.9130051376428185
1486,vgg16_362,7629.69,32.261,0.4228350037812808
1487,vgg16_346,1391.94,56.511,4.059873270399586
1488,vgg19_469,5726.52,200.221,3.496381746680357
1489,vgg13_481,3144.22,47.787,1.5198363982164098
1490,vgg13_121,3226.63,40.93,1.268506150379808
1491,vgg16_37,1169.92,6.932,0.5925191466083151
1492,vgg13_243,1000.04,55.303,5.530078796848126
1493,vgg11_163,1256.88,85.222,6.780440455731653
1494,vgg13_284,1043.34,8.549,0.8193877355416259
1495,vgg11_223,2513.35,13.925,0.5540414188234827
1496,vgg19_26,3006.74,146.644,4.877175944710883
1497,vgg19_92,3106.85,30.292,0.9750068397251236
1498,vgg13_352,1820.61,8.191,0.44990415300366365
1499,vgg13_497,2878.07,141.191,4.905752813517392
1500,vgg11_42,1638.71,145.393,8.872405733778399
1501,vgg13_445,1631.06,9.538,0.5847730923448555
1502,vgg11_146,1773.84,11.602,0.654061245659135
1503,vgg13_30,3427.0,11.156,0.32553253574555
1504,vgg13_17,2726.15,124.154,4.554188140784623
1505,vgg16_58,3640.88,156.753,4.3053602425787165
1506,vgg11_416,562.449,16.746,2.9773366118528077
1507,vgg11_392,3181.12,130.386,4.098745096066795
1508,vgg13_181,1454.91,20.802,1.4297791615976245
1509,vgg19_50,2607.86,29.079,1.1150521883843456
1510,vgg19_461,4113.85,209.309,5.087910351617097
1511,vgg19_61,5673.48,17.229,0.30367605067789083
1513,vgg16_98,2852.31,22.6,0.7923402435219175
1514,vgg16_444,2404.89,83.828,3.485731156102774
1515,vgg13_12,3696.91,55.003,1.4878100900481754
1516,vgg19_155,3591.98,143.731,4.0014421015707216
1517,vgg13_288,3945.21,65.205,1.6527637312082246
1518,vgg16_301,2608.05,127.451,4.886831157378118
1519,vgg19_351,5129.77,227.761,4.439984638687504
1520,vgg19_49,4342.58,19.68,0.4531868152112339
1521,vgg11_52,1912.97,21.112,1.103624207384329
1522,vgg11_473,1574.12,23.994,1.5242802327649736
1523,vgg13_83,1149.17,28.89,2.5139883568140484
1524,vgg16_492,3168.94,10.325,0.3258187280289308
1525,vgg13_79,1816.81,9.157,0.5040152795284042
1526,vgg19_112,4018.68,47.41,1.1797406113450186
1527,vgg11_92,1947.77,54.092,2.7771246091684336
1528,vgg11_396,713.681,17.522,2.455158537217608
1529,vgg16_278,4916.75,184.905,3.7607159200691513
1530,vgg13_416,2304.54,145.757,6.32477631110764
1531,vgg11_446,732.252,12.979,1.7724772346132207
1532,vgg19_320,3905.51,39.91,1.0218895867633164
1533,vgg19_212,2397.69,123.19,5.137861858705671
1534,vgg16_388,2764.1,32.5,1.175789587930972
1535,vgg19_224,1811.79,94.331,5.206508480563421
1536,vgg11_257,1741.9,15.82,0.9082036856306331
1537,vgg11_128,895.231,22.314,2.4925410313092375
1538,vgg13_362,2799.8,30.098,1.0750053575255374
1539,vgg16_414,1724.55,89.447,5.186686381954713
1540,vgg13_114,1526.08,47.992,3.1447892639966453
1541,vgg13_203,5894.08,86.042,1.459803735273359
1542,vgg19_430,4435.73,12.317,0.27767695508969215
1543,vgg16_256,6590.68,77.797,1.180409305261369
1544,vgg13_186,1238.22,72.177,5.82909337597519
1545,vgg11_234,938.245,19.013,2.02644298663995
1546,vgg13_311,5183.34,40.06,0.7728607423012961
1547,vgg11_142,2581.19,17.354,0.6723255552671442
1548,vgg13_464,4604.96,246.703,5.357332094089851
1549,vgg13_152,1377.42,47.243,3.429818065658986
1550,vgg16_99,2003.73,45.488,2.2701661401486226
1551,vgg13_230,2362.89,50.771,2.148682333921596
1552,vgg11_10,1443.26,32.856,2.276512894419578
1553,vgg11_338,1434.78,85.26,5.942374440680802
1554,vgg13_387,2455.29,156.831,6.387473577459281
1556,vgg19_125,3689.74,32.665,0.8852927306531083
1557,vgg11_231,2029.83,34.064,1.6781700930619807
1558,vgg11_105,1318.17,69.617,5.28133700509039
1559,vgg13_422,2462.7,37.026,1.5034717992447317
1560,vgg11_13,2619.78,14.416,0.5502752139492629
1561,vgg13_237,4065.73,50.344,1.238252417155099
1562,vgg16_494,1785.26,21.055,1.179380034280721
1563,vgg16_195,3764.88,209.081,5.553457215103801
1564,vgg13_54,1664.98,80.679,4.845643791517015
1565,vgg13_310,4274.34,170.026,3.9778304954683064
1566,vgg19_234,2121.46,19.074,0.8990977911438349
1567,vgg16_51,2142.28,53.928,2.517317997647366
1568,vgg19_72,4145.6,14.675,0.3539897722886916
1569,vgg11_448,1472.89,110.963,7.53369226486703
1570,vgg11_466,1362.57,7.304,0.5360458545249052
1571,vgg11_32,2684.35,40.431,1.506174679158828
1573,vgg13_208,919.74,46.877,5.096766477482767
1574,vgg16_159,3993.27,68.819,1.7233745777270257
1575,vgg13_438,1523.08,32.771,2.151626966410169
1576,vgg19_414,3999.18,64.616,1.6157312249011049
1577,vgg19_421,5266.07,263.368,5.001224822305819
1578,vgg16_86,3086.26,39.174,1.2693032991387634
1579,vgg13_136,1915.03,119.814,6.256507730949385
1580,vgg13_404,3229.61,204.955,6.346122287211149
1581,vgg16_372,2657.88,113.108,4.255572110102788
1582,vgg16_489,2436.4,122.777,5.03927926448859
1583,vgg13_272,2034.14,31.17,1.5323429065846008
1584,vgg19_227,1996.94,7.152,0.35814796638857455
1585,vgg13_81,2345.17,111.865,4.770016672565315
1586,vgg19_446,7746.5,18.671,0.24102497902278447
1587,vgg11_474,1882.05,107.047,5.687787253261072
1588,vgg11_208,2034.93,38.569,1.8953477515197084
1589,vgg16_169,8452.79,361.671,4.278717441223548
1590,vgg16_466,5760.23,71.933,1.2487869407992391
1591,vgg19_216,5334.27,56.379,1.0569206283146522
1592,vgg11_138,1974.36,24.402,1.2359448124962016
1593,vgg19_328,5802.13,28.632,0.49347394836034353
1594,vgg19_4,3893.93,40.54,1.041107569987134
1595,vgg11_322,1400.8,12.619,0.9008423757852655
1596,vgg13_375,2233.92,31.287,1.4005425440481307
1597,vgg19_460,2357.02,138.632,5.881664135221594
1598,vgg13_166,3642.99,37.093,1.0182020812574288
1599,vgg16_384,1981.52,123.249,6.219922080019378
1600,vgg11_72,3329.93,49.89,1.498229692516059
1601,vgg16_221,3306.11,47.223,1.42835537837519
1602,vgg19_141,4878.5,35.64,0.7305524239007891
1603,vgg16_392,2406.32,21.133,0.8782289969746334
1604,vgg13_376,1354.4,40.323,2.977185469580626
1605,vgg13_312,1533.05,12.133,0.7914288509833339
1606,vgg16_184,4278.46,36.932,0.8632077897187306
1607,vgg13_296,1748.88,39.503,2.2587598920451946
1608,vgg13_468,2640.47,28.729,1.0880259953720361
1609,vgg11_222,3587.74,49.278,1.373510901012894
1610,vgg19_377,5160.82,11.402,0.22093388260005192
1611,vgg11_355,388.861,16.103,4.141068402333996
1612,vgg11_110,627.51,3.876,0.6176793995314815
1613,vgg11_145,3299.14,104.976,3.181920136762914
1614,vgg16_297,1936.01,27.6,1.4256124710099638
1615,vgg11_242,1091.52,13.425,1.2299362357080037
1617,vgg19_367,3920.96,29.396,0.7497143556679997
1618,vgg13_138,1243.1,9.073,0.7298688761966053
1619,vgg19_472,2090.96,24.858,1.1888319240922829
1620,vgg13_278,3017.59,37.791,1.2523570133782256
1621,vgg13_90,1333.61,41.665,3.1242267229549867
1622,vgg13_45,763.916,33.309,4.360296158216348
1623,vgg11_161,3271.46,17.538,0.5360909196505536
1624,vgg16_360,4058.36,40.156,0.9894637242630027
1625,vgg16_260,2691.05,9.09,0.3377863659166496
1626,vgg16_336,1561.57,13.821,0.8850707941366701
1627,vgg16_288,2435.99,49.082,2.0148686981473656
1628,vgg19_236,7016.51,73.511,1.0476861003547346
1629,vgg19_262,4098.32,28.138,0.6865740108141873
1630,vgg16_49,5004.36,87.838,1.7552294399283825
1631,vgg16_1,2132.54,31.419,1.473313513462819
1632,vgg19_384,4256.05,146.735,3.447680360898016
1633,vgg13_27,910.136,43.717,4.8033480710575125
1634,vgg11_342,2373.21,98.798,4.1630534171017315
1635,vgg13_11,2624.61,41.24,1.5712810665203591
1636,vgg13_117,1445.43,59.063,4.086188884968487
1637,vgg16_102,3667.43,10.918,0.29770166029072126
1638,vgg16_268,904.594,20.508,2.267094409204571
1639,vgg19_355,3076.39,12.143,0.39471588452699435
1640,vgg13_85,2474.25,116.689,4.716136202889764
1641,vgg13_227,4163.55,28.927,0.6947676862292995
1642,vgg19_57,7690.36,271.115,3.525387628147447
1643,vgg16_491,4983.0,72.059,1.4460967288781859
1644,vgg11_361,3253.78,44.556,1.3693611737732727
1645,vgg13_195,1747.04,43.188,2.4720670391061454
1646,vgg16_480,1880.16,36.185,1.9245702493404817
1647,vgg19_468,2819.01,11.453,0.40627738106640265
1649,vgg11_87,1065.22,9.945,0.9336099585062241
1650,vgg16_18,2646.88,15.317,0.5786813153599709
1651,vgg13_93,933.615,12.765,1.3672659500972029
1652,vgg16_286,3178.4,19.714,0.6202491819783538
1653,vgg16_46,2473.79,11.037,0.44615751539136306
1654,vgg11_453,1256.01,59.476,4.7353126169377635
1655,vgg16_193,4330.21,29.575,0.6829922798201472
1656,vgg19_64,3155.69,164.972,5.227763183329161
1657,vgg16_298,1270.7,7.023,0.5526874950814511
1658,vgg16_128,2524.4,11.886,0.47084455712248446
1659,vgg11_375,1224.54,10.428,0.8515850850115146
1660,vgg13_382,1258.7,28.531,2.266703741955986
1661,vgg11_57,1352.44,10.132,0.7491644731004702
1662,vgg13_251,4589.0,21.81,0.47526694268903896
1663,vgg13_193,3799.79,40.459,1.064769368833541
1664,vgg16_191,2917.63,35.052,1.2013860564910561
1665,vgg11_270,533.315,5.47,1.0256602570713367
1666,vgg16_54,5910.15,39.847,0.6742130064380769
1667,vgg16_341,2307.64,18.189,0.7882078660449636
1668,vgg11_186,1686.88,26.203,1.553341079389168
1669,vgg19_79,5477.01,58.29,1.064266817113717
1670,vgg19_415,4194.07,10.568,0.25197481205606964
1671,vgg19_169,2951.91,47.645,1.6140397234333026
1672,vgg19_375,2550.7,38.609,1.5136629160622577
1673,vgg11_214,1258.61,68.34,5.429799540763224
1674,vgg16_110,2934.56,145.73,4.965991494465951
1676,vgg11_245,3841.27,48.788,1.2701007739627779
1677,vgg19_158,3907.15,55.243,1.4138950385831104
1678,vgg19_454,4972.51,47.976,0.9648246056820399
1679,vgg16_178,2264.95,18.998,0.838782313075344
1680,vgg19_255,2762.23,30.114,1.0902061015918296
1681,vgg19_240,4898.09,37.475,0.765094148943772
1682,vgg11_394,318.521,4.551,1.4287911943011606
1683,vgg19_202,3616.63,17.825,0.49286213961616193
1684,vgg11_483,2556.25,16.557,0.6477066014669925
1685,vgg16_41,4397.8,74.272,1.6888444222111059
1686,vgg13_437,2714.45,91.799,3.381863729300595
1687,vgg16_295,4483.8,58.398,1.3024220527231365
1688,vgg13_172,2210.55,44.98,2.0347877225124966
1689,vgg16_166,3087.36,22.206,0.7192552860696517
1690,vgg19_393,4927.8,66.704,1.3536263647063598
1691,vgg13_409,2164.05,76.378,3.5294008918463065
1692,vgg13_53,1858.52,74.459,4.006359899274692
1693,vgg19_102,2257.02,37.977,1.682616901932637
1694,vgg16_365,1525.1,10.051,0.659038751557275
1695,vgg19_282,7890.02,337.961,4.283398521169782
1696,vgg11_343,1918.05,108.704,5.667422642788248
1697,vgg16_6,2113.37,100.615,4.76087954309941
1698,vgg13_77,1946.59,30.201,1.5514823357769227
1699,vgg19_96,1982.38,107.356,5.415510648816069
1700,vgg13_159,971.681,43.982,4.526382629690196
1701,vgg13_287,1415.45,23.875,1.686742731993359
1702,vgg13_65,1790.82,9.737,0.5437174032007684
1703,vgg11_130,1022.19,17.207,1.683346540271378
1704,vgg13_112,4473.59,39.231,0.8769467027599757
1705,vgg19_218,5315.7,21.662,0.4075098293733657
1706,vgg11_220,1733.13,29.87,1.7234714072227704
1707,vgg13_273,1962.74,9.903,0.5045497620673141
1708,vgg13_6,1401.14,26.302,1.877185720199266
1709,vgg11_415,2432.13,30.027,1.2345968348731358
1710,vgg16_12,5647.3,16.363,0.2897490836328865
1711,vgg16_350,3415.97,38.861,1.1376270868889364
1712,vgg16_61,2172.59,41.596,1.9145812141269176
1713,vgg11_329,842.406,23.524,2.7924777363883924
1714,vgg13_69,1703.34,31.562,1.8529477379736283
1715,vgg11_86,287.496,6.895,2.3982942371372125
1716,vgg11_35,1226.8,12.296,1.0022823606129767
1717,vgg11_108,1008.41,18.345,1.819200523596553
1718,vgg19_122,3192.26,70.26,2.200948544291505
1719,vgg16_56,3070.61,137.117,4.46546451682239
1720,vgg16_92,4211.27,10.141,0.24080621760181603
1721,vgg11_456,2662.57,47.563,1.7863567906195894
1722,vgg11_187,1991.89,35.204,1.7673666718543695
1723,vgg11_262,1597.31,37.813,2.3672925105333342
1724,vgg16_490,5095.19,125.773,2.4684653565421506
1725,vgg11_369,462.213,15.901,3.4401888306906123
1726,vgg13_20,4732.44,25.173,0.531924335015341
1727,vgg19_42,3568.6,47.078,1.3192288292327525
1728,vgg19_408,5817.05,295.141,5.0737229351647315
1729,vgg13_44,1591.98,68.884,4.326938780637947
1730,vgg11_461,1624.57,81.244,5.000954098623021
1731,vgg19_215,4784.94,13.021,0.272124624342207
1732,vgg16_66,3432.83,141.346,4.117477416592141
1733,vgg19_404,6539.0,178.714,2.733047866646276
1734,vgg16_239,5652.8,84.049,1.4868560713274839
1735,vgg11_339,333.826,11.835,3.5452601055639765
1736,vgg19_420,3337.44,76.131,2.2811196605781676
1737,vgg11_33,481.851,19.177,3.9798609943737793
1738,vgg13_197,888.302,26.118,2.9402162777974157
1739,vgg16_440,3868.85,101.081,2.612688525013893
1740,vgg19_413,2106.95,9.343,0.4434371959467477
1741,vgg16_64,4721.32,115.414,2.4445282251573714
1742,vgg11_347,1694.48,12.412,0.732496104999764
1743,vgg13_499,3125.53,136.712,4.374042162449248
1744,vgg13_165,1030.58,23.887,2.3178210328164726
1745,vgg11_341,1145.09,58.943,5.147455658507192
1746,vgg11_150,892.126,15.509,1.7384315668414554
1747,vgg11_34,2289.19,12.917,0.5642607210410668
1748,vgg19_170,3841.92,76.902,2.001655422288856
1749,vgg11_248,2442.35,44.082,1.8049010174626896
1750,vgg11_31,2284.84,101.83,4.456767213459148
1751,vgg19_2,1167.14,6.751,0.5784224685984544
1752,vgg11_219,910.997,11.275,1.2376550087431684
1753,vgg13_442,4140.76,47.077,1.1369168944831383
1754,vgg19_333,4999.25,39.032,0.780757113567035
1755,vgg11_120,2110.09,29.427,1.3945850650920102
1756,vgg13_476,1638.16,31.852,1.944376617668604
1757,vgg13_456,2087.72,65.161,3.1211560937290446
1758,vgg13_36,1704.98,27.42,1.6082300085631502
1759,vgg16_132,2521.98,31.949,1.2668221000959565
1760,vgg19_398,5000.38,293.76,5.874753518732576
1761,vgg13_124,1394.6,35.532,2.5478273340025814
1762,vgg19_135,5482.63,58.901,1.0743201711587322
1763,vgg16_343,4487.18,16.198,0.3609839587446904
1764,vgg13_23,2791.12,18.676,0.6691220728596405
1765,vgg16_111,1190.44,7.658,0.6432915560633043
1766,vgg13_398,2442.7,148.613,6.083964465550416
1767,vgg11_70,2244.14,141.422,6.3018350013813755
1768,vgg11_228,1401.91,8.017,0.5718626730674579
1769,vgg16_330,4041.49,35.033,0.8668337667543408
1770,vgg16_242,4595.79,256.413,5.579301926328227
1771,vgg13_196,2115.71,105.941,5.007349778561334
1772,vgg11_402,294.1,3.678,1.250595035702142
1773,vgg16_441,2557.55,63.29,2.474633927000449
1774,vgg16_20,2015.18,16.506,0.8190831588245219
1775,vgg13_394,2239.55,18.85,0.8416869460382667
1776,vgg13_322,2707.09,55.373,2.045480571388465
1777,vgg13_239,3369.25,48.49,1.4391926986718113
1778,vgg16_94,3158.37,76.137,2.4106421983491484
1779,vgg19_89,5390.32,289.227,5.365674023063566
1780,vgg19_423,6191.35,15.262,0.24650520484223956
1781,vgg11_240,368.353,8.843,2.4006862981976527
1782,vgg11_251,626.518,5.478,0.8743563632649021
1783,vgg16_361,4107.42,161.109,3.9223892370393094
1784,vgg19_204,7915.02,28.888,0.36497696784088984
1785,vgg11_434,3416.98,34.194,1.0007082277332615
1786,vgg19_40,3564.44,59.394,1.6662926013623458
1787,vgg13_9,791.99,5.927,0.7483680349499362
1788,vgg19_121,5036.97,154.488,3.0670819957236195
1789,vgg16_88,6696.49,82.467,1.2314959030775825
1790,vgg16_199,2682.16,144.711,5.395315715691831
1791,vgg11_152,1220.97,74.306,6.085817014341057
1792,vgg16_339,2994.72,77.412,2.584949511139606
1793,vgg19_151,6166.36,36.426,0.5907212683009102
1794,vgg16_411,1280.23,27.947,2.182967123095069
1795,vgg11_36,3381.94,152.692,4.514923387168312
1796,vgg19_342,4409.46,68.341,1.5498723199666171
1798,vgg11_195,1689.3,20.917,1.2382051737406026
1799,vgg19_62,1645.55,54.304,3.300051654462034
1800,vgg16_445,3535.93,58.199,1.6459319047605578
1801,vgg13_224,3269.28,133.925,4.09646772378016
1802,vgg13_374,1747.82,77.332,4.4244830703390505
1803,vgg11_484,1008.87,22.031,2.1837303121313942
1804,vgg19_14,4046.94,26.02,0.6429549239672444
1805,vgg19_268,1961.39,37.046,1.8887625612448313
1806,vgg19_0,2013.02,11.274,0.5600540481465658
1807,vgg16_205,5373.85,217.976,4.056235287549894
1808,vgg11_363,2734.43,8.973,0.3281488280921436
1810,vgg13_163,2878.82,23.9,0.8302012630174863
1811,vgg19_395,3132.63,13.978,0.44620654210679206
1812,vgg16_136,2222.5,9.819,0.44179977502812157
1813,vgg13_249,3548.59,175.708,4.951487774017285
1814,vgg16_325,1958.62,110.386,5.635906914051731
1815,vgg16_369,7859.15,232.238,2.9550014950726227
1816,vgg11_233,2516.95,92.475,3.6740896720236798
1817,vgg19_106,3101.98,15.714,0.5065796684698161
1818,vgg16_262,3895.9,105.287,2.7025077645730127
1819,vgg13_231,816.854,7.323,0.8964882341275185
1820,vgg11_182,503.084,23.709,4.712731869826907
1821,vgg19_162,2278.38,61.964,2.7196516823356944
1822,vgg19_344,3660.52,22.265,0.6082469157387476
1823,vgg13_205,2005.99,38.825,1.9354533173146429
1824,vgg16_499,3448.78,50.36,1.4602265148835238
1825,vgg13_298,3237.52,54.092,1.6707850453433493
1826,vgg11_296,1077.07,9.145,0.8490627350125803
1827,vgg11_333,1372.3,10.951,0.7980033520367268
1828,vgg11_218,2685.57,42.245,1.5730366365427078
1829,vgg11_275,1068.6,19.284,1.8046041549691183
1830,vgg19_195,3952.37,145.897,3.691380108643674
1831,vgg19_221,2773.92,36.92,1.3309684489819462
1832,vgg19_148,2165.85,10.95,0.5055751783364499
1833,vgg13_67,2387.69,119.985,5.025149831008212
1834,vgg13_38,1211.47,11.265,0.9298620683962459
1835,vgg19_1,3815.23,15.941,0.41782539977930555
1836,vgg16_497,2125.79,35.131,1.6526091476580473
1837,vgg16_412,2515.9,103.345,4.107675185818196
1838,vgg19_188,5470.88,38.091,0.6962499634428099
1839,vgg11_393,2292.95,35.132,1.5321747094354434
1840,vgg19_325,3540.93,58.443,1.650498597825995
1841,vgg19_334,845.983,25.005,2.955733153030262
1842,vgg13_184,1994.65,73.839,3.7018524553179755
1843,vgg16_71,4407.75,20.921,0.4746412568770915
1844,vgg16_192,2382.45,99.191,4.163403219375014
1845,vgg13_218,4050.67,177.718,4.387372953116397
1846,vgg19_339,3312.97,56.216,1.6968460324120052
1847,vgg16_130,1945.0,10.934,0.562159383033419
1848,vgg19_301,5697.92,29.564,0.5188560035942941
1849,vgg11_19,1349.03,99.945,7.408656590290801
1850,vgg11_62,1545.26,21.181,1.3707078420459988
1851,vgg11_431,1512.2,35.697,2.3606004496759687
1852,vgg13_5,1536.44,60.413,3.9320116633256097
1853,vgg13_452,2677.23,9.88,0.36903814763767034
1854,vgg19_466,3288.84,39.636,1.2051665632867516
1855,vgg11_250,474.759,16.042,3.37897754439621
1856,vgg11_96,550.184,6.932,1.2599421284515726
1857,vgg13_271,2746.63,178.718,6.506810163727914
1858,vgg13_402,2095.41,8.863,0.42297211524236306
1859,vgg13_73,5214.79,65.02,1.2468383194721167
1860,vgg19_406,5912.14,31.449,0.5319393654412785
1861,vgg16_65,2023.18,38.885,1.9219743176583397
1862,vgg19_427,3685.26,23.231,0.6303761471375154
1863,vgg11_166,1206.23,24.373,2.020593087553783
1864,vgg16_95,2184.84,25.708,1.176653668003149
1865,vgg11_399,841.646,9.823,1.1671177668520971
1866,vgg19_63,3032.53,147.886,4.876654146867467
1867,vgg19_93,1481.05,7.322,0.49437898788022017
1868,vgg19_206,4640.55,61.515,1.3255971813685878
1869,vgg13_189,1683.29,33.365,1.9821302330555044
1870,vgg16_22,2335.24,30.225,1.2942995152532504
1871,vgg19_54,2114.64,51.257,2.4239113986305
1873,vgg13_66,3777.01,76.821,2.0339104212061923
1874,vgg11_303,2270.28,35.108,1.5464171820216006
1875,vgg11_457,301.398,18.327,6.080664105269444
1876,vgg13_233,2090.6,118.047,5.646560795943748
1877,vgg19_323,5282.71,9.8,0.18551084575908958
1878,vgg11_159,2015.79,30.936,1.5346836724063517
1879,vgg13_140,2095.85,9.916,0.4731254622229644
1880,vgg13_118,2780.18,59.487,2.1396816033494237
1881,vgg16_473,3379.11,127.779,3.781439491463728
1882,vgg13_185,3111.15,84.612,2.7196374331035145
1883,vgg11_253,2217.03,42.08,1.8980347582125634
1884,vgg16_113,4297.4,53.226,1.2385628519569973
1885,vgg19_378,3163.13,31.073,0.9823497611542997
1886,vgg13_40,2381.93,74.848,3.1423257610425157
1887,vgg11_237,611.609,8.018,1.3109682820233188
1888,vgg13_139,1731.54,23.24,1.3421578479272784
1889,vgg11_69,325.1,14.517,4.465395262996
1890,vgg19_307,9285.35,72.124,0.7767504725185371
1891,vgg13_2,1384.62,14.968,1.081018618826826
1892,vgg11_281,1977.33,19.354,0.9787946372128072
1893,vgg13_115,4568.5,242.993,5.318879282040056
1894,vgg13_145,791.407,9.926,1.2542219111026311
1895,vgg19_11,5517.47,13.822,0.25051336935225743
1896,vgg11_154,1346.93,79.069,5.870312488399546
1897,vgg16_415,4816.56,28.987,0.6018195558655969
1898,vgg19_481,2409.85,75.858,3.147830777849244
1899,vgg13_465,3019.13,53.81,1.7823015239489524
1900,vgg13_341,2032.56,11.271,0.5545223757232259
1901,vgg19_167,5586.3,230.912,4.133540984193473
1902,vgg11_23,2164.34,139.908,6.4642339004038165
1903,vgg13_406,5277.01,59.877,1.1346766445392371
1904,vgg11_185,2399.07,10.75,0.44809030165855934
1905,vgg11_115,2830.22,42.465,1.500413395425091
1906,vgg16_337,5239.25,54.165,1.0338311781266403
1907,vgg16_97,2824.52,41.867,1.4822695537648873
1908,vgg11_289,2893.92,33.493,1.1573574943329463
1909,vgg11_15,3650.48,68.585,1.878794021608117
1910,vgg19_115,5161.86,51.311,0.9940409077348089
1911,vgg11_80,3553.97,19.704,0.5544222376666095
1912,vgg19_217,3842.65,180.609,4.70011580549881
1913,vgg11_479,2114.37,132.92,6.286506146038773
1914,vgg13_320,4665.41,24.643,0.5282065241854415
1915,vgg16_397,3703.26,129.462,3.495892807958393
1916,vgg11_437,3816.25,120.664,3.161847363249263
1917,vgg16_396,3163.61,23.385,0.7391871943760451
1918,vgg13_441,3795.55,51.12,1.3468403788647232
1919,vgg11_74,785.075,16.089,2.0493583415597234
1920,vgg13_324,4571.88,42.078,0.9203653639203129
1921,vgg13_377,1450.01,10.37,0.7151674816035751
1922,vgg11_94,1665.1,19.066,1.1450363341541048
1923,vgg11_300,2410.78,14.011,0.5811811944681803
1924,vgg16_52,3840.28,109.532,2.8521878613017795
1925,vgg16_27,892.618,12.073,1.3525382638485892
1926,vgg19_379,1258.93,64.452,5.119585679902775
1927,vgg11_256,2202.92,31.07,1.410400740834892
1928,vgg11_447,2150.2,58.225,2.7078876383592227
1929,vgg11_455,773.618,8.209,1.061118019487654
1930,vgg16_149,2575.69,91.811,3.564520575069205
1931,vgg13_219,2136.82,64.907,3.037551127376194
1932,vgg16_200,4463.02,70.714,1.5844428212286745
1933,vgg16_203,1721.86,15.888,0.9227231017620481
1934,vgg19_123,6262.4,23.892,0.3815150740929995
1935,vgg11_285,533.55,28.405,5.323774716521414
1936,vgg19_488,1588.24,94.263,5.935060192414245
1937,vgg11_403,575.405,13.766,2.3924018734630392
1938,vgg11_258,2119.08,10.417,0.4915812522415388
1939,vgg13_454,3083.07,33.434,1.0844385628610442
1940,vgg11_204,2790.94,193.957,6.949522383139731
1941,vgg13_300,2015.27,118.245,5.867452003949843
1942,vgg13_342,2074.48,12.701,0.612249816821565
1943,vgg16_479,3518.12,66.638,1.8941366411606202
1944,vgg19_267,4861.59,49.187,1.011747185591545
1945,vgg16_247,1317.61,20.775,1.5767184523493294
1946,vgg19_358,4344.37,96.297,2.2165929697516558
1947,vgg13_276,1995.75,24.811,1.243191782537893
1948,vgg11_279,1535.5,30.408,1.9803321393682842
1949,vgg13_129,4898.59,46.058,0.9402297395781235
1950,vgg11_77,2430.22,11.053,0.45481479043049605
1951,vgg19_445,2420.54,129.687,5.357771406380396
1952,vgg16_302,5726.89,188.351,3.288888035216321
1953,vgg11_46,2118.15,78.461,3.7042230248093855
1954,vgg11_183,1060.68,60.418,5.696157182185013
1955,vgg19_272,3134.02,65.942,2.1040708100139756
1956,vgg11_179,1230.34,72.516,5.893980525708342
1957,vgg11_53,1329.19,19.614,1.4756355374325716
1958,vgg16_73,3201.68,35.712,1.115414407436096
1959,vgg16_24,5944.36,79.425,1.3361404760142386
1960,vgg13_329,966.071,6.166,0.6382553663240073
1961,vgg16_496,782.012,48.451,6.195684976701125
1962,vgg13_151,3098.26,173.142,5.588362500242071
1963,vgg16_158,1236.2,23.137,1.8716227147710727
1964,vgg16_406,2571.5,147.132,5.721641065525958
1965,vgg13_415,1134.61,17.514,1.5436141052872794
1966,vgg16_13,3018.91,11.558,0.3828534139805427
1967,vgg13_363,3889.16,148.679,3.8229077744294395
1968,vgg13_125,1318.42,11.192,0.8488948893372369
1969,vgg19_32,3399.02,68.74,2.0223476178427897
1970,vgg16_194,1237.28,56.145,4.537776412776413
1971,vgg16_410,6304.04,248.121,3.935904594513994
1972,vgg13_126,1734.05,74.009,4.267985352210144
1973,vgg13_297,5662.11,52.968,0.9354816490672206
1974,vgg19_428,1411.71,70.191,4.972055167137727
1975,vgg19_258,2809.43,44.82,1.5953414037722955
1976,vgg11_467,742.963,7.656,1.030468542848029
1977,vgg16_338,3188.68,69.962,2.194074036905554
1978,vgg16_481,2873.79,11.642,0.4051096287480992
1979,vgg19_211,2151.86,12.015,0.5583541680220832
1980,vgg16_188,4601.43,127.755,2.776419504371467
1981,vgg11_30,1134.03,27.069,2.386973889579641
1982,vgg11_324,1928.35,8.861,0.4595120180465165
1983,vgg11_173,1169.89,65.144,5.568386771405859
1984,vgg19_312,3496.02,36.342,1.039524945509465
1985,vgg11_373,2437.2,37.175,1.5253159363203677
1986,vgg11_97,1012.68,7.972,0.7872180748113916
1987,vgg11_168,2146.16,7.603,0.35426063294442167
1988,vgg19_29,2576.47,39.677,1.539975237437269
1989,vgg19_145,6380.59,53.283,0.8350795145903435
1990,vgg11_107,2081.43,9.604,0.46141354741692003
1991,vgg11_319,1608.22,15.674,0.9746179005359963
1992,vgg19_245,1223.64,18.325,1.49758098787225
1993,vgg11_76,665.099,15.266,2.295297391816857
1994,vgg19_340,2761.4,12.929,0.4682045339320634
1995,vgg16_329,2330.43,41.19,1.767484970584828
1996,vgg16_23,5418.72,86.378,1.5940664954085095
1997,vgg16_226,1768.34,48.713,2.754730425144486
1998,vgg19_424,3398.55,17.619,0.5184269762104426
1999,vgg16_237,2220.74,8.59,0.38680800093662476
